{
"type": "FeatureCollection",
"name": "or_wa_boundary",
"features": [
{ "type": "Feature", "properties": { "region": "OR-WA" }, "geometry": { "type": "Polygon", "coordinates": [ [ [ -116.915822, 45.995166 ], [ -116.916071, 45.995357 ], [ -116.916211, 45.995465 ], [ -116.917167, 45.996043 ], [ -116.917644, 45.996687 ], [ -116.917737, 45.997101 ], [ -116.918086, 45.997726 ], [ -116.91853, 45.998212 ], [ -116.918924, 45.998713 ], [ -116.919253, 45.999386 ], [ -116.919275, 45.999799 ], [ -116.919104, 46.000343 ], [ -116.918901, 46.001019 ], [ -116.918751, 46.001761 ], [ -116.918656, 46.002621 ], [ -116.918853, 46.003346 ], [ -116.919131, 46.003871 ], [ -116.919665, 46.004886 ], [ -116.920089, 46.006188 ], [ -116.920091, 46.006211 ], [ -116.920104, 46.006641 ], [ -116.920123, 46.007262 ], [ -116.920199, 46.007549 ], [ -116.920221, 46.007632 ], [ -116.920394, 46.008283 ], [ -116.920589, 46.008698 ], [ -116.920681, 46.00891 ], [ -116.920763, 46.009429 ], [ -116.920873, 46.010043 ], [ -116.920879, 46.010154 ], [ -116.920922, 46.010924 ], [ -116.920921, 46.011735 ], [ -116.921087, 46.012572 ], [ -116.921129, 46.013005 ], [ -116.921202, 46.013468 ], [ -116.92128, 46.014024 ], [ -116.92133, 46.014324 ], [ -116.921514, 46.015183 ], [ -116.921719, 46.015942 ], [ -116.921771, 46.016067 ], [ -116.921946, 46.016485 ], [ -116.922124, 46.016913 ], [ -116.922262, 46.017242 ], [ -116.922773, 46.01803 ], [ -116.923002, 46.018288 ], [ -116.92301, 46.018297 ], [ -116.923592, 46.018955 ], [ -116.92412, 46.019369 ], [ -116.92475, 46.019727 ], [ -116.92542, 46.01989 ], [ -116.92759, 46.020398 ], [ -116.928395, 46.021221 ], [ -116.929081, 46.02198 ], [ -116.929944, 46.023648 ], [ -116.930046, 46.0242 ], [ -116.930064, 46.024782 ], [ -116.930079, 46.025247 ], [ -116.930292, 46.026346 ], [ -116.93035, 46.027457 ], [ -116.930375, 46.0276 ], [ -116.930553, 46.028718 ], [ -116.93067, 46.029223 ], [ -116.930688, 46.030059 ], [ -116.930654, 46.030886 ], [ -116.930563, 46.031717 ], [ -116.93048, 46.032343 ], [ -116.930274, 46.032795 ], [ -116.929932, 46.033366 ], [ -116.929848, 46.033563 ], [ -116.929589, 46.034176 ], [ -116.929656, 46.034965 ], [ -116.929815, 46.03568 ], [ -116.930099, 46.036157 ], [ -116.930908, 46.036705 ], [ -116.931033, 46.037061 ], [ -116.931166, 46.037433 ], [ -116.931167, 46.037444 ], [ -116.931244, 46.038349 ], [ -116.931283, 46.03859 ], [ -116.931633, 46.039628 ], [ -116.932111, 46.040391 ], [ -116.932452, 46.040801 ], [ -116.932905, 46.041229 ], [ -116.933301, 46.041615 ], [ -116.93388, 46.042091 ], [ -116.934335, 46.042465 ], [ -116.935254, 46.043207 ], [ -116.93645, 46.043613 ], [ -116.937305, 46.043818 ], [ -116.937862, 46.043984 ], [ -116.937958, 46.044012 ], [ -116.938442, 46.044349 ], [ -116.939385, 46.045436 ], [ -116.939639, 46.045728 ], [ -116.94028, 46.046687 ], [ -116.940519, 46.047169 ], [ -116.941232, 46.048922 ], [ -116.941717, 46.04986 ], [ -116.94229, 46.050974 ], [ -116.94241, 46.05134 ], [ -116.942424, 46.051381 ], [ -116.943061, 46.053337 ], [ -116.943323, 46.054323 ], [ -116.943439, 46.055084 ], [ -116.943451, 46.055157 ], [ -116.943424, 46.055547 ], [ -116.94338, 46.056165 ], [ -116.943289, 46.056593 ], [ -116.943104, 46.057476 ], [ -116.942795, 46.058847 ], [ -116.942762, 46.058991 ], [ -116.942691, 46.060284 ], [ -116.942699, 46.060342 ], [ -116.942793, 46.061115 ], [ -116.943135, 46.061498 ], [ -116.943565, 46.061989 ], [ -116.943955, 46.06236 ], [ -116.944425, 46.062837 ], [ -116.944951, 46.063501 ], [ -116.945293, 46.063933 ], [ -116.945644, 46.064324 ], [ -116.946089, 46.064816 ], [ -116.946865, 46.065647 ], [ -116.947526, 46.066346 ], [ -116.948363, 46.067382 ], [ -116.949286, 46.068406 ], [ -116.950345, 46.069241 ], [ -116.951167, 46.069505 ], [ -116.952295, 46.070386 ], [ -116.954014, 46.071822 ], [ -116.955303, 46.07285 ], [ -116.95593, 46.073581 ], [ -116.956943, 46.074737 ], [ -116.957866, 46.075457 ], [ -116.958995, 46.075876 ], [ -116.960403, 46.07629 ], [ -116.961116, 46.076291 ], [ -116.961292, 46.076277 ], [ -116.962213, 46.075939 ], [ -116.963244, 46.075747 ], [ -116.964522, 46.075868 ], [ -116.965775, 46.075983 ], [ -116.967111, 46.076205 ], [ -116.968061, 46.076491 ], [ -116.968894, 46.076661 ], [ -116.97009, 46.076832 ], [ -116.970311, 46.076877 ], [ -116.97104, 46.077034 ], [ -116.971901, 46.07742 ], [ -116.97203, 46.077478 ], [ -116.972682, 46.0777 ], [ -116.97296, 46.077769 ], [ -116.973914, 46.078036 ], [ -116.974595, 46.078254 ], [ -116.97559, 46.078583 ], [ -116.976576, 46.078949 ], [ -116.976822, 46.07904 ], [ -116.97749, 46.079325 ], [ -116.978429, 46.079725 ], [ -116.978574, 46.079835 ], [ -116.978853, 46.080074 ], [ -116.979153, 46.080322 ], [ -116.979353, 46.080487 ], [ -116.979414, 46.080578 ], [ -116.979935, 46.081348 ], [ -116.980482, 46.082345 ], [ -116.980588, 46.08255 ], [ -116.980892, 46.083134 ], [ -116.981645, 46.084251 ], [ -116.981952, 46.084847 ], [ -116.981962, 46.084915 ], [ -116.982088, 46.085555 ], [ -116.982055, 46.086134 ], [ -116.981812, 46.086871 ], [ -116.981922, 46.087483 ], [ -116.981932, 46.08754 ], [ -116.982092, 46.087943 ], [ -116.982299, 46.088464 ], [ -116.982465, 46.089182 ], [ -116.982491, 46.089378 ], [ -116.982589, 46.090075 ], [ -116.9826, 46.090524 ], [ -116.982601, 46.09111 ], [ -116.982465, 46.091935 ], [ -116.981984, 46.092848 ], [ -116.981457, 46.093612 ], [ -116.980999, 46.094192 ], [ -116.980262, 46.094816 ], [ -116.979519, 46.095372 ], [ -116.978845, 46.095849 ], [ -116.978065, 46.096313 ], [ -116.977114, 46.096718 ], [ -116.976198, 46.097086 ], [ -116.975406, 46.097307 ], [ -116.974746, 46.097471 ], [ -116.974041, 46.097658 ], [ -116.9718, 46.097835 ], [ -116.969287, 46.098034 ], [ -116.967542, 46.098063 ], [ -116.96672, 46.098177 ], [ -116.966089, 46.098336 ], [ -116.965483, 46.09849 ], [ -116.964563, 46.09856 ], [ -116.962528, 46.098686 ], [ -116.961673, 46.098743 ], [ -116.960316, 46.098859 ], [ -116.959694, 46.099013 ], [ -116.959649, 46.099045 ], [ -116.959147, 46.0994 ], [ -116.958331, 46.100032 ], [ -116.958255, 46.10009 ], [ -116.957633, 46.100534 ], [ -116.956909, 46.100811 ], [ -116.956278, 46.101135 ], [ -116.956049, 46.101252 ], [ -116.955424, 46.101861 ], [ -116.955321, 46.102174 ], [ -116.955221, 46.102479 ], [ -116.955211, 46.102511 ], [ -116.955072, 46.103157 ], [ -116.955005, 46.103619 ], [ -116.954867, 46.104271 ], [ -116.954661, 46.104961 ], [ -116.95446, 46.105845 ], [ -116.954266, 46.106562 ], [ -116.95402, 46.107182 ], [ -116.953594, 46.107953 ], [ -116.953177, 46.108572 ], [ -116.952706, 46.10915 ], [ -116.952107, 46.109839 ], [ -116.951611, 46.110463 ], [ -116.951335, 46.110887 ], [ -116.951314, 46.111094 ], [ -116.951266, 46.111557 ], [ -116.951243, 46.11238 ], [ -116.951367, 46.113033 ], [ -116.951572, 46.113531 ], [ -116.951332, 46.114367 ], [ -116.951117, 46.115115 ], [ -116.951092, 46.115203 ], [ -116.951091, 46.115725 ], [ -116.951106, 46.116163 ], [ -116.951125, 46.1167 ], [ -116.951105, 46.117361 ], [ -116.95109, 46.117868 ], [ -116.951123, 46.118631 ], [ -116.95078, 46.11927 ], [ -116.95006, 46.119911 ], [ -116.949828, 46.120353 ], [ -116.949633, 46.121006 ], [ -116.949614, 46.121071 ], [ -116.949785, 46.12139 ], [ -116.950058, 46.121937 ], [ -116.950266, 46.122539 ], [ -116.950329, 46.123064 ], [ -116.950365, 46.12337 ], [ -116.949851, 46.124486 ], [ -116.949405, 46.12487 ], [ -116.948822, 46.125512 ], [ -116.948205, 46.126125 ], [ -116.947246, 46.126724 ], [ -116.946268, 46.127207 ], [ -116.945568, 46.127573 ], [ -116.944786, 46.128032 ], [ -116.943819, 46.128699 ], [ -116.943371, 46.129168 ], [ -116.942638, 46.12993 ], [ -116.941875, 46.130825 ], [ -116.941504, 46.131261 ], [ -116.940561, 46.13265 ], [ -116.939305, 46.133625 ], [ -116.938516, 46.134233 ], [ -116.937686, 46.134796 ], [ -116.936208, 46.135699 ], [ -116.935321, 46.136411 ], [ -116.934729, 46.137294 ], [ -116.934243, 46.138193 ], [ -116.934135, 46.138607 ], [ -116.934086, 46.139041 ], [ -116.934219, 46.139759 ], [ -116.93455, 46.140646 ], [ -116.934865, 46.141458 ], [ -116.935153, 46.141857 ], [ -116.935623, 46.142397 ], [ -116.935788, 46.143261 ], [ -116.935832, 46.144539 ], [ -116.935854, 46.145269 ], [ -116.935809, 46.146059 ], [ -116.93575, 46.146602 ], [ -116.935552, 46.14757 ], [ -116.935529, 46.148044 ], [ -116.935163, 46.150391 ], [ -116.935196, 46.151316 ], [ -116.935127, 46.152477 ], [ -116.934987, 46.153528 ], [ -116.93461, 46.154151 ], [ -116.933204, 46.155003 ], [ -116.932244, 46.15567 ], [ -116.931269, 46.156454 ], [ -116.930189, 46.157185 ], [ -116.9295, 46.157577 ], [ -116.9283, 46.158053 ], [ -116.926586, 46.158647 ], [ -116.925558, 46.159096 ], [ -116.924371, 46.159618 ], [ -116.923157, 46.16036 ], [ -116.922841, 46.160811 ], [ -116.922482, 46.161417 ], [ -116.922126, 46.16202 ], [ -116.921679, 46.163236 ], [ -116.92135, 46.164514 ], [ -116.921476, 46.16568 ], [ -116.921708, 46.166593 ], [ -116.922138, 46.168049 ], [ -116.922341, 46.168774 ], [ -116.922635, 46.169377 ], [ -116.922817, 46.169699 ], [ -116.923769, 46.170748 ], [ -116.923839, 46.170781 ], [ -116.924728, 46.171202 ], [ -116.925215, 46.171649 ], [ -116.925925, 46.172236 ], [ -116.926569, 46.172837 ], [ -116.927475, 46.173294 ], [ -116.928286, 46.173383 ], [ -116.928554, 46.173364 ], [ -116.928902, 46.173359 ], [ -116.930653, 46.173152 ], [ -116.931958, 46.17309 ], [ -116.932211, 46.173139 ], [ -116.932478, 46.173193 ], [ -116.932734, 46.173243 ], [ -116.932894, 46.173355 ], [ -116.933397, 46.173704 ], [ -116.934287, 46.174112 ], [ -116.935007, 46.174498 ], [ -116.935337, 46.17475 ], [ -116.935576, 46.174932 ], [ -116.935957, 46.175227 ], [ -116.936812, 46.176226 ], [ -116.936984, 46.176542 ], [ -116.937188, 46.176918 ], [ -116.937839, 46.177586 ], [ -116.938533, 46.178261 ], [ -116.939071, 46.178845 ], [ -116.939782, 46.179676 ], [ -116.939836, 46.179743 ], [ -116.940201, 46.180587 ], [ -116.940034, 46.181088 ], [ -116.93984, 46.181884 ], [ -116.940576, 46.182822 ], [ -116.941055, 46.183635 ], [ -116.941361, 46.184489 ], [ -116.94143, 46.184682 ], [ -116.94157, 46.184802 ], [ -116.941772, 46.184977 ], [ -116.941963, 46.185142 ], [ -116.942083, 46.185246 ], [ -116.942775, 46.185512 ], [ -116.943726, 46.185849 ], [ -116.9445, 46.186427 ], [ -116.945234, 46.187112 ], [ -116.945884, 46.187825 ], [ -116.946741, 46.188685 ], [ -116.947126, 46.188952 ], [ -116.948111, 46.189635 ], [ -116.948589, 46.190276 ], [ -116.949322, 46.191242 ], [ -116.94963, 46.191676 ], [ -116.952416, 46.193514 ], [ -116.952771, 46.193758 ], [ -116.954492, 46.194723 ], [ -116.954608, 46.194787 ], [ -116.954837, 46.194916 ], [ -116.956438, 46.195808 ], [ -116.957799, 46.19665 ], [ -116.959077, 46.197452 ], [ -116.959813, 46.197818 ], [ -116.960857, 46.198336 ], [ -116.961785, 46.198974 ], [ -116.9623, 46.199336 ], [ -116.963259, 46.200168 ], [ -116.964287, 46.20155 ], [ -116.96487, 46.202384 ], [ -116.965384, 46.203122 ], [ -116.965715, 46.20387 ], [ -116.965924, 46.204836 ], [ -116.965999, 46.205529 ], [ -116.966307, 46.206314 ], [ -116.966396, 46.206647 ], [ -116.966442, 46.206764 ], [ -116.966617, 46.207347 ], [ -116.966649, 46.207867 ], [ -116.966306, 46.209195 ], [ -116.966226, 46.209336 ], [ -116.966143, 46.209455 ], [ -116.966076, 46.20955 ], [ -116.965177, 46.210955 ], [ -116.96495, 46.211304 ], [ -116.963971, 46.212815 ], [ -116.96338, 46.213696 ], [ -116.962783, 46.214492 ], [ -116.962313, 46.215191 ], [ -116.961774, 46.215981 ], [ -116.961366, 46.216601 ], [ -116.960743, 46.217552 ], [ -116.959438, 46.219718 ], [ -116.958233, 46.221987 ], [ -116.957374, 46.223557 ], [ -116.957116, 46.224085 ], [ -116.956655, 46.225026 ], [ -116.95631, 46.225994 ], [ -116.956067, 46.226673 ], [ -116.955381, 46.230314 ], [ -116.95548, 46.230984 ], [ -116.955608, 46.231355 ], [ -116.955652, 46.231484 ], [ -116.955757, 46.231561 ], [ -116.956222, 46.231904 ], [ -116.956612, 46.23241 ], [ -116.956817, 46.232868 ], [ -116.957097, 46.233321 ], [ -116.957428, 46.234132 ], [ -116.957647, 46.235007 ], [ -116.957678, 46.23557 ], [ -116.957694, 46.235794 ], [ -116.95774, 46.236414 ], [ -116.957756, 46.237108 ], [ -116.957671, 46.237932 ], [ -116.957742, 46.239197 ], [ -116.958137, 46.240495 ], [ -116.958494, 46.241373 ], [ -116.95863, 46.241657 ], [ -116.959051, 46.242479 ], [ -116.959198, 46.243001 ], [ -116.959236, 46.243165 ], [ -116.959626, 46.243766 ], [ -116.960449, 46.245317 ], [ -116.960765, 46.245688 ], [ -116.96134, 46.246364 ], [ -116.962369, 46.247818 ], [ -116.96302, 46.249008 ], [ -116.963377, 46.249881 ], [ -116.963761, 46.251225 ], [ -116.963877, 46.252047 ], [ -116.964136, 46.252701 ], [ -116.964379, 46.253282 ], [ -116.964467, 46.253762 ], [ -116.964871, 46.254456 ], [ -116.965556, 46.255298 ], [ -116.966153, 46.256118 ], [ -116.966943, 46.257287 ], [ -116.967805, 46.258475 ], [ -116.968266, 46.259059 ], [ -116.969467, 46.260391 ], [ -116.970634, 46.261631 ], [ -116.971938, 46.262989 ], [ -116.972635, 46.263488 ], [ -116.973562, 46.264106 ], [ -116.974809, 46.265499 ], [ -116.975381, 46.26582 ], [ -116.97617, 46.266274 ], [ -116.977181, 46.266856 ], [ -116.978436, 46.267586 ], [ -116.979398, 46.268202 ], [ -116.980573, 46.268802 ], [ -116.981347, 46.269194 ], [ -116.983184, 46.270245 ], [ -116.983999, 46.270835 ], [ -116.984252, 46.271018 ], [ -116.985294, 46.271631 ], [ -116.986138, 46.272128 ], [ -116.986336, 46.272244 ], [ -116.986558, 46.272374 ], [ -116.986836, 46.272614 ], [ -116.9874, 46.273066 ], [ -116.987915, 46.273732 ], [ -116.988773, 46.274254 ], [ -116.989517, 46.274912 ], [ -116.989946, 46.275279 ], [ -116.990825, 46.276203 ], [ -116.991195, 46.27696 ], [ -116.99135, 46.277975 ], [ -116.991422, 46.278467 ], [ -116.991451, 46.278641 ], [ -116.991417, 46.279327 ], [ -116.991245, 46.279948 ], [ -116.990867, 46.280855 ], [ -116.990166, 46.281917 ], [ -116.989768, 46.28252 ], [ -116.988859, 46.28385 ], [ -116.988085, 46.284926 ], [ -116.98732, 46.286369 ], [ -116.986778, 46.287182 ], [ -116.985583, 46.288497 ], [ -116.985301, 46.289186 ], [ -116.985026, 46.290331 ], [ -116.985026, 46.290952 ], [ -116.984819, 46.291494 ], [ -116.984804, 46.293088 ], [ -116.985649, 46.295095 ], [ -116.986216, 46.29595 ], [ -116.986788, 46.2967 ], [ -116.986985, 46.29692 ], [ -116.987453, 46.297468 ], [ -116.988137, 46.298177 ], [ -116.988177, 46.298206 ], [ -116.988766, 46.298808 ], [ -116.989646, 46.299495 ], [ -116.990849, 46.300233 ], [ -116.993047, 46.301045 ], [ -116.994283, 46.301651 ], [ -116.994384, 46.301696 ], [ -116.99555, 46.302272 ], [ -116.996161, 46.302494 ], [ -116.99799, 46.303157 ], [ -116.999506, 46.303662 ], [ -117.000246, 46.303891 ], [ -117.000264, 46.303894 ], [ -117.000987, 46.304098 ], [ -117.00171, 46.304329 ], [ -117.001852, 46.304338 ], [ -117.004159, 46.304494 ], [ -117.005387, 46.304631 ], [ -117.0059, 46.304702 ], [ -117.006387, 46.304789 ], [ -117.007365, 46.305239 ], [ -117.00738, 46.305244 ], [ -117.01004, 46.306967 ], [ -117.010249, 46.307146 ], [ -117.010535, 46.307469 ], [ -117.010816, 46.307786 ], [ -117.011095, 46.308101 ], [ -117.011919, 46.30867 ], [ -117.012144, 46.308827 ], [ -117.012908, 46.309284 ], [ -117.015409, 46.310583 ], [ -117.015876, 46.310922 ], [ -117.016594, 46.311427 ], [ -117.016989, 46.311727 ], [ -117.017246, 46.311946 ], [ -117.01736, 46.312038 ], [ -117.01871, 46.313104 ], [ -117.018894, 46.3133 ], [ -117.020581, 46.314789 ], [ -117.021216, 46.315877 ], [ -117.022051, 46.317326 ], [ -117.022335, 46.318054 ], [ -117.022462, 46.318336 ], [ -117.022656, 46.318807 ], [ -117.022754, 46.31899 ], [ -117.023073, 46.319858 ], [ -117.022835, 46.32053 ], [ -117.022714, 46.320955 ], [ -117.022818, 46.321526 ], [ -117.023024, 46.322644 ], [ -117.023351, 46.324774 ], [ -117.023351, 46.324969 ], [ -117.023351, 46.325878 ], [ -117.023357, 46.326741 ], [ -117.023359, 46.327232 ], [ -117.023362, 46.327787 ], [ -117.023056, 46.328507 ], [ -117.022993, 46.328673 ], [ -117.022993, 46.329078 ], [ -117.023038, 46.329489 ], [ -117.023063, 46.329718 ], [ -117.023096, 46.331009 ], [ -117.023005, 46.331732 ], [ -117.02281, 46.33259 ], [ -117.022807, 46.332613 ], [ -117.022832, 46.333567 ], [ -117.022925, 46.334627 ], [ -117.023356, 46.335252 ], [ -117.023551, 46.335463 ], [ -117.023894, 46.335837 ], [ -117.024305, 46.336276 ], [ -117.025242, 46.336891 ], [ -117.025584, 46.337066 ], [ -117.025813, 46.337183 ], [ -117.026241, 46.337578 ], [ -117.026655, 46.337941 ], [ -117.026784, 46.338074 ], [ -117.027001, 46.338296 ], [ -117.027587, 46.338634 ], [ -117.029671, 46.339817 ], [ -117.03039, 46.340219 ], [ -117.033278, 46.341168 ], [ -117.033484, 46.341237 ], [ -117.034929, 46.341482 ], [ -117.036415, 46.34171 ], [ -117.038595, 46.341948 ], [ -117.039479, 46.342035 ], [ -117.04061, 46.34213 ], [ -117.042076, 46.34223 ], [ -117.045701, 46.342536 ], [ -117.046549, 46.342567 ], [ -117.047138, 46.342654 ], [ -117.048092, 46.342774 ], [ -117.049505, 46.34301 ], [ -117.051975, 46.343912 ], [ -117.052036, 46.343929 ], [ -117.053444, 46.344487 ], [ -117.053698, 46.344581 ], [ -117.056029, 46.345558 ], [ -117.056647, 46.345811 ], [ -117.057682, 46.346385 ], [ -117.05884, 46.347018 ], [ -117.059453, 46.347548 ], [ -117.059621, 46.347714 ], [ -117.059702, 46.347781 ], [ -117.059875, 46.347922 ], [ -117.060297, 46.348381 ], [ -117.060441, 46.348571 ], [ -117.060981, 46.349285 ], [ -117.061925, 46.350919 ], [ -117.062229, 46.351746 ], [ -117.062516, 46.35253 ], [ -117.062664, 46.353071 ], [ -117.06271, 46.353266 ], [ -117.062788, 46.353605 ], [ -117.062755, 46.354156 ], [ -117.062703, 46.35459 ], [ -117.062639, 46.355407 ], [ -117.062627, 46.357657 ], [ -117.06264, 46.358185 ], [ -117.062713, 46.35989 ], [ -117.062723, 46.360045 ], [ -117.062735, 46.360283 ], [ -117.062745, 46.360463 ], [ -117.062763, 46.360869 ], [ -117.062767, 46.361241 ], [ -117.062803, 46.362075 ], [ -117.062781, 46.362684 ], [ -117.062634, 46.363603 ], [ -117.062676, 46.363994 ], [ -117.06284, 46.364562 ], [ -117.062802, 46.364943 ], [ -117.062778, 46.365175 ], [ -117.062191, 46.366293 ], [ -117.061906, 46.366809 ], [ -117.061468, 46.367247 ], [ -117.061266, 46.367413 ], [ -117.061055, 46.367587 ], [ -117.060817, 46.368061 ], [ -117.060689, 46.368287 ], [ -117.060075, 46.369213 ], [ -117.05927, 46.37 ], [ -117.057025, 46.371733 ], [ -117.056734, 46.371988 ], [ -117.056141, 46.372435 ], [ -117.054933, 46.373157 ], [ -117.054034, 46.373776 ], [ -117.053349, 46.37427 ], [ -117.052967, 46.374695 ], [ -117.052795, 46.374883 ], [ -117.05259, 46.375113 ], [ -117.05179, 46.375673 ], [ -117.050172, 46.376457 ], [ -117.049424, 46.376867 ], [ -117.048229, 46.377676 ], [ -117.047716, 46.37846 ], [ -117.046894, 46.379615 ], [ -117.046174, 46.380981 ], [ -117.046033, 46.381343 ], [ -117.045762, 46.381809 ], [ -117.045528, 46.382405 ], [ -117.044913, 46.383975 ], [ -117.044488, 46.385276 ], [ -117.044344, 46.385634 ], [ -117.044254, 46.385867 ], [ -117.043921, 46.386682 ], [ -117.043639, 46.387466 ], [ -117.043209, 46.388552 ], [ -117.042793, 46.389632 ], [ -117.042551, 46.390312 ], [ -117.042145, 46.39126 ], [ -117.041794, 46.392475 ], [ -117.041845, 46.393654 ], [ -117.041851, 46.393816 ], [ -117.041896, 46.394919 ], [ -117.041491, 46.395942 ], [ -117.041444, 46.396035 ], [ -117.040917, 46.39737 ], [ -117.040597, 46.398309 ], [ -117.040527, 46.398549 ], [ -117.039784, 46.399925 ], [ -117.039512, 46.40041 ], [ -117.039392, 46.400946 ], [ -117.039319, 46.401407 ], [ -117.039236, 46.401926 ], [ -117.039128, 46.402605 ], [ -117.039008, 46.40336 ], [ -117.038859, 46.404001 ], [ -117.038705, 46.404995 ], [ -117.03857, 46.405482 ], [ -117.038351, 46.405817 ], [ -117.037931, 46.406481 ], [ -117.037439, 46.407114 ], [ -117.037357, 46.407225 ], [ -117.037035, 46.407427 ], [ -117.036959, 46.407475 ], [ -117.036455, 46.407792 ], [ -117.036109, 46.408397 ], [ -117.03607, 46.408465 ], [ -117.03584, 46.409022 ], [ -117.035575, 46.409792 ], [ -117.035399, 46.410328 ], [ -117.035319, 46.410835 ], [ -117.035227, 46.41143 ], [ -117.03521, 46.412955 ], [ -117.034926, 46.414484 ], [ -117.034838, 46.415554 ], [ -117.034746, 46.416702 ], [ -117.034626, 46.417845 ], [ -117.034701, 46.418152 ], [ -117.034876, 46.418876 ], [ -117.035433, 46.419414 ], [ -117.03573, 46.41997 ], [ -117.035892, 46.420434 ], [ -117.036004, 46.420752 ], [ -117.036287, 46.421853 ], [ -117.036632, 46.422672 ], [ -117.036675, 46.422774 ], [ -117.037013, 46.423269 ], [ -117.037741, 46.423911 ], [ -117.038183, 46.424307 ], [ -117.038327, 46.424433 ], [ -117.039571, 46.425379 ], [ -117.039766, 46.425887 ], [ -117.039766, 46.426445 ], [ -117.039766, 46.426486 ], [ -117.039766, 46.426702 ], [ -117.039766, 46.426831 ], [ -117.039767, 46.428352 ], [ -117.039767, 46.428539 ], [ -117.039766, 46.42863 ], [ -117.039767, 46.42974 ], [ -117.039766, 46.430679 ], [ -117.039767, 46.430875 ], [ -117.039766, 46.431059 ], [ -117.039766, 46.431101 ], [ -117.039766, 46.43113 ], [ -117.039766, 46.431146 ], [ -117.039766, 46.431184 ], [ -117.039766, 46.43125 ], [ -117.039757, 46.432872 ], [ -117.039755, 46.433339 ], [ -117.039755, 46.433535 ], [ -117.039753, 46.433636 ], [ -117.039754, 46.433764 ], [ -117.039748, 46.434722 ], [ -117.039754, 46.435196 ], [ -117.039737, 46.436673 ], [ -117.039739, 46.437078 ], [ -117.039746, 46.439964 ], [ -117.039719, 46.441206 ], [ -117.039706, 46.441827 ], [ -117.039751, 46.447772 ], [ -117.039756, 46.448549 ], [ -117.039792, 46.45346 ], [ -117.039798, 46.454248 ], [ -117.039799, 46.454288 ], [ -117.039797, 46.455117 ], [ -117.039796, 46.455796 ], [ -117.039796, 46.456327 ], [ -117.039797, 46.456951 ], [ -117.039799, 46.459793 ], [ -117.039802, 46.461978 ], [ -117.039795, 46.462312 ], [ -117.03979, 46.46259 ], [ -117.03976, 46.46269 ], [ -117.03974, 46.46289 ], [ -117.039823, 46.470811 ], [ -117.039824, 46.471735 ], [ -117.039824, 46.472006 ], [ -117.039829, 46.474042 ], [ -117.039828, 46.474137 ], [ -117.039831, 46.474209 ], [ -117.039829, 46.475069 ], [ -117.03983, 46.475485 ], [ -117.039831, 46.475626 ], [ -117.039833, 46.478143 ], [ -117.039836, 46.47999 ], [ -117.039838, 46.481023 ], [ -117.039842, 46.483782 ], [ -117.03974, 46.48498 ], [ -117.039747, 46.488677 ], [ -117.039763, 46.490576 ], [ -117.039796, 46.493496 ], [ -117.039767, 46.496765 ], [ -117.039768, 46.498421 ], [ -117.039716, 46.498832 ], [ -117.039708, 46.501493 ], [ -117.039693, 46.507544 ], [ -117.039724, 46.514768 ], [ -117.039719, 46.514978 ], [ -117.03972, 46.517855 ], [ -117.039722, 46.521222 ], [ -117.039725, 46.524325 ], [ -117.03978, 46.527267 ], [ -117.03979, 46.527799 ], [ -117.039694, 46.52968 ], [ -117.039659, 46.53039 ], [ -117.03963, 46.530966 ], [ -117.039627, 46.531084 ], [ -117.039614, 46.531274 ], [ -117.039607, 46.531494 ], [ -117.039611, 46.531544 ], [ -117.039608, 46.531562 ], [ -117.039635, 46.532077 ], [ -117.039648, 46.532346 ], [ -117.039637, 46.532383 ], [ -117.039624, 46.532477 ], [ -117.039627, 46.532524 ], [ -117.039622, 46.532608 ], [ -117.039626, 46.532681 ], [ -117.039623, 46.532829 ], [ -117.039631, 46.532881 ], [ -117.039627, 46.533122 ], [ -117.03964, 46.533555 ], [ -117.039661, 46.534663 ], [ -117.039671, 46.535511 ], [ -117.039663, 46.535661 ], [ -117.039645, 46.535777 ], [ -117.039694, 46.535857 ], [ -117.039765, 46.535995 ], [ -117.039777, 46.541706 ], [ -117.039694, 46.541709 ], [ -117.039694, 46.541785 ], [ -117.039694, 46.542163 ], [ -117.039696, 46.543299 ], [ -117.039697, 46.543678 ], [ -117.039698, 46.544668 ], [ -117.039702, 46.54764 ], [ -117.039704, 46.548631 ], [ -117.039704, 46.549112 ], [ -117.039706, 46.550555 ], [ -117.039707, 46.551036 ], [ -117.039705, 46.551164 ], [ -117.039701, 46.551551 ], [ -117.039698, 46.55168 ], [ -117.039696, 46.556301 ], [ -117.039688, 46.558469 ], [ -117.039677, 46.563443 ], [ -117.039665, 46.56886 ], [ -117.039661, 46.570725 ], [ -117.039649, 46.57204 ], [ -117.039647, 46.572337 ], [ -117.039639, 46.573126 ], [ -117.039694, 46.578264 ], [ -117.039722, 46.580893 ], [ -117.039722, 46.580945 ], [ -117.039766, 46.585011 ], [ -117.039701, 46.587672 ], [ -117.039697, 46.587708 ], [ -117.039695, 46.587732 ], [ -117.039695, 46.587784 ], [ -117.039695, 46.587804 ], [ -117.039701, 46.587814 ], [ -117.039702, 46.587845 ], [ -117.039702, 46.58802 ], [ -117.039703, 46.588186 ], [ -117.039703, 46.588288 ], [ -117.039703, 46.588348 ], [ -117.039703, 46.588406 ], [ -117.039703, 46.588462 ], [ -117.039704, 46.588515 ], [ -117.039704, 46.588546 ], [ -117.039704, 46.588576 ], [ -117.039704, 46.588612 ], [ -117.039704, 46.588625 ], [ -117.039704, 46.588777 ], [ -117.039705, 46.58883 ], [ -117.039705, 46.588881 ], [ -117.039705, 46.588899 ], [ -117.039711, 46.590965 ], [ -117.039713, 46.59154 ], [ -117.039714, 46.591726 ], [ -117.039742, 46.602123 ], [ -117.039739, 46.603808 ], [ -117.039737, 46.603989 ], [ -117.039739, 46.604074 ], [ -117.039725, 46.613824 ], [ -117.039729, 46.614578 ], [ -117.03974, 46.616853 ], [ -117.039743, 46.619513 ], [ -117.039744, 46.619663 ], [ -117.039743, 46.620767 ], [ -117.039746, 46.621092 ], [ -117.039755, 46.628054 ], [ -117.039751, 46.628473 ], [ -117.03975, 46.628639 ], [ -117.039741, 46.629559 ], [ -117.039739, 46.629802 ], [ -117.039726, 46.631368 ], [ -117.039704, 46.635598 ], [ -117.039691, 46.638087 ], [ -117.03969, 46.638339 ], [ -117.039677, 46.640963 ], [ -117.039672, 46.642295 ], [ -117.03967, 46.642379 ], [ -117.039669, 46.642458 ], [ -117.039708, 46.645936 ], [ -117.039713, 46.647141 ], [ -117.039745, 46.651573 ], [ -117.039769, 46.65527 ], [ -117.039779, 46.657066 ], [ -117.0398, 46.660418 ], [ -117.039812, 46.671654 ], [ -117.039836, 46.674952 ], [ -117.039836, 46.675457 ], [ -117.039836, 46.675735 ], [ -117.039834, 46.678906 ], [ -117.039835, 46.67913 ], [ -117.039835, 46.679377 ], [ -117.039834, 46.682508 ], [ -117.039834, 46.683138 ], [ -117.039833, 46.686026 ], [ -117.039841, 46.689574 ], [ -117.039824, 46.693243 ], [ -117.039825, 46.693426 ], [ -117.039824, 46.693609 ], [ -117.039822, 46.69414 ], [ -117.039797, 46.699818 ], [ -117.039797, 46.699897 ], [ -117.039797, 46.70004 ], [ -117.039797, 46.700071 ], [ -117.039796, 46.700243 ], [ -117.0398, 46.701155 ], [ -117.039803, 46.701683 ], [ -117.039806, 46.702116 ], [ -117.039822, 46.70416 ], [ -117.039834, 46.707441 ], [ -117.039835, 46.70776 ], [ -117.039837, 46.708322 ], [ -117.039861, 46.714985 ], [ -117.039864, 46.716073 ], [ -117.039875, 46.718266 ], [ -117.039869, 46.718484 ], [ -117.039873, 46.718874 ], [ -117.039876, 46.721936 ], [ -117.039877, 46.722913 ], [ -117.039882, 46.729357 ], [ -117.039854, 46.731073 ], [ -117.039841, 46.731831 ], [ -117.039841, 46.731891 ], [ -117.039836, 46.732152 ], [ -117.039834, 46.732311 ], [ -117.039832, 46.7324 ], [ -117.039831, 46.732506 ], [ -117.039807, 46.733945 ], [ -117.039805, 46.734091 ], [ -117.039792, 46.734782 ], [ -117.039794, 46.735012 ], [ -117.039812, 46.736728 ], [ -117.039817, 46.737259 ], [ -117.039821, 46.737747 ], [ -117.039866, 46.742092 ], [ -117.03987, 46.742459 ], [ -117.039913, 46.746445 ], [ -117.039911, 46.746664 ], [ -117.039939, 46.749285 ], [ -117.039905, 46.755114 ], [ -117.039898, 46.756299 ], [ -117.039845, 46.761196 ], [ -117.039843, 46.76128 ], [ -117.039803, 46.764064 ], [ -117.039799, 46.764266 ], [ -117.039773, 46.765707 ], [ -117.039735, 46.767728 ], [ -117.039672, 46.771267 ], [ -117.03967, 46.771605 ], [ -117.039664, 46.772575 ], [ -117.039658, 46.773571 ], [ -117.039715, 46.778505 ], [ -117.039785, 46.787198 ], [ -117.039785, 46.789093 ], [ -117.039785, 46.790055 ], [ -117.039786, 46.79295 ], [ -117.039783, 46.793098 ], [ -117.039767, 46.794194 ], [ -117.039704, 46.798671 ], [ -117.039667, 46.801297 ], [ -117.039673, 46.801671 ], [ -117.039676, 46.80188 ], [ -117.039763, 46.807553 ], [ -117.039765, 46.808046 ], [ -117.039766, 46.80834 ], [ -117.039785, 46.813182 ], [ -117.03979, 46.814476 ], [ -117.039795, 46.816162 ], [ -117.03979, 46.81681 ], [ -117.03979, 46.81689 ], [ -117.0398, 46.8175 ], [ -117.03983, 46.81773 ], [ -117.03985, 46.81779 ], [ -117.03989, 46.81788 ], [ -117.03995, 46.81806 ], [ -117.03995, 46.81815 ], [ -117.03994, 46.8182 ], [ -117.03992, 46.81823 ], [ -117.03982, 46.81835 ], [ -117.039796, 46.818373 ], [ -117.03975, 46.81842 ], [ -117.03968, 46.81851 ], [ -117.03963, 46.8186 ], [ -117.03964, 46.81864 ], [ -117.03974, 46.81878 ], [ -117.03977, 46.81885 ], [ -117.039782, 46.818886 ], [ -117.03982, 46.819 ], [ -117.03983, 46.81907 ], [ -117.03984, 46.81922 ], [ -117.03984, 46.81937 ], [ -117.03983, 46.81942 ], [ -117.039788, 46.819812 ], [ -117.03977, 46.81999 ], [ -117.03975, 46.82093 ], [ -117.03975, 46.822232 ], [ -117.039755, 46.822661 ], [ -117.039771, 46.823781 ], [ -117.039773, 46.823864 ], [ -117.039771, 46.824779 ], [ -117.03978, 46.82587 ], [ -117.03981, 46.82594 ], [ -117.039786, 46.825948 ], [ -117.039714, 46.825982 ], [ -117.039711, 46.826195 ], [ -117.039708, 46.826643 ], [ -117.039704, 46.826828 ], [ -117.039669, 46.829571 ], [ -117.039658, 46.830415 ], [ -117.039686, 46.833701 ], [ -117.03969, 46.835176 ], [ -117.03969, 46.835854 ], [ -117.039693, 46.836423 ], [ -117.0397, 46.83685 ], [ -117.039717, 46.837282 ], [ -117.039736, 46.839721 ], [ -117.039738, 46.839894 ], [ -117.039778, 46.844862 ], [ -117.039737, 46.851222 ], [ -117.039812, 46.859431 ], [ -117.039801, 46.859996 ], [ -117.039795, 46.860179 ], [ -117.039784, 46.860895 ], [ -117.039687, 46.865878 ], [ -117.039664, 46.870361 ], [ -117.039649, 46.873429 ], [ -117.039647, 46.873851 ], [ -117.039724, 46.877935 ], [ -117.039767, 46.880242 ], [ -117.039769, 46.880338 ], [ -117.039769, 46.880362 ], [ -117.039596, 46.888113 ], [ -117.03959, 46.891576 ], [ -117.039581, 46.894868 ], [ -117.039573, 46.899336 ], [ -117.039567, 46.902639 ], [ -117.03955, 46.904314 ], [ -117.039518, 46.907546 ], [ -117.039503, 46.909144 ], [ -117.039472, 46.912293 ], [ -117.039471, 46.912377 ], [ -117.039471, 46.912512 ], [ -117.039458, 46.913127 ], [ -117.039459, 46.913362 ], [ -117.039455, 46.913636 ], [ -117.039405, 46.917174 ], [ -117.039463, 46.917531 ], [ -117.039488, 46.921424 ], [ -117.039488, 46.921458 ], [ -117.0395, 46.923208 ], [ -117.039512, 46.925096 ], [ -117.039546, 46.930287 ], [ -117.039555, 46.9316 ], [ -117.039531, 46.931976 ], [ -117.039549, 46.938812 ], [ -117.039568, 46.946097 ], [ -117.039597, 46.946456 ], [ -117.03961, 46.949609 ], [ -117.039624, 46.952861 ], [ -117.039625, 46.953077 ], [ -117.039657, 46.960614 ], [ -117.039627, 46.961079 ], [ -117.039628, 46.961093 ], [ -117.039628, 46.961191 ], [ -117.039631, 46.963396 ], [ -117.039635, 46.966215 ], [ -117.039635, 46.96692 ], [ -117.039637, 46.96726 ], [ -117.039636, 46.96759 ], [ -117.039631, 46.969111 ], [ -117.039641, 46.970433 ], [ -117.039647, 46.974985 ], [ -117.039647, 46.975056 ], [ -117.03964, 46.975575 ], [ -117.03965, 46.978499 ], [ -117.03965, 46.97858 ], [ -117.039652, 46.979232 ], [ -117.039652, 46.979339 ], [ -117.039655, 46.980182 ], [ -117.039656, 46.98047 ], [ -117.039656, 46.980538 ], [ -117.039676, 46.98638 ], [ -117.039676, 46.98642 ], [ -117.039682, 46.988446 ], [ -117.03976, 46.98873 ], [ -117.03974, 46.98883 ], [ -117.03974, 46.98899 ], [ -117.03981, 46.98943 ], [ -117.03982, 46.9896 ], [ -117.0398, 46.98965 ], [ -117.03977, 46.98969 ], [ -117.03972, 46.98971 ], [ -117.03977, 46.98978 ], [ -117.0398, 46.98984 ], [ -117.039803, 46.989864 ], [ -117.03983, 46.99004 ], [ -117.03981, 46.990397 ], [ -117.03982, 46.99049 ], [ -117.03985, 46.99057 ], [ -117.03981, 46.99063 ], [ -117.03979, 46.99069 ], [ -117.039795, 46.990747 ], [ -117.03981, 46.99093 ], [ -117.039841, 46.991036 ], [ -117.039838, 46.994543 ], [ -117.039853, 46.996982 ], [ -117.039869, 46.999174 ], [ -117.039861, 47.000352 ], [ -117.039861, 47.000615 ], [ -117.039899, 47.000705 ], [ -117.03982, 47.001244 ], [ -117.039827, 47.001744 ], [ -117.039841, 47.002855 ], [ -117.039853, 47.003758 ], [ -117.039856, 47.004036 ], [ -117.039857, 47.004329 ], [ -117.039811, 47.00437 ], [ -117.039758, 47.004449 ], [ -117.039736, 47.004566 ], [ -117.039769, 47.00634 ], [ -117.039811, 47.007598 ], [ -117.039819, 47.008945 ], [ -117.039794, 47.010137 ], [ -117.039814, 47.013168 ], [ -117.039851, 47.015178 ], [ -117.039858, 47.01555 ], [ -117.039864, 47.017711 ], [ -117.039866, 47.018311 ], [ -117.039837, 47.018491 ], [ -117.039776, 47.018575 ], [ -117.039685, 47.018656 ], [ -117.039581, 47.018733 ], [ -117.03946, 47.018844 ], [ -117.03955, 47.018932 ], [ -117.039594, 47.019059 ], [ -117.039794, 47.019477 ], [ -117.039886, 47.019595 ], [ -117.0399, 47.01961 ], [ -117.039945, 47.01965 ], [ -117.039943, 47.023691 ], [ -117.039943, 47.024158 ], [ -117.03994, 47.02589 ], [ -117.039941, 47.026507 ], [ -117.039939, 47.028311 ], [ -117.039951, 47.029086 ], [ -117.039938, 47.030129 ], [ -117.039937, 47.030986 ], [ -117.039937, 47.031271 ], [ -117.039955, 47.033598 ], [ -117.039973, 47.034118 ], [ -117.039981, 47.034358 ], [ -117.03998, 47.034437 ], [ -117.039974, 47.034672 ], [ -117.039899, 47.038334 ], [ -117.039799, 47.043251 ], [ -117.039795, 47.043453 ], [ -117.039784, 47.044004 ], [ -117.039724, 47.04749 ], [ -117.039723, 47.047529 ], [ -117.039722, 47.047647 ], [ -117.039722, 47.047687 ], [ -117.03972, 47.048356 ], [ -117.039726, 47.048936 ], [ -117.039726, 47.048972 ], [ -117.039782, 47.056765 ], [ -117.039782, 47.056792 ], [ -117.039821, 47.062162 ], [ -117.039846, 47.063399 ], [ -117.039823, 47.066249 ], [ -117.039805, 47.068522 ], [ -117.03974, 47.076476 ], [ -117.039721, 47.077998 ], [ -117.039752, 47.083231 ], [ -117.039754, 47.083479 ], [ -117.039777, 47.087277 ], [ -117.039779, 47.087615 ], [ -117.039779, 47.087661 ], [ -117.039809, 47.087813 ], [ -117.03982, 47.08792 ], [ -117.039798, 47.088199 ], [ -117.039783, 47.088339 ], [ -117.039784, 47.088393 ], [ -117.039777, 47.088486 ], [ -117.03977, 47.08858 ], [ -117.03978, 47.088637 ], [ -117.039785, 47.088664 ], [ -117.039787, 47.088931 ], [ -117.039794, 47.089993 ], [ -117.039795, 47.090157 ], [ -117.039796, 47.090212 ], [ -117.039799, 47.090721 ], [ -117.0398, 47.091029 ], [ -117.039801, 47.0912 ], [ -117.039799, 47.091504 ], [ -117.039797, 47.093689 ], [ -117.039797, 47.093965 ], [ -117.039787, 47.094881 ], [ -117.039783, 47.09543 ], [ -117.039775, 47.096222 ], [ -117.0397, 47.103815 ], [ -117.039705, 47.10426 ], [ -117.039703, 47.104541 ], [ -117.039698, 47.105386 ], [ -117.039697, 47.105668 ], [ -117.039695, 47.107714 ], [ -117.03969, 47.113853 ], [ -117.039689, 47.1159 ], [ -117.039687, 47.117129 ], [ -117.039684, 47.120817 ], [ -117.039684, 47.122047 ], [ -117.039683, 47.122303 ], [ -117.039683, 47.123075 ], [ -117.039683, 47.123119 ], [ -117.039686, 47.123314 ], [ -117.039687, 47.123341 ], [ -117.039705, 47.124423 ], [ -117.039723, 47.125539 ], [ -117.039724, 47.125596 ], [ -117.039729, 47.125676 ], [ -117.03973, 47.125927 ], [ -117.039744, 47.126798 ], [ -117.039752, 47.127269 ], [ -117.039864, 47.13399 ], [ -117.039832, 47.134011 ], [ -117.039803, 47.134066 ], [ -117.039785, 47.134131 ], [ -117.039786, 47.139449 ], [ -117.039787, 47.139963 ], [ -117.039723, 47.144812 ], [ -117.039721, 47.145245 ], [ -117.03972, 47.145822 ], [ -117.039738, 47.146544 ], [ -117.039749, 47.146978 ], [ -117.039758, 47.147488 ], [ -117.039761, 47.148039 ], [ -117.039764, 47.148647 ], [ -117.039775, 47.148809 ], [ -117.0398, 47.149995 ], [ -117.039785, 47.150813 ], [ -117.039745, 47.152526 ], [ -117.039795, 47.15352 ], [ -117.039792, 47.153598 ], [ -117.03975, 47.15461 ], [ -117.039691, 47.167093 ], [ -117.039733, 47.172584 ], [ -117.039741, 47.17265 ], [ -117.039765, 47.172848 ], [ -117.039774, 47.172915 ], [ -117.039774, 47.173293 ], [ -117.039764, 47.174684 ], [ -117.039728, 47.179992 ], [ -117.039717, 47.181762 ], [ -117.03971, 47.182972 ], [ -117.039688, 47.186602 ], [ -117.039682, 47.187813 ], [ -117.039708, 47.194785 ], [ -117.039793, 47.202198 ], [ -117.039797, 47.202515 ], [ -117.039769, 47.203244 ], [ -117.039767, 47.203376 ], [ -117.039751, 47.203462 ], [ -117.039731, 47.203504 ], [ -117.039722, 47.203598 ], [ -117.039728, 47.203674 ], [ -117.039732, 47.203733 ], [ -117.039748, 47.203828 ], [ -117.039734, 47.211647 ], [ -117.039716, 47.219615 ], [ -117.039716, 47.219932 ], [ -117.039717, 47.220885 ], [ -117.039718, 47.221203 ], [ -117.039718, 47.221307 ], [ -117.039718, 47.221569 ], [ -117.039715, 47.221622 ], [ -117.03971, 47.221727 ], [ -117.039693, 47.222429 ], [ -117.039687, 47.2227 ], [ -117.039687, 47.223062 ], [ -117.039707, 47.223397 ], [ -117.039708, 47.224349 ], [ -117.039703, 47.224538 ], [ -117.039689, 47.225241 ], [ -117.039702, 47.225593 ], [ -117.039689, 47.226629 ], [ -117.03972, 47.227134 ], [ -117.039706, 47.227922 ], [ -117.039634, 47.228172 ], [ -117.039672, 47.22831 ], [ -117.039701, 47.228514 ], [ -117.039682, 47.228888 ], [ -117.039692, 47.229368 ], [ -117.039731, 47.2299 ], [ -117.039751, 47.230018 ], [ -117.039712, 47.230176 ], [ -117.039675, 47.231674 ], [ -117.039665, 47.231831 ], [ -117.039569, 47.232048 ], [ -117.03955, 47.232193 ], [ -117.039617, 47.23235 ], [ -117.039685, 47.232744 ], [ -117.039676, 47.233559 ], [ -117.039677, 47.235951 ], [ -117.039677, 47.236018 ], [ -117.039678, 47.236075 ], [ -117.03965, 47.236785 ], [ -117.039689, 47.237803 ], [ -117.039705, 47.238109 ], [ -117.039734, 47.238648 ], [ -117.039719, 47.238694 ], [ -117.039701, 47.24022 ], [ -117.039701, 47.24031 ], [ -117.039701, 47.240582 ], [ -117.039701, 47.240673 ], [ -117.039669, 47.241657 ], [ -117.039698, 47.24248 ], [ -117.039719, 47.242827 ], [ -117.039685, 47.243362 ], [ -117.039682, 47.243413 ], [ -117.039677, 47.243823 ], [ -117.039687, 47.24451 ], [ -117.039689, 47.245386 ], [ -117.039667, 47.245921 ], [ -117.039662, 47.247074 ], [ -117.039685, 47.248098 ], [ -117.039658, 47.24831 ], [ -117.039669, 47.248435 ], [ -117.039708, 47.248545 ], [ -117.039758, 47.248651 ], [ -117.039758, 47.248792 ], [ -117.039669, 47.248966 ], [ -117.039669, 47.249088 ], [ -117.039692, 47.249258 ], [ -117.039692, 47.249892 ], [ -117.039687, 47.250161 ], [ -117.039665, 47.250377 ], [ -117.039677, 47.251026 ], [ -117.039698, 47.251392 ], [ -117.039699, 47.251409 ], [ -117.039677, 47.251883 ], [ -117.039661, 47.252725 ], [ -117.039634, 47.253586 ], [ -117.03964, 47.253821 ], [ -117.03968, 47.25408 ], [ -117.03969, 47.254246 ], [ -117.03968, 47.255141 ], [ -117.03968, 47.256036 ], [ -117.039675, 47.256165 ], [ -117.039679, 47.256348 ], [ -117.039692, 47.256882 ], [ -117.039676, 47.257117 ], [ -117.039721, 47.257739 ], [ -117.039683, 47.259269 ], [ -117.039878, 47.259272 ], [ -117.039886, 47.26404 ], [ -117.039888, 47.265404 ], [ -117.039889, 47.265673 ], [ -117.03989, 47.266469 ], [ -117.039892, 47.267658 ], [ -117.039896, 47.268122 ], [ -117.039894, 47.268929 ], [ -117.039897, 47.269693 ], [ -117.039896, 47.269872 ], [ -117.039904, 47.274682 ], [ -117.039908, 47.27599 ], [ -117.039912, 47.277527 ], [ -117.039912, 47.277613 ], [ -117.039921, 47.279202 ], [ -117.039918, 47.280063 ], [ -117.039921, 47.281339 ], [ -117.039923, 47.282228 ], [ -117.039927, 47.283724 ], [ -117.039934, 47.286154 ], [ -117.039933, 47.286346 ], [ -117.039936, 47.287535 ], [ -117.039938, 47.28869 ], [ -117.039936, 47.289342 ], [ -117.039933, 47.290278 ], [ -117.039931, 47.29081 ], [ -117.039926, 47.292304 ], [ -117.039923, 47.293168 ], [ -117.03992, 47.294176 ], [ -117.039917, 47.295886 ], [ -117.039914, 47.295998 ], [ -117.039914, 47.296143 ], [ -117.039913, 47.296347 ], [ -117.039909, 47.297326 ], [ -117.039905, 47.298446 ], [ -117.039903, 47.299078 ], [ -117.039902, 47.299502 ], [ -117.039901, 47.299892 ], [ -117.0399, 47.300227 ], [ -117.039898, 47.300352 ], [ -117.039897, 47.300914 ], [ -117.039895, 47.301635 ], [ -117.039893, 47.302289 ], [ -117.03989, 47.303058 ], [ -117.039889, 47.303179 ], [ -117.03989, 47.303268 ], [ -117.039893, 47.304369 ], [ -117.039896, 47.305064 ], [ -117.039898, 47.30568 ], [ -117.039899, 47.306001 ], [ -117.0399, 47.306285 ], [ -117.039901, 47.306678 ], [ -117.039902, 47.306898 ], [ -117.03991, 47.309346 ], [ -117.039912, 47.310138 ], [ -117.039911, 47.310542 ], [ -117.039919, 47.312026 ], [ -117.039919, 47.312102 ], [ -117.039928, 47.31494 ], [ -117.039928, 47.315028 ], [ -117.039932, 47.315969 ], [ -117.039935, 47.316957 ], [ -117.03994, 47.317466 ], [ -117.039938, 47.317799 ], [ -117.03994, 47.317963 ], [ -117.039936, 47.318755 ], [ -117.039934, 47.319962 ], [ -117.039932, 47.320772 ], [ -117.039932, 47.320847 ], [ -117.039928, 47.322684 ], [ -117.039919, 47.326721 ], [ -117.039919, 47.326844 ], [ -117.039908, 47.33167 ], [ -117.039908, 47.331781 ], [ -117.039905, 47.332517 ], [ -117.039906, 47.332638 ], [ -117.039906, 47.332709 ], [ -117.039861, 47.337696 ], [ -117.039846, 47.339343 ], [ -117.039844, 47.339494 ], [ -117.039841, 47.339806 ], [ -117.03984, 47.339929 ], [ -117.039834, 47.340666 ], [ -117.039819, 47.342283 ], [ -117.039818, 47.342342 ], [ -117.039792, 47.345209 ], [ -117.039791, 47.345303 ], [ -117.039791, 47.34538 ], [ -117.039775, 47.347214 ], [ -117.03979, 47.351128 ], [ -117.039791, 47.351303 ], [ -117.039793, 47.351821 ], [ -117.039799, 47.352309 ], [ -117.0398, 47.353596 ], [ -117.039815, 47.357133 ], [ -117.039815, 47.357249 ], [ -117.039826, 47.36007 ], [ -117.039833, 47.361652 ], [ -117.039831, 47.362093 ], [ -117.039828, 47.363025 ], [ -117.039828, 47.363206 ], [ -117.039821, 47.365357 ], [ -117.03981, 47.365906 ], [ -117.039808, 47.366031 ], [ -117.039806, 47.366101 ], [ -117.039814, 47.367747 ], [ -117.039814, 47.367869 ], [ -117.039814, 47.367956 ], [ -117.03981, 47.369361 ], [ -117.039805, 47.371143 ], [ -117.039804, 47.371707 ], [ -117.039803, 47.372243 ], [ -117.039796, 47.376056 ], [ -117.039793, 47.376431 ], [ -117.039797, 47.377597 ], [ -117.039815, 47.38318 ], [ -117.039829, 47.386905 ], [ -117.039833, 47.387802 ], [ -117.039834, 47.387937 ], [ -117.039836, 47.388433 ], [ -117.039843, 47.390347 ], [ -117.039858, 47.390869 ], [ -117.039846, 47.391122 ], [ -117.039842, 47.391267 ], [ -117.039842, 47.392815 ], [ -117.03984, 47.393018 ], [ -117.039842, 47.394024 ], [ -117.039843, 47.395254 ], [ -117.039843, 47.396587 ], [ -117.039844, 47.398368 ], [ -117.039846, 47.399161 ], [ -117.03985, 47.399417 ], [ -117.039844, 47.399557 ], [ -117.039844, 47.40012 ], [ -117.039846, 47.400297 ], [ -117.039844, 47.400775 ], [ -117.039845, 47.401711 ], [ -117.039845, 47.40204 ], [ -117.039845, 47.402291 ], [ -117.039845, 47.40373 ], [ -117.039846, 47.404896 ], [ -117.03985, 47.405031 ], [ -117.039846, 47.405161 ], [ -117.039844, 47.405682 ], [ -117.039843, 47.406584 ], [ -117.039838, 47.407262 ], [ -117.039835, 47.407906 ], [ -117.039831, 47.409566 ], [ -117.039835, 47.409657 ], [ -117.039831, 47.410162 ], [ -117.039836, 47.41184 ], [ -117.039834, 47.412501 ], [ -117.039763, 47.412543 ], [ -117.039765, 47.413408 ], [ -117.039766, 47.413622 ], [ -117.039766, 47.4138 ], [ -117.039766, 47.413975 ], [ -117.039771, 47.419874 ], [ -117.039776, 47.425834 ], [ -117.039778, 47.427795 ], [ -117.039779, 47.429077 ], [ -117.039781, 47.43133 ], [ -117.039781, 47.43178 ], [ -117.039782, 47.432526 ], [ -117.039784, 47.434878 ], [ -117.039856, 47.434896 ], [ -117.039834, 47.436204 ], [ -117.039822, 47.436869 ], [ -117.039819, 47.437186 ], [ -117.039817, 47.437338 ], [ -117.039806, 47.441669 ], [ -117.039811, 47.443347 ], [ -117.039818, 47.445673 ], [ -117.039822, 47.447299 ], [ -117.03982, 47.449403 ], [ -117.039807, 47.450989 ], [ -117.039799, 47.45434 ], [ -117.039807, 47.455448 ], [ -117.039811, 47.456347 ], [ -117.039823, 47.457569 ], [ -117.03984, 47.459842 ], [ -117.039852, 47.461473 ], [ -117.039857, 47.462257 ], [ -117.039855, 47.463404 ], [ -117.039868, 47.463688 ], [ -117.039872, 47.464166 ], [ -117.03988, 47.465049 ], [ -117.039886, 47.465783 ], [ -117.03989, 47.466349 ], [ -117.039902, 47.467759 ], [ -117.039911, 47.468802 ], [ -117.039917, 47.46956 ], [ -117.039914, 47.469918 ], [ -117.039923, 47.470286 ], [ -117.039929, 47.471038 ], [ -117.039936, 47.471801 ], [ -117.039941, 47.472509 ], [ -117.039955, 47.474171 ], [ -117.039961, 47.474826 ], [ -117.039963, 47.4751 ], [ -117.039979, 47.476986 ], [ -117.039987, 47.477792 ], [ -117.039983, 47.478417 ], [ -117.039978, 47.479979 ], [ -117.039976, 47.480562 ], [ -117.039973, 47.48155 ], [ -117.039972, 47.48202 ], [ -117.039973, 47.482217 ], [ -117.039976, 47.482692 ], [ -117.039977, 47.482739 ], [ -117.039982, 47.483572 ], [ -117.039984, 47.483875 ], [ -117.039995, 47.485744 ], [ -117.039999, 47.486259 ], [ -117.040001, 47.486594 ], [ -117.040006, 47.487399 ], [ -117.040015, 47.488223 ], [ -117.040018, 47.489162 ], [ -117.04002, 47.489573 ], [ -117.040035, 47.491887 ], [ -117.040043, 47.492548 ], [ -117.04004, 47.492642 ], [ -117.040042, 47.492983 ], [ -117.040047, 47.493944 ], [ -117.040053, 47.495011 ], [ -117.040057, 47.495539 ], [ -117.040059, 47.495935 ], [ -117.040069, 47.497654 ], [ -117.040074, 47.498534 ], [ -117.040083, 47.500003 ], [ -117.04009, 47.501297 ], [ -117.040091, 47.501493 ], [ -117.040094, 47.501939 ], [ -117.040092, 47.501983 ], [ -117.040096, 47.502235 ], [ -117.0401, 47.502882 ], [ -117.040106, 47.504024 ], [ -117.040112, 47.504977 ], [ -117.040119, 47.506215 ], [ -117.040124, 47.506959 ], [ -117.040118, 47.508427 ], [ -117.040112, 47.509858 ], [ -117.040109, 47.510364 ], [ -117.040117, 47.512276 ], [ -117.040142, 47.515318 ], [ -117.040155, 47.516962 ], [ -117.040164, 47.518046 ], [ -117.040175, 47.519457 ], [ -117.040185, 47.520704 ], [ -117.04019, 47.521301 ], [ -117.040345, 47.522315 ], [ -117.040321, 47.522442 ], [ -117.040321, 47.52253 ], [ -117.040314, 47.522686 ], [ -117.040332, 47.523333 ], [ -117.040419, 47.526756 ], [ -117.040422, 47.526905 ], [ -117.040434, 47.527353 ], [ -117.040438, 47.527503 ], [ -117.040444, 47.527722 ], [ -117.040445, 47.527818 ], [ -117.040459, 47.528766 ], [ -117.040464, 47.529083 ], [ -117.04047, 47.529564 ], [ -117.040491, 47.531008 ], [ -117.040498, 47.53149 ], [ -117.0405, 47.531595 ], [ -117.040503, 47.531863 ], [ -117.04052, 47.532985 ], [ -117.040451, 47.533404 ], [ -117.040455, 47.53347 ], [ -117.040454, 47.533553 ], [ -117.040456, 47.533605 ], [ -117.040462, 47.533814 ], [ -117.040471, 47.534184 ], [ -117.040481, 47.534719 ], [ -117.040483, 47.534789 ], [ -117.040488, 47.534988 ], [ -117.040496, 47.535325 ], [ -117.040508, 47.53589 ], [ -117.040511, 47.536006 ], [ -117.040513, 47.536106 ], [ -117.040517, 47.536663 ], [ -117.04052, 47.537085 ], [ -117.040523, 47.537525 ], [ -117.040527, 47.538093 ], [ -117.04053, 47.538484 ], [ -117.040533, 47.538877 ], [ -117.040535, 47.539227 ], [ -117.040539, 47.539812 ], [ -117.040544, 47.540447 ], [ -117.040547, 47.540839 ], [ -117.040552, 47.541573 ], [ -117.040555, 47.542012 ], [ -117.040575, 47.54267 ], [ -117.04059, 47.543156 ], [ -117.040605, 47.543616 ], [ -117.040626, 47.544304 ], [ -117.040662, 47.545448 ], [ -117.040692, 47.546415 ], [ -117.040702, 47.546723 ], [ -117.040713, 47.547083 ], [ -117.040722, 47.547366 ], [ -117.040733, 47.547719 ], [ -117.040744, 47.548058 ], [ -117.040753, 47.548367 ], [ -117.040758, 47.54849 ], [ -117.04076, 47.548569 ], [ -117.040766, 47.548783 ], [ -117.040771, 47.548976 ], [ -117.040784, 47.549354 ], [ -117.040802, 47.549937 ], [ -117.040821, 47.550542 ], [ -117.040831, 47.551253 ], [ -117.040836, 47.551736 ], [ -117.040838, 47.551824 ], [ -117.040848, 47.552221 ], [ -117.040849, 47.552742 ], [ -117.040858, 47.553516 ], [ -117.040865, 47.554103 ], [ -117.040876, 47.554941 ], [ -117.040883, 47.555508 ], [ -117.040886, 47.555788 ], [ -117.040889, 47.556042 ], [ -117.040895, 47.556503 ], [ -117.040897, 47.556699 ], [ -117.040905, 47.557459 ], [ -117.040909, 47.557781 ], [ -117.040912, 47.558039 ], [ -117.040914, 47.558206 ], [ -117.040917, 47.558474 ], [ -117.040919, 47.558637 ], [ -117.040929, 47.559476 ], [ -117.040937, 47.560181 ], [ -117.040937, 47.560207 ], [ -117.040938, 47.560298 ], [ -117.04094, 47.560425 ], [ -117.040942, 47.56064 ], [ -117.040943, 47.560699 ], [ -117.040944, 47.560809 ], [ -117.040947, 47.561025 ], [ -117.040949, 47.561249 ], [ -117.040953, 47.561521 ], [ -117.040956, 47.561776 ], [ -117.040959, 47.562101 ], [ -117.040962, 47.562368 ], [ -117.040964, 47.5625 ], [ -117.040967, 47.562782 ], [ -117.04097, 47.56302 ], [ -117.04097, 47.563059 ], [ -117.040971, 47.563166 ], [ -117.040971, 47.563202 ], [ -117.040973, 47.563346 ], [ -117.040974, 47.563382 ], [ -117.040975, 47.563522 ], [ -117.040977, 47.563681 ], [ -117.040979, 47.563888 ], [ -117.040984, 47.564251 ], [ -117.040985, 47.564399 ], [ -117.040989, 47.564699 ], [ -117.040993, 47.565032 ], [ -117.040994, 47.565266 ], [ -117.040994, 47.565623 ], [ -117.040995, 47.565857 ], [ -117.040995, 47.566173 ], [ -117.040996, 47.566494 ], [ -117.040996, 47.566585 ], [ -117.040997, 47.566671 ], [ -117.040996, 47.566902 ], [ -117.040997, 47.567061 ], [ -117.040997, 47.567471 ], [ -117.040998, 47.567654 ], [ -117.040998, 47.568044 ], [ -117.040999, 47.568268 ], [ -117.040999, 47.568612 ], [ -117.041, 47.568753 ], [ -117.041, 47.568952 ], [ -117.041001, 47.569346 ], [ -117.041001, 47.56949 ], [ -117.041001, 47.569596 ], [ -117.041001, 47.569677 ], [ -117.041002, 47.569917 ], [ -117.041003, 47.570675 ], [ -117.041005, 47.571268 ], [ -117.041007, 47.571517 ], [ -117.041009, 47.57166 ], [ -117.041012, 47.572122 ], [ -117.041018, 47.572814 ], [ -117.041028, 47.574255 ], [ -117.041038, 47.575242 ], [ -117.041042, 47.575816 ], [ -117.041049, 47.576644 ], [ -117.041057, 47.577646 ], [ -117.041066, 47.578698 ], [ -117.041066, 47.57876 ], [ -117.041067, 47.578803 ], [ -117.041073, 47.579547 ], [ -117.041074, 47.57966 ], [ -117.041071, 47.579757 ], [ -117.041075, 47.579969 ], [ -117.041078, 47.580788 ], [ -117.04108, 47.581508 ], [ -117.041081, 47.581837 ], [ -117.041084, 47.582688 ], [ -117.041085, 47.583114 ], [ -117.041088, 47.584125 ], [ -117.041092, 47.584737 ], [ -117.041091, 47.584792 ], [ -117.041091, 47.584833 ], [ -117.041092, 47.585279 ], [ -117.041086, 47.586209 ], [ -117.041079, 47.586856 ], [ -117.041068, 47.587847 ], [ -117.041034, 47.590851 ], [ -117.041, 47.593847 ], [ -117.040998, 47.594064 ], [ -117.040993, 47.59459 ], [ -117.040998, 47.595344 ], [ -117.041, 47.595699 ], [ -117.041002, 47.596091 ], [ -117.041005, 47.596675 ], [ -117.041007, 47.597063 ], [ -117.041015, 47.598341 ], [ -117.041016, 47.598524 ], [ -117.041018, 47.598807 ], [ -117.041019, 47.599011 ], [ -117.041018, 47.599219 ], [ -117.041017, 47.599844 ], [ -117.041021, 47.600443 ], [ -117.041014, 47.600681 ], [ -117.041015, 47.600985 ], [ -117.041013, 47.601117 ], [ -117.041015, 47.601383 ], [ -117.041009, 47.601445 ], [ -117.040976, 47.604132 ], [ -117.040952, 47.606114 ], [ -117.040939, 47.607192 ], [ -117.040919, 47.608836 ], [ -117.040889, 47.611278 ], [ -117.040875, 47.61238 ], [ -117.040865, 47.613213 ], [ -117.04085, 47.614367 ], [ -117.040856, 47.615329 ], [ -117.040882, 47.616868 ], [ -117.040911, 47.618535 ], [ -117.040924, 47.619264 ], [ -117.040947, 47.620622 ], [ -117.040961, 47.621408 ], [ -117.040955, 47.621849 ], [ -117.040971, 47.621979 ], [ -117.040982, 47.622609 ], [ -117.040997, 47.623567 ], [ -117.041022, 47.624958 ], [ -117.041028, 47.625302 ], [ -117.041059, 47.627068 ], [ -117.041067, 47.629598 ], [ -117.041081, 47.631113 ], [ -117.041083, 47.631294 ], [ -117.041098, 47.632792 ], [ -117.041127, 47.635759 ], [ -117.041142, 47.637355 ], [ -117.04118, 47.641214 ], [ -117.041196, 47.643161 ], [ -117.041213, 47.643402 ], [ -117.041198, 47.643411 ], [ -117.041204, 47.644711 ], [ -117.041208, 47.64639 ], [ -117.041211, 47.647701 ], [ -117.041214, 47.648785 ], [ -117.041217, 47.649852 ], [ -117.041221, 47.651385 ], [ -117.041223, 47.652207 ], [ -117.041225, 47.653145 ], [ -117.041223, 47.653793 ], [ -117.041228, 47.654185 ], [ -117.041266, 47.654297 ], [ -117.04129, 47.654583 ], [ -117.041304, 47.654758 ], [ -117.041314, 47.65525 ], [ -117.041314, 47.655487 ], [ -117.041317, 47.656466 ], [ -117.041318, 47.65662 ], [ -117.041317, 47.657062 ], [ -117.041323, 47.658126 ], [ -117.041323, 47.659842 ], [ -117.041325, 47.660076 ], [ -117.041305, 47.660915 ], [ -117.041304, 47.661756 ], [ -117.041292, 47.662644 ], [ -117.041291, 47.662695 ], [ -117.041244, 47.66293 ], [ -117.041239, 47.663123 ], [ -117.041246, 47.665542 ], [ -117.041252, 47.66666 ], [ -117.041251, 47.667898 ], [ -117.041263, 47.669299 ], [ -117.041267, 47.670489 ], [ -117.041267, 47.671441 ], [ -117.041262, 47.672166 ], [ -117.04126, 47.672343 ], [ -117.041268, 47.672713 ], [ -117.041263, 47.673498 ], [ -117.041272, 47.674047 ], [ -117.041275, 47.674372 ], [ -117.041282, 47.674839 ], [ -117.041285, 47.675146 ], [ -117.041293, 47.675673 ], [ -117.041308, 47.67674 ], [ -117.041633, 47.677957 ], [ -117.041623, 47.67805 ], [ -117.04162, 47.678064 ], [ -117.0416, 47.678184 ], [ -117.041589, 47.678387 ], [ -117.041588, 47.678414 ], [ -117.041587, 47.678496 ], [ -117.041585, 47.678565 ], [ -117.041583, 47.678775 ], [ -117.041583, 47.678845 ], [ -117.041568, 47.680192 ], [ -117.041548, 47.681904 ], [ -117.041577, 47.683198 ], [ -117.041586, 47.683667 ], [ -117.041676, 47.685628 ], [ -117.041672, 47.685684 ], [ -117.041657, 47.68589 ], [ -117.041635, 47.686031 ], [ -117.041645, 47.686311 ], [ -117.04165, 47.686649 ], [ -117.041655, 47.68689 ], [ -117.041658, 47.687038 ], [ -117.041661, 47.687163 ], [ -117.041672, 47.687652 ], [ -117.041681, 47.688022 ], [ -117.041688, 47.68836 ], [ -117.041687, 47.688924 ], [ -117.041688, 47.689217 ], [ -117.041687, 47.689269 ], [ -117.041687, 47.689323 ], [ -117.04168, 47.689388 ], [ -117.041632, 47.689548 ], [ -117.04159, 47.689659 ], [ -117.041612, 47.69084 ], [ -117.041626, 47.691936 ], [ -117.041642, 47.693222 ], [ -117.041653, 47.694098 ], [ -117.04167, 47.695401 ], [ -117.04167, 47.69552 ], [ -117.041674, 47.695835 ], [ -117.041679, 47.696251 ], [ -117.04168, 47.696432 ], [ -117.041683, 47.696602 ], [ -117.041678, 47.696701 ], [ -117.041678, 47.696933 ], [ -117.04168, 47.696958 ], [ -117.041683, 47.69699 ], [ -117.041688, 47.697057 ], [ -117.041692, 47.697264 ], [ -117.041693, 47.697336 ], [ -117.041695, 47.697509 ], [ -117.041697, 47.697681 ], [ -117.041699, 47.697889 ], [ -117.041701, 47.697988 ], [ -117.041701, 47.698044 ], [ -117.041704, 47.698301 ], [ -117.041707, 47.69853 ], [ -117.041719, 47.699516 ], [ -117.04172, 47.699585 ], [ -117.041723, 47.699723 ], [ -117.041725, 47.699939 ], [ -117.041729, 47.700325 ], [ -117.041783, 47.700716 ], [ -117.041787, 47.700986 ], [ -117.041787, 47.701032 ], [ -117.041787, 47.701143 ], [ -117.041789, 47.701632 ], [ -117.041789, 47.701767 ], [ -117.04179, 47.701965 ], [ -117.041787, 47.702493 ], [ -117.041787, 47.70276 ], [ -117.041787, 47.702793 ], [ -117.041787, 47.703149 ], [ -117.041784, 47.703572 ], [ -117.041787, 47.703939 ], [ -117.041786, 47.704567 ], [ -117.041785, 47.706525 ], [ -117.041784, 47.706766 ], [ -117.041785, 47.706995 ], [ -117.041785, 47.70742 ], [ -117.041784, 47.707757 ], [ -117.041784, 47.708856 ], [ -117.041784, 47.709655 ], [ -117.041783, 47.710381 ], [ -117.041782, 47.712097 ], [ -117.041781, 47.713665 ], [ -117.041781, 47.714639 ], [ -117.041781, 47.714756 ], [ -117.041778, 47.714951 ], [ -117.041775, 47.715104 ], [ -117.041762, 47.715651 ], [ -117.041754, 47.715992 ], [ -117.041744, 47.716445 ], [ -117.041743, 47.716983 ], [ -117.041745, 47.717702 ], [ -117.04175, 47.719283 ], [ -117.041756, 47.721221 ], [ -117.041761, 47.722698 ], [ -117.041762, 47.723026 ], [ -117.041766, 47.724203 ], [ -117.041772, 47.726086 ], [ -117.041776, 47.72733 ], [ -117.041779, 47.72857 ], [ -117.041781, 47.729235 ], [ -117.041776, 47.72979 ], [ -117.041761, 47.73111 ], [ -117.041765, 47.731351 ], [ -117.04177, 47.731765 ], [ -117.041797, 47.73368 ], [ -117.04182, 47.735261 ], [ -117.041823, 47.735557 ], [ -117.041829, 47.735855 ], [ -117.041838, 47.736639 ], [ -117.041853, 47.737709 ], [ -117.041865, 47.738528 ], [ -117.041874, 47.739134 ], [ -117.041886, 47.73999 ], [ -117.041898, 47.740888 ], [ -117.041915, 47.742106 ], [ -117.041927, 47.742992 ], [ -117.04194, 47.743926 ], [ -117.041947, 47.744536 ], [ -117.041954, 47.745147 ], [ -117.041955, 47.745273 ], [ -117.041957, 47.745438 ], [ -117.041965, 47.745991 ], [ -117.041972, 47.746467 ], [ -117.041989, 47.74768 ], [ -117.042006, 47.748826 ], [ -117.042023, 47.750041 ], [ -117.042038, 47.751042 ], [ -117.042047, 47.751704 ], [ -117.042077, 47.753785 ], [ -117.042102, 47.755522 ], [ -117.042126, 47.757194 ], [ -117.042127, 47.757244 ], [ -117.042128, 47.757356 ], [ -117.04213, 47.75745 ], [ -117.042132, 47.757607 ], [ -117.042133, 47.757702 ], [ -117.042134, 47.757773 ], [ -117.042137, 47.757939 ], [ -117.042137, 47.757964 ], [ -117.042138, 47.758009 ], [ -117.042138, 47.758054 ], [ -117.042139, 47.758106 ], [ -117.04214, 47.758161 ], [ -117.04214, 47.758183 ], [ -117.04214, 47.7582 ], [ -117.042139, 47.758225 ], [ -117.042139, 47.758253 ], [ -117.042138, 47.75828 ], [ -117.042136, 47.75837 ], [ -117.042133, 47.758499 ], [ -117.042128, 47.758701 ], [ -117.04212, 47.759074 ], [ -117.042116, 47.759233 ], [ -117.04211, 47.759503 ], [ -117.042108, 47.759572 ], [ -117.042105, 47.759704 ], [ -117.042098, 47.760018 ], [ -117.042097, 47.760059 ], [ -117.042097, 47.760076 ], [ -117.042096, 47.76011 ], [ -117.042096, 47.760164 ], [ -117.042096, 47.760186 ], [ -117.042096, 47.760234 ], [ -117.042096, 47.760346 ], [ -117.042095, 47.760813 ], [ -117.042095, 47.760993 ], [ -117.042094, 47.761208 ], [ -117.042089, 47.763794 ], [ -117.042087, 47.7648 ], [ -117.042086, 47.765465 ], [ -117.042084, 47.76656 ], [ -117.042082, 47.767674 ], [ -117.04208, 47.768339 ], [ -117.042078, 47.769722 ], [ -117.042074, 47.77172 ], [ -117.042072, 47.772519 ], [ -117.042081, 47.773745 ], [ -117.042089, 47.77482 ], [ -117.042093, 47.775559 ], [ -117.042098, 47.776538 ], [ -117.042104, 47.77748 ], [ -117.042107, 47.778061 ], [ -117.04211, 47.778497 ], [ -117.042111, 47.778788 ], [ -117.042116, 47.779573 ], [ -117.042128, 47.780757 ], [ -117.042125, 47.781019 ], [ -117.042128, 47.781648 ], [ -117.042136, 47.782964 ], [ -117.042147, 47.783451 ], [ -117.04214, 47.783669 ], [ -117.042142, 47.784014 ], [ -117.042155, 47.786237 ], [ -117.042165, 47.787934 ], [ -117.042171, 47.788922 ], [ -117.042173, 47.79141 ], [ -117.042171, 47.792541 ], [ -117.042167, 47.79429 ], [ -117.042164, 47.796032 ], [ -117.042161, 47.797765 ], [ -117.042162, 47.799158 ], [ -117.042158, 47.799283 ], [ -117.042134, 47.799473 ], [ -117.042155, 47.800998 ], [ -117.042153, 47.801762 ], [ -117.042126, 47.803004 ], [ -117.042149, 47.804177 ], [ -117.042134, 47.806009 ], [ -117.042111, 47.808892 ], [ -117.042096, 47.810761 ], [ -117.04209, 47.811596 ], [ -117.042072, 47.812126 ], [ -117.042072, 47.813823 ], [ -117.042058, 47.815516 ], [ -117.042039, 47.816175 ], [ -117.041943, 47.81795 ], [ -117.041947, 47.818242 ], [ -117.041958, 47.819005 ], [ -117.041966, 47.819554 ], [ -117.041974, 47.820054 ], [ -117.04199, 47.821206 ], [ -117.042002, 47.822004 ], [ -117.042013, 47.822757 ], [ -117.04202, 47.823265 ], [ -117.042031, 47.823965 ], [ -117.042046, 47.825047 ], [ -117.042052, 47.825379 ], [ -117.042055, 47.825617 ], [ -117.042077, 47.82718 ], [ -117.042099, 47.828663 ], [ -117.042109, 47.829337 ], [ -117.042112, 47.829545 ], [ -117.042118, 47.830419 ], [ -117.042111, 47.832558 ], [ -117.042121, 47.832835 ], [ -117.042123, 47.833055 ], [ -117.042122, 47.833184 ], [ -117.042117, 47.83349 ], [ -117.042123, 47.833836 ], [ -117.042124, 47.83427 ], [ -117.042125, 47.834544 ], [ -117.042132, 47.837864 ], [ -117.042138, 47.840554 ], [ -117.042141, 47.841911 ], [ -117.042145, 47.843519 ], [ -117.042138, 47.846691 ], [ -117.042153, 47.848677 ], [ -117.04216, 47.849596 ], [ -117.042171, 47.85096 ], [ -117.042186, 47.852857 ], [ -117.042201, 47.85474 ], [ -117.042211, 47.855992 ], [ -117.042218, 47.856926 ], [ -117.04222, 47.857215 ], [ -117.042225, 47.858401 ], [ -117.042212, 47.860476 ], [ -117.042209, 47.86131 ], [ -117.04222, 47.862914 ], [ -117.042222, 47.863761 ], [ -117.042231, 47.864456 ], [ -117.042234, 47.864893 ], [ -117.042249, 47.866864 ], [ -117.04225, 47.867528 ], [ -117.042264, 47.86891 ], [ -117.042248, 47.869602 ], [ -117.042272, 47.870022 ], [ -117.042278, 47.870874 ], [ -117.04229, 47.872493 ], [ -117.042297, 47.873505 ], [ -117.042302, 47.874183 ], [ -117.042303, 47.874327 ], [ -117.042304, 47.874453 ], [ -117.042288, 47.87469 ], [ -117.042277, 47.874864 ], [ -117.042269, 47.874994 ], [ -117.042263, 47.875083 ], [ -117.042255, 47.875209 ], [ -117.042241, 47.875387 ], [ -117.042234, 47.875516 ], [ -117.042213, 47.87588 ], [ -117.042219, 47.876065 ], [ -117.04222, 47.876277 ], [ -117.042229, 47.876449 ], [ -117.042224, 47.877007 ], [ -117.042225, 47.877122 ], [ -117.042226, 47.877262 ], [ -117.042235, 47.878937 ], [ -117.042242, 47.88008 ], [ -117.042248, 47.881086 ], [ -117.042252, 47.881957 ], [ -117.04226, 47.883204 ], [ -117.04226, 47.883274 ], [ -117.042271, 47.885215 ], [ -117.042274, 47.885805 ], [ -117.042276, 47.886149 ], [ -117.042277, 47.886386 ], [ -117.042275, 47.88656 ], [ -117.042281, 47.886961 ], [ -117.042287, 47.888039 ], [ -117.042288, 47.888715 ], [ -117.042296, 47.889362 ], [ -117.042299, 47.889651 ], [ -117.042301, 47.890685 ], [ -117.042284, 47.892378 ], [ -117.042273, 47.893449 ], [ -117.042267, 47.893763 ], [ -117.042266, 47.894198 ], [ -117.042252, 47.895562 ], [ -117.042242, 47.896544 ], [ -117.042234, 47.897285 ], [ -117.042226, 47.898109 ], [ -117.042199, 47.900785 ], [ -117.042173, 47.903173 ], [ -117.042146, 47.904201 ], [ -117.04213, 47.904879 ], [ -117.042128, 47.905254 ], [ -117.04212, 47.906669 ], [ -117.042109, 47.907429 ], [ -117.042111, 47.90847 ], [ -117.042119, 47.909937 ], [ -117.042102, 47.910227 ], [ -117.0421, 47.910686 ], [ -117.042093, 47.911902 ], [ -117.04209, 47.912532 ], [ -117.042088, 47.912865 ], [ -117.042081, 47.91431 ], [ -117.042069, 47.91663 ], [ -117.042044, 47.919313 ], [ -117.04205, 47.920102 ], [ -117.042054, 47.921522 ], [ -117.042064, 47.921955 ], [ -117.042067, 47.922274 ], [ -117.042074, 47.923196 ], [ -117.042082, 47.924241 ], [ -117.042091, 47.925309 ], [ -117.042095, 47.925842 ], [ -117.042097, 47.926244 ], [ -117.042114, 47.928277 ], [ -117.04212, 47.929125 ], [ -117.042121, 47.929251 ], [ -117.042127, 47.929989 ], [ -117.042137, 47.931312 ], [ -117.042114, 47.932638 ], [ -117.042106, 47.932946 ], [ -117.042091, 47.93438 ], [ -117.042102, 47.935904 ], [ -117.042109, 47.936518 ], [ -117.042111, 47.936748 ], [ -117.042112, 47.936885 ], [ -117.042124, 47.938367 ], [ -117.042134, 47.939549 ], [ -117.042143, 47.940561 ], [ -117.042145, 47.940818 ], [ -117.042153, 47.941821 ], [ -117.042158, 47.942455 ], [ -117.042163, 47.943062 ], [ -117.042165, 47.943443 ], [ -117.042173, 47.944239 ], [ -117.042174, 47.944369 ], [ -117.042175, 47.944426 ], [ -117.04218, 47.945021 ], [ -117.042188, 47.945977 ], [ -117.042192, 47.946288 ], [ -117.042203, 47.947025 ], [ -117.042216, 47.947874 ], [ -117.04222, 47.948211 ], [ -117.04222, 47.94833 ], [ -117.042224, 47.948938 ], [ -117.042229, 47.949605 ], [ -117.042232, 47.950123 ], [ -117.042234, 47.950311 ], [ -117.042237, 47.950853 ], [ -117.042243, 47.951607 ], [ -117.042245, 47.952041 ], [ -117.042248, 47.952354 ], [ -117.042251, 47.952806 ], [ -117.042254, 47.95332 ], [ -117.042257, 47.95377 ], [ -117.042258, 47.953949 ], [ -117.04226, 47.954116 ], [ -117.042267, 47.955185 ], [ -117.042271, 47.95583 ], [ -117.042275, 47.956464 ], [ -117.042281, 47.957322 ], [ -117.042284, 47.957727 ], [ -117.042288, 47.958364 ], [ -117.042292, 47.959074 ], [ -117.042299, 47.960366 ], [ -117.042303, 47.961142 ], [ -117.042309, 47.962289 ], [ -117.042308, 47.962656 ], [ -117.042295, 47.963534 ], [ -117.042291, 47.963855 ], [ -117.042279, 47.964664 ], [ -117.042268, 47.965376 ], [ -117.042221, 47.968577 ], [ -117.042178, 47.971534 ], [ -117.042174, 47.971981 ], [ -117.042166, 47.972372 ], [ -117.042155, 47.973065 ], [ -117.042138, 47.974128 ], [ -117.042132, 47.974521 ], [ -117.04211, 47.97532 ], [ -117.042102, 47.976419 ], [ -117.042089, 47.97745 ], [ -117.042089, 47.977637 ], [ -117.04209, 47.978013 ], [ -117.042093, 47.97853 ], [ -117.042099, 47.979699 ], [ -117.042104, 47.980694 ], [ -117.042107, 47.981195 ], [ -117.042115, 47.982695 ], [ -117.042121, 47.983889 ], [ -117.042124, 47.984434 ], [ -117.042129, 47.985379 ], [ -117.042136, 47.986715 ], [ -117.042137, 47.987685 ], [ -117.042116, 47.98863 ], [ -117.042083, 47.990108 ], [ -117.042065, 47.990902 ], [ -117.042047, 47.99169 ], [ -117.042036, 47.993246 ], [ -117.042033, 47.994119 ], [ -117.042026, 47.994908 ], [ -117.042029, 47.995092 ], [ -117.042025, 47.996031 ], [ -117.042024, 47.996719 ], [ -117.042021, 47.997102 ], [ -117.042021, 47.997291 ], [ -117.042019, 47.997619 ], [ -117.042014, 47.998895 ], [ -117.042012, 47.999538 ], [ -117.042008, 48.000502 ], [ -117.042004, 48.00062 ], [ -117.041999, 48.0008 ], [ -117.042003, 48.001855 ], [ -117.042005, 48.002301 ], [ -117.041994, 48.006046 ], [ -117.041995, 48.006763 ], [ -117.042018, 48.009286 ], [ -117.042035, 48.011181 ], [ -117.042043, 48.012166 ], [ -117.042049, 48.01279 ], [ -117.042075, 48.015651 ], [ -117.042091, 48.017895 ], [ -117.042096, 48.018749 ], [ -117.042106, 48.020297 ], [ -117.042111, 48.021206 ], [ -117.042111, 48.021739 ], [ -117.042113, 48.02371 ], [ -117.042114, 48.02473 ], [ -117.042117, 48.027705 ], [ -117.042118, 48.029664 ], [ -117.04212, 48.031146 ], [ -117.042083, 48.032179 ], [ -117.042067, 48.03278 ], [ -117.042063, 48.032826 ], [ -117.042056, 48.032967 ], [ -117.042053, 48.033014 ], [ -117.041994, 48.034678 ], [ -117.041986, 48.03489 ], [ -117.041962, 48.035473 ], [ -117.041917, 48.040699 ], [ -117.041898, 48.04305 ], [ -117.041894, 48.043462 ], [ -117.041899, 48.043676 ], [ -117.04189, 48.04394 ], [ -117.041881, 48.0443 ], [ -117.041881, 48.045048 ], [ -117.041877, 48.045466 ], [ -117.041873, 48.045883 ], [ -117.04187, 48.046306 ], [ -117.041859, 48.047572 ], [ -117.041837, 48.050113 ], [ -117.041837, 48.051423 ], [ -117.041838, 48.052266 ], [ -117.041832, 48.052767 ], [ -117.041838, 48.053663 ], [ -117.041828, 48.061126 ], [ -117.04182, 48.061279 ], [ -117.041824, 48.061505 ], [ -117.04182, 48.061942 ], [ -117.041814, 48.062598 ], [ -117.041811, 48.062913 ], [ -117.041808, 48.063262 ], [ -117.041802, 48.063901 ], [ -117.041794, 48.064997 ], [ -117.041805, 48.065285 ], [ -117.041785, 48.065402 ], [ -117.04173, 48.065758 ], [ -117.041713, 48.065879 ], [ -117.041672, 48.066605 ], [ -117.041551, 48.068786 ], [ -117.041512, 48.069513 ], [ -117.04151, 48.06958 ], [ -117.041506, 48.069785 ], [ -117.041506, 48.069854 ], [ -117.041467, 48.072424 ], [ -117.041462, 48.072988 ], [ -117.041394, 48.082397 ], [ -117.041373, 48.085535 ], [ -117.041343, 48.090395 ], [ -117.041281, 48.101027 ], [ -117.041258, 48.104977 ], [ -117.041241, 48.107853 ], [ -117.041238, 48.10837 ], [ -117.04123, 48.109839 ], [ -117.041227, 48.110292 ], [ -117.041218, 48.111651 ], [ -117.041219, 48.112055 ], [ -117.041218, 48.112106 ], [ -117.041195, 48.114665 ], [ -117.041128, 48.122344 ], [ -117.041122, 48.122982 ], [ -117.041107, 48.124904 ], [ -117.041092, 48.125365 ], [ -117.041049, 48.126749 ], [ -117.041035, 48.127211 ], [ -117.040975, 48.129126 ], [ -117.040795, 48.134871 ], [ -117.040736, 48.136787 ], [ -117.04067, 48.138881 ], [ -117.040474, 48.145165 ], [ -117.040409, 48.14726 ], [ -117.04039, 48.14786 ], [ -117.040333, 48.14966 ], [ -117.040315, 48.150261 ], [ -117.040314, 48.150283 ], [ -117.040259, 48.151966 ], [ -117.040092, 48.15708 ], [ -117.040037, 48.158786 ], [ -117.04003, 48.158996 ], [ -117.040019, 48.159391 ], [ -117.040011, 48.159626 ], [ -117.040005, 48.159837 ], [ -117.039965, 48.161152 ], [ -117.039844, 48.1651 ], [ -117.039805, 48.166416 ], [ -117.039802, 48.166484 ], [ -117.039799, 48.166572 ], [ -117.039799, 48.166584 ], [ -117.03979, 48.166917 ], [ -117.03975, 48.168423 ], [ -117.039739, 48.168926 ], [ -117.039735, 48.169015 ], [ -117.039734, 48.169059 ], [ -117.039741, 48.169285 ], [ -117.039744, 48.169375 ], [ -117.039728, 48.169796 ], [ -117.039722, 48.170015 ], [ -117.039718, 48.170715 ], [ -117.039711, 48.172019 ], [ -117.039707, 48.172814 ], [ -117.039704, 48.173515 ], [ -117.039705, 48.173754 ], [ -117.039705, 48.173807 ], [ -117.039706, 48.173874 ], [ -117.03971, 48.173968 ], [ -117.039707, 48.174141 ], [ -117.039688, 48.174479 ], [ -117.039676, 48.174722 ], [ -117.039675, 48.174912 ], [ -117.039676, 48.175483 ], [ -117.039678, 48.175676 ], [ -117.039676, 48.175717 ], [ -117.039636, 48.1763 ], [ -117.039634, 48.176602 ], [ -117.039644, 48.176701 ], [ -117.039654, 48.176798 ], [ -117.039662, 48.176868 ], [ -117.039648, 48.177117 ], [ -117.039649, 48.177397 ], [ -117.039585, 48.177834 ], [ -117.039601, 48.177893 ], [ -117.03961, 48.177914 ], [ -117.039617, 48.17793 ], [ -117.039627, 48.177987 ], [ -117.039636, 48.178013 ], [ -117.039634, 48.178073 ], [ -117.039636, 48.178259 ], [ -117.039639, 48.178323 ], [ -117.03964, 48.178393 ], [ -117.039641, 48.178403 ], [ -117.039635, 48.178606 ], [ -117.039635, 48.178678 ], [ -117.039634, 48.178695 ], [ -117.039629, 48.178756 ], [ -117.039614, 48.178946 ], [ -117.03961, 48.178997 ], [ -117.039603, 48.179084 ], [ -117.039597, 48.179272 ], [ -117.039562, 48.180321 ], [ -117.03956, 48.180467 ], [ -117.039559, 48.180613 ], [ -117.039557, 48.180905 ], [ -117.039556, 48.181034 ], [ -117.039555, 48.181065 ], [ -117.039555, 48.181079 ], [ -117.039552, 48.181186 ], [ -117.039551, 48.181297 ], [ -117.03955, 48.181798 ], [ -117.03955, 48.181836 ], [ -117.039551, 48.18192 ], [ -117.039549, 48.182016 ], [ -117.03953, 48.182685 ], [ -117.039523, 48.182894 ], [ -117.039517, 48.183121 ], [ -117.039519, 48.183982 ], [ -117.039495, 48.184167 ], [ -117.039468, 48.184409 ], [ -117.039462, 48.184466 ], [ -117.039449, 48.184574 ], [ -117.039433, 48.18471 ], [ -117.039374, 48.185228 ], [ -117.039356, 48.185389 ], [ -117.039352, 48.185513 ], [ -117.039344, 48.185736 ], [ -117.039339, 48.185874 ], [ -117.039337, 48.185947 ], [ -117.039336, 48.185996 ], [ -117.039312, 48.186659 ], [ -117.039302, 48.186957 ], [ -117.039292, 48.187255 ], [ -117.039283, 48.187513 ], [ -117.039281, 48.18758 ], [ -117.039277, 48.187693 ], [ -117.039244, 48.188588 ], [ -117.039138, 48.191689 ], [ -117.039131, 48.191887 ], [ -117.039126, 48.192052 ], [ -117.039005, 48.195552 ], [ -117.039002, 48.195648 ], [ -117.038997, 48.19579 ], [ -117.038973, 48.196532 ], [ -117.038967, 48.196702 ], [ -117.038964, 48.196791 ], [ -117.038959, 48.19695 ], [ -117.038912, 48.198369 ], [ -117.038909, 48.19845 ], [ -117.038903, 48.198631 ], [ -117.038899, 48.198768 ], [ -117.038889, 48.199054 ], [ -117.03888, 48.199342 ], [ -117.038876, 48.199456 ], [ -117.03886, 48.20058 ], [ -117.038851, 48.200769 ], [ -117.038825, 48.201335 ], [ -117.038808, 48.201502 ], [ -117.038803, 48.201672 ], [ -117.038794, 48.202018 ], [ -117.038792, 48.202065 ], [ -117.038787, 48.202189 ], [ -117.038784, 48.202267 ], [ -117.038784, 48.202501 ], [ -117.038776, 48.202535 ], [ -117.038767, 48.202582 ], [ -117.038756, 48.203435 ], [ -117.038731, 48.204626 ], [ -117.038702, 48.205994 ], [ -117.038688, 48.206671 ], [ -117.038686, 48.206759 ], [ -117.038684, 48.206847 ], [ -117.038683, 48.206911 ], [ -117.038668, 48.207101 ], [ -117.038602, 48.207939 ], [ -117.038598, 48.208086 ], [ -117.038513, 48.211815 ], [ -117.038485, 48.213058 ], [ -117.038461, 48.214079 ], [ -117.038391, 48.217143 ], [ -117.038369, 48.218153 ], [ -117.038368, 48.218165 ], [ -117.03828, 48.222329 ], [ -117.038017, 48.234821 ], [ -117.03793, 48.238986 ], [ -117.037925, 48.239202 ], [ -117.037912, 48.239853 ], [ -117.037908, 48.24007 ], [ -117.03786, 48.243156 ], [ -117.037758, 48.249875 ], [ -117.037699, 48.252417 ], [ -117.037678, 48.253295 ], [ -117.037628, 48.255504 ], [ -117.037608, 48.256368 ], [ -117.037547, 48.25896 ], [ -117.037528, 48.259824 ], [ -117.037442, 48.263536 ], [ -117.037434, 48.263859 ], [ -117.037357, 48.267249 ], [ -117.03721, 48.273624 ], [ -117.037156, 48.275964 ], [ -117.037064, 48.28 ], [ -117.037065, 48.280256 ], [ -117.037072, 48.281026 ], [ -117.037076, 48.281285 ], [ -117.037077, 48.281443 ], [ -117.037061, 48.282159 ], [ -117.037005, 48.28479 ], [ -117.036987, 48.285667 ], [ -117.036972, 48.286343 ], [ -117.036928, 48.288373 ], [ -117.036914, 48.28905 ], [ -117.0369, 48.289655 ], [ -117.036861, 48.291471 ], [ -117.036848, 48.292077 ], [ -117.036821, 48.293259 ], [ -117.036743, 48.296809 ], [ -117.036719, 48.297994 ], [ -117.036689, 48.299211 ], [ -117.036611, 48.30287 ], [ -117.036586, 48.304092 ], [ -117.03657, 48.304775 ], [ -117.036526, 48.306826 ], [ -117.036511, 48.30751 ], [ -117.03651, 48.307606 ], [ -117.036503, 48.307994 ], [ -117.036476, 48.30945 ], [ -117.036468, 48.309935 ], [ -117.036464, 48.310104 ], [ -117.036453, 48.310615 ], [ -117.03645, 48.310785 ], [ -117.036444, 48.310995 ], [ -117.03643, 48.311629 ], [ -117.036427, 48.311842 ], [ -117.036423, 48.31193 ], [ -117.036418, 48.312198 ], [ -117.036418, 48.312232 ], [ -117.036417, 48.312289 ], [ -117.036409, 48.312606 ], [ -117.036389, 48.313557 ], [ -117.036383, 48.313875 ], [ -117.036366, 48.314635 ], [ -117.036318, 48.316918 ], [ -117.036302, 48.317679 ], [ -117.036283, 48.318894 ], [ -117.036229, 48.322543 ], [ -117.036211, 48.323759 ], [ -117.036203, 48.324101 ], [ -117.036182, 48.325131 ], [ -117.036175, 48.325474 ], [ -117.036154, 48.326423 ], [ -117.036095, 48.32927 ], [ -117.036075, 48.33022 ], [ -117.036054, 48.33118 ], [ -117.035994, 48.334063 ], [ -117.035974, 48.335024 ], [ -117.035962, 48.335574 ], [ -117.035927, 48.337227 ], [ -117.035916, 48.337779 ], [ -117.035912, 48.337952 ], [ -117.035909, 48.338108 ], [ -117.035889, 48.339096 ], [ -117.035883, 48.339406 ], [ -117.035883, 48.339426 ], [ -117.035878, 48.339639 ], [ -117.035865, 48.34028 ], [ -117.035861, 48.340494 ], [ -117.035836, 48.341609 ], [ -117.035766, 48.344955 ], [ -117.035744, 48.346071 ], [ -117.035716, 48.347313 ], [ -117.035638, 48.351048 ], [ -117.035613, 48.352295 ], [ -117.035603, 48.352757 ], [ -117.035574, 48.354145 ], [ -117.035565, 48.354608 ], [ -117.035514, 48.35697 ], [ -117.035365, 48.364056 ], [ -117.035316, 48.366419 ], [ -117.03531, 48.366616 ], [ -117.035288, 48.36731 ], [ -117.035205, 48.369986 ], [ -117.035178, 48.370878 ], [ -117.035178, 48.370946 ], [ -117.035178, 48.371152 ], [ -117.035178, 48.371221 ], [ -117.03524, 48.374018 ], [ -117.035261, 48.374911 ], [ -117.035133, 48.382412 ], [ -117.035126, 48.382883 ], [ -117.035106, 48.384046 ], [ -117.035086, 48.38521 ], [ -117.035093, 48.386654 ], [ -117.0351, 48.388031 ], [ -117.035115, 48.390851 ], [ -117.035115, 48.390985 ], [ -117.035119, 48.391641 ], [ -117.035123, 48.39243 ], [ -117.035125, 48.392842 ], [ -117.03513, 48.393952 ], [ -117.035142, 48.396312 ], [ -117.035155, 48.398518 ], [ -117.035165, 48.400041 ], [ -117.035165, 48.400101 ], [ -117.035172, 48.401458 ], [ -117.035195, 48.40571 ], [ -117.035203, 48.407128 ], [ -117.035207, 48.407978 ], [ -117.035221, 48.41053 ], [ -117.035226, 48.411381 ], [ -117.035226, 48.411416 ], [ -117.035226, 48.411436 ], [ -117.035225, 48.411522 ], [ -117.035227, 48.411558 ], [ -117.035227, 48.411603 ], [ -117.035231, 48.412384 ], [ -117.035244, 48.414862 ], [ -117.035249, 48.415688 ], [ -117.035255, 48.416846 ], [ -117.035275, 48.420323 ], [ -117.035282, 48.421482 ], [ -117.035283, 48.421732 ], [ -117.035287, 48.422482 ], [ -117.035289, 48.422732 ], [ -117.035282, 48.422814 ], [ -117.03526, 48.423061 ], [ -117.035254, 48.423144 ], [ -117.035246, 48.423372 ], [ -117.035226, 48.424059 ], [ -117.03522, 48.424288 ], [ -117.035226, 48.425226 ], [ -117.035244, 48.42804 ], [ -117.035251, 48.428979 ], [ -117.035259, 48.429174 ], [ -117.035286, 48.429763 ], [ -117.035289, 48.429814 ], [ -117.03529, 48.429936 ], [ -117.035295, 48.429958 ], [ -117.035299, 48.430004 ], [ -117.035312, 48.430149 ], [ -117.035348, 48.430183 ], [ -117.035344, 48.431785 ], [ -117.035336, 48.436598 ], [ -117.035335, 48.438203 ], [ -117.035335, 48.438225 ], [ -117.035335, 48.43846 ], [ -117.035337, 48.439233 ], [ -117.035338, 48.439491 ], [ -117.035338, 48.439572 ], [ -117.035338, 48.439687 ], [ -117.035339, 48.440275 ], [ -117.03534, 48.440471 ], [ -117.03534, 48.440611 ], [ -117.035341, 48.441032 ], [ -117.035342, 48.441173 ], [ -117.035342, 48.441557 ], [ -117.03535, 48.442705 ], [ -117.035348, 48.442726 ], [ -117.035348, 48.443094 ], [ -117.035351, 48.445823 ], [ -117.035352, 48.447626 ], [ -117.035353, 48.448285 ], [ -117.035364, 48.461227 ], [ -117.035369, 48.465762 ], [ -117.035365, 48.465863 ], [ -117.035356, 48.466169 ], [ -117.035353, 48.466271 ], [ -117.035353, 48.466332 ], [ -117.035353, 48.466518 ], [ -117.035354, 48.46658 ], [ -117.035354, 48.466688 ], [ -117.035354, 48.467014 ], [ -117.035355, 48.467122 ], [ -117.035355, 48.467469 ], [ -117.035357, 48.468506 ], [ -117.035358, 48.468854 ], [ -117.035357, 48.469047 ], [ -117.035359, 48.469627 ], [ -117.035361, 48.469821 ], [ -117.035361, 48.469854 ], [ -117.035363, 48.471461 ], [ -117.03537, 48.47638 ], [ -117.035373, 48.47802 ], [ -117.035372, 48.478177 ], [ -117.035372, 48.478644 ], [ -117.035374, 48.478802 ], [ -117.035374, 48.478824 ], [ -117.035376, 48.480301 ], [ -117.035382, 48.4848 ], [ -117.035385, 48.4863 ], [ -117.035385, 48.48639 ], [ -117.035385, 48.48666 ], [ -117.035386, 48.486751 ], [ -117.035387, 48.487425 ], [ -117.03539, 48.489447 ], [ -117.035391, 48.490122 ], [ -117.035394, 48.490371 ], [ -117.035405, 48.491118 ], [ -117.035409, 48.491368 ], [ -117.035409, 48.491765 ], [ -117.035412, 48.492956 ], [ -117.035413, 48.493354 ], [ -117.035415, 48.494666 ], [ -117.035422, 48.498601 ], [ -117.035425, 48.499914 ], [ -117.035383, 48.504258 ], [ -117.035261, 48.517293 ], [ -117.035221, 48.521587 ], [ -117.035221, 48.521638 ], [ -117.035211, 48.522759 ], [ -117.035184, 48.52612 ], [ -117.035176, 48.527241 ], [ -117.035173, 48.527461 ], [ -117.035153, 48.529856 ], [ -117.03509, 48.537707 ], [ -117.03507, 48.540325 ], [ -117.03506, 48.541312 ], [ -117.035037, 48.544278 ], [ -117.035031, 48.545268 ], [ -117.03503, 48.545326 ], [ -117.035028, 48.545504 ], [ -117.035029, 48.545565 ], [ -117.035028, 48.545639 ], [ -117.035027, 48.545784 ], [ -117.035022, 48.546441 ], [ -117.035021, 48.546661 ], [ -117.035, 48.549125 ], [ -117.034992, 48.550162 ], [ -117.03494, 48.55652 ], [ -117.034922, 48.558898 ], [ -117.034921, 48.558985 ], [ -117.034918, 48.559333 ], [ -117.034909, 48.560381 ], [ -117.034908, 48.56067 ], [ -117.034907, 48.56073 ], [ -117.034906, 48.560787 ], [ -117.034906, 48.560962 ], [ -117.034906, 48.56102 ], [ -117.034906, 48.561093 ], [ -117.034901, 48.561502 ], [ -117.03489, 48.562949 ], [ -117.034887, 48.563432 ], [ -117.034886, 48.563556 ], [ -117.03488, 48.564244 ], [ -117.03486, 48.566681 ], [ -117.034854, 48.567494 ], [ -117.034851, 48.567841 ], [ -117.034843, 48.568884 ], [ -117.034842, 48.569077 ], [ -117.034841, 48.569232 ], [ -117.034833, 48.570072 ], [ -117.034813, 48.572592 ], [ -117.034807, 48.573433 ], [ -117.034792, 48.575256 ], [ -117.034748, 48.580725 ], [ -117.034734, 48.582549 ], [ -117.034733, 48.582647 ], [ -117.034726, 48.583355 ], [ -117.034707, 48.585778 ], [ -117.034701, 48.586587 ], [ -117.034685, 48.588519 ], [ -117.034639, 48.594316 ], [ -117.034625, 48.596249 ], [ -117.034622, 48.596546 ], [ -117.034615, 48.597441 ], [ -117.034613, 48.597739 ], [ -117.034599, 48.59901 ], [ -117.034562, 48.602828 ], [ -117.034555, 48.603479 ], [ -117.034552, 48.6041 ], [ -117.034547, 48.604861 ], [ -117.034535, 48.607141 ], [ -117.034532, 48.607902 ], [ -117.03453, 48.607983 ], [ -117.03453, 48.608212 ], [ -117.034529, 48.608232 ], [ -117.034529, 48.608316 ], [ -117.034538, 48.608652 ], [ -117.034568, 48.609662 ], [ -117.034579, 48.609999 ], [ -117.034561, 48.612153 ], [ -117.034514, 48.618615 ], [ -117.034498, 48.620769 ], [ -117.0345, 48.620844 ], [ -117.034515, 48.621598 ], [ -117.034566, 48.624088 ], [ -117.034584, 48.624918 ], [ -117.034594, 48.625287 ], [ -117.034624, 48.626394 ], [ -117.034635, 48.626764 ], [ -117.034516, 48.627105 ], [ -117.034358, 48.627564 ], [ -117.034358, 48.628161 ], [ -117.034358, 48.628523 ], [ -117.034306, 48.630689 ], [ -117.034227, 48.633922 ], [ -117.033834, 48.650121 ], [ -117.033708, 48.655338 ], [ -117.033704, 48.655521 ], [ -117.033697, 48.655801 ], [ -117.033677, 48.656642 ], [ -117.033671, 48.656923 ], [ -117.033657, 48.658526 ], [ -117.033617, 48.663335 ], [ -117.033604, 48.664939 ], [ -117.033564, 48.669626 ], [ -117.03347, 48.680856 ], [ -117.033446, 48.68369 ], [ -117.033407, 48.688378 ], [ -117.033401, 48.689074 ], [ -117.033384, 48.691164 ], [ -117.033379, 48.691861 ], [ -117.033378, 48.691917 ], [ -117.033377, 48.692085 ], [ -117.033377, 48.692142 ], [ -117.033374, 48.692441 ], [ -117.033367, 48.693339 ], [ -117.033365, 48.693639 ], [ -117.033363, 48.693758 ], [ -117.03336, 48.694119 ], [ -117.03336, 48.694239 ], [ -117.033357, 48.694564 ], [ -117.033349, 48.695543 ], [ -117.033347, 48.695869 ], [ -117.033346, 48.695975 ], [ -117.033343, 48.696297 ], [ -117.033343, 48.696404 ], [ -117.033343, 48.696442 ], [ -117.033341, 48.696572 ], [ -117.033342, 48.696615 ], [ -117.033329, 48.698016 ], [ -117.033295, 48.702226 ], [ -117.033284, 48.70363 ], [ -117.033282, 48.703842 ], [ -117.033276, 48.704482 ], [ -117.033275, 48.704695 ], [ -117.033276, 48.705136 ], [ -117.033287, 48.714104 ], [ -117.033305, 48.726998 ], [ -117.033309, 48.730302 ], [ -117.033316, 48.735603 ], [ -117.033324, 48.742334 ], [ -117.033335, 48.74992 ], [ -117.033355, 48.751337 ], [ -117.03336, 48.751745 ], [ -117.033331, 48.753422 ], [ -117.033246, 48.758454 ], [ -117.033218, 48.760132 ], [ -117.033218, 48.760156 ], [ -117.033203, 48.76175 ], [ -117.033157, 48.766605 ], [ -117.033143, 48.768223 ], [ -117.033113, 48.771478 ], [ -117.033106, 48.772306 ], [ -117.033025, 48.781243 ], [ -117.032996, 48.784498 ], [ -117.032983, 48.785836 ], [ -117.032946, 48.78985 ], [ -117.032936, 48.791089 ], [ -117.032935, 48.791189 ], [ -117.032922, 48.792643 ], [ -117.032882, 48.797008 ], [ -117.03287, 48.798412 ], [ -117.03287, 48.798463 ], [ -117.032867, 48.798709 ], [ -117.03286, 48.79945 ], [ -117.032858, 48.799697 ], [ -117.032851, 48.800408 ], [ -117.032832, 48.802542 ], [ -117.032826, 48.803254 ], [ -117.032825, 48.803402 ], [ -117.032814, 48.804453 ], [ -117.032781, 48.80805 ], [ -117.032772, 48.80919 ], [ -117.032771, 48.80925 ], [ -117.032767, 48.809587 ], [ -117.032757, 48.810599 ], [ -117.032756, 48.810937 ], [ -117.032753, 48.81115 ], [ -117.032746, 48.811791 ], [ -117.032745, 48.811995 ], [ -117.032742, 48.81201 ], [ -117.032736, 48.81328 ], [ -117.03271, 48.8171 ], [ -117.032702, 48.818374 ], [ -117.032673, 48.821519 ], [ -117.032592, 48.830162 ], [ -117.032585, 48.830955 ], [ -117.032557, 48.834101 ], [ -117.032534, 48.836592 ], [ -117.032464, 48.844067 ], [ -117.032441, 48.846666 ], [ -117.032421, 48.84856 ], [ -117.032366, 48.854566 ], [ -117.03235, 48.85657 ], [ -117.032332, 48.858031 ], [ -117.032297, 48.860629 ], [ -117.032135, 48.872808 ], [ -117.032107, 48.874926 ], [ -117.032111, 48.876868 ], [ -117.032114, 48.878649 ], [ -117.032123, 48.883992 ], [ -117.032127, 48.885773 ], [ -117.032134, 48.889976 ], [ -117.032149, 48.897703 ], [ -117.032158, 48.902588 ], [ -117.032166, 48.906792 ], [ -117.032169, 48.908824 ], [ -117.032181, 48.914922 ], [ -117.032185, 48.916955 ], [ -117.032201, 48.926039 ], [ -117.032204, 48.927649 ], [ -117.03222, 48.936077 ], [ -117.032249, 48.952217 ], [ -117.032262, 48.959734 ], [ -117.032282, 48.970429 ], [ -117.032286, 48.971378 ], [ -117.032291, 48.972485 ], [ -117.032298, 48.974224 ], [ -117.032304, 48.975175 ], [ -117.03231, 48.979979 ], [ -117.032335, 48.994394 ], [ -117.032345, 48.999201 ], [ -117.035214, 48.99919 ], [ -117.043823, 48.99916 ], [ -117.046693, 48.99915 ], [ -117.061706, 48.999095 ], [ -117.09757, 48.998958 ], [ -117.110012, 48.998908 ], [ -117.114989, 48.998887 ], [ -117.11634, 48.998882 ], [ -117.122455, 48.998857 ], [ -117.133702, 48.998809 ], [ -117.134897, 48.998804 ], [ -117.143064, 48.998871 ], [ -117.151232, 48.998937 ], [ -117.159806, 48.999004 ], [ -117.170382, 48.999082 ], [ -117.175779, 48.999122 ], [ -117.188053, 48.999213 ], [ -117.197704, 48.999283 ], [ -117.200327, 48.999302 ], [ -117.201477, 48.99931 ], [ -117.211519, 48.999382 ], [ -117.222711, 48.99946 ], [ -117.233904, 48.999538 ], [ -117.236493, 48.999556 ], [ -117.245096, 48.999614 ], [ -117.256349, 48.99969 ], [ -117.265146, 48.999748 ], [ -117.26838, 48.999769 ], [ -117.26847, 48.99977 ], [ -117.26851, 48.99977 ], [ -117.26869, 48.999771 ], [ -117.268778, 48.999772 ], [ -117.27603, 48.999819 ], [ -117.278856, 48.999838 ], [ -117.290109, 48.99991 ], [ -117.293561, 48.999933 ], [ -117.298408, 48.999966 ], [ -117.299791, 48.999975 ], [ -117.299827, 48.999975 ], [ -117.299933, 48.999975 ], [ -117.29997, 48.999975 ], [ -117.300862, 48.999982 ], [ -117.313069, 49.000063 ], [ -117.326047, 49.000149 ], [ -117.339025, 49.000234 ], [ -117.341194, 49.000248 ], [ -117.35153, 49.000314 ], [ -117.351719, 49.000314 ], [ -117.352289, 49.000316 ], [ -117.352479, 49.000317 ], [ -117.352854, 49.000317 ], [ -117.353331, 49.000317 ], [ -117.353982, 49.000317 ], [ -117.35436, 49.000317 ], [ -117.361855, 49.000314 ], [ -117.368772, 49.00031 ], [ -117.377586, 49.000334 ], [ -117.39095, 49.00037 ], [ -117.403697, 49.000402 ], [ -117.416443, 49.000433 ], [ -117.429968, 49.000464 ], [ -117.430286, 49.000467 ], [ -117.432645, 49.000474 ], [ -117.433443, 49.000476 ], [ -117.433781, 49.000477 ], [ -117.434821, 49.000479 ], [ -117.435177, 49.00048 ], [ -117.44092, 49.000492 ], [ -117.458178, 49.000526 ], [ -117.463971, 49.000536 ], [ -117.46432, 49.000538 ], [ -117.465463, 49.00054 ], [ -117.465909, 49.00054 ], [ -117.468426, 49.000546 ], [ -117.476199, 49.00056 ], [ -117.478799, 49.000562 ], [ -117.479061, 49.000565 ], [ -117.48115, 49.000568 ], [ -117.488258, 49.00058 ], [ -117.490418, 49.000584 ], [ -117.490554, 49.000584 ], [ -117.495572, 49.000593 ], [ -117.496117, 49.000594 ], [ -117.496969, 49.000595 ], [ -117.501093, 49.000601 ], [ -117.508453, 49.000613 ], [ -117.515929, 49.000624 ], [ -117.522341, 49.000631 ], [ -117.52312, 49.000634 ], [ -117.526693, 49.000639 ], [ -117.528362, 49.000642 ], [ -117.530235, 49.000644 ], [ -117.539304, 49.000656 ], [ -117.540012, 49.000657 ], [ -117.541435, 49.000659 ], [ -117.54445, 49.000663 ], [ -117.546291, 49.000665 ], [ -117.551808, 49.000672 ], [ -117.553764, 49.000674 ], [ -117.55419, 49.000675 ], [ -117.554818, 49.000675 ], [ -117.555084, 49.000677 ], [ -117.562988, 49.000684 ], [ -117.577081, 49.000699 ], [ -117.586614, 49.000705 ], [ -117.594377, 49.000714 ], [ -117.603921, 49.000722 ], [ -117.615753, 49.00073 ], [ -117.625263, 49.000735 ], [ -117.62693, 49.000736 ], [ -117.629608, 49.000737 ], [ -117.630906, 49.000737 ], [ -117.632838, 49.000736 ], [ -117.633882, 49.000736 ], [ -117.63506, 49.000736 ], [ -117.635425, 49.000736 ], [ -117.635514, 49.000736 ], [ -117.637488, 49.000736 ], [ -117.642731, 49.000726 ], [ -117.657158, 49.000697 ], [ -117.665513, 49.000692 ], [ -117.673128, 49.000686 ], [ -117.67327, 49.000686 ], [ -117.673671, 49.000686 ], [ -117.67381, 49.000685 ], [ -117.684032, 49.000678 ], [ -117.6879, 49.000674 ], [ -117.697465, 49.000665 ], [ -117.71087, 49.000643 ], [ -117.722206, 49.000624 ], [ -117.724276, 49.000621 ], [ -117.737681, 49.000596 ], [ -117.749147, 49.000575 ], [ -117.751685, 49.00057 ], [ -117.761515, 49.000551 ], [ -117.773432, 49.000527 ], [ -117.78498, 49.000521 ], [ -117.796527, 49.000515 ], [ -117.804513, 49.000511 ], [ -117.808075, 49.000507 ], [ -117.819623, 49.000499 ], [ -117.831657, 49.00049 ], [ -117.833771, 49.000491 ], [ -117.84424, 49.000476 ], [ -117.856713, 49.000462 ], [ -117.869186, 49.000447 ], [ -117.88166, 49.00043 ], [ -117.886219, 49.000423 ], [ -117.894133, 49.000412 ], [ -117.907162, 49.000402 ], [ -117.909127, 49.0004 ], [ -117.91742, 49.000393 ], [ -117.920191, 49.000391 ], [ -117.930631, 49.000381 ], [ -117.932063, 49.000379 ], [ -117.933221, 49.000378 ], [ -117.943247, 49.000366 ], [ -117.944493, 49.000365 ], [ -117.956778, 49.000349 ], [ -117.968556, 49.000332 ], [ -117.978826, 49.000323 ], [ -117.992113, 49.000296 ], [ -118.003836, 49.000281 ], [ -118.015558, 49.000264 ], [ -118.018626, 49.000259 ], [ -118.023684, 49.000252 ], [ -118.027281, 49.000247 ], [ -118.039003, 49.000228 ], [ -118.039921, 49.000227 ], [ -118.041417, 49.000225 ], [ -118.04387, 49.000223 ], [ -118.046714, 49.000219 ], [ -118.066571, 49.0002 ], [ -118.06665, 49.0002 ], [ -118.066876, 49.000199 ], [ -118.067021, 49.000199 ], [ -118.067271, 49.000199 ], [ -118.070184, 49.000194 ], [ -118.079672, 49.00018 ], [ -118.082223, 49.000176 ], [ -118.082814, 49.000175 ], [ -118.083676, 49.000174 ], [ -118.084124, 49.000173 ], [ -118.085743, 49.00017 ], [ -118.100847, 49.000151 ], [ -118.105509, 49.000145 ], [ -118.127099, 49.00012 ], [ -118.135246, 49.000119 ], [ -118.14484, 49.000101 ], [ -118.173218, 49.000067 ], [ -118.175245, 49.000071 ], [ -118.196214, 49.000069 ], [ -118.196885, 49.000069 ], [ -118.196926, 49.000068 ], [ -118.196991, 49.000066 ], [ -118.197186, 49.000066 ], [ -118.197375, 49.000068 ], [ -118.207591, 49.000068 ], [ -118.217803, 49.000069 ], [ -118.22257, 49.000072 ], [ -118.22298, 49.00007 ], [ -118.223438, 49.00007 ], [ -118.223773, 49.00007 ], [ -118.223936, 49.000071 ], [ -118.224064, 49.00007 ], [ -118.224415, 49.00007 ], [ -118.224605, 49.00007 ], [ -118.230396, 49.000073 ], [ -118.239102, 49.000069 ], [ -118.247807, 49.000065 ], [ -118.260813, 49.000063 ], [ -118.273818, 49.000059 ], [ -118.286823, 49.000054 ], [ -118.300025, 49.00006 ], [ -118.310426, 49.000066 ], [ -118.312409, 49.000067 ], [ -118.325202, 49.000071 ], [ -118.336262, 49.000074 ], [ -118.338218, 49.000072 ], [ -118.351234, 49.000072 ], [ -118.364682, 49.000072 ], [ -118.364883, 49.00007 ], [ -118.367005, 49.00007 ], [ -118.370421, 49.000071 ], [ -118.377266, 49.000067 ], [ -118.389708, 49.000043 ], [ -118.40076, 49.000054 ], [ -118.411812, 49.000063 ], [ -118.422864, 49.00007 ], [ -118.432867, 49.000079 ], [ -118.44287, 49.000086 ], [ -118.452873, 49.000093 ], [ -118.459926, 49.000088 ], [ -118.466979, 49.000083 ], [ -118.480444, 49.00008 ], [ -118.491822, 49.000076 ], [ -118.492609, 49.000075 ], [ -118.493342, 49.000072 ], [ -118.493906, 49.000073 ], [ -118.49499, 49.000071 ], [ -118.49802, 49.000074 ], [ -118.498362, 49.000074 ], [ -118.498763, 49.000074 ], [ -118.498934, 49.000074 ], [ -118.499678, 49.000075 ], [ -118.501059, 49.000073 ], [ -118.502099, 49.000074 ], [ -118.502764, 49.000074 ], [ -118.503734, 49.000074 ], [ -118.504917, 49.000075 ], [ -118.505421, 49.000075 ], [ -118.526681, 49.000073 ], [ -118.527515, 49.000073 ], [ -118.534938, 49.000072 ], [ -118.536433, 49.000071 ], [ -118.549565, 49.000069 ], [ -118.570683, 49.000072 ], [ -118.57932, 49.000071 ], [ -118.592675, 49.000073 ], [ -118.600772, 49.000073 ], [ -118.605031, 49.000073 ], [ -118.610691, 49.000073 ], [ -118.611428, 49.000073 ], [ -118.620473, 49.000073 ], [ -118.625672, 49.000072 ], [ -118.636766, 49.00007 ], [ -118.637806, 49.00007 ], [ -118.6587, 49.000074 ], [ -118.665856, 49.000074 ], [ -118.680048, 49.000067 ], [ -118.680709, 49.000067 ], [ -118.682545, 49.000066 ], [ -118.68932, 49.000062 ], [ -118.694051, 49.000064 ], [ -118.696413, 49.000066 ], [ -118.696927, 49.000065 ], [ -118.698255, 49.000069 ], [ -118.707179, 49.000074 ], [ -118.71449, 49.000078 ], [ -118.718854, 49.000076 ], [ -118.721801, 49.000081 ], [ -118.727582, 49.000077 ], [ -118.734824, 49.000079 ], [ -118.743824, 49.000077 ], [ -118.74732, 49.000078 ], [ -118.750108, 49.000078 ], [ -118.756441, 49.00008 ], [ -118.759674, 49.00008 ], [ -118.761129, 49.000081 ], [ -118.770241, 49.000081 ], [ -118.774285, 49.000082 ], [ -118.77703, 49.000082 ], [ -118.787492, 49.000092 ], [ -118.79535, 49.000086 ], [ -118.803208, 49.00008 ], [ -118.810434, 49.000082 ], [ -118.813588, 49.000082 ], [ -118.823969, 49.000083 ], [ -118.83435, 49.000083 ], [ -118.836614, 49.000083 ], [ -118.836661, 49.000083 ], [ -118.836677, 49.000083 ], [ -118.836886, 49.000083 ], [ -118.845767, 49.000084 ], [ -118.857243, 49.000078 ], [ -118.863901, 49.000077 ], [ -118.868602, 49.000081 ], [ -118.88002, 49.000078 ], [ -118.889659, 49.000089 ], [ -118.890759, 49.000091 ], [ -118.899298, 49.0001 ], [ -118.902776, 49.000097 ], [ -118.910247, 49.000089 ], [ -118.921044, 49.00009 ], [ -118.931841, 49.00009 ], [ -118.942638, 49.000088 ], [ -118.949894, 49.00009 ], [ -118.955093, 49.000091 ], [ -118.95715, 49.000092 ], [ -118.965603, 49.00009 ], [ -118.974056, 49.000087 ], [ -118.984763, 49.000086 ], [ -118.99547, 49.000085 ], [ -119.006626, 49.000082 ], [ -119.016884, 49.000078 ], [ -119.019074, 49.000078 ], [ -119.02696, 49.000078 ], [ -119.037036, 49.000077 ], [ -119.047112, 49.000075 ], [ -119.060704, 49.00008 ], [ -119.074297, 49.000083 ], [ -119.087805, 49.000088 ], [ -119.093168, 49.00009 ], [ -119.098178, 49.000092 ], [ -119.101313, 49.000092 ], [ -119.110477, 49.000092 ], [ -119.119642, 49.000091 ], [ -119.128806, 49.000089 ], [ -119.13357, 49.000089 ], [ -119.13808, 49.000088 ], [ -119.14796, 49.000087 ], [ -119.157536, 49.000084 ], [ -119.170367, 49.000112 ], [ -119.180026, 49.000132 ], [ -119.180728, 49.000133 ], [ -119.183197, 49.000139 ], [ -119.196037, 49.000081 ], [ -119.205401, 49.000081 ], [ -119.214765, 49.000081 ], [ -119.224128, 49.00008 ], [ -119.231694, 49.000082 ], [ -119.244858, 49.000084 ], [ -119.255223, 49.000084 ], [ -119.265588, 49.000083 ], [ -119.267844, 49.000084 ], [ -119.277037, 49.000087 ], [ -119.287411, 49.000089 ], [ -119.288486, 49.000089 ], [ -119.299935, 49.000091 ], [ -119.30324, 49.000085 ], [ -119.303504, 49.000083 ], [ -119.311392, 49.000084 ], [ -119.320091, 49.000085 ], [ -119.331399, 49.000085 ], [ -119.341419, 49.000085 ], [ -119.342157, 49.000087 ], [ -119.342465, 49.000086 ], [ -119.363241, 49.000091 ], [ -119.382238, 49.000093 ], [ -119.3854, 49.000092 ], [ -119.396278, 49.000089 ], [ -119.396639, 49.000088 ], [ -119.402904, 49.000091 ], [ -119.407385, 49.00009 ], [ -119.420639, 49.000088 ], [ -119.426827, 49.000088 ], [ -119.429407, 49.000087 ], [ -119.429645, 49.000087 ], [ -119.430441, 49.000087 ], [ -119.430855, 49.000089 ], [ -119.431091, 49.000089 ], [ -119.433436, 49.000086 ], [ -119.439974, 49.000088 ], [ -119.442095, 49.00009 ], [ -119.44218, 49.000089 ], [ -119.44232, 49.000089 ], [ -119.442575, 49.000088 ], [ -119.442898, 49.000087 ], [ -119.443273, 49.000087 ], [ -119.446184, 49.000086 ], [ -119.451419, 49.000086 ], [ -119.458319, 49.000085 ], [ -119.45874, 49.000089 ], [ -119.459377, 49.000085 ], [ -119.461017, 49.000088 ], [ -119.461432, 49.000089 ], [ -119.46175, 49.000089 ], [ -119.463133, 49.00009 ], [ -119.463842, 49.000089 ], [ -119.467553, 49.00009 ], [ -119.469167, 49.00009 ], [ -119.469879, 49.00009 ], [ -119.472218, 49.000092 ], [ -119.473364, 49.000091 ], [ -119.473829, 49.000092 ], [ -119.478918, 49.000091 ], [ -119.495543, 49.000089 ], [ -119.501157, 49.000088 ], [ -119.502739, 49.000087 ], [ -119.502795, 49.000087 ], [ -119.505497, 49.000088 ], [ -119.507591, 49.00009 ], [ -119.509103, 49.000091 ], [ -119.509625, 49.000092 ], [ -119.510781, 49.000093 ], [ -119.511399, 49.000091 ], [ -119.511754, 49.000094 ], [ -119.512536, 49.000095 ], [ -119.515151, 49.000098 ], [ -119.516259, 49.000099 ], [ -119.516678, 49.000101 ], [ -119.516889, 49.000101 ], [ -119.517372, 49.000101 ], [ -119.519428, 49.000103 ], [ -119.523477, 49.000106 ], [ -119.52666, 49.000105 ], [ -119.528629, 49.000105 ], [ -119.529051, 49.000103 ], [ -119.529646, 49.000106 ], [ -119.531272, 49.000107 ], [ -119.531829, 49.000108 ], [ -119.532097, 49.000108 ], [ -119.5324, 49.000108 ], [ -119.532687, 49.000108 ], [ -119.532832, 49.000108 ], [ -119.53302, 49.000108 ], [ -119.533493, 49.000107 ], [ -119.534764, 49.000106 ], [ -119.535237, 49.000106 ], [ -119.535532, 49.000108 ], [ -119.535978, 49.000106 ], [ -119.537127, 49.000107 ], [ -119.537601, 49.000107 ], [ -119.538237, 49.000107 ], [ -119.538948, 49.000107 ], [ -119.540842, 49.000107 ], [ -119.542096, 49.000107 ], [ -119.545875, 49.000106 ], [ -119.546984, 49.000106 ], [ -119.547158, 49.000106 ], [ -119.548018, 49.000106 ], [ -119.550683, 49.000106 ], [ -119.551735, 49.000105 ], [ -119.557844, 49.000108 ], [ -119.569305, 49.000106 ], [ -119.577173, 49.000104 ], [ -119.580766, 49.000103 ], [ -119.591772, 49.000104 ], [ -119.595246, 49.000103 ], [ -119.60478, 49.000103 ], [ -119.61417, 49.000102 ], [ -119.618643, 49.000102 ], [ -119.619096, 49.000099 ], [ -119.624467, 49.000101 ], [ -119.627948, 49.000101 ], [ -119.629317, 49.0001 ], [ -119.635807, 49.000099 ], [ -119.646719, 49.000102 ], [ -119.65419, 49.000104 ], [ -119.660584, 49.000105 ], [ -119.662733, 49.000106 ], [ -119.66553, 49.000106 ], [ -119.667146, 49.000106 ], [ -119.668769, 49.000107 ], [ -119.670793, 49.000108 ], [ -119.670957, 49.000107 ], [ -119.671181, 49.000107 ], [ -119.671422, 49.000107 ], [ -119.671516, 49.000108 ], [ -119.671711, 49.000107 ], [ -119.672093, 49.000107 ], [ -119.67254, 49.000107 ], [ -119.672843, 49.000107 ], [ -119.67305, 49.000106 ], [ -119.673413, 49.000107 ], [ -119.674571, 49.000107 ], [ -119.674904, 49.000107 ], [ -119.675126, 49.000108 ], [ -119.675549, 49.000107 ], [ -119.676575, 49.000107 ], [ -119.676997, 49.000111 ], [ -119.677632, 49.000107 ], [ -119.681833, 49.000107 ], [ -119.690725, 49.000107 ], [ -119.696396, 49.000107 ], [ -119.701047, 49.000108 ], [ -119.701078, 49.000107 ], [ -119.701162, 49.000107 ], [ -119.701276, 49.000109 ], [ -119.701505, 49.000107 ], [ -119.701705, 49.000107 ], [ -119.701895, 49.000107 ], [ -119.702681, 49.000109 ], [ -119.702984, 49.000107 ], [ -119.703889, 49.000107 ], [ -119.703975, 49.000107 ], [ -119.712656, 49.000109 ], [ -119.720739, 49.000109 ], [ -119.721021, 49.000108 ], [ -119.726312, 49.00011 ], [ -119.731081, 49.000109 ], [ -119.744179, 49.000095 ], [ -119.757278, 49.000078 ], [ -119.767939, 49.000064 ], [ -119.773298, 49.000056 ], [ -119.7786, 49.000048 ], [ -119.789261, 49.000032 ], [ -119.801039, 49.000012 ], [ -119.801453, 49.000008 ], [ -119.81607, 48.999981 ], [ -119.816135, 48.999981 ], [ -119.821504, 48.999971 ], [ -119.84287, 48.999927 ], [ -119.8438, 48.999925 ], [ -119.861149, 48.999885 ], [ -119.871871, 48.999861 ], [ -119.874716, 48.999855 ], [ -119.876394, 48.999851 ], [ -119.876814, 48.99985 ], [ -119.877495, 48.999848 ], [ -119.879295, 48.999844 ], [ -119.882005, 48.999837 ], [ -119.883661, 48.999834 ], [ -119.883762, 48.999834 ], [ -119.885918, 48.999828 ], [ -119.892064, 48.999813 ], [ -119.905694, 48.999779 ], [ -119.912491, 48.99976 ], [ -119.919259, 48.999741 ], [ -119.919636, 48.999741 ], [ -119.920154, 48.99974 ], [ -119.922413, 48.999734 ], [ -119.927621, 48.99972 ], [ -119.932093, 48.999707 ], [ -119.93531, 48.999698 ], [ -119.937322, 48.999692 ], [ -119.940809, 48.999682 ], [ -119.945325, 48.99967 ], [ -119.949708, 48.999657 ], [ -119.957351, 48.999633 ], [ -119.959513, 48.999627 ], [ -119.961506, 48.99962 ], [ -119.962757, 48.999616 ], [ -119.962869, 48.999616 ], [ -119.962975, 48.999616 ], [ -119.965385, 48.999608 ], [ -119.965471, 48.999608 ], [ -119.971816, 48.999588 ], [ -119.976532, 48.999573 ], [ -119.980428, 48.99956 ], [ -119.993891, 48.999515 ], [ -120.001209, 48.999491 ], [ -120.002506, 48.999486 ], [ -120.005348, 48.999485 ], [ -120.009965, 48.999478 ], [ -120.013441, 48.999473 ], [ -120.017521, 48.999462 ], [ -120.020934, 48.999461 ], [ -120.022861, 48.999458 ], [ -120.024377, 48.999455 ], [ -120.030998, 48.999451 ], [ -120.031175, 48.999451 ], [ -120.032466, 48.99945 ], [ -120.035312, 48.999448 ], [ -120.035433, 48.999448 ], [ -120.03551, 48.999448 ], [ -120.035815, 48.999448 ], [ -120.036377, 48.999448 ], [ -120.037287, 48.999447 ], [ -120.039022, 48.999455 ], [ -120.043962, 48.999476 ], [ -120.045678, 48.999483 ], [ -120.045949, 48.999484 ], [ -120.048121, 48.999493 ], [ -120.057503, 48.99953 ], [ -120.058955, 48.999539 ], [ -120.059366, 48.99954 ], [ -120.059711, 48.999542 ], [ -120.065325, 48.999563 ], [ -120.065382, 48.999563 ], [ -120.070317, 48.999584 ], [ -120.071322, 48.999588 ], [ -120.074377, 48.999604 ], [ -120.075266, 48.999608 ], [ -120.079491, 48.999622 ], [ -120.08026, 48.999625 ], [ -120.084564, 48.999642 ], [ -120.095027, 48.999684 ], [ -120.099975, 48.999703 ], [ -120.101479, 48.999709 ], [ -120.113446, 48.999754 ], [ -120.116366, 48.999765 ], [ -120.116661, 48.999768 ], [ -120.121753, 48.999785 ], [ -120.123467, 48.999791 ], [ -120.126206, 48.999801 ], [ -120.134932, 48.999833 ], [ -120.136679, 48.999839 ], [ -120.141694, 48.999857 ], [ -120.141765, 48.999857 ], [ -120.142259, 48.999859 ], [ -120.142559, 48.99986 ], [ -120.142884, 48.999861 ], [ -120.145264, 48.999867 ], [ -120.146255, 48.99987 ], [ -120.148173, 48.999876 ], [ -120.154198, 48.999896 ], [ -120.156206, 48.999902 ], [ -120.164872, 48.999931 ], [ -120.168714, 48.999943 ], [ -120.172936, 48.999958 ], [ -120.181841, 48.999989 ], [ -120.186859, 49.000005 ], [ -120.208848, 49.000072 ], [ -120.212567, 49.000082 ], [ -120.22314, 49.000113 ], [ -120.224674, 49.000117 ], [ -120.230835, 49.000134 ], [ -120.239533, 49.000158 ], [ -120.239792, 49.000159 ], [ -120.242132, 49.000165 ], [ -120.248939, 49.000183 ], [ -120.252824, 49.000193 ], [ -120.261867, 49.000216 ], [ -120.273883, 49.000246 ], [ -120.277715, 49.000255 ], [ -120.277785, 49.000255 ], [ -120.277822, 49.000255 ], [ -120.283493, 49.000268 ], [ -120.294024, 49.000291 ], [ -120.295873, 49.000295 ], [ -120.299731, 49.000304 ], [ -120.304543, 49.000313 ], [ -120.309019, 49.000322 ], [ -120.317864, 49.00034 ], [ -120.322549, 49.000349 ], [ -120.325503, 49.000355 ], [ -120.326819, 49.000357 ], [ -120.326975, 49.000358 ], [ -120.32702, 49.000358 ], [ -120.333515, 49.00037 ], [ -120.339851, 49.000382 ], [ -120.343799, 49.000389 ], [ -120.347589, 49.000396 ], [ -120.352663, 49.000404 ], [ -120.359031, 49.000415 ], [ -120.361837, 49.000419 ], [ -120.372665, 49.000436 ], [ -120.376246, 49.000441 ], [ -120.38078, 49.000448 ], [ -120.383827, 49.000453 ], [ -120.402905, 49.000478 ], [ -120.404296, 49.00048 ], [ -120.416187, 49.000494 ], [ -120.416407, 49.000494 ], [ -120.426284, 49.000505 ], [ -120.429464, 49.000508 ], [ -120.430843, 49.00051 ], [ -120.433772, 49.000513 ], [ -120.448272, 49.000526 ], [ -120.452815, 49.000529 ], [ -120.455686, 49.000531 ], [ -120.458878, 49.000534 ], [ -120.462988, 49.000537 ], [ -120.467403, 49.00054 ], [ -120.47026, 49.000542 ], [ -120.473024, 49.000544 ], [ -120.482104, 49.000546 ], [ -120.485114, 49.000548 ], [ -120.491016, 49.000551 ], [ -120.499231, 49.000554 ], [ -120.499578, 49.000554 ], [ -120.501373, 49.000555 ], [ -120.509308, 49.000561 ], [ -120.510972, 49.000562 ], [ -120.514205, 49.000559 ], [ -120.515358, 49.000564 ], [ -120.515395, 49.000564 ], [ -120.519095, 49.000565 ], [ -120.523313, 49.000566 ], [ -120.524911, 49.000566 ], [ -120.536731, 49.000567 ], [ -120.547149, 49.000568 ], [ -120.54751, 49.000568 ], [ -120.551739, 49.000568 ], [ -120.553309, 49.000568 ], [ -120.555085, 49.000569 ], [ -120.555124, 49.000568 ], [ -120.555351, 49.000568 ], [ -120.556049, 49.000568 ], [ -120.556281, 49.000568 ], [ -120.556347, 49.000569 ], [ -120.559481, 49.000568 ], [ -120.571921, 49.00052 ], [ -120.584312, 49.00047 ], [ -120.602694, 49.000397 ], [ -120.606523, 49.000381 ], [ -120.615818, 49.000342 ], [ -120.616187, 49.000339 ], [ -120.619511, 49.000326 ], [ -120.626211, 49.000298 ], [ -120.626262, 49.000298 ], [ -120.628469, 49.000288 ], [ -120.632422, 49.00027 ], [ -120.632502, 49.00027 ], [ -120.642178, 49.000224 ], [ -120.645226, 49.00021 ], [ -120.646671, 49.000203 ], [ -120.65023, 49.000188 ], [ -120.66828, 49.000105 ], [ -120.669568, 49.000101 ], [ -120.671282, 49.000101 ], [ -120.680934, 49.000099 ], [ -120.684582, 49.000099 ], [ -120.688843, 49.000108 ], [ -120.693599, 49.000117 ], [ -120.699877, 49.00013 ], [ -120.709476, 49.000146 ], [ -120.710831, 49.000148 ], [ -120.71659, 49.000158 ], [ -120.716639, 49.000157 ], [ -120.732819, 49.000183 ], [ -120.737694, 49.00019 ], [ -120.751253, 49.000208 ], [ -120.754806, 49.000213 ], [ -120.761607, 49.000221 ], [ -120.764405, 49.000225 ], [ -120.776794, 49.00024 ], [ -120.781419, 49.000245 ], [ -120.798359, 49.000263 ], [ -120.800084, 49.000265 ], [ -120.800101, 49.000265 ], [ -120.800233, 49.000265 ], [ -120.800838, 49.000265 ], [ -120.80212, 49.000267 ], [ -120.802654, 49.000267 ], [ -120.803373, 49.000268 ], [ -120.803497, 49.000268 ], [ -120.812893, 49.000275 ], [ -120.837356, 49.000292 ], [ -120.841631, 49.000295 ], [ -120.844813, 49.000297 ], [ -120.846999, 49.000298 ], [ -120.851336, 49.000301 ], [ -120.851528, 49.000301 ], [ -120.85162, 49.000301 ], [ -120.851959, 49.000301 ], [ -120.852107, 49.000301 ], [ -120.87146, 49.000309 ], [ -120.871515, 49.000309 ], [ -120.876088, 49.000303 ], [ -120.884014, 49.000313 ], [ -120.885668, 49.000313 ], [ -120.898111, 49.000315 ], [ -120.910553, 49.000316 ], [ -120.921479, 49.000311 ], [ -120.94944, 49.00031 ], [ -120.949701, 49.00031 ], [ -120.954417, 49.000308 ], [ -120.979017, 49.000296 ], [ -120.98913, 49.00029 ], [ -121.001207, 49.000281 ], [ -121.01946, 49.000265 ], [ -121.020776, 49.000264 ], [ -121.03121, 49.000253 ], [ -121.037009, 49.000247 ], [ -121.053259, 49.000228 ], [ -121.058996, 49.000221 ], [ -121.062624, 49.000217 ], [ -121.063128, 49.000217 ], [ -121.065706, 49.000218 ], [ -121.066888, 49.000218 ], [ -121.073253, 49.000219 ], [ -121.083882, 49.000219 ], [ -121.090025, 49.000211 ], [ -121.093931, 49.000224 ], [ -121.094511, 49.000218 ], [ -121.094951, 49.000219 ], [ -121.106956, 49.000266 ], [ -121.118961, 49.000312 ], [ -121.120207, 49.000316 ], [ -121.12496, 49.000334 ], [ -121.146948, 49.000415 ], [ -121.180556, 49.000531 ], [ -121.184994, 49.000546 ], [ -121.200543, 49.000599 ], [ -121.204466, 49.000612 ], [ -121.205643, 49.00062 ], [ -121.217033, 49.000661 ], [ -121.224409, 49.000687 ], [ -121.228424, 49.000701 ], [ -121.232787, 49.000716 ], [ -121.248026, 49.000767 ], [ -121.251205, 49.000778 ], [ -121.262801, 49.00081 ], [ -121.274397, 49.000841 ], [ -121.28071, 49.000857 ], [ -121.285993, 49.000871 ], [ -121.29759, 49.0009 ], [ -121.307005, 49.000899 ], [ -121.312747, 49.000903 ], [ -121.316232, 49.000905 ], [ -121.323797, 49.00091 ], [ -121.32934, 49.000913 ], [ -121.334846, 49.000916 ], [ -121.338156, 49.000865 ], [ -121.338855, 49.000856 ], [ -121.345873, 49.000769 ], [ -121.349146, 49.000725 ], [ -121.378952, 49.000321 ], [ -121.405109, 48.999951 ], [ -121.411202, 48.999947 ], [ -121.411328, 48.999947 ], [ -121.41149, 48.999947 ], [ -121.415764, 48.999945 ], [ -121.425519, 48.999911 ], [ -121.43387, 48.999881 ], [ -121.446454, 48.999836 ], [ -121.458114, 48.999791 ], [ -121.465338, 48.999756 ], [ -121.472297, 48.999735 ], [ -121.473493, 48.999731 ], [ -121.511451, 48.999572 ], [ -121.524063, 48.999518 ], [ -121.524103, 48.999518 ], [ -121.526992, 48.999512 ], [ -121.540305, 48.999434 ], [ -121.553618, 48.999353 ], [ -121.555206, 48.999343 ], [ -121.563553, 48.999286 ], [ -121.566919, 48.999265 ], [ -121.572119, 48.999233 ], [ -121.582495, 48.999175 ], [ -121.589954, 48.999128 ], [ -121.601466, 48.999055 ], [ -121.612977, 48.99898 ], [ -121.613351, 48.998976 ], [ -121.613671, 48.998972 ], [ -121.621564, 48.998878 ], [ -121.630151, 48.998776 ], [ -121.640804, 48.998634 ], [ -121.641433, 48.998626 ], [ -121.651503, 48.998485 ], [ -121.655871, 48.998432 ], [ -121.657062, 48.99841 ], [ -121.657847, 48.998399 ], [ -121.667778, 48.998271 ], [ -121.688438, 48.997997 ], [ -121.689614, 48.997982 ], [ -121.698534, 48.997865 ], [ -121.700283, 48.997842 ], [ -121.706879, 48.997756 ], [ -121.723735, 48.997531 ], [ -121.741054, 48.997304 ], [ -121.742496, 48.997305 ], [ -121.743196, 48.997305 ], [ -121.750725, 48.997298 ], [ -121.753225, 48.997297 ], [ -121.759572, 48.997299 ], [ -121.764495, 48.997381 ], [ -121.769395, 48.997462 ], [ -121.774073, 48.997539 ], [ -121.786482, 48.997743 ], [ -121.793681, 48.99786 ], [ -121.794084, 48.997866 ], [ -121.797492, 48.997921 ], [ -121.80847, 48.9981 ], [ -121.809189, 48.998112 ], [ -121.810143, 48.998126 ], [ -121.817183, 48.998243 ], [ -121.829612, 48.998447 ], [ -121.837129, 48.998564 ], [ -121.850629, 48.998779 ], [ -121.862746, 48.99897 ], [ -121.874864, 48.999159 ], [ -121.881535, 48.999263 ], [ -121.881885, 48.999268 ], [ -121.88448, 48.999309 ], [ -121.886981, 48.999347 ], [ -121.899098, 48.999534 ], [ -121.911216, 48.99972 ], [ -121.913501, 48.999755 ], [ -121.916761, 48.999805 ], [ -121.919099, 48.999841 ], [ -121.927371, 48.999971 ], [ -121.932776, 49.000055 ], [ -121.933719, 49.000062 ], [ -121.935451, 49.000088 ], [ -121.940715, 49.00017 ], [ -121.947121, 49.000269 ], [ -121.949461, 49.000304 ], [ -121.95953, 49.000447 ], [ -121.971571, 49.000625 ], [ -121.983562, 49.0008 ], [ -121.995554, 49.000974 ], [ -122.003052, 49.001083 ], [ -122.007545, 49.001147 ], [ -122.009162, 49.001172 ], [ -122.019537, 49.001319 ], [ -122.024174, 49.001385 ], [ -122.028471, 49.001446 ], [ -122.03891, 49.001595 ], [ -122.048991, 49.001738 ], [ -122.049501, 49.001746 ], [ -122.059789, 49.001891 ], [ -122.061798, 49.001912 ], [ -122.082594, 49.002209 ], [ -122.083801, 49.002225 ], [ -122.085296, 49.002244 ], [ -122.09805, 49.002418 ], [ -122.109834, 49.002429 ], [ -122.116664, 49.002424 ], [ -122.127171, 49.002424 ], [ -122.128322, 49.002424 ], [ -122.136117, 49.002425 ], [ -122.136247, 49.002425 ], [ -122.144892, 49.002431 ], [ -122.148171, 49.002431 ], [ -122.15034, 49.002425 ], [ -122.150553, 49.002424 ], [ -122.159713, 49.002427 ], [ -122.159856, 49.002427 ], [ -122.159996, 49.002427 ], [ -122.160479, 49.002427 ], [ -122.160626, 49.002427 ], [ -122.164289, 49.002427 ], [ -122.172355, 49.002429 ], [ -122.183953, 49.002433 ], [ -122.185814, 49.002434 ], [ -122.194662, 49.002436 ], [ -122.201211, 49.002437 ], [ -122.208479, 49.002438 ], [ -122.215746, 49.002439 ], [ -122.223264, 49.002435 ], [ -122.232337, 49.002431 ], [ -122.232457, 49.002431 ], [ -122.232507, 49.002431 ], [ -122.232552, 49.002431 ], [ -122.242556, 49.002425 ], [ -122.251175, 49.00242 ], [ -122.251384, 49.002419 ], [ -122.251808, 49.002419 ], [ -122.262765, 49.002412 ], [ -122.263743, 49.002411 ], [ -122.264809, 49.002411 ], [ -122.26496, 49.002411 ], [ -122.266314, 49.002411 ], [ -122.266698, 49.00241 ], [ -122.266892, 49.00241 ], [ -122.267312, 49.002409 ], [ -122.269563, 49.002408 ], [ -122.270075, 49.002399 ], [ -122.272628, 49.002392 ], [ -122.285082, 49.002393 ], [ -122.285637, 49.002393 ], [ -122.285717, 49.002393 ], [ -122.290692, 49.00239 ], [ -122.291144, 49.002391 ], [ -122.293506, 49.00239 ], [ -122.296918, 49.002387 ], [ -122.306361, 49.002381 ], [ -122.318996, 49.00237 ], [ -122.319216, 49.00237 ], [ -122.328829, 49.002366 ], [ -122.338773, 49.002362 ], [ -122.344699, 49.002356 ], [ -122.351174, 49.00235 ], [ -122.360855, 49.002344 ], [ -122.363162, 49.002342 ], [ -122.371876, 49.002336 ], [ -122.382896, 49.002328 ], [ -122.392175, 49.002321 ], [ -122.404907, 49.002316 ], [ -122.406405, 49.002316 ], [ -122.407799, 49.002316 ], [ -122.415738, 49.002315 ], [ -122.426569, 49.002313 ], [ -122.438165, 49.002306 ], [ -122.450865, 49.002297 ], [ -122.463012, 49.002287 ], [ -122.473688, 49.002277 ], [ -122.473884, 49.002277 ], [ -122.476264, 49.002274 ], [ -122.484994, 49.00227 ], [ -122.496964, 49.002258 ], [ -122.50604, 49.002253 ], [ -122.515116, 49.002247 ], [ -122.523766, 49.00224 ], [ -122.529162, 49.002236 ], [ -122.539866, 49.002221 ], [ -122.550709, 49.002217 ], [ -122.559104, 49.00221 ], [ -122.569545, 49.002203 ], [ -122.579985, 49.002196 ], [ -122.591064, 49.002184 ], [ -122.602143, 49.002172 ], [ -122.605578, 49.002166 ], [ -122.609397, 49.002164 ], [ -122.615711, 49.002163 ], [ -122.625243, 49.002161 ], [ -122.627419, 49.00216 ], [ -122.639246, 49.002153 ], [ -122.640118, 49.002153 ], [ -122.647196, 49.002146 ], [ -122.651534, 49.002142 ], [ -122.655761, 49.002139 ], [ -122.659172, 49.002136 ], [ -122.661303, 49.002135 ], [ -122.669089, 49.00213 ], [ -122.67338, 49.002127 ], [ -122.68339, 49.002122 ], [ -122.691124, 49.002117 ], [ -122.705352, 49.002109 ], [ -122.705412, 49.002109 ], [ -122.713991, 49.002104 ], [ -122.722245, 49.002099 ], [ -122.723957, 49.002098 ], [ -122.724196, 49.002098 ], [ -122.725952, 49.002097 ], [ -122.7305, 49.002094 ], [ -122.734682, 49.002093 ], [ -122.735093, 49.002093 ], [ -122.735338, 49.002093 ], [ -122.735517, 49.002093 ], [ -122.735667, 49.002093 ], [ -122.736201, 49.002093 ], [ -122.73796, 49.002092 ], [ -122.738166, 49.002093 ], [ -122.738297, 49.002093 ], [ -122.738466, 49.002093 ], [ -122.739306, 49.002092 ], [ -122.739632, 49.002092 ], [ -122.742013, 49.002091 ], [ -122.742252, 49.002093 ], [ -122.742499, 49.002095 ], [ -122.743924, 49.002093 ], [ -122.743988, 49.002091 ], [ -122.747487, 49.002092 ], [ -122.748905, 49.002089 ], [ -122.749057, 49.002092 ], [ -122.751277, 49.002091 ], [ -122.754377, 49.002087 ], [ -122.75599, 49.002088 ], [ -122.757044, 49.002086 ], [ -122.757145, 49.002089 ], [ -122.757484, 49.002086 ], [ -122.757851, 49.002087 ], [ -122.759706, 49.002092 ], [ -122.764711, 49.002097 ], [ -122.765172, 49.002098 ], [ -122.76737, 49.0021 ], [ -122.767566, 49.002098 ], [ -122.767668, 49.0021 ], [ -122.770871, 49.002104 ], [ -122.772979, 49.002106 ], [ -122.77821, 49.002111 ], [ -122.778393, 49.002109 ], [ -122.778541, 49.002111 ], [ -122.77928, 49.002112 ], [ -122.783951, 49.002117 ], [ -122.78699, 49.002117 ], [ -122.787701, 49.002118 ], [ -122.799023, 49.00213 ], [ -122.803128, 49.002133 ], [ -122.811963, 49.002139 ], [ -122.825003, 49.002148 ], [ -122.831827, 49.002151 ], [ -122.846878, 49.002158 ], [ -122.854689, 49.002161 ], [ -122.858762, 49.002163 ], [ -122.867153, 49.002165 ], [ -122.921866, 49.002165 ], [ -122.929964, 49.002163 ], [ -122.943248, 49.002158 ], [ -122.956533, 49.002151 ], [ -122.969818, 49.002143 ], [ -122.983103, 49.002134 ], [ -122.996387, 49.002123 ], [ -123.005389, 49.002113 ], [ -123.012538, 49.00211 ], [ -123.01315, 49.002109 ], [ -123.01977, 49.002102 ], [ -123.020064, 49.002102 ], [ -123.02955, 49.002089 ], [ -123.035292, 49.002082 ], [ -123.036242, 49.002081 ], [ -123.037912, 49.00208 ], [ -123.038157, 49.00208 ], [ -123.049739, 49.002075 ], [ -123.06132, 49.00207 ], [ -123.068039, 49.002071 ], [ -123.075305, 49.002065 ], [ -123.089348, 49.00206 ], [ -123.0906, 49.002058 ], [ -123.094497, 49.002061 ], [ -123.10432, 49.002072 ], [ -123.11794, 49.002084 ], [ -123.13156, 49.002094 ], [ -123.14518, 49.002103 ], [ -123.1588, 49.002111 ], [ -123.17242, 49.002116 ], [ -123.18604, 49.00212 ], [ -123.19966, 49.002123 ], [ -123.21328, 49.002124 ], [ -123.2269, 49.002123 ], [ -123.24052, 49.00212 ], [ -123.25414, 49.002116 ], [ -123.26776, 49.002111 ], [ -123.28138, 49.002104 ], [ -123.295, 49.002095 ], [ -123.308669, 49.002079 ], [ -123.32224, 49.002072 ], [ -123.311747, 48.996391 ], [ -123.301256, 48.990709 ], [ -123.290768, 48.985026 ], [ -123.280282, 48.979342 ], [ -123.269799, 48.973656 ], [ -123.259318, 48.96797 ], [ -123.248839, 48.962283 ], [ -123.238363, 48.956595 ], [ -123.227889, 48.950907 ], [ -123.217417, 48.945217 ], [ -123.206948, 48.939526 ], [ -123.196481, 48.933834 ], [ -123.186017, 48.928141 ], [ -123.175555, 48.922448 ], [ -123.165095, 48.916753 ], [ -123.154638, 48.911057 ], [ -123.144183, 48.905361 ], [ -123.13373, 48.899663 ], [ -123.12328, 48.893965 ], [ -123.112833, 48.888265 ], [ -123.102387, 48.882565 ], [ -123.091944, 48.876864 ], [ -123.081503, 48.871161 ], [ -123.071065, 48.865458 ], [ -123.060629, 48.859754 ], [ -123.057729, 48.858168 ], [ -123.02477, 48.840136 ], [ -123.018909, 48.836928 ], [ -123.009336, 48.831683 ], [ -123.008485, 48.831219 ], [ -123.008481, 48.829792 ], [ -123.008483, 48.827267 ], [ -123.008483, 48.827121 ], [ -123.008481, 48.821591 ], [ -123.008481, 48.820769 ], [ -123.008482, 48.805227 ], [ -123.008486, 48.767099 ], [ -123.020854, 48.76363 ], [ -123.033222, 48.760161 ], [ -123.045587, 48.75669 ], [ -123.057951, 48.753218 ], [ -123.058483, 48.753069 ], [ -123.070135, 48.749795 ], [ -123.070314, 48.749745 ], [ -123.082674, 48.746271 ], [ -123.095033, 48.742795 ], [ -123.09969, 48.741484 ], [ -123.10739, 48.739318 ], [ -123.114438, 48.737333 ], [ -123.119746, 48.735839 ], [ -123.120214, 48.735707 ], [ -123.12526, 48.734286 ], [ -123.125595, 48.734191 ], [ -123.125827, 48.734126 ], [ -123.126008, 48.734075 ], [ -123.132099, 48.732359 ], [ -123.134697, 48.731627 ], [ -123.144451, 48.728878 ], [ -123.156802, 48.725396 ], [ -123.16915, 48.721912 ], [ -123.181497, 48.718427 ], [ -123.193842, 48.71494 ], [ -123.206186, 48.711452 ], [ -123.218528, 48.707963 ], [ -123.230868, 48.704473 ], [ -123.243206, 48.700981 ], [ -123.248554, 48.699467 ], [ -123.251659, 48.698588 ], [ -123.255543, 48.697488 ], [ -123.260077, 48.696196 ], [ -123.267877, 48.693993 ], [ -123.265233, 48.686168 ], [ -123.257596, 48.663566 ], [ -123.256328, 48.659813 ], [ -123.254656, 48.654835 ], [ -123.254642, 48.654794 ], [ -123.253452, 48.651266 ], [ -123.250552, 48.642686 ], [ -123.249831, 48.640529 ], [ -123.248896, 48.637757 ], [ -123.247688, 48.634174 ], [ -123.246685, 48.631197 ], [ -123.244808, 48.625628 ], [ -123.244331, 48.624212 ], [ -123.243402, 48.621456 ], [ -123.241928, 48.617082 ], [ -123.23905, 48.608536 ], [ -123.236172, 48.599989 ], [ -123.233296, 48.591443 ], [ -123.232201, 48.58819 ], [ -123.230426, 48.582894 ], [ -123.229306, 48.579566 ], [ -123.227412, 48.573937 ], [ -123.223211, 48.56145 ], [ -123.222802, 48.560233 ], [ -123.218959, 48.548797 ], [ -123.218929, 48.548708 ], [ -123.218037, 48.547271 ], [ -123.214005, 48.540774 ], [ -123.20907, 48.532845 ], [ -123.208488, 48.531908 ], [ -123.207949, 48.531039 ], [ -123.204144, 48.524912 ], [ -123.199219, 48.51698 ], [ -123.194295, 48.509046 ], [ -123.189373, 48.501113 ], [ -123.188358, 48.499475 ], [ -123.188318, 48.499412 ], [ -123.188292, 48.49937 ], [ -123.18825, 48.499302 ], [ -123.188211, 48.49924 ], [ -123.188073, 48.499016 ], [ -123.188045, 48.49897 ], [ -123.184453, 48.493179 ], [ -123.182041, 48.489288 ], [ -123.179534, 48.485246 ], [ -123.174617, 48.477312 ], [ -123.169701, 48.469377 ], [ -123.16557, 48.4627 ], [ -123.160201, 48.454035 ], [ -123.160017, 48.453731 ], [ -123.159874, 48.453507 ], [ -123.154732, 48.449982 ], [ -123.154481, 48.449809 ], [ -123.153341, 48.449028 ], [ -123.149429, 48.446345 ], [ -123.149231, 48.446209 ], [ -123.133045, 48.43511 ], [ -123.126222, 48.43043 ], [ -123.125691, 48.430066 ], [ -123.124102, 48.428976 ], [ -123.123541, 48.428592 ], [ -123.121937, 48.427492 ], [ -123.117056, 48.424145 ], [ -123.115458, 48.423049 ], [ -123.115138, 48.42283 ], [ -123.115441, 48.422519 ], [ -123.11652, 48.421398 ], [ -123.118076, 48.419783 ], [ -123.119563, 48.418239 ], [ -123.122174, 48.415528 ], [ -123.126292, 48.411252 ], [ -123.129205, 48.408226 ], [ -123.13251, 48.404792 ], [ -123.136235, 48.400923 ], [ -123.14418, 48.392665 ], [ -123.151245, 48.38532 ], [ -123.157312, 48.379011 ], [ -123.161204, 48.374962 ], [ -123.161251, 48.374913 ], [ -123.161299, 48.374864 ], [ -123.16134, 48.374821 ], [ -123.162528, 48.373585 ], [ -123.164333, 48.371707 ], [ -123.171353, 48.364402 ], [ -123.174694, 48.360923 ], [ -123.17837, 48.357096 ], [ -123.185386, 48.34979 ], [ -123.189141, 48.345878 ], [ -123.192399, 48.342484 ], [ -123.199411, 48.335177 ], [ -123.202615, 48.331837 ], [ -123.20642, 48.327869 ], [ -123.213428, 48.320562 ], [ -123.220433, 48.313253 ], [ -123.227437, 48.305945 ], [ -123.234438, 48.298636 ], [ -123.241438, 48.291326 ], [ -123.244951, 48.287656 ], [ -123.247354, 48.285143 ], [ -123.247512, 48.284983 ], [ -123.247919, 48.284558 ], [ -123.248435, 48.284016 ], [ -123.253556, 48.282983 ], [ -123.261179, 48.281446 ], [ -123.266976, 48.280277 ], [ -123.273921, 48.278875 ], [ -123.285728, 48.276495 ], [ -123.286663, 48.276302 ], [ -123.29657, 48.274303 ], [ -123.299402, 48.273728 ], [ -123.312141, 48.271153 ], [ -123.318134, 48.269939 ], [ -123.324878, 48.268576 ], [ -123.337614, 48.265998 ], [ -123.349135, 48.263664 ], [ -123.350349, 48.263418 ], [ -123.357075, 48.262055 ], [ -123.363082, 48.260837 ], [ -123.370136, 48.259406 ], [ -123.375815, 48.258254 ], [ -123.38359, 48.256676 ], [ -123.385658, 48.256256 ], [ -123.388545, 48.25567 ], [ -123.397693, 48.253813 ], [ -123.397709, 48.253812 ], [ -123.400976, 48.25315 ], [ -123.401275, 48.253085 ], [ -123.401771, 48.252984 ], [ -123.402227, 48.252892 ], [ -123.404618, 48.252406 ], [ -123.405593, 48.252207 ], [ -123.414003, 48.250498 ], [ -123.414511, 48.250395 ], [ -123.417403, 48.249807 ], [ -123.417705, 48.249745 ], [ -123.418539, 48.249576 ], [ -123.419553, 48.24937 ], [ -123.42673, 48.24791 ], [ -123.439456, 48.24532 ], [ -123.45218, 48.242729 ], [ -123.464904, 48.240137 ], [ -123.467776, 48.239553 ], [ -123.477625, 48.237543 ], [ -123.490346, 48.234948 ], [ -123.503065, 48.232351 ], [ -123.515783, 48.229753 ], [ -123.52102, 48.228683 ], [ -123.5285, 48.227154 ], [ -123.541216, 48.224553 ], [ -123.553744, 48.225964 ], [ -123.559098, 48.226566 ], [ -123.566273, 48.227373 ], [ -123.568139, 48.22758 ], [ -123.578802, 48.228782 ], [ -123.58507, 48.229487 ], [ -123.591332, 48.230188 ], [ -123.603863, 48.231594 ], [ -123.616395, 48.232998 ], [ -123.628927, 48.2344 ], [ -123.64146, 48.235802 ], [ -123.653994, 48.237203 ], [ -123.656639, 48.237496 ], [ -123.666528, 48.2386 ], [ -123.673527, 48.23938 ], [ -123.679064, 48.239997 ], [ -123.681606, 48.240434 ], [ -123.691857, 48.242195 ], [ -123.701743, 48.243892 ], [ -123.704652, 48.244391 ], [ -123.717448, 48.246586 ], [ -123.730245, 48.248779 ], [ -123.73193, 48.249068 ], [ -123.738148, 48.250133 ], [ -123.743043, 48.250971 ], [ -123.751095, 48.252349 ], [ -123.755842, 48.253162 ], [ -123.768642, 48.255351 ], [ -123.781444, 48.257538 ], [ -123.794246, 48.259724 ], [ -123.80705, 48.261909 ], [ -123.819855, 48.264092 ], [ -123.832661, 48.266274 ], [ -123.845467, 48.268455 ], [ -123.858275, 48.270634 ], [ -123.871085, 48.272811 ], [ -123.883895, 48.274988 ], [ -123.896706, 48.277162 ], [ -123.909518, 48.279336 ], [ -123.922332, 48.281507 ], [ -123.935146, 48.283678 ], [ -123.947962, 48.285847 ], [ -123.960779, 48.288015 ], [ -123.973596, 48.290181 ], [ -123.986415, 48.292346 ], [ -123.999235, 48.294509 ], [ -124.012056, 48.296671 ], [ -124.02434, 48.300101 ], [ -124.036626, 48.30353 ], [ -124.045647, 48.306054 ], [ -124.048913, 48.306958 ], [ -124.061202, 48.310384 ], [ -124.073493, 48.313809 ], [ -124.085785, 48.317233 ], [ -124.098079, 48.320655 ], [ -124.110375, 48.324076 ], [ -124.122672, 48.327496 ], [ -124.134971, 48.330914 ], [ -124.147272, 48.334332 ], [ -124.159574, 48.337747 ], [ -124.171878, 48.341162 ], [ -124.184183, 48.344575 ], [ -124.19649, 48.347987 ], [ -124.208799, 48.351397 ], [ -124.221109, 48.354807 ], [ -124.233421, 48.358215 ], [ -124.245735, 48.361621 ], [ -124.249449, 48.362648 ], [ -124.251795, 48.363295 ], [ -124.25805, 48.365026 ], [ -124.264004, 48.366672 ], [ -124.270367, 48.36843 ], [ -124.282686, 48.371833 ], [ -124.295006, 48.375234 ], [ -124.299272, 48.376411 ], [ -124.307328, 48.378634 ], [ -124.319652, 48.382033 ], [ -124.331977, 48.38543 ], [ -124.344354, 48.38884 ], [ -124.356632, 48.392221 ], [ -124.361025, 48.39343 ], [ -124.368962, 48.395614 ], [ -124.381294, 48.399006 ], [ -124.393627, 48.402397 ], [ -124.405962, 48.405786 ], [ -124.418299, 48.409174 ], [ -124.430637, 48.412561 ], [ -124.433469, 48.413338 ], [ -124.442977, 48.415947 ], [ -124.455319, 48.419331 ], [ -124.467662, 48.422713 ], [ -124.480007, 48.426095 ], [ -124.492353, 48.429475 ], [ -124.499485, 48.431427 ], [ -124.504701, 48.432854 ], [ -124.517051, 48.436231 ], [ -124.522473, 48.437713 ], [ -124.529402, 48.439607 ], [ -124.541755, 48.442982 ], [ -124.543782, 48.443538 ], [ -124.552474, 48.445909 ], [ -124.55411, 48.446356 ], [ -124.566466, 48.449728 ], [ -124.578824, 48.453099 ], [ -124.591184, 48.456468 ], [ -124.599163, 48.458642 ], [ -124.603545, 48.459836 ], [ -124.615908, 48.463203 ], [ -124.626162, 48.465994 ], [ -124.628272, 48.466569 ], [ -124.633513, 48.467999 ], [ -124.640639, 48.469933 ], [ -124.653006, 48.473296 ], [ -124.665376, 48.476657 ], [ -124.677747, 48.480017 ], [ -124.689946, 48.48333 ], [ -124.690119, 48.483376 ], [ -124.702494, 48.486734 ], [ -124.714869, 48.49009 ], [ -124.727247, 48.493445 ], [ -124.730863, 48.494668 ], [ -124.747542, 48.499188 ], [ -124.749707, 48.499775 ], [ -124.74974, 48.499783 ], [ -124.749995, 48.499775 ], [ -124.751358, 48.499775 ], [ -124.751358, 48.499776 ], [ -124.762967, 48.499784 ], [ -124.763031, 48.499784 ], [ -124.768371, 48.495403 ], [ -124.77018, 48.49195 ], [ -124.772085, 48.486117 ], [ -124.772628, 48.480116 ], [ -124.772262, 48.473812 ], [ -124.769223, 48.466802 ], [ -124.765279, 48.460562 ], [ -124.760329, 48.455428 ], [ -124.754677, 48.4513 ], [ -124.751358, 48.448615 ], [ -124.747645, 48.447073 ], [ -124.746206, 48.445933 ], [ -124.746065, 48.445829 ], [ -124.745838, 48.445663 ], [ -124.746044, 48.445538 ], [ -124.746194, 48.445448 ], [ -124.751358, 48.444527 ], [ -124.757053, 48.443445 ], [ -124.764949, 48.44154 ], [ -124.773575, 48.438521 ], [ -124.788558, 48.432165 ], [ -124.793903, 48.428433 ], [ -124.801175, 48.423242 ], [ -124.807732, 48.417554 ], [ -124.809195, 48.415496 ], [ -124.812506, 48.410638 ], [ -124.814815, 48.405923 ], [ -124.817265, 48.398389 ], [ -124.817934, 48.394424 ], [ -124.817912, 48.391003 ], [ -124.816993, 48.385475 ], [ -124.81505, 48.381364 ], [ -124.813258, 48.377218 ], [ -124.812505, 48.374782 ], [ -124.810104, 48.369988 ], [ -124.80635, 48.365549 ], [ -124.803394, 48.362993 ], [ -124.803771, 48.35694 ], [ -124.800532, 48.349978 ], [ -124.796636, 48.344126 ], [ -124.790735, 48.33713 ], [ -124.788384, 48.334541 ], [ -124.786135, 48.331883 ], [ -124.77776, 48.327575 ], [ -124.771495, 48.324076 ], [ -124.770442, 48.323537 ], [ -124.771233, 48.316038 ], [ -124.769251, 48.310287 ], [ -124.767267, 48.305141 ], [ -124.764027, 48.299927 ], [ -124.761387, 48.295688 ], [ -124.768746, 48.290243 ], [ -124.776914, 48.283588 ], [ -124.781154, 48.27878 ], [ -124.78395, 48.275325 ], [ -124.786406, 48.272291 ], [ -124.788742, 48.266372 ], [ -124.790077, 48.259713 ], [ -124.79086, 48.253021 ], [ -124.790925, 48.24978 ], [ -124.790446, 48.247673 ], [ -124.79024, 48.246355 ], [ -124.789426, 48.244126 ], [ -124.784509, 48.235745 ], [ -124.780504, 48.22858 ], [ -124.786698, 48.228208 ], [ -124.795053, 48.226719 ], [ -124.805015, 48.224316 ], [ -124.813965, 48.221001 ], [ -124.821453, 48.217585 ], [ -124.827681, 48.21383 ], [ -124.832344, 48.209434 ], [ -124.83821, 48.204023 ], [ -124.841312, 48.200202 ], [ -124.845666, 48.194893 ], [ -124.848252, 48.1882 ], [ -124.848974, 48.181373 ], [ -124.848537, 48.174005 ], [ -124.846997, 48.16772 ], [ -124.843131, 48.158429 ], [ -124.839183, 48.152889 ], [ -124.832672, 48.147722 ], [ -124.831594, 48.142653 ], [ -124.827688, 48.134746 ], [ -124.824046, 48.129308 ], [ -124.819251, 48.124785 ], [ -124.816258, 48.121759 ], [ -124.809227, 48.117538 ], [ -124.803905, 48.114288 ], [ -124.800341, 48.104859 ], [ -124.794921, 48.096975 ], [ -124.794408, 48.096374 ], [ -124.792757, 48.094444 ], [ -124.789702, 48.090871 ], [ -124.785187, 48.087115 ], [ -124.787046, 48.083286 ], [ -124.787072, 48.08308 ], [ -124.788002, 48.075966 ], [ -124.787754, 48.068311 ], [ -124.786051, 48.063142 ], [ -124.786103, 48.061329 ], [ -124.792526, 48.055278 ], [ -124.796639, 48.049466 ], [ -124.799248, 48.044124 ], [ -124.801155, 48.037809 ], [ -124.800779, 48.035684 ], [ -124.799803, 48.030156 ], [ -124.798852, 48.02361 ], [ -124.797191, 48.018525 ], [ -124.796999, 48.017938 ], [ -124.799055, 48.014847 ], [ -124.80091, 48.008465 ], [ -124.801361, 48.005913 ], [ -124.801061, 48.003932 ], [ -124.802764, 47.999789 ], [ -124.803254, 47.994013 ], [ -124.803373, 47.991536 ], [ -124.803394, 47.988658 ], [ -124.80321, 47.986749 ], [ -124.802676, 47.984907 ], [ -124.802296, 47.982562 ], [ -124.801757, 47.981422 ], [ -124.801425, 47.97918 ], [ -124.800793, 47.97727 ], [ -124.800112, 47.975192 ], [ -124.799038, 47.972544 ], [ -124.797957, 47.970733 ], [ -124.796283, 47.968484 ], [ -124.795204, 47.966506 ], [ -124.793922, 47.964962 ], [ -124.79274, 47.963384 ], [ -124.791162, 47.961705 ], [ -124.789478, 47.960762 ], [ -124.787553, 47.958881 ], [ -124.785723, 47.957669 ], [ -124.783595, 47.956356 ], [ -124.782519, 47.955661 ], [ -124.781615, 47.955077 ], [ -124.779584, 47.954099 ], [ -124.776865, 47.952081 ], [ -124.774091, 47.950732 ], [ -124.771218, 47.949349 ], [ -124.768443, 47.948067 ], [ -124.765866, 47.947053 ], [ -124.762645, 47.945803 ], [ -124.759719, 47.944854 ], [ -124.758436, 47.944121 ], [ -124.758185, 47.943978 ], [ -124.758298, 47.942406 ], [ -124.758758, 47.940901 ], [ -124.759227, 47.938225 ], [ -124.759645, 47.935783 ], [ -124.760157, 47.934045 ], [ -124.760329, 47.931267 ], [ -124.760198, 47.929158 ], [ -124.760611, 47.927285 ], [ -124.760078, 47.92571 ], [ -124.759849, 47.923366 ], [ -124.759172, 47.921154 ], [ -124.758054, 47.918037 ], [ -124.757172, 47.916527 ], [ -124.756095, 47.914649 ], [ -124.754969, 47.912669 ], [ -124.753795, 47.910523 ], [ -124.751331, 47.907867 ], [ -124.751331, 47.907894 ], [ -124.748964, 47.905664 ], [ -124.746598, 47.903433 ], [ -124.745887, 47.902763 ], [ -124.743757, 47.900754 ], [ -124.743047, 47.900085 ], [ -124.742979, 47.900003 ], [ -124.742024, 47.89934 ], [ -124.740919, 47.898612 ], [ -124.739659, 47.89755 ], [ -124.738909, 47.897206 ], [ -124.738507, 47.897023 ], [ -124.737702, 47.896459 ], [ -124.736298, 47.895766 ], [ -124.735293, 47.895071 ], [ -124.73434, 47.894576 ], [ -124.733489, 47.894213 ], [ -124.732433, 47.893485 ], [ -124.73138, 47.892923 ], [ -124.730025, 47.892096 ], [ -124.729072, 47.891601 ], [ -124.72802, 47.891106 ], [ -124.726868, 47.890612 ], [ -124.725964, 47.889983 ], [ -124.725668, 47.889839 ], [ -124.725012, 47.889521 ], [ -124.724262, 47.889292 ], [ -124.723061, 47.888932 ], [ -124.722162, 47.888737 ], [ -124.720858, 47.888303 ], [ -124.720298, 47.88701 ], [ -124.719387, 47.88588 ], [ -124.718276, 47.884683 ], [ -124.717463, 47.88345 ], [ -124.7169, 47.882215 ], [ -124.716392, 47.881449 ], [ -124.715635, 47.880651 ], [ -124.715016, 47.879859 ], [ -124.714673, 47.87942 ], [ -124.714401, 47.879018 ], [ -124.717153, 47.879 ], [ -124.716535, 47.878352 ], [ -124.716315, 47.877493 ], [ -124.716024, 47.876507 ], [ -124.715517, 47.874974 ], [ -124.715322, 47.874112 ], [ -124.715104, 47.873252 ], [ -124.714865, 47.872395 ], [ -124.714603, 47.871541 ], [ -124.713685, 47.868999 ], [ -124.712964, 47.867324 ], [ -124.712156, 47.865667 ], [ -124.711263, 47.86403 ], [ -124.710286, 47.862415 ], [ -124.709225, 47.860824 ], [ -124.708083, 47.859259 ], [ -124.706861, 47.857721 ], [ -124.705559, 47.856213 ], [ -124.70418, 47.854737 ], [ -124.70197, 47.852585 ], [ -124.700406, 47.851195 ], [ -124.69877, 47.849843 ], [ -124.697066, 47.848529 ], [ -124.696188, 47.847888 ], [ -124.695294, 47.847257 ], [ -124.694384, 47.846637 ], [ -124.693946, 47.846349 ], [ -124.693457, 47.846027 ], [ -124.692515, 47.845428 ], [ -124.691558, 47.844841 ], [ -124.690586, 47.844265 ], [ -124.688597, 47.843147 ], [ -124.686552, 47.842077 ], [ -124.684453, 47.841055 ], [ -124.683384, 47.840563 ], [ -124.681208, 47.839617 ], [ -124.680628, 47.839384 ], [ -124.680102, 47.839163 ], [ -124.678984, 47.838722 ], [ -124.675687, 47.83752 ], [ -124.672405, 47.836121 ], [ -124.670158, 47.835253 ], [ -124.665387, 47.833632 ], [ -124.663832, 47.832237 ], [ -124.663079, 47.831598 ], [ -124.662206, 47.83088 ], [ -124.660998, 47.829936 ], [ -124.657843, 47.827661 ], [ -124.654062, 47.825277 ], [ -124.65107, 47.823609 ], [ -124.649006, 47.822557 ], [ -124.646888, 47.821554 ], [ -124.644719, 47.820601 ], [ -124.643616, 47.820144 ], [ -124.641839, 47.819424 ], [ -124.641051, 47.817763 ], [ -124.640178, 47.816121 ], [ -124.63971, 47.815308 ], [ -124.638711, 47.813699 ], [ -124.63818, 47.812904 ], [ -124.637629, 47.812115 ], [ -124.637058, 47.811332 ], [ -124.636466, 47.810557 ], [ -124.635854, 47.809788 ], [ -124.635223, 47.809027 ], [ -124.634572, 47.808273 ], [ -124.633211, 47.806789 ], [ -124.631775, 47.805339 ], [ -124.631029, 47.804626 ], [ -124.630265, 47.803922 ], [ -124.628682, 47.802542 ], [ -124.627864, 47.801866 ], [ -124.627029, 47.8012 ], [ -124.626177, 47.800544 ], [ -124.625307, 47.799898 ], [ -124.624422, 47.799262 ], [ -124.623179, 47.798421 ], [ -124.621216, 47.796039 ], [ -124.619879, 47.794546 ], [ -124.618465, 47.793085 ], [ -124.616886, 47.791569 ], [ -124.614506, 47.789502 ], [ -124.611969, 47.787523 ], [ -124.610193, 47.786254 ], [ -124.608093, 47.784852 ], [ -124.60729, 47.783161 ], [ -124.606436, 47.781514 ], [ -124.605498, 47.779889 ], [ -124.604476, 47.778287 ], [ -124.603372, 47.77671 ], [ -124.601728, 47.774628 ], [ -124.60043, 47.77312 ], [ -124.599054, 47.771643 ], [ -124.597603, 47.770199 ], [ -124.595289, 47.768099 ], [ -124.592815, 47.766084 ], [ -124.59108, 47.764791 ], [ -124.589279, 47.763539 ], [ -124.587415, 47.76233 ], [ -124.58646, 47.761742 ], [ -124.585489, 47.761165 ], [ -124.584504, 47.7606 ], [ -124.582491, 47.759505 ], [ -124.581464, 47.758976 ], [ -124.580423, 47.758458 ], [ -124.579369, 47.757953 ], [ -124.578301, 47.757461 ], [ -124.575905, 47.756419 ], [ -124.575477, 47.755596 ], [ -124.575027, 47.754779 ], [ -124.574556, 47.753967 ], [ -124.574064, 47.75316 ], [ -124.573551, 47.75236 ], [ -124.573018, 47.751565 ], [ -124.572465, 47.750777 ], [ -124.571129, 47.749015 ], [ -124.570508, 47.74825 ], [ -124.569206, 47.746743 ], [ -124.567827, 47.745268 ], [ -124.566372, 47.743826 ], [ -124.564215, 47.741845 ], [ -124.563871, 47.741005 ], [ -124.563119, 47.739336 ], [ -124.562281, 47.737686 ], [ -124.561831, 47.736869 ], [ -124.561359, 47.736057 ], [ -124.560866, 47.735251 ], [ -124.560353, 47.734451 ], [ -124.559818, 47.733656 ], [ -124.559264, 47.732869 ], [ -124.558689, 47.732088 ], [ -124.558117, 47.73136 ], [ -124.557479, 47.730547 ], [ -124.556191, 47.729035 ], [ -124.554825, 47.727554 ], [ -124.554147, 47.726874 ], [ -124.553383, 47.726107 ], [ -124.552634, 47.725396 ], [ -124.551867, 47.724694 ], [ -124.551082, 47.724001 ], [ -124.55028, 47.723318 ], [ -124.549459, 47.722644 ], [ -124.548622, 47.72198 ], [ -124.546896, 47.720682 ], [ -124.545104, 47.719425 ], [ -124.543248, 47.718211 ], [ -124.54189, 47.717377 ], [ -124.540302, 47.716445 ], [ -124.54117, 47.715799 ], [ -124.542856, 47.714477 ], [ -124.543672, 47.713801 ], [ -124.545252, 47.712421 ], [ -124.54676, 47.711005 ], [ -124.547486, 47.710283 ], [ -124.548194, 47.709554 ], [ -124.549551, 47.70807 ], [ -124.550201, 47.707316 ], [ -124.551186, 47.706096 ], [ -124.552346, 47.704538 ], [ -124.553424, 47.702953 ], [ -124.554198, 47.701803 ], [ -124.555616, 47.700345 ], [ -124.556958, 47.698854 ], [ -124.558221, 47.697333 ], [ -124.559406, 47.695783 ], [ -124.560509, 47.694206 ], [ -124.56153, 47.692604 ], [ -124.562468, 47.690979 ], [ -124.563637, 47.688723 ], [ -124.564395, 47.687056 ], [ -124.565066, 47.685372 ], [ -124.56565, 47.683673 ], [ -124.566145, 47.681961 ], [ -124.566552, 47.680239 ], [ -124.566869, 47.678508 ], [ -124.567096, 47.676771 ], [ -124.567234, 47.675029 ], [ -124.567282, 47.673286 ], [ -124.567239, 47.671542 ], [ -124.567106, 47.6698 ], [ -124.566825, 47.667459 ], [ -124.566534, 47.665726 ], [ -124.566155, 47.664001 ], [ -124.565539, 47.661853 ], [ -124.564957, 47.660154 ], [ -124.564288, 47.658469 ], [ -124.563533, 47.656802 ], [ -124.562691, 47.655153 ], [ -124.562239, 47.654336 ], [ -124.561271, 47.652719 ], [ -124.560756, 47.651919 ], [ -124.559665, 47.650339 ], [ -124.559089, 47.649559 ], [ -124.557876, 47.648019 ], [ -124.556585, 47.646509 ], [ -124.555911, 47.645765 ], [ -124.554626, 47.644427 ], [ -124.553774, 47.643584 ], [ -124.553024, 47.642874 ], [ -124.552256, 47.642173 ], [ -124.550305, 47.64048 ], [ -124.549503, 47.639796 ], [ -124.547847, 47.638458 ], [ -124.547026, 47.637829 ], [ -124.546124, 47.637161 ], [ -124.545237, 47.636527 ], [ -124.543415, 47.635292 ], [ -124.54248, 47.634691 ], [ -124.54153, 47.634101 ], [ -124.540565, 47.633522 ], [ -124.539586, 47.632954 ], [ -124.538591, 47.632398 ], [ -124.537583, 47.631855 ], [ -124.536561, 47.631322 ], [ -124.534476, 47.630295 ], [ -124.532328, 47.629337 ], [ -124.530141, 47.628412 ], [ -124.528607, 47.627806 ], [ -124.526776, 47.627121 ], [ -124.524478, 47.626327 ], [ -124.522141, 47.625588 ], [ -124.519782, 47.624909 ], [ -124.518568, 47.624584 ], [ -124.51736, 47.624278 ], [ -124.516145, 47.623986 ], [ -124.514922, 47.623708 ], [ -124.512456, 47.623196 ], [ -124.509965, 47.622742 ], [ -124.508711, 47.622538 ], [ -124.507452, 47.622348 ], [ -124.506188, 47.622172 ], [ -124.505101, 47.622035 ], [ -124.50492, 47.622012 ], [ -124.503648, 47.621867 ], [ -124.503158, 47.621817 ], [ -124.502875, 47.621788 ], [ -124.502373, 47.621737 ], [ -124.501094, 47.621622 ], [ -124.499814, 47.621522 ], [ -124.498529, 47.621437 ], [ -124.497243, 47.621367 ], [ -124.494694, 47.621282 ], [ -124.493406, 47.62123 ], [ -124.490828, 47.621172 ], [ -124.489538, 47.621166 ], [ -124.486959, 47.621199 ], [ -124.48567, 47.621239 ], [ -124.484383, 47.621293 ], [ -124.483098, 47.621363 ], [ -124.481814, 47.621448 ], [ -124.480532, 47.621548 ], [ -124.479254, 47.621663 ], [ -124.477978, 47.621793 ], [ -124.476611, 47.62195 ], [ -124.475438, 47.622098 ], [ -124.474175, 47.622273 ], [ -124.473874, 47.622318 ], [ -124.472916, 47.622463 ], [ -124.471662, 47.622668 ], [ -124.469322, 47.623095 ], [ -124.468083, 47.62334 ], [ -124.465627, 47.623872 ], [ -124.464409, 47.62416 ], [ -124.463199, 47.624462 ], [ -124.461402, 47.62496 ], [ -124.461159, 47.622349 ], [ -124.460762, 47.620036 ], [ -124.460362, 47.618313 ], [ -124.459596, 47.615749 ], [ -124.458976, 47.614056 ], [ -124.458269, 47.612379 ], [ -124.457883, 47.611546 ], [ -124.457047, 47.609897 ], [ -124.456126, 47.608267 ], [ -124.45512, 47.606613 ], [ -124.45542, 47.604881 ], [ -124.455631, 47.603142 ], [ -124.455752, 47.6014 ], [ -124.455784, 47.599656 ], [ -124.455725, 47.597913 ], [ -124.455557, 47.596174 ], [ -124.455337, 47.594435 ], [ -124.455009, 47.592705 ], [ -124.454592, 47.590984 ], [ -124.45435, 47.590127 ], [ -124.453801, 47.588423 ], [ -124.453163, 47.586733 ], [ -124.45244, 47.585059 ], [ -124.45163, 47.583403 ], [ -124.450735, 47.581767 ], [ -124.449757, 47.580154 ], [ -124.448217, 47.577872 ], [ -124.446421, 47.575555 ], [ -124.445125, 47.574047 ], [ -124.443752, 47.572571 ], [ -124.442304, 47.571128 ], [ -124.440016, 47.569039 ], [ -124.439044, 47.56473 ], [ -124.436837, 47.5567 ], [ -124.435571, 47.551945 ], [ -124.433788, 47.542979 ], [ -124.43115, 47.533627 ], [ -124.430968, 47.532935 ], [ -124.429553, 47.532949 ], [ -124.421993, 47.499802 ], [ -124.421729, 47.499802 ], [ -124.417057, 47.481538 ], [ -124.417057, 47.478841 ], [ -124.420561, 47.475453 ], [ -124.42173, 47.468677 ], [ -124.42056, 47.455972 ], [ -124.414719, 47.444114 ], [ -124.410047, 47.434797 ], [ -124.40771, 47.430562 ], [ -124.406542, 47.428021 ], [ -124.411215, 47.423785 ], [ -124.419392, 47.414468 ], [ -124.421728, 47.406845 ], [ -124.421728, 47.393293 ], [ -124.419392, 47.383976 ], [ -124.41355, 47.36873 ], [ -124.40771, 47.35772 ], [ -124.403599, 47.349206 ], [ -124.399532, 47.340779 ], [ -124.391354, 47.329766 ], [ -124.384739, 47.324971 ], [ -124.376294, 47.319819 ], [ -124.36836, 47.314639 ], [ -124.359644, 47.309336 ], [ -124.359992, 47.302972 ], [ -124.359072, 47.292785 ], [ -124.35642, 47.285917 ], [ -124.355931, 47.284651 ], [ -124.351299, 47.27639 ], [ -124.344203, 47.268848 ], [ -124.33605, 47.261605 ], [ -124.324721, 47.255865 ], [ -124.315218, 47.251524 ], [ -124.308749, 47.249807 ], [ -124.308703, 47.249807 ], [ -124.306367, 47.248083 ], [ -124.305419, 47.244644 ], [ -124.3052, 47.243847 ], [ -124.301696, 47.233683 ], [ -124.295855, 47.212506 ], [ -124.287678, 47.193023 ], [ -124.287047, 47.191585 ], [ -124.279501, 47.174389 ], [ -124.27366, 47.165071 ], [ -124.272492, 47.160836 ], [ -124.272774, 47.159403 ], [ -124.27366, 47.154907 ], [ -124.273659, 47.148131 ], [ -124.272985, 47.14634 ], [ -124.270155, 47.138814 ], [ -124.265482, 47.127802 ], [ -124.25964, 47.11679 ], [ -124.254457, 47.104825 ], [ -124.251369, 47.096783 ], [ -124.251291, 47.096581 ], [ -124.251291, 47.096654 ], [ -124.250703, 47.093068 ], [ -124.249306, 47.084509 ], [ -124.24939, 47.078643 ], [ -124.248316, 47.070846 ], [ -124.246356, 47.064081 ], [ -124.24413, 47.058648 ], [ -124.244033, 47.046675 ], [ -124.243935, 47.032947 ], [ -124.244013, 47.018856 ], [ -124.243834, 47.017331 ], [ -124.242652, 47.00728 ], [ -124.242643, 47.007203 ], [ -124.242585, 47.006706 ], [ -124.242137, 46.999809 ], [ -124.241539, 46.999808 ], [ -124.242325, 46.994042 ], [ -124.2429, 46.98982 ], [ -124.244465, 46.983581 ], [ -124.245622, 46.978971 ], [ -124.246983, 46.968123 ], [ -124.249705, 46.956288 ], [ -124.249705, 46.946426 ], [ -124.248343, 46.930636 ], [ -124.246642, 46.917813 ], [ -124.24392, 46.908937 ], [ -124.24114, 46.902895 ], [ -124.239837, 46.900063 ], [ -124.234393, 46.891188 ], [ -124.226226, 46.885271 ], [ -124.21806, 46.880342 ], [ -124.209469, 46.874813 ], [ -124.207402, 46.871607 ], [ -124.206831, 46.870723 ], [ -124.206542, 46.870129 ], [ -124.201232, 46.859225 ], [ -124.198665, 46.853954 ], [ -124.194581, 46.844092 ], [ -124.191859, 46.832255 ], [ -124.187776, 46.820418 ], [ -124.183693, 46.803649 ], [ -124.181809, 46.796142 ], [ -124.181203, 46.793736 ], [ -124.175131, 46.793732 ], [ -124.174822, 46.791468 ], [ -124.174537, 46.789364 ], [ -124.174306, 46.787636 ], [ -124.173504, 46.781662 ], [ -124.173295, 46.780301 ], [ -124.172389, 46.775105 ], [ -124.17226, 46.773802 ], [ -124.171903, 46.770172 ], [ -124.171667, 46.767775 ], [ -124.171072, 46.760358 ], [ -124.170923, 46.758491 ], [ -124.171478, 46.751524 ], [ -124.171534, 46.750653 ], [ -124.171579, 46.748909 ], [ -124.171537, 46.747164 ], [ -124.171482, 46.746293 ], [ -124.171405, 46.745422 ], [ -124.171306, 46.744552 ], [ -124.171042, 46.742817 ], [ -124.17069, 46.741089 ], [ -124.17025, 46.739371 ], [ -124.169938, 46.738203 ], [ -124.169868, 46.737332 ], [ -124.169776, 46.736461 ], [ -124.169662, 46.735593 ], [ -124.169526, 46.734725 ], [ -124.169347, 46.733763 ], [ -124.168985, 46.732135 ], [ -124.168515, 46.730421 ], [ -124.167959, 46.728718 ], [ -124.167316, 46.727031 ], [ -124.166586, 46.725316 ], [ -124.165893, 46.723821 ], [ -124.165493, 46.722993 ], [ -124.16463, 46.721352 ], [ -124.164168, 46.72054 ], [ -124.163685, 46.719733 ], [ -124.163138, 46.718814 ], [ -124.162558, 46.717249 ], [ -124.161143, 46.713424 ], [ -124.157006, 46.702245 ], [ -124.156865, 46.700479 ], [ -124.156663, 46.69874 ], [ -124.156374, 46.697007 ], [ -124.155747, 46.694307 ], [ -124.15529, 46.692591 ], [ -124.154746, 46.690887 ], [ -124.154115, 46.689198 ], [ -124.1534, 46.687524 ], [ -124.1526, 46.685868 ], [ -124.151717, 46.684233 ], [ -124.150414, 46.682091 ], [ -124.149048, 46.680005 ], [ -124.148479, 46.679184 ], [ -124.146641, 46.674212 ], [ -124.14526, 46.670474 ], [ -124.145788, 46.669445 ], [ -124.146565, 46.667785 ], [ -124.146922, 46.666948 ], [ -124.147258, 46.666106 ], [ -124.147865, 46.664413 ], [ -124.148136, 46.66356 ], [ -124.148386, 46.662705 ], [ -124.14882, 46.660986 ], [ -124.149166, 46.659258 ], [ -124.149307, 46.658391 ], [ -124.149488, 46.656933 ], [ -124.149648, 46.65531 ], [ -124.149743, 46.653567 ], [ -124.14975, 46.651822 ], [ -124.149668, 46.650078 ], [ -124.149572, 46.649012 ], [ -124.14938, 46.647469 ], [ -124.149078, 46.645737 ], [ -124.148894, 46.644874 ], [ -124.148579, 46.643567 ], [ -124.148247, 46.642311 ], [ -124.14774, 46.640601 ], [ -124.147453, 46.639751 ], [ -124.146817, 46.638063 ], [ -124.146096, 46.63639 ], [ -124.14529, 46.634736 ], [ -124.144402, 46.633102 ], [ -124.143287, 46.631164 ], [ -124.143368, 46.630144 ], [ -124.143403, 46.629271 ], [ -124.143405, 46.627527 ], [ -124.143373, 46.626655 ], [ -124.143319, 46.625783 ], [ -124.143228, 46.62455 ], [ -124.1427, 46.619533 ], [ -124.14268, 46.618041 ], [ -124.142654, 46.617169 ], [ -124.142563, 46.61562 ], [ -124.142829, 46.613885 ], [ -124.143008, 46.612144 ], [ -124.143098, 46.610401 ], [ -124.143099, 46.608656 ], [ -124.143013, 46.606912 ], [ -124.142838, 46.605172 ], [ -124.142575, 46.603437 ], [ -124.142328, 46.602201 ], [ -124.14211, 46.598685 ], [ -124.142235, 46.594493 ], [ -124.142269, 46.593594 ], [ -124.142209, 46.59179 ], [ -124.142022, 46.587947 ], [ -124.141955, 46.586959 ], [ -124.141779, 46.585218 ], [ -124.141516, 46.583483 ], [ -124.141166, 46.581755 ], [ -124.140803, 46.58035 ], [ -124.139948, 46.577227 ], [ -124.139955, 46.576354 ], [ -124.139904, 46.57461 ], [ -124.139765, 46.572868 ], [ -124.139537, 46.57113 ], [ -124.139352, 46.570041 ], [ -124.137922, 46.562456 ], [ -124.137728, 46.561424 ], [ -124.137083, 46.557998 ], [ -124.136478, 46.553646 ], [ -124.136454, 46.552218 ], [ -124.136344, 46.550475 ], [ -124.136155, 46.548557 ], [ -124.13563, 46.54473 ], [ -124.135298, 46.542299 ], [ -124.135338, 46.531034 ], [ -124.13532, 46.530161 ], [ -124.135261, 46.528613 ], [ -124.135172, 46.527263 ], [ -124.135048, 46.525403 ], [ -124.134972, 46.524532 ], [ -124.134874, 46.523662 ], [ -124.134712, 46.522377 ], [ -124.134432, 46.520569 ], [ -124.134261, 46.519466 ], [ -124.133918, 46.514467 ], [ -124.133393, 46.506826 ], [ -124.133413, 46.505533 ], [ -124.133562, 46.502916 ], [ -124.133641, 46.501551 ], [ -124.133739, 46.499819 ], [ -124.133763, 46.499455 ], [ -124.133817, 46.498475 ], [ -124.133874, 46.497485 ], [ -124.133915, 46.496613 ], [ -124.133922, 46.49624 ], [ -124.133933, 46.495741 ], [ -124.133923, 46.494777 ], [ -124.133894, 46.493408 ], [ -124.133878, 46.492641 ], [ -124.133855, 46.491586 ], [ -124.133827, 46.490713 ], [ -124.133778, 46.489842 ], [ -124.133627, 46.488285 ], [ -124.133021, 46.483106 ], [ -124.132432, 46.478076 ], [ -124.132441, 46.476362 ], [ -124.132454, 46.473733 ], [ -124.132459, 46.472716 ], [ -124.132452, 46.471844 ], [ -124.132422, 46.470971 ], [ -124.13237, 46.4701 ], [ -124.132297, 46.469229 ], [ -124.132163, 46.468022 ], [ -124.13186, 46.465719 ], [ -124.131847, 46.465584 ], [ -124.131672, 46.463725 ], [ -124.131694, 46.458372 ], [ -124.131695, 46.458041 ], [ -124.131696, 46.457713 ], [ -124.131694, 46.45684 ], [ -124.13167, 46.455968 ], [ -124.131624, 46.455096 ], [ -124.131504, 46.453926 ], [ -124.131308, 46.452079 ], [ -124.131187, 46.450932 ], [ -124.131062, 46.449746 ], [ -124.130803, 46.4467 ], [ -124.130516, 46.442148 ], [ -124.13021, 46.437321 ], [ -124.130035, 46.432923 ], [ -124.129982, 46.431594 ], [ -124.129957, 46.426959 ], [ -124.130006, 46.42659 ], [ -124.130107, 46.425721 ], [ -124.130185, 46.42485 ], [ -124.130242, 46.423978 ], [ -124.130302, 46.422932 ], [ -124.130385, 46.419969 ], [ -124.130405, 46.419245 ], [ -124.130419, 46.418722 ], [ -124.130436, 46.418386 ], [ -124.130473, 46.416787 ], [ -124.130475, 46.416705 ], [ -124.130486, 46.416029 ], [ -124.130491, 46.415185 ], [ -124.130532, 46.408316 ], [ -124.130672, 46.405734 ], [ -124.130805, 46.403289 ], [ -124.130839, 46.402417 ], [ -124.13085, 46.400839 ], [ -124.130971, 46.399971 ], [ -124.131069, 46.399101 ], [ -124.131146, 46.39823 ], [ -124.131272, 46.396492 ], [ -124.131307, 46.395481 ], [ -124.131391, 46.392998 ], [ -124.131404, 46.392126 ], [ -124.131398, 46.390862 ], [ -124.131522, 46.389776 ], [ -124.131587, 46.389213 ], [ -124.131839, 46.386434 ], [ -124.131872, 46.386049 ], [ -124.132024, 46.384145 ], [ -124.132054, 46.383247 ], [ -124.13209, 46.382375 ], [ -124.132104, 46.381503 ], [ -124.132098, 46.379848 ], [ -124.132011, 46.377926 ], [ -124.132107, 46.376997 ], [ -124.132173, 46.3761 ], [ -124.132258, 46.37489 ], [ -124.132309, 46.373672 ], [ -124.132451, 46.371967 ], [ -124.132781, 46.368025 ], [ -124.132936, 46.36617 ], [ -124.133202, 46.363931 ], [ -124.133457, 46.361784 ], [ -124.133486, 46.361542 ], [ -124.133851, 46.359119 ], [ -124.134708, 46.353351 ], [ -124.134929, 46.351585 ], [ -124.135207, 46.349368 ], [ -124.135654, 46.348414 ], [ -124.136807, 46.34595 ], [ -124.137272, 46.34514 ], [ -124.137716, 46.344323 ], [ -124.13814, 46.343502 ], [ -124.138543, 46.342675 ], [ -124.138925, 46.341844 ], [ -124.139286, 46.341008 ], [ -124.139626, 46.340168 ], [ -124.139945, 46.339324 ], [ -124.140157, 46.338704 ], [ -124.140358, 46.338116 ], [ -124.140498, 46.337708 ], [ -124.140846, 46.33687 ], [ -124.141174, 46.336028 ], [ -124.141481, 46.335181 ], [ -124.141766, 46.334332 ], [ -124.14203, 46.333479 ], [ -124.142272, 46.332622 ], [ -124.142546, 46.331613 ], [ -124.142804, 46.330548 ], [ -124.142966, 46.329789 ], [ -124.143207, 46.32866 ], [ -124.143265, 46.328309 ], [ -124.143491, 46.326927 ], [ -124.1436, 46.326058 ], [ -124.143734, 46.324363 ], [ -124.143865, 46.323496 ], [ -124.144051, 46.321947 ], [ -124.144549, 46.321146 ], [ -124.145027, 46.320339 ], [ -124.145485, 46.319526 ], [ -124.145921, 46.318708 ], [ -124.146337, 46.317884 ], [ -124.146733, 46.317056 ], [ -124.147107, 46.316223 ], [ -124.147137, 46.316151 ], [ -124.14746, 46.315386 ], [ -124.147792, 46.314544 ], [ -124.148103, 46.313699 ], [ -124.148392, 46.31285 ], [ -124.14866, 46.311997 ], [ -124.148991, 46.311054 ], [ -124.149352, 46.309694 ], [ -124.149592, 46.308838 ], [ -124.149809, 46.307979 ], [ -124.150186, 46.306379 ], [ -124.151311, 46.304819 ], [ -124.151941, 46.304064 ], [ -124.152551, 46.303301 ], [ -124.153142, 46.30253 ], [ -124.153494, 46.302052 ], [ -124.153497, 46.301731 ], [ -124.153528, 46.30113 ], [ -124.153555, 46.300591 ], [ -124.153572, 46.300268 ], [ -124.153584, 46.299727 ], [ -124.153593, 46.299334 ], [ -124.153603, 46.298864 ], [ -124.153607, 46.298679 ], [ -124.153612, 46.298488 ], [ -124.153799, 46.296942 ], [ -124.15421, 46.295625 ], [ -124.154332, 46.295225 ], [ -124.155535, 46.293476 ], [ -124.156932, 46.291592 ], [ -124.158277, 46.289137 ], [ -124.159427, 46.286447 ], [ -124.160714, 46.28201 ], [ -124.161424, 46.27875 ], [ -124.162098, 46.275301 ], [ -124.16218, 46.274885 ], [ -124.162552, 46.271727 ], [ -124.16234, 46.268099 ], [ -124.161014, 46.264506 ], [ -124.159546, 46.261132 ], [ -124.159349, 46.260678 ], [ -124.158839, 46.259651 ], [ -124.157782, 46.257522 ], [ -124.156312, 46.253963 ], [ -124.155475, 46.251075 ], [ -124.15537, 46.250742 ], [ -124.155225, 46.250282 ], [ -124.15508, 46.249821 ], [ -124.1536, 46.245309 ], [ -124.152314, 46.241931 ], [ -124.150289, 46.237032 ], [ -124.149096, 46.233114 ], [ -124.147029, 46.228857 ], [ -124.143753, 46.22473 ], [ -124.141205, 46.220707 ], [ -124.137878, 46.216242 ], [ -124.133536, 46.211706 ], [ -124.126264, 46.205102 ], [ -124.123418, 46.202729 ], [ -124.119521, 46.200766 ], [ -124.116788, 46.198896 ], [ -124.113867, 46.197567 ], [ -124.111281, 46.195898 ], [ -124.106661, 46.194343 ], [ -124.103742, 46.193114 ], [ -124.09927, 46.191725 ], [ -124.096011, 46.190463 ], [ -124.091197, 46.188739 ], [ -124.088524, 46.187878 ], [ -124.083231, 46.186695 ], [ -124.077163, 46.185447 ], [ -124.072554, 46.184764 ], [ -124.068623, 46.184078 ], [ -124.067313, 46.183849 ], [ -124.065698, 46.182108 ], [ -124.064366, 46.179625 ], [ -124.061478, 46.176477 ], [ -124.058451, 46.173834 ], [ -124.056242, 46.170683 ], [ -124.053934, 46.167229 ], [ -124.050658, 46.163914 ], [ -124.04835, 46.160359 ], [ -124.046618, 46.156263 ], [ -124.045048, 46.153993 ], [ -124.043185, 46.151302 ], [ -124.040282, 46.146168 ], [ -124.039656, 46.145014 ], [ -124.036787, 46.139725 ], [ -124.034128, 46.134523 ], [ -124.030897, 46.130467 ], [ -124.029032, 46.127482 ], [ -124.028242, 46.125602 ], [ -124.028282, 46.124825 ], [ -124.026887, 46.122776 ], [ -124.02541, 46.119744 ], [ -124.023064, 46.116272 ], [ -124.021876, 46.113476 ], [ -124.01988, 46.108826 ], [ -124.018087, 46.104352 ], [ -124.017841, 46.103738 ], [ -124.01619, 46.098617 ], [ -124.016032, 46.098258 ], [ -124.015637, 46.097359 ], [ -124.013671, 46.092888 ], [ -124.012494, 46.089049 ], [ -124.011563, 46.084872 ], [ -124.009796, 46.081973 ], [ -124.008265, 46.074293 ], [ -124.00633, 46.063345 ], [ -124.005125, 46.057383 ], [ -124.005016, 46.053342 ], [ -124.004899, 46.050345 ], [ -124.004486, 46.047853 ], [ -124.00446, 46.047619 ], [ -124.004038, 46.043811 ], [ -124.003682, 46.040409 ], [ -124.003376, 46.036839 ], [ -124.003408, 46.033438 ], [ -124.003199, 46.0297 ], [ -124.002783, 46.027544 ], [ -124.003818, 46.025559 ], [ -124.004756, 46.023586 ], [ -124.005546, 46.021925 ], [ -124.006794, 46.017852 ], [ -124.007502, 46.01462 ], [ -124.00791, 46.012297 ], [ -124.008071, 46.01053 ], [ -124.008125, 46.00994 ], [ -124.010504, 46.00917 ], [ -124.01318, 46.007692 ], [ -124.01581, 46.005911 ], [ -124.019168, 46.003795 ], [ -124.021513, 46.00134 ], [ -124.022884, 45.999828 ], [ -124.031909, 45.992148 ], [ -124.034565, 45.989988 ], [ -124.039544, 45.985938 ], [ -124.044391, 45.984999 ], [ -124.051176, 45.983006 ], [ -124.057592, 45.980474 ], [ -124.062364, 45.978592 ], [ -124.070819, 45.973939 ], [ -124.078916, 45.966634 ], [ -124.084898, 45.960137 ], [ -124.089905, 45.950496 ], [ -124.09192, 45.943455 ], [ -124.092434, 45.934261 ], [ -124.090571, 45.925752 ], [ -124.086508, 45.916326 ], [ -124.080158, 45.908264 ], [ -124.073727, 45.903039 ], [ -124.066417, 45.898125 ], [ -124.060854, 45.895705 ], [ -124.056556, 45.893836 ], [ -124.048283, 45.891268 ], [ -124.045819, 45.890596 ], [ -124.045601, 45.89021 ], [ -124.044674, 45.888563 ], [ -124.043919, 45.887719 ], [ -124.043353, 45.887086 ], [ -124.043353, 45.886531 ], [ -124.042999, 45.883632 ], [ -124.043437, 45.880237 ], [ -124.042819, 45.877709 ], [ -124.042202, 45.875243 ], [ -124.042171, 45.874827 ], [ -124.041916, 45.873179 ], [ -124.042019, 45.87263 ], [ -124.042543, 45.869852 ], [ -124.043278, 45.860307 ], [ -124.041995, 45.848553 ], [ -124.039634, 45.844987 ], [ -124.039191, 45.844317 ], [ -124.037704, 45.841614 ], [ -124.04053, 45.838463 ], [ -124.046711, 45.832344 ], [ -124.051392, 45.826845 ], [ -124.055646, 45.816486 ], [ -124.056027, 45.806572 ], [ -124.054554, 45.799191 ], [ -124.054118, 45.79753 ], [ -124.062056, 45.789741 ], [ -124.065448, 45.783054 ], [ -124.065745, 45.782468 ], [ -124.066636, 45.780713 ], [ -124.066934, 45.780128 ], [ -124.067021, 45.779956 ], [ -124.067283, 45.779439 ], [ -124.067371, 45.779268 ], [ -124.068277, 45.775537 ], [ -124.068962, 45.772719 ], [ -124.070186, 45.764191 ], [ -124.070395, 45.76274 ], [ -124.06994, 45.760412 ], [ -124.067968, 45.750315 ], [ -124.067442, 45.749826 ], [ -124.06742, 45.749795 ], [ -124.060016, 45.739541 ], [ -124.043799, 45.727307 ], [ -124.043648, 45.727235 ], [ -124.033667, 45.722511 ], [ -124.03045, 45.720989 ], [ -124.024805, 45.720233 ], [ -124.022044, 45.715925 ], [ -124.02087, 45.714645 ], [ -124.019116, 45.712732 ], [ -124.013897, 45.709558 ], [ -124.012042, 45.708832 ], [ -124.010805, 45.708285 ], [ -124.011384, 45.688725 ], [ -124.011657, 45.676717 ], [ -124.01348, 45.672741 ], [ -124.013551, 45.672428 ], [ -124.01485, 45.666789 ], [ -124.015868, 45.660964 ], [ -124.016006, 45.656559 ], [ -124.016071, 45.654467 ], [ -124.01616, 45.651679 ], [ -124.016187, 45.648192 ], [ -124.016204, 45.6461 ], [ -124.016233, 45.642374 ], [ -124.016256, 45.639425 ], [ -124.016648, 45.632119 ], [ -124.016887, 45.63124 ], [ -124.017593, 45.628645 ], [ -124.018103, 45.627743 ], [ -124.018472, 45.627091 ], [ -124.019071, 45.626034 ], [ -124.019828, 45.625333 ], [ -124.020379, 45.624825 ], [ -124.020571, 45.624825 ], [ -124.021147, 45.624825 ], [ -124.021339, 45.624825 ], [ -124.02321, 45.622312 ], [ -124.024674, 45.620347 ], [ -124.028203, 45.614361 ], [ -124.029324, 45.612461 ], [ -124.029475, 45.611546 ], [ -124.030005, 45.608349 ], [ -124.031073, 45.601923 ], [ -124.031003, 45.598716 ], [ -124.030933, 45.595477 ], [ -124.030894, 45.593663 ], [ -124.030367, 45.592492 ], [ -124.031492, 45.590184 ], [ -124.032471, 45.588178 ], [ -124.035538, 45.580722 ], [ -124.036692, 45.574121 ], [ -124.037112, 45.571724 ], [ -124.036785, 45.568509 ], [ -124.03623, 45.563032 ], [ -124.032279, 45.554523 ], [ -124.029032, 45.548665 ], [ -124.028355, 45.547813 ], [ -124.026926, 45.546013 ], [ -124.027101, 45.543671 ], [ -124.026661, 45.539911 ], [ -124.02666, 45.537877 ], [ -124.029728, 45.535907 ], [ -124.039104, 45.530243 ], [ -124.045936, 45.523775 ], [ -124.053115, 45.514225 ], [ -124.056434, 45.502146 ], [ -124.056234, 45.499823 ], [ -124.056323, 45.497283 ], [ -124.056402, 45.494669 ], [ -124.055774, 45.49322 ], [ -124.055326, 45.492184 ], [ -124.05478, 45.4887 ], [ -124.056105, 45.486891 ], [ -124.057694, 45.484582 ], [ -124.059367, 45.481215 ], [ -124.060598, 45.478223 ], [ -124.061914, 45.474484 ], [ -124.062666, 45.472618 ], [ -124.063496, 45.470558 ], [ -124.064549, 45.467567 ], [ -124.064543, 45.466257 ], [ -124.064535, 45.464019 ], [ -124.064876, 45.46047 ], [ -124.064243, 45.457361 ], [ -124.063953, 45.451512 ], [ -124.061496, 45.446846 ], [ -124.061272, 45.446419 ], [ -124.058949, 45.442008 ], [ -124.058111, 45.441103 ], [ -124.056986, 45.439885 ], [ -124.053613, 45.436234 ], [ -124.05316, 45.435744 ], [ -124.052431, 45.435076 ], [ -124.048088, 45.431094 ], [ -124.04346, 45.426692 ], [ -124.040389, 45.424827 ], [ -124.035819, 45.422051 ], [ -124.036163, 45.419001 ], [ -124.036498, 45.413336 ], [ -124.037549, 45.409723 ], [ -124.038773, 45.404802 ], [ -124.040175, 45.400129 ], [ -124.041046, 45.396018 ], [ -124.041827, 45.391348 ], [ -124.042787, 45.387299 ], [ -124.043308, 45.384061 ], [ -124.04643, 45.382637 ], [ -124.047023, 45.382367 ], [ -124.052683, 45.379609 ], [ -124.058164, 45.376414 ], [ -124.060195, 45.374823 ], [ -124.064203, 45.369823 ], [ -124.066488, 45.366973 ], [ -124.072782, 45.355981 ], [ -124.073608, 45.353196 ], [ -124.075432, 45.347054 ], [ -124.076977, 45.341846 ], [ -124.076977, 45.330213 ], [ -124.076977, 45.330071 ], [ -124.073829, 45.317509 ], [ -124.06124, 45.30416 ], [ -124.046552, 45.293168 ], [ -124.04605, 45.291854 ], [ -124.042356, 45.282176 ], [ -124.041314, 45.275552 ], [ -124.040504, 45.2704 ], [ -124.040257, 45.268828 ], [ -124.041305, 45.256266 ], [ -124.041674, 45.254866 ], [ -124.043006, 45.249824 ], [ -124.043227, 45.247882 ], [ -124.043336, 45.246937 ], [ -124.043322, 45.245174 ], [ -124.04436, 45.242719 ], [ -124.044677, 45.242355 ], [ -124.045963, 45.240883 ], [ -124.046282, 45.240518 ], [ -124.046965, 45.239627 ], [ -124.048986, 45.236996 ], [ -124.049978, 45.235863 ], [ -124.051039, 45.234655 ], [ -124.052131, 45.233411 ], [ -124.054837, 45.230204 ], [ -124.05605, 45.227744 ], [ -124.056917, 45.225987 ], [ -124.058211, 45.222525 ], [ -124.058889, 45.219314 ], [ -124.059827, 45.215599 ], [ -124.059618, 45.211757 ], [ -124.059487, 45.206655 ], [ -124.058486, 45.202874 ], [ -124.058435, 45.202731 ], [ -124.057042, 45.19884 ], [ -124.055163, 45.195309 ], [ -124.05502, 45.194871 ], [ -124.053987, 45.191717 ], [ -124.051596, 45.187864 ], [ -124.05113, 45.187113 ], [ -124.048103, 45.183328 ], [ -124.04508, 45.179795 ], [ -124.044444, 45.1774 ], [ -124.044863, 45.174818 ], [ -124.045633, 45.171985 ], [ -124.045792, 45.169907 ], [ -124.045337, 45.168142 ], [ -124.045031, 45.166939 ], [ -124.044792, 45.165999 ], [ -124.046337, 45.16109 ], [ -124.04683, 45.159426 ], [ -124.046853, 45.159348 ], [ -124.046921, 45.159116 ], [ -124.046945, 45.159039 ], [ -124.047793, 45.156179 ], [ -124.04782, 45.15586 ], [ -124.048195, 45.151456 ], [ -124.049166, 45.146053 ], [ -124.049751, 45.142803 ], [ -124.050131, 45.140688 ], [ -124.050668, 45.139126 ], [ -124.052537, 45.133701 ], [ -124.053653, 45.130238 ], [ -124.054419, 45.128363 ], [ -124.055119, 45.126651 ], [ -124.055808, 45.124826 ], [ -124.059851, 45.117762 ], [ -124.064621, 45.108834 ], [ -124.065245, 45.107668 ], [ -124.073334, 45.099592 ], [ -124.081425, 45.085457 ], [ -124.088166, 45.069304 ], [ -124.090932, 45.061542 ], [ -124.093561, 45.054166 ], [ -124.095833, 45.043986 ], [ -124.095973, 45.043313 ], [ -124.096724, 45.040466 ], [ -124.097475, 45.034196 ], [ -124.097475, 45.027358 ], [ -124.095973, 45.020521 ], [ -124.094469, 45.016535 ], [ -124.092215, 45.011408 ], [ -124.090555, 45.00931 ], [ -124.090432, 45.009154 ], [ -124.089961, 45.00856 ], [ -124.087707, 45.005712 ], [ -124.086205, 45.002864 ], [ -124.087707, 45.000016 ], [ -124.087707, 44.999829 ], [ -124.088378, 44.995902 ], [ -124.088504, 44.995168 ], [ -124.088519, 44.995041 ], [ -124.088877, 44.992047 ], [ -124.08944, 44.989328 ], [ -124.089554, 44.988219 ], [ -124.089719, 44.98661 ], [ -124.089615, 44.981376 ], [ -124.089663, 44.980997 ], [ -124.089708, 44.980637 ], [ -124.09032, 44.979093 ], [ -124.090836, 44.976944 ], [ -124.090824, 44.976321 ], [ -124.090811, 44.975626 ], [ -124.090784, 44.974194 ], [ -124.09078, 44.971913 ], [ -124.091012, 44.969396 ], [ -124.090912, 44.968749 ], [ -124.090629, 44.966914 ], [ -124.090627, 44.965907 ], [ -124.092135, 44.963052 ], [ -124.093486, 44.95962 ], [ -124.093734, 44.958989 ], [ -124.094766, 44.954525 ], [ -124.096698, 44.951635 ], [ -124.097497, 44.949251 ], [ -124.098482, 44.945424 ], [ -124.09892, 44.941949 ], [ -124.098994, 44.941364 ], [ -124.099268, 44.938966 ], [ -124.099505, 44.936901 ], [ -124.098884, 44.933379 ], [ -124.098052, 44.930129 ], [ -124.097932, 44.929657 ], [ -124.09863, 44.927241 ], [ -124.110156, 44.887373 ], [ -124.113781, 44.874832 ], [ -124.114248, 44.873411 ], [ -124.116574, 44.866335 ], [ -124.126205, 44.859196 ], [ -124.126228, 44.859179 ], [ -124.12641, 44.859028 ], [ -124.12659, 44.85888 ], [ -124.130288, 44.855832 ], [ -124.130426, 44.85572 ], [ -124.133295, 44.852699 ], [ -124.136209, 44.849241 ], [ -124.138882, 44.844421 ], [ -124.13902, 44.844173 ], [ -124.140307, 44.839852 ], [ -124.140878, 44.837933 ], [ -124.141517, 44.833738 ], [ -124.141563, 44.833439 ], [ -124.141761, 44.826464 ], [ -124.141351, 44.820529 ], [ -124.14062, 44.816439 ], [ -124.14033, 44.81512 ], [ -124.139553, 44.811578 ], [ -124.140728, 44.810235 ], [ -124.141093, 44.809486 ], [ -124.142364, 44.806879 ], [ -124.14356, 44.803639 ], [ -124.143715, 44.803222 ], [ -124.14431, 44.799834 ], [ -124.144716, 44.796146 ], [ -124.144417, 44.793396 ], [ -124.145251, 44.790444 ], [ -124.145757, 44.787895 ], [ -124.146086, 44.784879 ], [ -124.146252, 44.783367 ], [ -124.145956, 44.78102 ], [ -124.146093, 44.780282 ], [ -124.146515, 44.778619 ], [ -124.146972, 44.776827 ], [ -124.147757, 44.773573 ], [ -124.147638, 44.769113 ], [ -124.146778, 44.763809 ], [ -124.146758, 44.763681 ], [ -124.145307, 44.757514 ], [ -124.147294, 44.749836 ], [ -124.148312, 44.744189 ], [ -124.148303, 44.740395 ], [ -124.148207, 44.735594 ], [ -124.146792, 44.73082 ], [ -124.144352, 44.72473 ], [ -124.142174, 44.721026 ], [ -124.141927, 44.720561 ], [ -124.140369, 44.717625 ], [ -124.140667, 44.716049 ], [ -124.140632, 44.714808 ], [ -124.139943, 44.712991 ], [ -124.139118, 44.710536 ], [ -124.14162, 44.707005 ], [ -124.142175, 44.706222 ], [ -124.142709, 44.704613 ], [ -124.143582, 44.702 ], [ -124.144408, 44.699318 ], [ -124.14596, 44.697864 ], [ -124.148258, 44.695713 ], [ -124.149311, 44.693906 ], [ -124.151041, 44.690323 ], [ -124.152307, 44.685898 ], [ -124.153242, 44.68164 ], [ -124.153962, 44.675332 ], [ -124.153363, 44.668917 ], [ -124.153349, 44.668859 ], [ -124.152005, 44.663203 ], [ -124.14998, 44.659152 ], [ -124.148355, 44.655903 ], [ -124.147849, 44.654889 ], [ -124.142202, 44.646924 ], [ -124.142044, 44.646701 ], [ -124.139934, 44.644089 ], [ -124.139081, 44.643033 ], [ -124.13744, 44.641002 ], [ -124.138424, 44.639923 ], [ -124.139339, 44.638921 ], [ -124.140637, 44.6375 ], [ -124.141436, 44.636626 ], [ -124.144148, 44.632922 ], [ -124.14506, 44.631677 ], [ -124.145253, 44.631348 ], [ -124.149078, 44.624838 ], [ -124.149654, 44.623332 ], [ -124.150834, 44.62025 ], [ -124.151182, 44.618778 ], [ -124.151922, 44.61597 ], [ -124.15234, 44.612423 ], [ -124.152328, 44.609343 ], [ -124.152077, 44.60653 ], [ -124.151221, 44.602911 ], [ -124.148393, 44.598345 ], [ -124.14769, 44.597362 ], [ -124.144119, 44.592366 ], [ -124.141906, 44.59031 ], [ -124.138795, 44.58742 ], [ -124.13858, 44.587217 ], [ -124.134313, 44.583182 ], [ -124.136135, 44.58078 ], [ -124.138012, 44.577642 ], [ -124.138375, 44.576626 ], [ -124.139865, 44.572462 ], [ -124.139901, 44.57235 ], [ -124.141236, 44.568184 ], [ -124.142662, 44.563269 ], [ -124.14296, 44.561877 ], [ -124.143959, 44.557216 ], [ -124.144763, 44.552868 ], [ -124.145783, 44.546244 ], [ -124.146088, 44.54022 ], [ -124.150901, 44.535857 ], [ -124.153894, 44.532731 ], [ -124.15553, 44.531024 ], [ -124.159615, 44.523512 ], [ -124.159672, 44.52341 ], [ -124.161334, 44.517488 ], [ -124.162619, 44.512912 ], [ -124.164557, 44.49984 ], [ -124.164615, 44.49901 ], [ -124.164909, 44.494833 ], [ -124.164591, 44.492778 ], [ -124.163914, 44.488405 ], [ -124.163051, 44.486396 ], [ -124.157581, 44.473665 ], [ -124.156955, 44.472815 ], [ -124.154923, 44.468335 ], [ -124.153428, 44.465036 ], [ -124.153674, 44.462058 ], [ -124.154081, 44.457122 ], [ -124.155303, 44.442313 ], [ -124.155711, 44.437378 ], [ -124.155957, 44.434387 ], [ -124.156697, 44.425414 ], [ -124.156945, 44.422424 ], [ -124.157014, 44.421594 ], [ -124.157977, 44.412099 ], [ -124.158588, 44.40608 ], [ -124.161595, 44.384378 ], [ -124.162221, 44.381272 ], [ -124.16352, 44.374841 ], [ -124.164576, 44.371175 ], [ -124.166341, 44.365046 ], [ -124.171638, 44.346661 ], [ -124.173405, 44.340533 ], [ -124.174657, 44.336185 ], [ -124.175142, 44.334505 ], [ -124.178253, 44.327999 ], [ -124.179687, 44.323615 ], [ -124.180068, 44.322454 ], [ -124.180816, 44.319527 ], [ -124.180899, 44.319258 ], [ -124.181652, 44.316804 ], [ -124.181782, 44.314172 ], [ -124.181871, 44.31137 ], [ -124.181726, 44.310436 ], [ -124.181483, 44.308866 ], [ -124.180581, 44.307772 ], [ -124.182275, 44.306007 ], [ -124.185663, 44.296601 ], [ -124.187649, 44.288559 ], [ -124.187674, 44.286263 ], [ -124.187245, 44.285565 ], [ -124.186963, 44.285105 ], [ -124.186518, 44.284356 ], [ -124.187409, 44.276871 ], [ -124.18807, 44.271327 ], [ -124.188113, 44.270973 ], [ -124.186171, 44.262941 ], [ -124.184317, 44.257984 ], [ -124.185038, 44.255242 ], [ -124.186458, 44.249843 ], [ -124.18681, 44.248161 ], [ -124.186793, 44.244658 ], [ -124.185585, 44.237756 ], [ -124.185469, 44.237091 ], [ -124.182832, 44.230952 ], [ -124.184404, 44.227474 ], [ -124.185592, 44.221599 ], [ -124.1862, 44.216252 ], [ -124.186383, 44.209721 ], [ -124.186619, 44.204301 ], [ -124.186352, 44.202139 ], [ -124.185965, 44.199002 ], [ -124.187488, 44.195524 ], [ -124.188235, 44.191528 ], [ -124.188297, 44.190325 ], [ -124.188527, 44.185874 ], [ -124.186775, 44.176586 ], [ -124.186756, 44.176481 ], [ -124.18813, 44.170608 ], [ -124.188862, 44.168363 ], [ -124.189008, 44.164223 ], [ -124.193255, 44.158936 ], [ -124.195547, 44.154829 ], [ -124.198214, 44.149315 ], [ -124.199841, 44.145535 ], [ -124.200168, 44.142845 ], [ -124.200984, 44.139524 ], [ -124.200861, 44.138304 ], [ -124.200707, 44.136757 ], [ -124.20043, 44.135338 ], [ -124.200847, 44.132751 ], [ -124.200384, 44.131329 ], [ -124.200135, 44.129102 ], [ -124.199567, 44.127981 ], [ -124.199174, 44.1272 ], [ -124.199332, 44.126697 ], [ -124.199704, 44.124842 ], [ -124.199975, 44.12137 ], [ -124.199884, 44.118752 ], [ -124.199806, 44.116466 ], [ -124.19932, 44.111254 ], [ -124.198549, 44.106206 ], [ -124.197017, 44.101583 ], [ -124.196718, 44.100833 ], [ -124.195377, 44.097462 ], [ -124.196128, 44.095106 ], [ -124.19657, 44.09372 ], [ -124.197411, 44.089335 ], [ -124.198058, 44.083704 ], [ -124.198094, 44.083302 ], [ -124.198637, 44.0773 ], [ -124.199068, 44.07405 ], [ -124.200225, 44.069971 ], [ -124.201046, 44.066156 ], [ -124.201772, 44.062407 ], [ -124.202172, 44.058652 ], [ -124.202426, 44.056541 ], [ -124.202326, 44.053854 ], [ -124.203491, 44.049507 ], [ -124.204005, 44.047978 ], [ -124.204469, 44.0466 ], [ -124.204978, 44.043788 ], [ -124.205172, 44.040636 ], [ -124.207409, 44.037715 ], [ -124.207732, 44.036938 ], [ -124.208671, 44.034679 ], [ -124.209409, 44.033334 ], [ -124.210996, 44.03045 ], [ -124.212721, 44.024567 ], [ -124.212755, 44.022049 ], [ -124.212791, 44.019431 ], [ -124.212726, 44.018071 ], [ -124.212541, 44.014122 ], [ -124.211613, 44.011087 ], [ -124.21076, 44.008623 ], [ -124.209635, 44.00592 ], [ -124.209001, 44.003895 ], [ -124.207893, 44.002133 ], [ -124.208807, 43.999846 ], [ -124.210351, 43.99054 ], [ -124.212103, 43.979985 ], [ -124.215152, 43.953775 ], [ -124.218054, 43.936869 ], [ -124.220183, 43.924432 ], [ -124.222718, 43.909373 ], [ -124.223405, 43.905273 ], [ -124.22584, 43.890753 ], [ -124.2282, 43.876914 ], [ -124.22827, 43.876499 ], [ -124.228482, 43.875255 ], [ -124.228554, 43.874841 ], [ -124.228889, 43.872544 ], [ -124.229895, 43.865656 ], [ -124.230178, 43.863723 ], [ -124.230231, 43.86336 ], [ -124.231359, 43.856992 ], [ -124.234401, 43.839829 ], [ -124.234757, 43.837892 ], [ -124.235927, 43.831533 ], [ -124.238517, 43.817452 ], [ -124.239694, 43.811055 ], [ -124.243659, 43.791664 ], [ -124.247016, 43.776458 ], [ -124.247297, 43.775414 ], [ -124.249664, 43.766651 ], [ -124.25123, 43.761651 ], [ -124.25123, 43.760715 ], [ -124.25405, 43.74984 ], [ -124.25422, 43.749097 ], [ -124.265705, 43.701558 ], [ -124.26875, 43.699497 ], [ -124.271543, 43.696836 ], [ -124.274729, 43.693397 ], [ -124.277728, 43.689928 ], [ -124.279635, 43.687146 ], [ -124.281432, 43.683863 ], [ -124.282495, 43.680859 ], [ -124.283857, 43.677045 ], [ -124.285296, 43.672726 ], [ -124.285847, 43.668252 ], [ -124.285835, 43.667692 ], [ -124.28576, 43.664124 ], [ -124.284926, 43.659874 ], [ -124.283944, 43.656767 ], [ -124.282585, 43.653497 ], [ -124.281614, 43.650726 ], [ -124.280333, 43.648394 ], [ -124.286303, 43.624837 ], [ -124.287067, 43.62215 ], [ -124.289362, 43.61409 ], [ -124.289989, 43.61189 ], [ -124.290119, 43.611401 ], [ -124.29016, 43.611244 ], [ -124.290236, 43.610959 ], [ -124.290285, 43.610775 ], [ -124.290327, 43.610619 ], [ -124.293101, 43.600201 ], [ -124.296769, 43.585958 ], [ -124.303029, 43.568089 ], [ -124.305634, 43.56138 ], [ -124.31109, 43.547331 ], [ -124.316646, 43.533726 ], [ -124.321784, 43.519617 ], [ -124.329601, 43.499835 ], [ -124.328714, 43.499835 ], [ -124.340196, 43.473394 ], [ -124.343836, 43.465012 ], [ -124.346219, 43.462473 ], [ -124.351467, 43.454249 ], [ -124.352634, 43.452045 ], [ -124.355795, 43.446072 ], [ -124.358111, 43.440561 ], [ -124.360319, 43.434317 ], [ -124.374369, 43.412738 ], [ -124.37623, 43.40904 ], [ -124.379242, 43.404066 ], [ -124.380274, 43.402846 ], [ -124.383843, 43.401265 ], [ -124.387548, 43.399615 ], [ -124.392186, 43.396544 ], [ -124.400351, 43.39542 ], [ -124.407805, 43.393697 ], [ -124.415224, 43.390765 ], [ -124.425643, 43.385886 ], [ -124.431713, 43.381222 ], [ -124.43194, 43.381049 ], [ -124.435453, 43.377619 ], [ -124.438054, 43.374833 ], [ -124.439539, 43.374833 ], [ -124.441075, 43.372884 ], [ -124.443788, 43.366775 ], [ -124.446699, 43.358157 ], [ -124.461424, 43.350117 ], [ -124.471637, 43.339151 ], [ -124.476948, 43.329371 ], [ -124.477711, 43.324458 ], [ -124.477899, 43.323891 ], [ -124.47709, 43.310512 ], [ -124.478002, 43.303459 ], [ -124.476712, 43.294125 ], [ -124.474849, 43.288566 ], [ -124.46367, 43.27475 ], [ -124.461955, 43.273383 ], [ -124.455498, 43.268233 ], [ -124.460133, 43.263602 ], [ -124.461756, 43.261902 ], [ -124.461881, 43.261863 ], [ -124.465006, 43.257466 ], [ -124.465866, 43.255377 ], [ -124.46678, 43.253159 ], [ -124.467923, 43.249831 ], [ -124.470326, 43.245496 ], [ -124.471197, 43.23804 ], [ -124.470015, 43.228675 ], [ -124.471262, 43.219514 ], [ -124.46945, 43.208309 ], [ -124.465235, 43.200308 ], [ -124.467463, 43.196476 ], [ -124.471118, 43.190187 ], [ -124.473629, 43.184132 ], [ -124.475816, 43.178859 ], [ -124.477883, 43.170436 ], [ -124.480111, 43.165491 ], [ -124.481613, 43.15944 ], [ -124.484966, 43.158007 ], [ -124.493926, 43.153542 ], [ -124.501229, 43.148162 ], [ -124.505969, 43.143379 ], [ -124.508816, 43.13943 ], [ -124.512351, 43.133304 ], [ -124.513499, 43.130559 ], [ -124.514922, 43.127478 ], [ -124.515265, 43.126487 ], [ -124.51584, 43.12483 ], [ -124.515535, 43.124146 ], [ -124.515573, 43.119739 ], [ -124.515506, 43.119097 ], [ -124.515491, 43.118959 ], [ -124.515024, 43.114497 ], [ -124.515963, 43.111558 ], [ -124.516361, 43.102542 ], [ -124.514421, 43.094262 ], [ -124.513646, 43.09295 ], [ -124.513238, 43.092258 ], [ -124.509199, 43.085415 ], [ -124.5096, 43.081308 ], [ -124.507933, 43.073295 ], [ -124.505331, 43.067953 ], [ -124.507016, 43.063311 ], [ -124.507866, 43.060072 ], [ -124.509767, 43.056865 ], [ -124.512746, 43.050219 ], [ -124.515849, 43.039899 ], [ -124.520796, 43.027208 ], [ -124.520967, 43.026768 ], [ -124.524994, 43.01642 ], [ -124.529086, 43.007335 ], [ -124.532992, 42.99983 ], [ -124.530606, 42.99983 ], [ -124.545172, 42.970736 ], [ -124.548331, 42.963531 ], [ -124.552373, 42.954311 ], [ -124.553514, 42.95171 ], [ -124.558934, 42.945606 ], [ -124.558973, 42.945562 ], [ -124.56475, 42.933018 ], [ -124.567887, 42.930387 ], [ -124.572353, 42.922514 ], [ -124.591834, 42.914715 ], [ -124.60686, 42.903525 ], [ -124.615956, 42.892882 ], [ -124.620507, 42.883021 ], [ -124.622126, 42.877198 ], [ -124.626225, 42.875791 ], [ -124.626225, 42.87539 ], [ -124.627305, 42.874831 ], [ -124.6387, 42.867423 ], [ -124.645154, 42.861892 ], [ -124.652458, 42.850692 ], [ -124.655124, 42.84002 ], [ -124.660593, 42.836504 ], [ -124.666269, 42.831042 ], [ -124.671762, 42.825582 ], [ -124.675201, 42.819564 ], [ -124.67792, 42.81432 ], [ -124.679956, 42.809047 ], [ -124.680493, 42.805238 ], [ -124.680632, 42.804251 ], [ -124.685327, 42.801039 ], [ -124.691279, 42.796346 ], [ -124.695814, 42.791125 ], [ -124.700283, 42.784028 ], [ -124.702657, 42.776742 ], [ -124.703541, 42.770369 ], [ -124.70299, 42.761726 ], [ -124.700342, 42.752526 ], [ -124.699129, 42.749832 ], [ -124.698266, 42.749832 ], [ -124.695965, 42.745453 ], [ -124.690712, 42.738254 ], [ -124.682414, 42.730185 ], [ -124.676227, 42.72599 ], [ -124.664637, 42.720482 ], [ -124.65273, 42.717263 ], [ -124.64213, 42.716113 ], [ -124.630198, 42.716289 ], [ -124.626222, 42.716614 ], [ -124.623956, 42.71696 ], [ -124.620625, 42.717665 ], [ -124.616067, 42.717018 ], [ -124.609412, 42.716536 ], [ -124.601616, 42.716627 ], [ -124.596827, 42.717126 ], [ -124.590439, 42.718095 ], [ -124.584689, 42.719302 ], [ -124.582785, 42.716598 ], [ -124.579294, 42.712067 ], [ -124.575521, 42.709292 ], [ -124.574619, 42.707129 ], [ -124.571762, 42.703612 ], [ -124.566135, 42.697491 ], [ -124.561233, 42.692755 ], [ -124.558391, 42.690992 ], [ -124.553098, 42.687708 ], [ -124.544129, 42.683817 ], [ -124.544139, 42.683808 ], [ -124.545799, 42.679691 ], [ -124.547427, 42.6724 ], [ -124.547234, 42.665071 ], [ -124.545722, 42.657166 ], [ -124.543687, 42.654022 ], [ -124.543245, 42.651049 ], [ -124.54059, 42.644492 ], [ -124.537197, 42.639724 ], [ -124.535298, 42.63767 ], [ -124.530312, 42.63228 ], [ -124.522599, 42.626861 ], [ -124.518649, 42.624832 ], [ -124.519551, 42.624832 ], [ -124.51402, 42.622065 ], [ -124.508492, 42.619564 ], [ -124.501218, 42.617325 ], [ -124.492548, 42.615414 ], [ -124.473554, 42.614734 ], [ -124.472913, 42.610752 ], [ -124.476177, 42.603365 ], [ -124.476404, 42.599073 ], [ -124.479941, 42.591481 ], [ -124.480838, 42.581577 ], [ -124.479422, 42.573951 ], [ -124.475196, 42.565146 ], [ -124.474073, 42.562805 ], [ -124.465351, 42.553033 ], [ -124.467892, 42.55082 ], [ -124.479218, 42.547635 ], [ -124.489838, 42.542901 ], [ -124.490109, 42.542722 ], [ -124.50122, 42.535388 ], [ -124.50122, 42.535054 ], [ -124.503078, 42.533431 ], [ -124.506313, 42.530608 ], [ -124.512165, 42.524336 ], [ -124.515403, 42.519258 ], [ -124.518687, 42.511076 ], [ -124.524869, 42.509154 ], [ -124.53523, 42.504915 ], [ -124.544309, 42.499833 ], [ -124.547516, 42.499833 ], [ -124.551036, 42.497078 ], [ -124.554651, 42.494142 ], [ -124.556273, 42.492597 ], [ -124.557035, 42.491871 ], [ -124.558918, 42.489732 ], [ -124.560893, 42.487594 ], [ -124.564396, 42.482744 ], [ -124.567221, 42.477791 ], [ -124.568968, 42.472095 ], [ -124.569748, 42.467704 ], [ -124.570438, 42.463379 ], [ -124.570179, 42.458849 ], [ -124.569509, 42.454586 ], [ -124.567626, 42.449714 ], [ -124.565352, 42.443565 ], [ -124.561756, 42.438283 ], [ -124.559797, 42.435859 ], [ -124.555815, 42.432487 ], [ -124.554757, 42.430335 ], [ -124.552817, 42.426536 ], [ -124.549664, 42.42206 ], [ -124.546634, 42.418658 ], [ -124.544048, 42.416419 ], [ -124.5427, 42.415252 ], [ -124.537862, 42.411808 ], [ -124.532572, 42.408396 ], [ -124.527094, 42.405552 ], [ -124.521158, 42.40321 ], [ -124.514137, 42.400862 ], [ -124.509224, 42.399765 ], [ -124.504305, 42.399171 ], [ -124.501224, 42.397917 ], [ -124.499696, 42.397408 ], [ -124.497879, 42.396866 ], [ -124.495835, 42.396459 ], [ -124.494154, 42.396086 ], [ -124.494406, 42.395625 ], [ -124.494613, 42.395246 ], [ -124.495347, 42.393736 ], [ -124.495944, 42.392561 ], [ -124.496312, 42.391587 ], [ -124.496863, 42.390445 ], [ -124.497504, 42.389304 ], [ -124.497873, 42.388229 ], [ -124.498241, 42.387323 ], [ -124.4987, 42.38645 ], [ -124.498977, 42.385341 ], [ -124.499439, 42.38383 ], [ -124.499626, 42.382688 ], [ -124.49995, 42.381412 ], [ -124.500321, 42.380068 ], [ -124.500508, 42.378825 ], [ -124.50065, 42.377515 ], [ -124.500791, 42.376641 ], [ -124.500838, 42.376137 ], [ -124.500797, 42.375162 ], [ -124.500844, 42.374835 ], [ -124.500396, 42.372917 ], [ -124.500379, 42.370567 ], [ -124.500212, 42.367682 ], [ -124.500007, 42.365101 ], [ -124.499353, 42.360947 ], [ -124.498635, 42.357836 ], [ -124.497751, 42.355331 ], [ -124.496624, 42.352193 ], [ -124.49533, 42.349593 ], [ -124.493806, 42.346864 ], [ -124.492014, 42.344339 ], [ -124.491116, 42.342976 ], [ -124.49013, 42.341749 ], [ -124.486544, 42.338278 ], [ -124.488563, 42.335629 ], [ -124.490497, 42.333249 ], [ -124.491498, 42.331589 ], [ -124.492926, 42.328914 ], [ -124.494071, 42.325875 ], [ -124.494608, 42.322107 ], [ -124.494635, 42.321869 ], [ -124.495345, 42.315649 ], [ -124.495253, 42.310413 ], [ -124.494904, 42.305751 ], [ -124.494118, 42.301768 ], [ -124.492743, 42.296014 ], [ -124.490334, 42.290646 ], [ -124.487975, 42.287155 ], [ -124.484788, 42.283242 ], [ -124.481905, 42.280499 ], [ -124.480013, 42.279204 ], [ -124.479708, 42.278995 ], [ -124.478258, 42.278002 ], [ -124.47924, 42.275671 ], [ -124.480946, 42.27155 ], [ -124.482174, 42.268207 ], [ -124.482469, 42.266854 ], [ -124.484444, 42.257832 ], [ -124.485684, 42.249837 ], [ -124.48573, 42.248514 ], [ -124.485882, 42.247471 ], [ -124.485655, 42.244151 ], [ -124.485419, 42.24214 ], [ -124.485142, 42.240265 ], [ -124.48451, 42.235374 ], [ -124.484255, 42.232692 ], [ -124.483673, 42.229613 ], [ -124.482969, 42.227005 ], [ -124.482031, 42.2241 ], [ -124.481974, 42.223961 ], [ -124.481305, 42.222332 ], [ -124.480056, 42.219599 ], [ -124.477213, 42.214776 ], [ -124.473535, 42.207482 ], [ -124.471356, 42.203723 ], [ -124.469587, 42.20177 ], [ -124.466925, 42.198522 ], [ -124.463306, 42.194987 ], [ -124.457122, 42.190047 ], [ -124.451961, 42.187844 ], [ -124.451805, 42.187075 ], [ -124.451424, 42.186342 ], [ -124.449507, 42.183921 ], [ -124.447366, 42.181504 ], [ -124.44565, 42.179818 ], [ -124.441233, 42.176697 ], [ -124.439284, 42.173035 ], [ -124.438003, 42.170671 ], [ -124.436634, 42.168443 ], [ -124.435088, 42.166318 ], [ -124.434262, 42.165539 ], [ -124.433514, 42.164832 ], [ -124.433992, 42.164153 ], [ -124.434523, 42.162063 ], [ -124.434873, 42.158264 ], [ -124.435099, 42.154904 ], [ -124.435326, 42.149865 ], [ -124.435261, 42.149202 ], [ -124.434954, 42.146043 ], [ -124.434383, 42.143266 ], [ -124.433635, 42.140625 ], [ -124.432929, 42.139495 ], [ -124.433273, 42.138885 ], [ -124.433416, 42.137473 ], [ -124.432834, 42.134226 ], [ -124.432455, 42.131848 ], [ -124.431528, 42.12921 ], [ -124.431139, 42.128142 ], [ -124.43037, 42.126374 ], [ -124.429513, 42.124836 ], [ -124.428862, 42.122862 ], [ -124.428055, 42.121179 ], [ -124.426977, 42.119394 ], [ -124.425988, 42.117912 ], [ -124.425726, 42.115861 ], [ -124.425645, 42.113575 ], [ -124.425382, 42.11159 ], [ -124.425029, 42.109539 ], [ -124.424406, 42.106948 ], [ -124.423603, 42.104526 ], [ -124.422934, 42.102305 ], [ -124.421993, 42.100285 ], [ -124.42132, 42.099107 ], [ -124.420646, 42.098164 ], [ -124.420651, 42.097088 ], [ -124.420659, 42.095205 ], [ -124.420669, 42.092953 ], [ -124.420455, 42.090128 ], [ -124.42006, 42.087202 ], [ -124.419752, 42.085285 ], [ -124.41904, 42.082694 ], [ -124.418241, 42.079566 ], [ -124.417526, 42.077546 ], [ -124.416273, 42.074854 ], [ -124.415107, 42.072766 ], [ -124.413894, 42.070813 ], [ -124.412503, 42.068489 ], [ -124.410931, 42.0663 ], [ -124.410679, 42.065954 ], [ -124.409314, 42.064077 ], [ -124.407065, 42.061616 ], [ -124.404815, 42.059425 ], [ -124.402429, 42.057401 ], [ -124.400087, 42.055579 ], [ -124.39725, 42.053487 ], [ -124.393913, 42.051729 ], [ -124.3922, 42.050817 ], [ -124.39035, 42.050173 ], [ -124.389726, 42.048523 ], [ -124.388875, 42.046941 ], [ -124.387486, 42.044516 ], [ -124.386186, 42.042361 ], [ -124.38448, 42.040069 ], [ -124.382685, 42.037677 ], [ -124.380753, 42.035418 ], [ -124.378821, 42.033429 ], [ -124.377966, 42.032552 ], [ -124.377422, 42.032071 ], [ -124.37621, 42.031001 ], [ -124.37576, 42.02994 ], [ -124.375047, 42.02923 ], [ -124.374062, 42.028654 ], [ -124.373393, 42.028045 ], [ -124.372544, 42.027402 ], [ -124.37165, 42.026758 ], [ -124.370444, 42.025878 ], [ -124.369639, 42.025403 ], [ -124.368789, 42.024794 ], [ -124.367357, 42.023912 ], [ -124.36606, 42.023199 ], [ -124.364897, 42.022454 ], [ -124.363958, 42.021877 ], [ -124.36257, 42.021298 ], [ -124.360915, 42.020348 ], [ -124.359437, 42.019736 ], [ -124.358047, 42.019291 ], [ -124.357061, 42.01895 ], [ -124.35621, 42.018542 ], [ -124.355136, 42.018032 ], [ -124.353791, 42.017621 ], [ -124.352716, 42.017279 ], [ -124.351549, 42.017038 ], [ -124.350204, 42.016661 ], [ -124.349173, 42.016386 ], [ -124.34834, 42.013904 ], [ -124.346603, 42.01078 ], [ -124.342879, 42.006579 ], [ -124.338659, 42.003256 ], [ -124.331962, 41.999835 ], [ -124.328835, 41.998334 ], [ -124.251201, 41.998343 ], [ -124.2512, 41.998362 ], [ -124.23323, 41.998412 ], [ -124.21776, 41.998445 ], [ -124.217027, 41.998447 ], [ -124.215258, 41.998451 ], [ -124.211993, 41.998459 ], [ -124.211605, 41.99846 ], [ -124.209598, 41.998425 ], [ -124.208297, 41.998401 ], [ -124.208283, 41.998401 ], [ -124.198548, 41.998234 ], [ -124.198506, 41.998233 ], [ -124.197062, 41.998209 ], [ -124.196961, 41.998207 ], [ -124.196941, 41.998206 ], [ -124.196928, 41.998206 ], [ -124.19689, 41.998206 ], [ -124.196847, 41.998205 ], [ -124.196793, 41.998204 ], [ -124.19667, 41.998202 ], [ -124.196546, 41.9982 ], [ -124.19312, 41.998141 ], [ -124.193025, 41.99814 ], [ -124.19297, 41.998139 ], [ -124.192934, 41.998139 ], [ -124.192843, 41.998138 ], [ -124.192704, 41.998136 ], [ -124.18873, 41.998064 ], [ -124.186977, 41.998034 ], [ -124.1816, 41.997941 ], [ -124.178792, 41.997893 ], [ -124.178066, 41.997881 ], [ -124.168002, 41.997708 ], [ -124.162263, 41.99761 ], [ -124.146612, 41.997342 ], [ -124.146403, 41.997338 ], [ -124.142943, 41.997293 ], [ -124.141582, 41.997256 ], [ -124.121365, 41.997015 ], [ -124.12133, 41.997015 ], [ -124.121115, 41.997016 ], [ -124.118786, 41.997027 ], [ -124.116525, 41.997038 ], [ -124.104557, 41.997094 ], [ -124.104023, 41.997074 ], [ -124.102783, 41.997026 ], [ -124.102654, 41.996893 ], [ -124.102532, 41.99681 ], [ -124.102389, 41.996748 ], [ -124.102149, 41.996692 ], [ -124.102001, 41.996686 ], [ -124.101857, 41.996714 ], [ -124.101804, 41.996745 ], [ -124.101714, 41.996788 ], [ -124.101611, 41.996808 ], [ -124.101309, 41.996785 ], [ -124.100995, 41.99677 ], [ -124.100705, 41.996792 ], [ -124.100593, 41.996785 ], [ -124.10047, 41.996761 ], [ -124.100376, 41.996712 ], [ -124.087967, 41.996808 ], [ -124.087843, 41.996791 ], [ -124.087758, 41.996759 ], [ -124.087641, 41.996686 ], [ -124.087488, 41.99665 ], [ -124.087378, 41.996641 ], [ -124.087246, 41.996652 ], [ -124.084956, 41.996662 ], [ -124.084937, 41.996662 ], [ -124.079435, 41.996599 ], [ -124.079403, 41.996598 ], [ -124.077276, 41.996573 ], [ -124.067556, 41.99646 ], [ -124.057854, 41.996347 ], [ -124.057713, 41.996345 ], [ -124.046589, 41.996379 ], [ -124.045824, 41.996379 ], [ -124.033089, 41.996275 ], [ -124.015681, 41.996204 ], [ -124.001183, 41.996145 ], [ -123.999902, 41.99615 ], [ -123.999248, 41.996138 ], [ -123.993252, 41.996028 ], [ -123.990753, 41.996027 ], [ -123.988383, 41.996027 ], [ -123.983508, 41.996024 ], [ -123.978633, 41.996021 ], [ -123.973758, 41.996018 ], [ -123.96889, 41.996016 ], [ -123.968338, 41.996016 ], [ -123.967826, 41.996016 ], [ -123.967089, 41.996015 ], [ -123.967046, 41.996015 ], [ -123.966934, 41.996015 ], [ -123.964022, 41.996014 ], [ -123.959154, 41.996012 ], [ -123.956367, 41.996011 ], [ -123.954292, 41.99601 ], [ -123.949421, 41.995997 ], [ -123.948999, 41.995996 ], [ -123.94455, 41.995984 ], [ -123.942228, 41.995975 ], [ -123.941723, 41.995978 ], [ -123.939679, 41.99597 ], [ -123.936313, 41.995963 ], [ -123.934808, 41.995957 ], [ -123.930121, 41.995947 ], [ -123.928612, 41.995941 ], [ -123.925261, 41.995942 ], [ -123.920399, 41.995942 ], [ -123.915537, 41.995942 ], [ -123.913723, 41.995951 ], [ -123.912055, 41.995948 ], [ -123.908176, 41.995956 ], [ -123.896111, 41.995975 ], [ -123.894986, 41.995974 ], [ -123.893236, 41.995978 ], [ -123.891259, 41.995984 ], [ -123.886409, 41.995997 ], [ -123.88599, 41.995997 ], [ -123.885316, 41.995999 ], [ -123.883408, 41.996008 ], [ -123.881556, 41.996015 ], [ -123.879816, 41.996021 ], [ -123.876703, 41.996035 ], [ -123.874964, 41.996042 ], [ -123.871907, 41.996058 ], [ -123.871223, 41.99606 ], [ -123.870573, 41.996063 ], [ -123.870111, 41.996065 ], [ -123.867012, 41.99608 ], [ -123.866099, 41.996081 ], [ -123.857462, 41.996089 ], [ -123.857239, 41.996088 ], [ -123.856119, 41.996087 ], [ -123.855506, 41.996085 ], [ -123.852388, 41.99608 ], [ -123.850636, 41.996077 ], [ -123.847537, 41.996072 ], [ -123.845766, 41.996069 ], [ -123.842686, 41.996064 ], [ -123.841261, 41.99606 ], [ -123.837835, 41.996055 ], [ -123.836025, 41.996052 ], [ -123.834485, 41.99605 ], [ -123.83297, 41.995993 ], [ -123.831154, 41.995925 ], [ -123.828087, 41.995809 ], [ -123.828046, 41.995808 ], [ -123.826426, 41.995747 ], [ -123.822041, 41.99558 ], [ -123.821455, 41.99556 ], [ -123.820335, 41.995519 ], [ -123.818675, 41.995457 ], [ -123.818553, 41.995452 ], [ -123.817775, 41.995423 ], [ -123.815613, 41.995341 ], [ -123.815296, 41.995329 ], [ -123.81479, 41.995307 ], [ -123.813557, 41.995263 ], [ -123.812956, 41.995241 ], [ -123.811708, 41.995194 ], [ -123.810993, 41.995168 ], [ -123.810908, 41.995164 ], [ -123.806116, 41.995305 ], [ -123.80486, 41.995342 ], [ -123.804706, 41.995347 ], [ -123.80425, 41.99536 ], [ -123.804197, 41.995362 ], [ -123.800967, 41.995457 ], [ -123.795982, 41.995604 ], [ -123.793811, 41.995668 ], [ -123.793648, 41.995673 ], [ -123.792261, 41.99571 ], [ -123.791497, 41.995732 ], [ -123.791265, 41.995738 ], [ -123.791161, 41.995741 ], [ -123.790207, 41.995768 ], [ -123.789914, 41.995776 ], [ -123.789782, 41.99578 ], [ -123.789563, 41.995785 ], [ -123.78919, 41.995796 ], [ -123.788489, 41.995816 ], [ -123.787501, 41.995834 ], [ -123.774955, 41.996015 ], [ -123.77474, 41.996019 ], [ -123.772039, 41.996097 ], [ -123.767179, 41.996235 ], [ -123.765987, 41.996269 ], [ -123.765879, 41.996273 ], [ -123.762321, 41.996374 ], [ -123.758079, 41.996496 ], [ -123.757463, 41.996514 ], [ -123.754222, 41.996606 ], [ -123.75394, 41.996614 ], [ -123.751089, 41.996693 ], [ -123.735167, 41.996944 ], [ -123.733637, 41.996968 ], [ -123.733504, 41.996971 ], [ -123.73261, 41.996985 ], [ -123.728169, 41.997056 ], [ -123.721428, 41.996878 ], [ -123.71864, 41.996805 ], [ -123.718374, 41.996799 ], [ -123.718136, 41.996791 ], [ -123.714688, 41.9967 ], [ -123.710046, 41.996577 ], [ -123.70989, 41.996573 ], [ -123.705093, 41.996446 ], [ -123.700536, 41.996325 ], [ -123.700296, 41.996319 ], [ -123.695305, 41.996187 ], [ -123.690315, 41.996054 ], [ -123.685325, 41.995922 ], [ -123.683766, 41.995839 ], [ -123.681934, 41.995742 ], [ -123.680406, 41.995706 ], [ -123.677568, 41.995658 ], [ -123.675549, 41.995571 ], [ -123.672896, 41.995508 ], [ -123.670693, 41.995445 ], [ -123.668166, 41.995382 ], [ -123.667174, 41.995355 ], [ -123.665837, 41.995319 ], [ -123.663444, 41.995256 ], [ -123.66098, 41.995193 ], [ -123.658723, 41.99513 ], [ -123.657212, 41.995094 ], [ -123.656124, 41.995247 ], [ -123.653983, 41.995544 ], [ -123.651267, 41.99593 ], [ -123.649199, 41.996218 ], [ -123.646411, 41.996614 ], [ -123.644424, 41.996893 ], [ -123.641555, 41.997297 ], [ -123.6405, 41.997447 ], [ -123.639711, 41.997558 ], [ -123.636698, 41.997981 ], [ -123.635008, 41.998224 ], [ -123.631833, 41.998664 ], [ -123.631511, 41.99871 ], [ -123.630304, 41.99888 ], [ -123.627571, 41.999271 ], [ -123.626968, 41.999357 ], [ -123.626165, 41.999468 ], [ -123.625601, 41.999546 ], [ -123.625404, 41.999574 ], [ -123.625165, 41.999608 ], [ -123.624022, 41.99977 ], [ -123.623842, 41.999773 ], [ -123.62323, 41.999782 ], [ -123.622351, 41.999794 ], [ -123.622238, 41.999796 ], [ -123.622105, 41.999798 ], [ -123.620964, 41.999817 ], [ -123.620066, 41.999831 ], [ -123.617318, 41.999878 ], [ -123.616329, 41.999887 ], [ -123.616183, 41.99989 ], [ -123.615705, 41.999899 ], [ -123.614472, 41.999918 ], [ -123.612534, 41.99995 ], [ -123.611607, 41.999968 ], [ -123.610518, 41.999984 ], [ -123.610223, 41.999988 ], [ -123.610093, 41.99999 ], [ -123.609885, 41.999992 ], [ -123.607749, 42.000022 ], [ -123.606877, 42.00004 ], [ -123.602965, 42.000103 ], [ -123.6022, 42.000112 ], [ -123.59801, 42.000184 ], [ -123.597524, 42.000193 ], [ -123.593063, 42.000256 ], [ -123.592812, 42.000265 ], [ -123.592389, 42.000274 ], [ -123.59209, 42.000279 ], [ -123.591598, 42.000288 ], [ -123.588117, 42.000337 ], [ -123.583423, 42.000409 ], [ -123.583162, 42.000409 ], [ -123.578746, 42.000481 ], [ -123.577118, 42.000508 ], [ -123.576194, 42.000522 ], [ -123.574061, 42.000553 ], [ -123.573606, 42.00056 ], [ -123.572226, 42.00058 ], [ -123.571926, 42.000585 ], [ -123.57174, 42.000588 ], [ -123.570352, 42.00061 ], [ -123.569836, 42.000618 ], [ -123.569384, 42.000625 ], [ -123.569305, 42.000626 ], [ -123.567361, 42.000661 ], [ -123.564789, 42.000697 ], [ -123.564204, 42.000706 ], [ -123.562495, 42.000706 ], [ -123.559797, 42.000697 ], [ -123.557263, 42.000689 ], [ -123.556367, 42.000689 ], [ -123.554803, 42.000691 ], [ -123.552741, 42.000684 ], [ -123.552068, 42.000678 ], [ -123.549812, 42.000672 ], [ -123.548487, 42.00067 ], [ -123.547872, 42.00067 ], [ -123.545192, 42.000661 ], [ -123.545049, 42.000661 ], [ -123.544594, 42.000669 ], [ -123.544374, 42.000673 ], [ -123.544106, 42.000677 ], [ -123.543782, 42.000684 ], [ -123.542989, 42.000694 ], [ -123.540291, 42.000733 ], [ -123.538142, 42.00076 ], [ -123.535209, 42.000787 ], [ -123.534799, 42.000787 ], [ -123.534376, 42.000787 ], [ -123.533294, 42.000787 ], [ -123.530758, 42.000778 ], [ -123.530232, 42.000779 ], [ -123.530014, 42.000778 ], [ -123.528448, 42.000776 ], [ -123.526029, 42.000767 ], [ -123.523601, 42.000768 ], [ -123.519119, 42.00076 ], [ -123.518734, 42.00076 ], [ -123.517911, 42.000756 ], [ -123.517425, 42.000754 ], [ -123.516558, 42.000751 ], [ -123.514013, 42.00075 ], [ -123.513878, 42.000751 ], [ -123.511828, 42.000742 ], [ -123.511354, 42.000743 ], [ -123.510816, 42.000743 ], [ -123.509851, 42.000742 ], [ -123.509711, 42.000742 ], [ -123.509279, 42.000742 ], [ -123.509013, 42.000742 ], [ -123.507079, 42.000733 ], [ -123.506468, 42.000733 ], [ -123.505658, 42.000733 ], [ -123.504407, 42.000733 ], [ -123.504248, 42.000733 ], [ -123.502322, 42.000724 ], [ -123.501801, 42.000724 ], [ -123.501787, 42.000724 ], [ -123.500461, 42.000724 ], [ -123.499624, 42.000724 ], [ -123.499291, 42.000724 ], [ -123.498863, 42.00072 ], [ -123.498496, 42.00072 ], [ -123.498217, 42.000718 ], [ -123.497573, 42.000715 ], [ -123.494426, 42.000706 ], [ -123.492825, 42.000706 ], [ -123.490063, 42.000698 ], [ -123.489798, 42.000697 ], [ -123.4897, 42.000697 ], [ -123.48956, 42.000697 ], [ -123.488068, 42.000697 ], [ -123.484704, 42.000688 ], [ -123.483319, 42.000679 ], [ -123.482276, 42.000676 ], [ -123.482012, 42.000675 ], [ -123.481821, 42.000675 ], [ -123.479839, 42.00067 ], [ -123.479631, 42.00067 ], [ -123.478562, 42.00067 ], [ -123.474991, 42.000661 ], [ -123.473831, 42.000661 ], [ -123.471097, 42.000652 ], [ -123.470126, 42.000652 ], [ -123.46911, 42.000652 ], [ -123.46527, 42.000652 ], [ -123.464397, 42.000643 ], [ -123.462797, 42.000643 ], [ -123.459676, 42.000643 ], [ -123.459442, 42.000643 ], [ -123.455995, 42.00061 ], [ -123.454964, 42.000636 ], [ -123.454585, 42.000636 ], [ -123.454375, 42.000636 ], [ -123.452757, 42.000634 ], [ -123.450617, 42.000632 ], [ -123.44973, 42.000632 ], [ -123.44775, 42.00063 ], [ -123.446177, 42.000634 ], [ -123.44597, 42.000626 ], [ -123.444875, 42.000611 ], [ -123.44467, 42.000608 ], [ -123.443055, 42.000586 ], [ -123.441322, 42.000562 ], [ -123.440034, 42.000544 ], [ -123.439988, 42.000544 ], [ -123.439576, 42.000538 ], [ -123.439114, 42.000532 ], [ -123.438909, 42.000529 ], [ -123.438468, 42.000523 ], [ -123.438217, 42.00052 ], [ -123.436674, 42.000498 ], [ -123.434795, 42.000473 ], [ -123.433379, 42.000453 ], [ -123.432037, 42.000435 ], [ -123.430352, 42.000412 ], [ -123.42854, 42.000387 ], [ -123.4274, 42.000372 ], [ -123.425511, 42.000346 ], [ -123.425317, 42.000343 ], [ -123.423975, 42.000325 ], [ -123.422762, 42.000308 ], [ -123.420632, 42.000279 ], [ -123.418125, 42.000245 ], [ -123.415759, 42.000214 ], [ -123.415556, 42.000211 ], [ -123.414847, 42.000201 ], [ -123.414325, 42.000193 ], [ -123.414229, 42.000191 ], [ -123.408266, 42.000111 ], [ -123.408006, 42.000107 ], [ -123.406967, 42.000094 ], [ -123.40679, 42.00009 ], [ -123.405996, 42.000079 ], [ -123.405802, 42.000076 ], [ -123.404264, 42.000055 ], [ -123.402559, 42.000032 ], [ -123.401123, 42.000012 ], [ -123.399906, 41.999996 ], [ -123.399824, 41.999995 ], [ -123.397708, 41.999966 ], [ -123.396256, 41.999946 ], [ -123.396096, 41.999943 ], [ -123.395015, 41.999928 ], [ -123.393074, 41.999902 ], [ -123.391753, 41.999883 ], [ -123.391392, 41.999878 ], [ -123.390372, 41.999864 ], [ -123.387999, 41.999831 ], [ -123.386518, 41.999811 ], [ -123.385743, 41.999806 ], [ -123.383125, 41.999764 ], [ -123.381607, 41.999743 ], [ -123.381511, 41.999745 ], [ -123.381102, 41.999743 ], [ -123.379872, 41.999721 ], [ -123.37825, 41.999699 ], [ -123.376748, 41.999678 ], [ -123.376489, 41.999675 ], [ -123.375007, 41.999654 ], [ -123.373385, 41.999632 ], [ -123.37187, 41.999611 ], [ -123.36987, 41.999584 ], [ -123.368328, 41.999563 ], [ -123.367254, 41.999556 ], [ -123.366992, 41.999546 ], [ -123.365266, 41.999521 ], [ -123.363641, 41.999499 ], [ -123.362639, 41.999485 ], [ -123.362106, 41.999478 ], [ -123.360392, 41.999454 ], [ -123.359401, 41.999441 ], [ -123.358035, 41.999411 ], [ -123.357221, 41.999411 ], [ -123.357183, 41.99941 ], [ -123.357145, 41.99941 ], [ -123.357113, 41.999409 ], [ -123.356299, 41.999398 ], [ -123.355517, 41.999387 ], [ -123.353461, 41.999359 ], [ -123.352336, 41.999344 ], [ -123.350642, 41.999321 ], [ -123.348884, 41.999297 ], [ -123.347451, 41.999277 ], [ -123.346955, 41.999276 ], [ -123.345475, 41.999332 ], [ -123.344311, 41.999381 ], [ -123.342666, 41.999451 ], [ -123.342399, 41.99946 ], [ -123.332591, 41.999869 ], [ -123.331856, 41.999902 ], [ -123.331786, 41.999906 ], [ -123.330545, 41.999957 ], [ -123.328096, 42.000058 ], [ -123.326631, 42.000118 ], [ -123.325843, 42.00015 ], [ -123.325693, 42.000157 ], [ -123.324531, 42.000205 ], [ -123.323213, 42.000265 ], [ -123.32135, 42.000338 ], [ -123.319956, 42.000396 ], [ -123.318338, 42.000463 ], [ -123.316858, 42.000525 ], [ -123.314934, 42.000605 ], [ -123.313455, 42.00067 ], [ -123.312366, 42.000707 ], [ -123.310222, 42.000792 ], [ -123.308581, 42.000859 ], [ -123.30787, 42.000886 ], [ -123.306663, 42.000933 ], [ -123.305351, 42.000985 ], [ -123.303706, 42.00105 ], [ -123.301861, 42.001123 ], [ -123.300509, 42.001177 ], [ -123.298877, 42.001245 ], [ -123.298855, 42.001245 ], [ -123.298832, 42.001245 ], [ -123.297227, 42.001281 ], [ -123.295611, 42.001319 ], [ -123.293978, 42.001385 ], [ -123.292353, 42.001451 ], [ -123.291401, 42.001504 ], [ -123.29073, 42.001541 ], [ -123.289085, 42.001632 ], [ -123.287498, 42.001673 ], [ -123.2865, 42.001699 ], [ -123.286032, 42.001711 ], [ -123.285734, 42.001721 ], [ -123.284285, 42.00178 ], [ -123.282675, 42.001846 ], [ -123.281068, 42.001912 ], [ -123.279461, 42.001978 ], [ -123.277853, 42.002043 ], [ -123.276246, 42.002109 ], [ -123.274639, 42.002175 ], [ -123.273745, 42.002211 ], [ -123.273541, 42.002219 ], [ -123.273414, 42.002225 ], [ -123.272696, 42.002258 ], [ -123.271971, 42.002295 ], [ -123.271425, 42.002323 ], [ -123.270813, 42.002354 ], [ -123.269811, 42.002405 ], [ -123.268202, 42.002455 ], [ -123.266586, 42.002504 ], [ -123.264971, 42.002571 ], [ -123.263355, 42.002637 ], [ -123.26174, 42.002715 ], [ -123.260124, 42.002795 ], [ -123.25851, 42.002857 ], [ -123.256895, 42.002922 ], [ -123.25528, 42.002986 ], [ -123.255039, 42.002996 ], [ -123.253317, 42.003064 ], [ -123.252048, 42.003114 ], [ -123.250432, 42.003179 ], [ -123.248809, 42.003238 ], [ -123.247185, 42.003298 ], [ -123.245561, 42.003364 ], [ -123.24432, 42.003415 ], [ -123.243937, 42.003431 ], [ -123.242314, 42.003497 ], [ -123.240725, 42.003563 ], [ -123.239214, 42.003623 ], [ -123.237739, 42.003681 ], [ -123.23587, 42.003758 ], [ -123.235178, 42.003785 ], [ -123.234516, 42.003811 ], [ -123.23292, 42.003873 ], [ -123.23278, 42.003878 ], [ -123.231113, 42.003943 ], [ -123.230761, 42.003958 ], [ -123.228556, 42.004048 ], [ -123.225075, 42.004185 ], [ -123.224395, 42.004218 ], [ -123.222408, 42.004286 ], [ -123.21621, 42.004564 ], [ -123.214567, 42.004629 ], [ -123.211349, 42.004709 ], [ -123.201797, 42.005095 ], [ -123.196246, 42.005371 ], [ -123.192324, 42.005473 ], [ -123.191426, 42.005497 ], [ -123.190021, 42.005551 ], [ -123.185908, 42.005707 ], [ -123.183923, 42.005789 ], [ -123.181447, 42.00598 ], [ -123.175568, 42.006426 ], [ -123.171899, 42.006712 ], [ -123.166256, 42.007155 ], [ -123.156514, 42.007918 ], [ -123.155793, 42.007967 ], [ -123.154508, 42.008075 ], [ -123.154207, 42.008098 ], [ -123.153781, 42.008132 ], [ -123.153522, 42.008153 ], [ -123.153387, 42.008163 ], [ -123.151957, 42.008279 ], [ -123.145735, 42.008761 ], [ -123.131862, 42.00844 ], [ -123.130303, 42.008405 ], [ -123.128935, 42.008372 ], [ -123.125165, 42.00816 ], [ -123.120465, 42.007885 ], [ -123.116027, 42.007629 ], [ -123.11207, 42.007406 ], [ -123.104072, 42.006798 ], [ -123.102955, 42.006711 ], [ -123.102713, 42.006693 ], [ -123.101343, 42.006596 ], [ -123.100602, 42.006538 ], [ -123.093982, 42.006042 ], [ -123.08574, 42.005424 ], [ -123.082217, 42.00516 ], [ -123.080938, 42.005064 ], [ -123.072313, 42.004948 ], [ -123.066779, 42.004875 ], [ -123.064611, 42.004843 ], [ -123.063751, 42.004831 ], [ -123.062882, 42.00482 ], [ -123.055994, 42.004186 ], [ -123.051271, 42.003755 ], [ -123.045311, 42.003204 ], [ -123.043997, 42.003084 ], [ -123.0432, 42.003087 ], [ -123.042792, 42.003088 ], [ -123.037709, 42.003107 ], [ -123.032273, 42.003126 ], [ -123.031677, 42.003128 ], [ -123.023706, 42.003149 ], [ -123.017874, 42.003141 ], [ -123.012802, 42.003134 ], [ -123.007716, 42.003127 ], [ -123.001025, 42.003173 ], [ -122.998141, 42.003199 ], [ -122.998144, 42.003246 ], [ -122.995483, 42.003265 ], [ -122.994847, 42.003269 ], [ -122.99347, 42.003246 ], [ -122.992581, 42.003254 ], [ -122.988318, 42.003286 ], [ -122.98819, 42.003287 ], [ -122.987706, 42.00329 ], [ -122.982285, 42.003354 ], [ -122.97837, 42.0034 ], [ -122.977416, 42.003412 ], [ -122.973485, 42.003459 ], [ -122.97254, 42.003476 ], [ -122.968601, 42.003517 ], [ -122.967979, 42.003524 ], [ -122.967745, 42.003523 ], [ -122.963801, 42.003507 ], [ -122.962943, 42.003503 ], [ -122.961661, 42.003498 ], [ -122.961451, 42.003501 ], [ -122.959129, 42.003487 ], [ -122.958962, 42.003491 ], [ -122.958671, 42.003489 ], [ -122.952396, 42.003451 ], [ -122.941544, 42.003488 ], [ -122.912952, 42.003556 ], [ -122.902541, 42.003656 ], [ -122.902248, 42.003659 ], [ -122.902121, 42.00366 ], [ -122.902039, 42.003661 ], [ -122.893602, 42.003753 ], [ -122.889935, 42.003785 ], [ -122.888409, 42.003803 ], [ -122.880123, 42.003906 ], [ -122.875516, 42.003962 ], [ -122.873226, 42.003986 ], [ -122.870868, 42.003962 ], [ -122.868127, 42.003947 ], [ -122.867298, 42.003945 ], [ -122.862411, 42.003919 ], [ -122.854919, 42.003873 ], [ -122.84167, 42.003998 ], [ -122.839716, 42.004022 ], [ -122.839177, 42.004025 ], [ -122.839091, 42.004026 ], [ -122.838271, 42.004032 ], [ -122.837654, 42.004037 ], [ -122.837244, 42.004044 ], [ -122.830159, 42.00411 ], [ -122.829868, 42.004115 ], [ -122.826571, 42.004105 ], [ -122.826445, 42.004105 ], [ -122.82504, 42.00411 ], [ -122.821571, 42.004123 ], [ -122.820018, 42.004128 ], [ -122.813845, 42.004141 ], [ -122.81074, 42.004125 ], [ -122.802794, 42.004097 ], [ -122.801484, 42.004095 ], [ -122.799792, 42.004087 ], [ -122.799037, 42.004083 ], [ -122.798165, 42.00408 ], [ -122.797251, 42.004077 ], [ -122.796298, 42.004073 ], [ -122.796111, 42.004072 ], [ -122.794195, 42.004065 ], [ -122.792624, 42.004059 ], [ -122.792431, 42.004058 ], [ -122.791138, 42.004053 ], [ -122.790447, 42.00405 ], [ -122.78949, 42.004046 ], [ -122.788009, 42.004041 ], [ -122.784534, 42.004027 ], [ -122.784271, 42.004026 ], [ -122.784107, 42.004027 ], [ -122.783601, 42.004024 ], [ -122.782694, 42.00402 ], [ -122.781118, 42.004014 ], [ -122.78095, 42.004013 ], [ -122.780795, 42.004016 ], [ -122.780513, 42.004012 ], [ -122.779031, 42.004005 ], [ -122.777186, 42.004005 ], [ -122.768808, 42.004058 ], [ -122.768004, 42.004061 ], [ -122.766071, 42.004073 ], [ -122.762193, 42.004101 ], [ -122.761645, 42.004103 ], [ -122.761513, 42.004103 ], [ -122.76113, 42.004105 ], [ -122.760623, 42.004109 ], [ -122.759927, 42.004115 ], [ -122.757697, 42.004123 ], [ -122.754665, 42.004128 ], [ -122.753939, 42.004131 ], [ -122.753635, 42.004133 ], [ -122.749787, 42.004141 ], [ -122.747749, 42.004145 ], [ -122.747267, 42.004146 ], [ -122.744412, 42.004157 ], [ -122.743392, 42.004159 ], [ -122.739872, 42.004159 ], [ -122.738331, 42.004157 ], [ -122.738221, 42.004153 ], [ -122.738147, 42.004157 ], [ -122.736739, 42.004154 ], [ -122.725917, 42.00414 ], [ -122.725773, 42.00414 ], [ -122.724759, 42.00421 ], [ -122.721968, 42.004136 ], [ -122.7219, 42.004136 ], [ -122.721386, 42.004123 ], [ -122.720793, 42.004132 ], [ -122.720671, 42.004143 ], [ -122.720365, 42.00417 ], [ -122.719933, 42.004208 ], [ -122.718994, 42.004197 ], [ -122.716862, 42.004167 ], [ -122.716567, 42.004162 ], [ -122.716167, 42.004157 ], [ -122.715571, 42.004157 ], [ -122.715162, 42.004243 ], [ -122.713058, 42.004211 ], [ -122.712351, 42.004201 ], [ -122.710975, 42.00418 ], [ -122.71066, 42.004176 ], [ -122.709768, 42.004179 ], [ -122.708451, 42.004187 ], [ -122.706856, 42.004198 ], [ -122.706419, 42.0042 ], [ -122.704165, 42.004215 ], [ -122.702787, 42.004224 ], [ -122.695948, 42.004304 ], [ -122.683549, 42.004455 ], [ -122.678334, 42.004565 ], [ -122.677916, 42.004574 ], [ -122.677237, 42.004588 ], [ -122.675924, 42.004616 ], [ -122.673749, 42.004662 ], [ -122.672521, 42.004687 ], [ -122.664807, 42.00485 ], [ -122.662256, 42.004873 ], [ -122.661399, 42.004882 ], [ -122.66087, 42.00488 ], [ -122.658407, 42.004894 ], [ -122.656049, 42.004907 ], [ -122.65498, 42.004922 ], [ -122.654415, 42.004916 ], [ -122.653949, 42.004918 ], [ -122.652543, 42.004926 ], [ -122.651098, 42.004933 ], [ -122.649598, 42.004941 ], [ -122.649154, 42.004944 ], [ -122.648444, 42.004948 ], [ -122.6481, 42.00495 ], [ -122.647651, 42.004952 ], [ -122.646612, 42.004962 ], [ -122.646425, 42.004964 ], [ -122.64612, 42.004962 ], [ -122.645776, 42.004967 ], [ -122.645485, 42.004964 ], [ -122.645419, 42.004964 ], [ -122.645221, 42.004968 ], [ -122.637867, 42.005015 ], [ -122.634696, 42.005036 ], [ -122.63161, 42.005059 ], [ -122.630552, 42.005067 ], [ -122.625315, 42.005143 ], [ -122.623209, 42.005206 ], [ -122.621932, 42.005246 ], [ -122.620387, 42.005295 ], [ -122.618384, 42.005358 ], [ -122.615692, 42.005441 ], [ -122.615339, 42.005453 ], [ -122.611599, 42.00557 ], [ -122.607473, 42.005699 ], [ -122.596005, 42.006086 ], [ -122.59518, 42.006114 ], [ -122.594415, 42.00614 ], [ -122.592797, 42.006195 ], [ -122.59166, 42.006233 ], [ -122.590391, 42.006276 ], [ -122.583817, 42.006498 ], [ -122.574281, 42.00682 ], [ -122.573916, 42.006832 ], [ -122.566993, 42.007058 ], [ -122.562305, 42.007182 ], [ -122.56039, 42.007233 ], [ -122.559272, 42.007268 ], [ -122.54999, 42.007505 ], [ -122.548911, 42.007518 ], [ -122.537621, 42.007629 ], [ -122.522521, 42.007918 ], [ -122.522432, 42.007922 ], [ -122.521861, 42.007931 ], [ -122.520377, 42.007959 ], [ -122.519037, 42.007983 ], [ -122.518734, 42.007989 ], [ -122.517423, 42.008013 ], [ -122.515541, 42.008048 ], [ -122.515301, 42.008052 ], [ -122.513892, 42.008057 ], [ -122.512321, 42.008062 ], [ -122.510858, 42.008067 ], [ -122.509082, 42.008073 ], [ -122.506176, 42.008083 ], [ -122.493322, 42.008121 ], [ -122.492207, 42.00812 ], [ -122.490147, 42.008124 ], [ -122.477395, 42.00815 ], [ -122.475594, 42.008152 ], [ -122.474703, 42.008154 ], [ -122.473748, 42.008155 ], [ -122.472349, 42.008163 ], [ -122.470666, 42.008173 ], [ -122.469871, 42.008177 ], [ -122.467641, 42.00819 ], [ -122.465751, 42.0082 ], [ -122.465051, 42.008205 ], [ -122.462705, 42.008217 ], [ -122.461011, 42.008226 ], [ -122.45938, 42.008236 ], [ -122.457716, 42.008246 ], [ -122.457473, 42.008249 ], [ -122.456158, 42.008256 ], [ -122.455344, 42.008261 ], [ -122.454909, 42.008281 ], [ -122.454605, 42.008279 ], [ -122.451357, 42.008272 ], [ -122.450473, 42.008274 ], [ -122.448165, 42.008279 ], [ -122.446558, 42.008283 ], [ -122.445604, 42.008285 ], [ -122.444086, 42.008295 ], [ -122.431385, 42.008321 ], [ -122.416638, 42.00838 ], [ -122.407598, 42.008533 ], [ -122.403462, 42.008604 ], [ -122.402144, 42.008629 ], [ -122.401369, 42.00864 ], [ -122.399026, 42.008683 ], [ -122.397725, 42.008702 ], [ -122.397271, 42.00871 ], [ -122.388017, 42.009092 ], [ -122.38264, 42.009306 ], [ -122.378511, 42.009485 ], [ -122.378353, 42.009491 ], [ -122.378161, 42.009499 ], [ -122.378049, 42.009503 ], [ -122.374597, 42.009442 ], [ -122.370441, 42.009368 ], [ -122.368664, 42.009336 ], [ -122.368255, 42.009329 ], [ -122.36805, 42.00933 ], [ -122.367849, 42.009327 ], [ -122.367317, 42.009317 ], [ -122.365921, 42.00929 ], [ -122.363926, 42.009253 ], [ -122.360161, 42.009192 ], [ -122.35602, 42.009145 ], [ -122.352014, 42.009113 ], [ -122.350009, 42.009092 ], [ -122.343299, 42.009045 ], [ -122.338986, 42.008989 ], [ -122.333888, 42.008892 ], [ -122.329066, 42.008791 ], [ -122.324068, 42.008697 ], [ -122.320293, 42.008609 ], [ -122.314452, 42.008521 ], [ -122.314229, 42.008531 ], [ -122.309587, 42.008449 ], [ -122.309326, 42.008461 ], [ -122.306742, 42.008407 ], [ -122.304713, 42.008368 ], [ -122.304431, 42.008393 ], [ -122.296286, 42.008225 ], [ -122.289748, 42.008098 ], [ -122.289066, 42.008096 ], [ -122.288045, 42.008084 ], [ -122.286656, 42.008073 ], [ -122.284836, 42.008003 ], [ -122.282239, 42.007963 ], [ -122.280784, 42.007941 ], [ -122.280114, 42.00793 ], [ -122.27861, 42.007907 ], [ -122.276976, 42.007882 ], [ -122.275308, 42.007856 ], [ -122.270792, 42.007787 ], [ -122.268702, 42.007733 ], [ -122.265584, 42.007684 ], [ -122.262203, 42.007667 ], [ -122.261344, 42.007617 ], [ -122.260687, 42.007618 ], [ -122.255791, 42.007632 ], [ -122.250893, 42.007646 ], [ -122.250018, 42.007648 ], [ -122.248908, 42.007645 ], [ -122.247562, 42.007645 ], [ -122.246001, 42.007645 ], [ -122.24484, 42.007656 ], [ -122.243165, 42.007645 ], [ -122.241875, 42.007663 ], [ -122.241087, 42.00766 ], [ -122.239392, 42.007654 ], [ -122.238253, 42.007644 ], [ -122.236196, 42.007644 ], [ -122.221648, 42.007592 ], [ -122.220623, 42.00759 ], [ -122.18941, 42.007482 ], [ -122.18902, 42.007481 ], [ -122.188796, 42.00748 ], [ -122.188773, 42.007479 ], [ -122.188642, 42.007478 ], [ -122.18858, 42.007479 ], [ -122.186953, 42.007466 ], [ -122.186699, 42.007464 ], [ -122.186567, 42.007463 ], [ -122.186335, 42.007462 ], [ -122.186265, 42.007456 ], [ -122.186155, 42.007456 ], [ -122.185826, 42.007456 ], [ -122.185524, 42.007456 ], [ -122.185496, 42.007456 ], [ -122.185425, 42.007455 ], [ -122.184072, 42.007448 ], [ -122.1838, 42.007446 ], [ -122.182281, 42.007435 ], [ -122.181998, 42.007433 ], [ -122.180278, 42.00742 ], [ -122.179127, 42.007412 ], [ -122.176664, 42.007397 ], [ -122.175983, 42.007389 ], [ -122.174935, 42.007381 ], [ -122.173486, 42.007371 ], [ -122.172562, 42.007364 ], [ -122.172069, 42.007361 ], [ -122.170723, 42.00735 ], [ -122.169233, 42.007339 ], [ -122.168348, 42.007333 ], [ -122.164571, 42.007306 ], [ -122.163511, 42.007264 ], [ -122.161991, 42.007207 ], [ -122.161693, 42.007196 ], [ -122.159918, 42.00713 ], [ -122.159364, 42.007109 ], [ -122.158656, 42.007083 ], [ -122.15863, 42.007082 ], [ -122.157073, 42.007024 ], [ -122.156995, 42.007021 ], [ -122.156877, 42.007017 ], [ -122.155493, 42.006966 ], [ -122.155263, 42.006957 ], [ -122.1538, 42.006902 ], [ -122.152858, 42.006867 ], [ -122.152167, 42.006842 ], [ -122.150608, 42.006783 ], [ -122.148945, 42.006721 ], [ -122.147612, 42.006668 ], [ -122.147463, 42.006656 ], [ -122.146345, 42.006618 ], [ -122.145113, 42.00657 ], [ -122.144272, 42.006556 ], [ -122.144058, 42.006552 ], [ -122.142353, 42.006523 ], [ -122.132572, 42.006355 ], [ -122.131266, 42.006333 ], [ -122.129385, 42.0063 ], [ -122.128873, 42.006292 ], [ -122.128051, 42.006278 ], [ -122.126197, 42.006246 ], [ -122.125839, 42.00624 ], [ -122.124504, 42.006227 ], [ -122.119622, 42.00618 ], [ -122.11857, 42.006169 ], [ -122.115957, 42.006144 ], [ -122.109731, 42.006082 ], [ -122.106505, 42.005992 ], [ -122.105082, 42.005987 ], [ -122.098039, 42.005952 ], [ -122.092749, 42.005931 ], [ -122.087166, 42.005923 ], [ -122.086479, 42.005912 ], [ -122.0794, 42.005839 ], [ -122.068847, 42.005728 ], [ -122.067761, 42.005715 ], [ -122.065547, 42.005685 ], [ -122.064662, 42.005673 ], [ -122.063714, 42.00566 ], [ -122.060892, 42.005597 ], [ -122.058832, 42.005561 ], [ -122.05791, 42.005546 ], [ -122.056583, 42.005526 ], [ -122.053971, 42.005479 ], [ -122.052854, 42.005459 ], [ -122.051176, 42.005436 ], [ -122.049063, 42.005406 ], [ -122.048217, 42.00539 ], [ -122.047234, 42.005339 ], [ -122.04619, 42.005283 ], [ -122.044218, 42.005178 ], [ -122.04295, 42.005118 ], [ -122.041307, 42.00504 ], [ -122.039106, 42.004928 ], [ -122.036424, 42.004796 ], [ -122.034563, 42.004696 ], [ -122.033174, 42.004683 ], [ -122.031536, 42.004668 ], [ -122.028729, 42.004643 ], [ -122.026643, 42.004589 ], [ -122.025005, 42.004552 ], [ -122.023398, 42.004506 ], [ -122.017345, 42.004351 ], [ -122.014821, 42.004283 ], [ -122.01086, 42.004185 ], [ -122.009283, 42.004144 ], [ -122.008229, 42.004125 ], [ -122.007095, 42.004103 ], [ -122.005599, 42.004079 ], [ -122.003907, 42.004041 ], [ -122.00238, 42.004008 ], [ -122.000864, 42.003983 ], [ -122.00041, 42.003973 ], [ -122.00009, 42.003966 ], [ -121.99906, 42.003943 ], [ -121.997663, 42.003912 ], [ -121.996127, 42.003887 ], [ -121.994211, 42.003884 ], [ -121.991201, 42.003879 ], [ -121.987756, 42.003855 ], [ -121.986274, 42.003842 ], [ -121.982773, 42.00381 ], [ -121.981348, 42.003797 ], [ -121.97779, 42.003764 ], [ -121.97627, 42.003749 ], [ -121.975148, 42.003739 ], [ -121.974673, 42.003737 ], [ -121.971176, 42.003706 ], [ -121.970429, 42.003695 ], [ -121.967919, 42.003647 ], [ -121.962913, 42.003573 ], [ -121.957531, 42.003485 ], [ -121.95743, 42.003485 ], [ -121.956335, 42.003529 ], [ -121.954086, 42.003628 ], [ -121.953178, 42.003667 ], [ -121.952547, 42.003656 ], [ -121.950991, 42.003647 ], [ -121.948696, 42.00366 ], [ -121.948193, 42.003651 ], [ -121.947772, 42.003647 ], [ -121.946194, 42.003691 ], [ -121.94428, 42.003746 ], [ -121.943059, 42.003736 ], [ -121.941455, 42.003772 ], [ -121.939829, 42.003808 ], [ -121.938313, 42.00378 ], [ -121.935217, 42.003772 ], [ -121.933431, 42.003743 ], [ -121.932087, 42.003718 ], [ -121.930586, 42.003701 ], [ -121.928427, 42.003683 ], [ -121.926725, 42.00367 ], [ -121.925963, 42.003665 ], [ -121.922538, 42.003649 ], [ -121.918757, 42.003653 ], [ -121.917767, 42.003622 ], [ -121.914831, 42.003547 ], [ -121.912644, 42.003494 ], [ -121.909866, 42.003467 ], [ -121.909074, 42.003458 ], [ -121.908124, 42.003447 ], [ -121.901904, 42.003384 ], [ -121.901735, 42.003377 ], [ -121.901488, 42.003396 ], [ -121.899418, 42.003454 ], [ -121.896879, 42.003323 ], [ -121.892014, 42.003269 ], [ -121.891775, 42.003266 ], [ -121.891327, 42.003259 ], [ -121.889217, 42.003237 ], [ -121.884675, 42.003179 ], [ -121.882292, 42.003151 ], [ -121.880854, 42.003131 ], [ -121.879733, 42.003116 ], [ -121.879525, 42.003113 ], [ -121.87748, 42.003088 ], [ -121.876213, 42.003071 ], [ -121.873904, 42.003062 ], [ -121.869926, 42.003026 ], [ -121.868699, 42.003017 ], [ -121.863029, 42.002954 ], [ -121.860072, 42.00296 ], [ -121.857938, 42.002918 ], [ -121.852848, 42.002855 ], [ -121.851087, 42.002832 ], [ -121.850224, 42.002821 ], [ -121.847758, 42.002801 ], [ -121.845248, 42.002774 ], [ -121.844197, 42.002756 ], [ -121.842667, 42.002738 ], [ -121.840377, 42.002682 ], [ -121.837802, 42.002666 ], [ -121.835406, 42.002612 ], [ -121.834391, 42.002598 ], [ -121.832946, 42.002594 ], [ -121.830523, 42.002543 ], [ -121.825146, 42.002468 ], [ -121.82511, 42.002467 ], [ -121.825079, 42.002467 ], [ -121.82502, 42.002466 ], [ -121.824566, 42.00246 ], [ -121.823966, 42.002451 ], [ -121.820674, 42.002405 ], [ -121.819613, 42.002386 ], [ -121.817542, 42.002349 ], [ -121.816189, 42.002324 ], [ -121.816016, 42.002321 ], [ -121.815711, 42.002316 ], [ -121.815391, 42.00231 ], [ -121.815132, 42.002306 ], [ -121.814654, 42.002297 ], [ -121.813364, 42.002278 ], [ -121.810782, 42.00224 ], [ -121.809142, 42.002216 ], [ -121.807502, 42.002192 ], [ -121.805862, 42.002168 ], [ -121.80397, 42.002144 ], [ -121.802464, 42.002133 ], [ -121.800981, 42.002122 ], [ -121.799302, 42.002081 ], [ -121.796009, 42.002029 ], [ -121.794634, 42.00201 ], [ -121.791084, 42.00196 ], [ -121.789964, 42.001944 ], [ -121.78616, 42.001891 ], [ -121.785294, 42.001879 ], [ -121.782915, 42.001846 ], [ -121.78042, 42.001811 ], [ -121.779631, 42.001799 ], [ -121.778167, 42.001779 ], [ -121.777998, 42.001776 ], [ -121.777856, 42.001774 ], [ -121.777709, 42.001772 ], [ -121.77754, 42.00177 ], [ -121.776311, 42.001753 ], [ -121.773962, 42.00172 ], [ -121.772728, 42.001703 ], [ -121.770501, 42.001672 ], [ -121.769748, 42.001661 ], [ -121.766466, 42.001615 ], [ -121.76484, 42.001592 ], [ -121.763552, 42.001572 ], [ -121.756783, 42.001475 ], [ -121.756642, 42.001475 ], [ -121.751539, 42.001406 ], [ -121.74564, 42.001323 ], [ -121.741906, 42.001271 ], [ -121.740263, 42.001247 ], [ -121.737332, 42.001206 ], [ -121.737089, 42.001223 ], [ -121.729874, 42.001121 ], [ -121.722684, 42.001019 ], [ -121.722458, 42.001017 ], [ -121.722308, 42.001014 ], [ -121.718855, 42.000947 ], [ -121.71849, 42.00094 ], [ -121.717922, 42.000933 ], [ -121.716151, 42.000913 ], [ -121.713043, 42.000883 ], [ -121.712617, 42.000877 ], [ -121.709946, 42.000823 ], [ -121.708233, 42.0008 ], [ -121.708137, 42.000799 ], [ -121.707887, 42.000795 ], [ -121.707643, 42.000792 ], [ -121.706847, 42.000782 ], [ -121.706242, 42.000774 ], [ -121.705382, 42.000763 ], [ -121.70509, 42.00076 ], [ -121.705017, 42.000759 ], [ -121.704199, 42.000753 ], [ -121.70312, 42.000745 ], [ -121.701507, 42.000712 ], [ -121.701377, 42.000709 ], [ -121.700537, 42.000694 ], [ -121.700233, 42.000688 ], [ -121.699552, 42.000678 ], [ -121.698221, 42.000659 ], [ -121.695382, 42.000618 ], [ -121.69468, 42.000608 ], [ -121.693184, 42.000587 ], [ -121.693051, 42.000585 ], [ -121.690527, 42.00055 ], [ -121.68908, 42.000529 ], [ -121.68827, 42.000517 ], [ -121.685574, 42.00048 ], [ -121.683404, 42.000467 ], [ -121.680619, 42.000408 ], [ -121.67843, 42.000378 ], [ -121.678249, 42.000375 ], [ -121.676735, 42.000354 ], [ -121.675741, 42.00034 ], [ -121.674245, 42.000318 ], [ -121.673494, 42.000307 ], [ -121.67337, 42.000303 ], [ -121.672935, 42.000285 ], [ -121.671047, 42.000298 ], [ -121.670823, 42.00027 ], [ -121.670434, 42.00027 ], [ -121.669649, 42.000264 ], [ -121.669071, 42.000259 ], [ -121.668551, 42.000235 ], [ -121.665969, 42.000202 ], [ -121.663608, 42.000163 ], [ -121.66346, 42.000161 ], [ -121.663184, 42.000157 ], [ -121.662145, 42.000143 ], [ -121.661086, 42.00013 ], [ -121.660103, 42.000116 ], [ -121.658666, 42.000092 ], [ -121.657564, 42.000076 ], [ -121.656931, 42.000067 ], [ -121.656225, 42.000057 ], [ -121.655521, 42.000047 ], [ -121.654458, 42.000031 ], [ -121.652312, 42.000004 ], [ -121.649475, 41.999964 ], [ -121.646154, 41.999918 ], [ -121.644069, 41.999886 ], [ -121.641894, 41.999855 ], [ -121.641856, 41.999854 ], [ -121.641749, 41.999853 ], [ -121.640795, 41.999839 ], [ -121.640774, 41.999848 ], [ -121.640639, 41.999846 ], [ -121.640511, 41.999835 ], [ -121.639203, 41.999816 ], [ -121.638938, 41.999812 ], [ -121.637548, 41.999794 ], [ -121.634486, 41.999752 ], [ -121.634311, 41.999749 ], [ -121.633491, 41.999738 ], [ -121.632543, 41.999724 ], [ -121.629258, 41.999681 ], [ -121.628989, 41.999677 ], [ -121.628802, 41.999674 ], [ -121.62861, 41.999672 ], [ -121.628447, 41.999669 ], [ -121.628272, 41.999667 ], [ -121.626717, 41.999646 ], [ -121.623364, 41.9996 ], [ -121.622655, 41.99959 ], [ -121.619638, 41.999549 ], [ -121.615944, 41.999503 ], [ -121.612562, 41.999469 ], [ -121.610539, 41.999447 ], [ -121.607612, 41.99942 ], [ -121.606342, 41.999405 ], [ -121.603753, 41.999381 ], [ -121.602257, 41.99937 ], [ -121.601693, 41.999365 ], [ -121.601331, 41.999363 ], [ -121.600302, 41.999355 ], [ -121.598465, 41.999326 ], [ -121.598184, 41.99932 ], [ -121.597699, 41.999313 ], [ -121.59541, 41.999277 ], [ -121.591106, 41.999164 ], [ -121.589789, 41.999155 ], [ -121.580822, 41.999005 ], [ -121.577597, 41.998951 ], [ -121.564777, 41.998747 ], [ -121.564004, 41.998738 ], [ -121.561022, 41.998701 ], [ -121.559384, 41.998681 ], [ -121.555282, 41.99863 ], [ -121.546317, 41.998512 ], [ -121.545082, 41.998506 ], [ -121.539811, 41.998482 ], [ -121.53586, 41.998463 ], [ -121.535314, 41.998456 ], [ -121.53516, 41.998455 ], [ -121.535065, 41.998453 ], [ -121.530251, 41.998395 ], [ -121.525539, 41.998339 ], [ -121.522418, 41.998288 ], [ -121.520523, 41.998278 ], [ -121.520188, 41.998272 ], [ -121.519446, 41.99826 ], [ -121.512134, 41.998204 ], [ -121.505976, 41.998137 ], [ -121.502663, 41.998102 ], [ -121.50241, 41.998099 ], [ -121.497284, 41.998035 ], [ -121.492693, 41.997987 ], [ -121.492453, 41.997982 ], [ -121.488153, 41.997942 ], [ -121.486506, 41.997928 ], [ -121.483204, 41.997899 ], [ -121.48278, 41.997895 ], [ -121.47217, 41.997767 ], [ -121.470252, 41.997744 ], [ -121.467077, 41.997716 ], [ -121.464889, 41.997697 ], [ -121.463105, 41.997662 ], [ -121.463084, 41.997662 ], [ -121.462312, 41.997652 ], [ -121.460259, 41.997627 ], [ -121.45673, 41.997587 ], [ -121.452241, 41.997529 ], [ -121.452087, 41.997528 ], [ -121.448311, 41.997505 ], [ -121.448211, 41.997488 ], [ -121.448139, 41.99747 ], [ -121.447739, 41.997467 ], [ -121.447616, 41.997466 ], [ -121.447538, 41.997465 ], [ -121.447458, 41.997464 ], [ -121.447205, 41.997461 ], [ -121.44654, 41.997454 ], [ -121.445186, 41.997438 ], [ -121.442344, 41.997405 ], [ -121.441103, 41.997391 ], [ -121.440924, 41.997389 ], [ -121.440664, 41.997386 ], [ -121.440366, 41.997383 ], [ -121.440332, 41.997382 ], [ -121.44016, 41.99738 ], [ -121.437483, 41.997349 ], [ -121.435531, 41.997327 ], [ -121.435477, 41.997326 ], [ -121.433589, 41.997305 ], [ -121.432622, 41.997294 ], [ -121.432208, 41.997289 ], [ -121.430639, 41.997271 ], [ -121.430505, 41.997269 ], [ -121.429761, 41.997261 ], [ -121.429069, 41.997253 ], [ -121.427762, 41.997238 ], [ -121.425796, 41.997216 ], [ -121.423052, 41.997185 ], [ -121.422855, 41.997182 ], [ -121.421507, 41.997167 ], [ -121.420939, 41.997162 ], [ -121.418153, 41.997127 ], [ -121.417907, 41.997124 ], [ -121.417772, 41.997122 ], [ -121.417506, 41.997119 ], [ -121.417467, 41.997119 ], [ -121.417447, 41.997119 ], [ -121.417421, 41.997118 ], [ -121.417392, 41.997123 ], [ -121.417083, 41.997115 ], [ -121.416081, 41.997103 ], [ -121.413183, 41.99707 ], [ -121.413154, 41.99707 ], [ -121.411225, 41.997048 ], [ -121.410131, 41.997036 ], [ -121.409145, 41.997025 ], [ -121.408324, 41.997015 ], [ -121.407812, 41.99701 ], [ -121.40686, 41.996998 ], [ -121.40637, 41.996992 ], [ -121.406224, 41.99699 ], [ -121.403459, 41.996961 ], [ -121.403286, 41.996959 ], [ -121.402071, 41.996945 ], [ -121.401505, 41.996937 ], [ -121.398612, 41.996905 ], [ -121.398593, 41.996905 ], [ -121.39848, 41.996905 ], [ -121.396649, 41.996883 ], [ -121.393727, 41.99685 ], [ -121.393686, 41.99685 ], [ -121.388862, 41.996795 ], [ -121.383928, 41.996737 ], [ -121.382092, 41.996716 ], [ -121.380927, 41.996703 ], [ -121.379184, 41.996683 ], [ -121.378995, 41.996685 ], [ -121.378905, 41.996686 ], [ -121.378826, 41.996686 ], [ -121.378784, 41.996685 ], [ -121.378074, 41.996677 ], [ -121.377232, 41.996667 ], [ -121.377125, 41.996665 ], [ -121.37571, 41.996643 ], [ -121.374061, 41.996624 ], [ -121.372373, 41.996604 ], [ -121.369127, 41.996567 ], [ -121.369109, 41.996567 ], [ -121.367508, 41.996548 ], [ -121.365884, 41.99653 ], [ -121.364268, 41.996511 ], [ -121.363237, 41.996499 ], [ -121.361405, 41.996529 ], [ -121.360306, 41.99654 ], [ -121.360082, 41.996547 ], [ -121.359399, 41.996559 ], [ -121.357664, 41.996517 ], [ -121.357631, 41.996517 ], [ -121.356649, 41.996493 ], [ -121.355245, 41.996458 ], [ -121.35454, 41.99644 ], [ -121.349678, 41.996326 ], [ -121.348076, 41.99629 ], [ -121.344911, 41.996214 ], [ -121.343554, 41.996247 ], [ -121.343433, 41.99625 ], [ -121.343229, 41.996254 ], [ -121.340902, 41.996312 ], [ -121.340658, 41.99634 ], [ -121.340208, 41.996356 ], [ -121.340061, 41.996361 ], [ -121.339819, 41.996347 ], [ -121.339786, 41.996341 ], [ -121.339336, 41.996351 ], [ -121.338694, 41.996362 ], [ -121.338504, 41.996375 ], [ -121.338368, 41.996384 ], [ -121.334394, 41.996558 ], [ -121.333571, 41.996587 ], [ -121.33071, 41.996719 ], [ -121.328988, 41.996798 ], [ -121.328812, 41.996802 ], [ -121.325594, 41.996866 ], [ -121.324227, 41.996893 ], [ -121.324045, 41.996897 ], [ -121.322553, 41.996932 ], [ -121.320958, 41.996961 ], [ -121.319463, 41.996991 ], [ -121.31927, 41.996995 ], [ -121.317784, 41.997025 ], [ -121.317606, 41.997028 ], [ -121.316487, 41.997057 ], [ -121.3162, 41.997062 ], [ -121.314719, 41.997085 ], [ -121.314452, 41.997089 ], [ -121.309938, 41.997183 ], [ -121.309649, 41.997189 ], [ -121.306354, 41.997232 ], [ -121.304865, 41.997242 ], [ -121.300758, 41.997308 ], [ -121.300232, 41.997315 ], [ -121.300032, 41.997311 ], [ -121.297304, 41.997356 ], [ -121.296802, 41.997364 ], [ -121.29653, 41.997365 ], [ -121.295376, 41.997369 ], [ -121.290211, 41.997436 ], [ -121.288279, 41.997436 ], [ -121.2864, 41.997441 ], [ -121.285299, 41.997436 ], [ -121.283995, 41.997435 ], [ -121.27712, 41.997441 ], [ -121.268043, 41.997438 ], [ -121.267453, 41.997432 ], [ -121.261145, 41.997392 ], [ -121.252722, 41.997333 ], [ -121.250404, 41.997312 ], [ -121.250343, 41.997315 ], [ -121.24781, 41.997293 ], [ -121.247244, 41.997288 ], [ -121.246738, 41.997294 ], [ -121.2429, 41.997326 ], [ -121.241935, 41.997334 ], [ -121.240432, 41.997347 ], [ -121.239636, 41.997354 ], [ -121.23799, 41.997368 ], [ -121.237075, 41.997375 ], [ -121.236406, 41.997381 ], [ -121.23408, 41.997411 ], [ -121.212258, 41.997442 ], [ -121.20985, 41.997414 ], [ -121.208836, 41.997412 ], [ -121.206673, 41.997407 ], [ -121.205399, 41.997431 ], [ -121.202435, 41.997409 ], [ -121.201391, 41.997412 ], [ -121.200903, 41.997427 ], [ -121.193933, 41.997396 ], [ -121.19341, 41.997397 ], [ -121.189086, 41.997387 ], [ -121.188992, 41.997388 ], [ -121.188565, 41.997384 ], [ -121.183825, 41.997317 ], [ -121.181306, 41.997301 ], [ -121.178986, 41.997272 ], [ -121.177813, 41.997261 ], [ -121.174533, 41.997231 ], [ -121.174152, 41.997228 ], [ -121.173215, 41.997219 ], [ -121.169678, 41.997189 ], [ -121.169597, 41.997189 ], [ -121.169318, 41.99718 ], [ -121.168477, 41.997178 ], [ -121.154151, 41.996835 ], [ -121.149866, 41.996739 ], [ -121.149834, 41.996739 ], [ -121.149803, 41.996739 ], [ -121.149668, 41.996737 ], [ -121.149357, 41.996729 ], [ -121.146446, 41.996661 ], [ -121.144938, 41.996613 ], [ -121.141105, 41.996529 ], [ -121.139959, 41.9965 ], [ -121.13509, 41.99638 ], [ -121.135053, 41.996378 ], [ -121.135015, 41.996375 ], [ -121.130011, 41.99625 ], [ -121.125279, 41.996137 ], [ -121.125007, 41.996125 ], [ -121.111242, 41.995672 ], [ -121.109735, 41.995636 ], [ -121.10851, 41.995615 ], [ -121.107285, 41.995595 ], [ -121.106059, 41.995574 ], [ -121.105309, 41.995559 ], [ -121.103128, 41.995528 ], [ -121.101443, 41.995502 ], [ -121.099939, 41.99546 ], [ -121.098439, 41.995409 ], [ -121.097159, 41.995436 ], [ -121.096587, 41.995428 ], [ -121.094985, 41.995402 ], [ -121.093515, 41.995379 ], [ -121.091656, 41.995557 ], [ -121.091525, 41.995544 ], [ -121.090246, 41.995523 ], [ -121.088642, 41.995478 ], [ -121.08793, 41.995475 ], [ -121.087097, 41.995462 ], [ -121.085179, 41.995411 ], [ -121.084431, 41.995399 ], [ -121.083802, 41.995383 ], [ -121.082259, 41.995354 ], [ -121.080956, 41.995314 ], [ -121.079858, 41.995287 ], [ -121.078639, 41.995275 ], [ -121.07777, 41.995261 ], [ -121.074806, 41.995188 ], [ -121.072515, 41.995144 ], [ -121.071563, 41.995116 ], [ -121.071069, 41.995102 ], [ -121.06779, 41.994962 ], [ -121.066348, 41.994898 ], [ -121.065455, 41.994865 ], [ -121.064869, 41.994855 ], [ -121.064611, 41.99485 ], [ -121.063037, 41.994785 ], [ -121.062392, 41.994759 ], [ -121.060186, 41.994677 ], [ -121.059021, 41.99463 ], [ -121.057543, 41.994574 ], [ -121.056668, 41.994541 ], [ -121.055712, 41.9945 ], [ -121.055374, 41.994492 ], [ -121.054014, 41.994432 ], [ -121.051651, 41.994338 ], [ -121.051605, 41.994336 ], [ -121.050647, 41.994305 ], [ -121.049735, 41.994283 ], [ -121.048536, 41.994246 ], [ -121.047337, 41.994204 ], [ -121.044599, 41.994095 ], [ -121.043852, 41.994073 ], [ -121.04161, 41.994017 ], [ -121.039281, 41.993949 ], [ -121.036287, 41.993862 ], [ -121.035253, 41.993822 ], [ -121.035173, 41.993818 ], [ -121.034613, 41.993791 ], [ -121.033509, 41.993755 ], [ -121.033323, 41.993746 ], [ -121.03251, 41.993707 ], [ -121.03204, 41.9937 ], [ -121.030511, 41.993693 ], [ -121.029811, 41.993663 ], [ -121.029461, 41.993654 ], [ -121.029154, 41.993656 ], [ -121.026748, 41.99358 ], [ -121.023839, 41.993527 ], [ -121.022114, 41.993308 ], [ -121.022056, 41.993302 ], [ -121.021809, 41.993308 ], [ -121.019095, 41.993386 ], [ -121.017056, 41.99336 ], [ -121.011961, 41.993278 ], [ -120.993343, 41.993089 ], [ -120.990083, 41.993056 ], [ -120.989954, 41.993056 ], [ -120.988889, 41.993053 ], [ -120.98789, 41.993049 ], [ -120.986891, 41.993045 ], [ -120.985452, 41.993039 ], [ -120.984013, 41.993033 ], [ -120.983014, 41.993029 ], [ -120.982015, 41.993025 ], [ -120.980576, 41.993019 ], [ -120.980416, 41.993023 ], [ -120.974258, 41.992994 ], [ -120.974135, 41.992988 ], [ -120.967026, 41.993051 ], [ -120.963784, 41.99308 ], [ -120.963535, 41.993082 ], [ -120.962549, 41.993091 ], [ -120.959655, 41.993115 ], [ -120.959085, 41.993121 ], [ -120.958663, 41.993126 ], [ -120.958338, 41.993128 ], [ -120.957685, 41.993135 ], [ -120.95406, 41.993167 ], [ -120.95137, 41.99323 ], [ -120.948935, 41.993287 ], [ -120.946505, 41.993344 ], [ -120.945815, 41.99336 ], [ -120.945062, 41.993378 ], [ -120.944069, 41.993401 ], [ -120.943076, 41.993424 ], [ -120.941639, 41.993458 ], [ -120.940201, 41.993492 ], [ -120.938925, 41.993522 ], [ -120.938333, 41.993535 ], [ -120.935339, 41.993606 ], [ -120.934524, 41.993625 ], [ -120.927323, 41.993635 ], [ -120.925624, 41.993639 ], [ -120.920859, 41.993647 ], [ -120.907035, 41.993675 ], [ -120.906904, 41.993676 ], [ -120.906195, 41.993678 ], [ -120.905215, 41.99368 ], [ -120.904236, 41.993682 ], [ -120.902787, 41.993686 ], [ -120.901338, 41.99369 ], [ -120.896567, 41.993706 ], [ -120.896481, 41.993702 ], [ -120.895638, 41.993704 ], [ -120.891101, 41.993721 ], [ -120.888232, 41.993732 ], [ -120.879979, 41.993764 ], [ -120.879926, 41.993764 ], [ -120.879768, 41.993765 ], [ -120.879477, 41.993766 ], [ -120.879066, 41.993768 ], [ -120.878698, 41.99377 ], [ -120.878231, 41.993772 ], [ -120.877692, 41.993774 ], [ -120.877098, 41.993777 ], [ -120.876893, 41.993777 ], [ -120.876482, 41.993777 ], [ -120.876073, 41.993777 ], [ -120.875472, 41.993778 ], [ -120.874849, 41.993778 ], [ -120.874021, 41.99378 ], [ -120.873572, 41.99378 ], [ -120.872515, 41.993782 ], [ -120.871897, 41.993783 ], [ -120.871763, 41.993783 ], [ -120.871279, 41.993784 ], [ -120.870893, 41.993784 ], [ -120.870168, 41.993785 ], [ -120.869729, 41.993786 ], [ -120.869187, 41.993787 ], [ -120.868544, 41.993788 ], [ -120.867901, 41.993789 ], [ -120.867475, 41.993789 ], [ -120.866731, 41.99379 ], [ -120.866169, 41.993791 ], [ -120.865416, 41.993792 ], [ -120.86479, 41.993793 ], [ -120.86418, 41.993794 ], [ -120.863584, 41.993795 ], [ -120.863014, 41.993796 ], [ -120.862507, 41.993796 ], [ -120.861632, 41.993798 ], [ -120.861163, 41.993799 ], [ -120.860555, 41.993799 ], [ -120.860069, 41.9938 ], [ -120.859357, 41.993801 ], [ -120.858982, 41.993801 ], [ -120.858025, 41.993803 ], [ -120.857742, 41.993803 ], [ -120.85676, 41.993804 ], [ -120.856472, 41.993805 ], [ -120.855127, 41.993807 ], [ -120.854918, 41.993808 ], [ -120.854736, 41.993809 ], [ -120.854531, 41.993809 ], [ -120.853985, 41.99381 ], [ -120.853306, 41.993811 ], [ -120.853186, 41.993811 ], [ -120.85132, 41.993815 ], [ -120.845335, 41.993827 ], [ -120.843995, 41.99383 ], [ -120.842924, 41.993832 ], [ -120.83868, 41.99384 ], [ -120.838373, 41.993841 ], [ -120.830011, 41.993862 ], [ -120.826455, 41.993865 ], [ -120.821632, 41.993878 ], [ -120.819299, 41.993884 ], [ -120.816291, 41.993889 ], [ -120.8114, 41.993906 ], [ -120.810644, 41.99391 ], [ -120.810426, 41.993908 ], [ -120.810369, 41.993909 ], [ -120.808912, 41.993914 ], [ -120.807456, 41.993919 ], [ -120.805532, 41.993926 ], [ -120.804079, 41.99393 ], [ -120.802626, 41.993935 ], [ -120.801661, 41.993939 ], [ -120.800695, 41.993942 ], [ -120.799406, 41.993946 ], [ -120.798117, 41.993951 ], [ -120.797764, 41.993946 ], [ -120.795852, 41.993924 ], [ -120.794377, 41.993906 ], [ -120.792903, 41.993889 ], [ -120.791956, 41.993877 ], [ -120.791009, 41.993866 ], [ -120.789525, 41.993848 ], [ -120.788042, 41.993831 ], [ -120.787104, 41.99382 ], [ -120.786166, 41.993809 ], [ -120.784673, 41.993791 ], [ -120.784072, 41.993784 ], [ -120.779401, 41.993728 ], [ -120.77901, 41.993724 ], [ -120.778112, 41.993719 ], [ -120.777861, 41.993718 ], [ -120.776409, 41.993711 ], [ -120.773233, 41.9937 ], [ -120.771078, 41.993693 ], [ -120.770662, 41.993692 ], [ -120.770455, 41.993691 ], [ -120.770073, 41.993689 ], [ -120.76516, 41.993672 ], [ -120.76458, 41.99367 ], [ -120.763911, 41.993667 ], [ -120.76331, 41.993667 ], [ -120.762579, 41.993664 ], [ -120.761815, 41.993662 ], [ -120.761061, 41.993659 ], [ -120.760749, 41.993656 ], [ -120.759999, 41.993655 ], [ -120.75931, 41.993653 ], [ -120.758388, 41.993653 ], [ -120.75768, 41.993656 ], [ -120.756587, 41.993661 ], [ -120.756114, 41.993663 ], [ -120.754903, 41.993668 ], [ -120.753627, 41.993674 ], [ -120.752516, 41.993679 ], [ -120.751714, 41.993683 ], [ -120.751033, 41.993686 ], [ -120.750691, 41.993687 ], [ -120.75026, 41.993689 ], [ -120.748819, 41.993692 ], [ -120.748383, 41.993693 ], [ -120.748248, 41.993699 ], [ -120.748203, 41.993699 ], [ -120.747902, 41.9937 ], [ -120.746676, 41.993706 ], [ -120.746187, 41.993708 ], [ -120.74493, 41.993714 ], [ -120.743628, 41.99372 ], [ -120.742823, 41.993724 ], [ -120.740754, 41.993733 ], [ -120.739082, 41.993739 ], [ -120.737735, 41.993742 ], [ -120.735509, 41.993748 ], [ -120.734353, 41.993751 ], [ -120.732757, 41.993755 ], [ -120.730667, 41.99376 ], [ -120.729929, 41.993762 ], [ -120.728817, 41.993764 ], [ -120.727022, 41.993769 ], [ -120.725522, 41.993773 ], [ -120.724353, 41.993775 ], [ -120.723187, 41.993778 ], [ -120.721481, 41.993783 ], [ -120.720469, 41.993785 ], [ -120.718829, 41.993788 ], [ -120.71732, 41.993791 ], [ -120.716175, 41.993793 ], [ -120.714747, 41.993796 ], [ -120.713414, 41.993798 ], [ -120.71208, 41.993801 ], [ -120.710813, 41.993803 ], [ -120.70934, 41.993806 ], [ -120.70811, 41.993808 ], [ -120.707455, 41.993809 ], [ -120.706649, 41.993811 ], [ -120.70602, 41.993813 ], [ -120.700815, 41.993822 ], [ -120.700471, 41.993822 ], [ -120.700184, 41.993819 ], [ -120.699161, 41.993805 ], [ -120.698341, 41.993795 ], [ -120.696682, 41.993773 ], [ -120.694824, 41.993749 ], [ -120.694428, 41.993746 ], [ -120.69424, 41.993742 ], [ -120.693544, 41.993733 ], [ -120.692938, 41.993725 ], [ -120.692376, 41.993717 ], [ -120.691859, 41.993711 ], [ -120.691358, 41.993704 ], [ -120.691187, 41.993701 ], [ -120.690569, 41.993694 ], [ -120.680984, 41.99357 ], [ -120.675728, 41.99347 ], [ -120.667882, 41.993321 ], [ -120.66552, 41.993276 ], [ -120.662123, 41.993212 ], [ -120.657551, 41.993187 ], [ -120.654832, 41.993177 ], [ -120.653406, 41.993172 ], [ -120.651426, 41.993166 ], [ -120.650382, 41.993161 ], [ -120.64983, 41.993159 ], [ -120.648698, 41.993165 ], [ -120.647436, 41.99315 ], [ -120.644712, 41.99314 ], [ -120.644387, 41.993139 ], [ -120.644062, 41.993138 ], [ -120.642586, 41.993132 ], [ -120.641382, 41.993127 ], [ -120.640517, 41.993124 ], [ -120.639193, 41.993119 ], [ -120.63774, 41.993113 ], [ -120.636519, 41.993109 ], [ -120.635018, 41.993103 ], [ -120.634618, 41.993101 ], [ -120.633661, 41.993095 ], [ -120.633356, 41.993096 ], [ -120.631905, 41.993091 ], [ -120.630485, 41.993085 ], [ -120.63021, 41.993084 ], [ -120.629064, 41.99308 ], [ -120.628751, 41.993078 ], [ -120.628542, 41.993078 ], [ -120.62805, 41.993076 ], [ -120.627716, 41.993074 ], [ -120.627346, 41.993073 ], [ -120.626976, 41.993071 ], [ -120.626662, 41.99307 ], [ -120.626385, 41.993069 ], [ -120.625881, 41.993067 ], [ -120.625613, 41.993066 ], [ -120.625436, 41.993065 ], [ -120.625106, 41.993064 ], [ -120.624255, 41.99306 ], [ -120.622009, 41.993052 ], [ -120.621291, 41.993049 ], [ -120.620947, 41.993048 ], [ -120.619876, 41.993044 ], [ -120.619722, 41.993043 ], [ -120.616234, 41.993029 ], [ -120.616171, 41.993029 ], [ -120.61589, 41.993029 ], [ -120.606497, 41.992992 ], [ -120.606074, 41.99299 ], [ -120.605566, 41.992988 ], [ -120.605279, 41.992987 ], [ -120.604467, 41.992984 ], [ -120.604248, 41.992983 ], [ -120.603942, 41.992982 ], [ -120.603582, 41.99298 ], [ -120.603195, 41.992979 ], [ -120.603175, 41.992979 ], [ -120.602978, 41.992978 ], [ -120.592246, 41.992972 ], [ -120.591913, 41.992972 ], [ -120.591537, 41.992971 ], [ -120.591043, 41.992971 ], [ -120.59024, 41.992971 ], [ -120.588531, 41.99297 ], [ -120.587901, 41.992969 ], [ -120.586589, 41.992968 ], [ -120.584492, 41.992967 ], [ -120.583377, 41.992971 ], [ -120.581235, 41.993004 ], [ -120.578655, 41.993046 ], [ -120.577348, 41.993067 ], [ -120.573418, 41.993126 ], [ -120.572382, 41.993146 ], [ -120.57034, 41.993174 ], [ -120.569975, 41.99318 ], [ -120.569171, 41.993189 ], [ -120.567044, 41.993207 ], [ -120.564863, 41.993225 ], [ -120.560702, 41.993254 ], [ -120.558554, 41.993269 ], [ -120.552734, 41.99331 ], [ -120.550725, 41.993323 ], [ -120.545915, 41.993352 ], [ -120.542491, 41.99337 ], [ -120.537464, 41.993423 ], [ -120.53596, 41.99341 ], [ -120.532958, 41.993427 ], [ -120.532543, 41.993423 ], [ -120.522244, 41.993506 ], [ -120.520514, 41.993525 ], [ -120.517794, 41.993546 ], [ -120.510902, 41.993612 ], [ -120.510541, 41.993616 ], [ -120.510225, 41.993615 ], [ -120.508435, 41.993622 ], [ -120.505692, 41.993619 ], [ -120.492522, 41.993615 ], [ -120.491219, 41.993626 ], [ -120.491137, 41.993626 ], [ -120.489013, 41.993613 ], [ -120.487934, 41.993613 ], [ -120.451548, 41.993379 ], [ -120.450445, 41.993372 ], [ -120.413985, 41.993141 ], [ -120.408328, 41.993105 ], [ -120.401182, 41.99306 ], [ -120.39528, 41.993022 ], [ -120.390818, 41.992994 ], [ -120.38265, 41.992942 ], [ -120.378026, 41.992913 ], [ -120.367866, 41.992848 ], [ -120.356358, 41.992775 ], [ -120.337192, 41.992653 ], [ -120.328539, 41.992594 ], [ -120.328382, 41.992597 ], [ -120.326489, 41.992587 ], [ -120.326387, 41.992586 ], [ -120.326015, 41.993143 ], [ -120.325751, 41.993143 ], [ -120.323874, 41.993145 ], [ -120.321093, 41.993134 ], [ -120.318416, 41.993146 ], [ -120.318377, 41.993147 ], [ -120.31758, 41.993151 ], [ -120.313966, 41.993122 ], [ -120.31005, 41.993172 ], [ -120.308619, 41.993159 ], [ -120.307309, 41.993135 ], [ -120.306943, 41.993134 ], [ -120.306679, 41.993126 ], [ -120.304039, 41.993049 ], [ -120.301643, 41.993009 ], [ -120.299839, 41.993011 ], [ -120.299757, 41.993015 ], [ -120.298075, 41.992998 ], [ -120.297514, 41.992993 ], [ -120.296506, 41.992985 ], [ -120.294546, 41.993012 ], [ -120.294412, 41.993008 ], [ -120.293712, 41.993021 ], [ -120.293579, 41.993024 ], [ -120.292927, 41.993036 ], [ -120.292747, 41.993049 ], [ -120.292081, 41.993035 ], [ -120.291374, 41.993004 ], [ -120.290645, 41.993011 ], [ -120.289198, 41.993028 ], [ -120.287268, 41.993048 ], [ -120.286424, 41.993058 ], [ -120.284045, 41.992771 ], [ -120.282126, 41.992817 ], [ -120.280661, 41.992856 ], [ -120.279158, 41.992896 ], [ -120.278873, 41.992903 ], [ -120.276921, 41.99288 ], [ -120.272094, 41.992866 ], [ -120.270534, 41.992881 ], [ -120.263282, 41.992917 ], [ -120.262564, 41.992922 ], [ -120.257626, 41.992945 ], [ -120.256988, 41.992949 ], [ -120.256499, 41.992953 ], [ -120.255625, 41.992982 ], [ -120.254382, 41.993027 ], [ -120.253482, 41.99305 ], [ -120.249996, 41.99317 ], [ -120.247998, 41.993234 ], [ -120.247306, 41.993259 ], [ -120.246536, 41.993284 ], [ -120.245179, 41.993329 ], [ -120.244581, 41.993349 ], [ -120.244434, 41.993353 ], [ -120.241988, 41.993435 ], [ -120.241589, 41.993447 ], [ -120.240907, 41.99347 ], [ -120.23986, 41.993503 ], [ -120.239237, 41.993515 ], [ -120.23834, 41.993533 ], [ -120.237245, 41.993554 ], [ -120.23682, 41.993563 ], [ -120.235578, 41.993587 ], [ -120.235287, 41.993593 ], [ -120.234223, 41.993613 ], [ -120.23377, 41.993622 ], [ -120.232607, 41.993645 ], [ -120.231101, 41.993675 ], [ -120.230862, 41.993679 ], [ -120.230262, 41.993691 ], [ -120.22861, 41.993723 ], [ -120.228429, 41.993727 ], [ -120.225699, 41.993779 ], [ -120.223947, 41.993815 ], [ -120.221954, 41.993855 ], [ -120.220519, 41.993883 ], [ -120.219931, 41.993895 ], [ -120.217982, 41.99394 ], [ -120.217121, 41.99395 ], [ -120.214953, 41.993994 ], [ -120.212882, 41.994037 ], [ -120.209306, 41.99411 ], [ -120.206384, 41.99417 ], [ -120.204657, 41.994205 ], [ -120.203946, 41.99422 ], [ -120.203614, 41.994221 ], [ -120.202672, 41.994241 ], [ -120.202574, 41.994248 ], [ -120.20204, 41.994259 ], [ -120.201423, 41.994272 ], [ -120.201123, 41.994278 ], [ -120.200281, 41.994289 ], [ -120.199529, 41.99431 ], [ -120.199264, 41.994316 ], [ -120.198833, 41.994324 ], [ -120.198357, 41.994332 ], [ -120.197174, 41.994345 ], [ -120.195628, 41.994363 ], [ -120.192923, 41.994394 ], [ -120.190497, 41.994423 ], [ -120.188026, 41.994452 ], [ -120.184875, 41.994486 ], [ -120.183573, 41.994503 ], [ -120.181672, 41.994522 ], [ -120.179089, 41.994555 ], [ -120.178921, 41.994557 ], [ -120.178515, 41.994558 ], [ -120.178119, 41.994559 ], [ -120.177709, 41.99456 ], [ -120.177335, 41.994561 ], [ -120.176703, 41.994562 ], [ -120.175986, 41.994564 ], [ -120.175266, 41.994566 ], [ -120.174474, 41.994567 ], [ -120.173745, 41.994569 ], [ -120.172963, 41.994571 ], [ -120.172125, 41.994573 ], [ -120.171325, 41.994575 ], [ -120.170641, 41.994576 ], [ -120.169742, 41.994579 ], [ -120.169579, 41.994579 ], [ -120.169034, 41.99458 ], [ -120.16865, 41.994581 ], [ -120.168355, 41.994582 ], [ -120.167811, 41.994583 ], [ -120.166974, 41.994585 ], [ -120.166008, 41.994588 ], [ -120.165691, 41.994588 ], [ -120.165547, 41.994589 ], [ -120.165091, 41.99459 ], [ -120.16496, 41.99459 ], [ -120.164592, 41.994591 ], [ -120.164117, 41.994592 ], [ -120.163803, 41.994593 ], [ -120.163568, 41.994593 ], [ -120.163358, 41.994594 ], [ -120.16306, 41.994594 ], [ -120.162879, 41.994595 ], [ -120.162611, 41.994595 ], [ -120.162447, 41.994596 ], [ -120.162232, 41.994596 ], [ -120.162075, 41.994597 ], [ -120.161806, 41.994597 ], [ -120.161586, 41.994598 ], [ -120.161385, 41.994599 ], [ -120.161005, 41.9946 ], [ -120.160857, 41.9946 ], [ -120.160761, 41.9946 ], [ -120.160711, 41.994601 ], [ -120.160496, 41.994601 ], [ -120.160256, 41.994601 ], [ -120.160093, 41.994602 ], [ -120.159608, 41.994603 ], [ -120.15941, 41.994603 ], [ -120.159235, 41.994604 ], [ -120.15895, 41.994605 ], [ -120.15873, 41.994606 ], [ -120.158522, 41.994606 ], [ -120.158254, 41.994607 ], [ -120.158056, 41.994608 ], [ -120.157812, 41.994609 ], [ -120.15746, 41.99461 ], [ -120.157164, 41.994611 ], [ -120.156614, 41.994613 ], [ -120.156095, 41.994615 ], [ -120.155334, 41.994618 ], [ -120.15473, 41.99462 ], [ -120.154222, 41.994622 ], [ -120.153661, 41.994624 ], [ -120.153215, 41.994626 ], [ -120.152528, 41.994628 ], [ -120.152, 41.99463 ], [ -120.151912, 41.99463 ], [ -120.151175, 41.994633 ], [ -120.149674, 41.994638 ], [ -120.148477, 41.994642 ], [ -120.147515, 41.994646 ], [ -120.14664, 41.994648 ], [ -120.145382, 41.994653 ], [ -120.144492, 41.994656 ], [ -120.142966, 41.994661 ], [ -120.142145, 41.994664 ], [ -120.140888, 41.994668 ], [ -120.140093, 41.994671 ], [ -120.138557, 41.994679 ], [ -120.137788, 41.994683 ], [ -120.136715, 41.994688 ], [ -120.136087, 41.994691 ], [ -120.13463, 41.994699 ], [ -120.133777, 41.994703 ], [ -120.133527, 41.994706 ], [ -120.132777, 41.994708 ], [ -120.132462, 41.99471 ], [ -120.131819, 41.994713 ], [ -120.131299, 41.994716 ], [ -120.130413, 41.99472 ], [ -120.129747, 41.994723 ], [ -120.128613, 41.994729 ], [ -120.127996, 41.994732 ], [ -120.1258, 41.994742 ], [ -120.124412, 41.994749 ], [ -120.123814, 41.994752 ], [ -120.122419, 41.994759 ], [ -120.120866, 41.994767 ], [ -120.11888, 41.994772 ], [ -120.117387, 41.994776 ], [ -120.116736, 41.994779 ], [ -120.116423, 41.994782 ], [ -120.116153, 41.994783 ], [ -120.115578, 41.994786 ], [ -120.114648, 41.994791 ], [ -120.113823, 41.994795 ], [ -120.11311, 41.994799 ], [ -120.112947, 41.994799 ], [ -120.112802, 41.994783 ], [ -120.112051, 41.994785 ], [ -120.111367, 41.994786 ], [ -120.110597, 41.994787 ], [ -120.109748, 41.994787 ], [ -120.108892, 41.99479 ], [ -120.108056, 41.994791 ], [ -120.106739, 41.994794 ], [ -120.106145, 41.994795 ], [ -120.104936, 41.994796 ], [ -120.104785, 41.994796 ], [ -120.103093, 41.994799 ], [ -120.101273, 41.994805 ], [ -120.100193, 41.994809 ], [ -120.099381, 41.99481 ], [ -120.098953, 41.994811 ], [ -120.098483, 41.994813 ], [ -120.098156, 41.994816 ], [ -120.097894, 41.994817 ], [ -120.097157, 41.994818 ], [ -120.096547, 41.994821 ], [ -120.095743, 41.994824 ], [ -120.094473, 41.994829 ], [ -120.093343, 41.994832 ], [ -120.092797, 41.994834 ], [ -120.091203, 41.99484 ], [ -120.091124, 41.99484 ], [ -120.091106, 41.99484 ], [ -120.088176, 41.99485 ], [ -120.087302, 41.994853 ], [ -120.085867, 41.994858 ], [ -120.084933, 41.994862 ], [ -120.083156, 41.99487 ], [ -120.082564, 41.994872 ], [ -120.081837, 41.994874 ], [ -120.080869, 41.994876 ], [ -120.079745, 41.994879 ], [ -120.078882, 41.994882 ], [ -120.077561, 41.994888 ], [ -120.076803, 41.994892 ], [ -120.075565, 41.994899 ], [ -120.074839, 41.994898 ], [ -120.073981, 41.994896 ], [ -120.073338, 41.994902 ], [ -120.072635, 41.99491 ], [ -120.072445, 41.994912 ], [ -120.071893, 41.994917 ], [ -120.071546, 41.994923 ], [ -120.070727, 41.99493 ], [ -120.069935, 41.994924 ], [ -120.069424, 41.994919 ], [ -120.068288, 41.994915 ], [ -120.067224, 41.994917 ], [ -120.066882, 41.994918 ], [ -120.066137, 41.994919 ], [ -120.065359, 41.994921 ], [ -120.064803, 41.994922 ], [ -120.063612, 41.994924 ], [ -120.06325, 41.994925 ], [ -120.061796, 41.994928 ], [ -120.060341, 41.99493 ], [ -120.059969, 41.99493 ], [ -120.059772, 41.994931 ], [ -120.058489, 41.994932 ], [ -120.056665, 41.994935 ], [ -120.056442, 41.994936 ], [ -120.056246, 41.994937 ], [ -120.056054, 41.994936 ], [ -120.055284, 41.994938 ], [ -120.054247, 41.994939 ], [ -120.052919, 41.994942 ], [ -120.051564, 41.994945 ], [ -120.049355, 41.994949 ], [ -120.047659, 41.994953 ], [ -120.047534, 41.994953 ], [ -120.046983, 41.994954 ], [ -120.046746, 41.994955 ], [ -120.046415, 41.994955 ], [ -120.045975, 41.994956 ], [ -120.045043, 41.994959 ], [ -120.044848, 41.994959 ], [ -120.044304, 41.994959 ], [ -120.044191, 41.994959 ], [ -120.043391, 41.994961 ], [ -120.04287, 41.994962 ], [ -120.042817, 41.994962 ], [ -120.042738, 41.994963 ], [ -120.042453, 41.994965 ], [ -120.042148, 41.994964 ], [ -120.040825, 41.994968 ], [ -120.03699, 41.994974 ], [ -120.036, 41.994976 ], [ -120.035207, 41.994978 ], [ -120.034708, 41.994978 ], [ -120.033115, 41.994981 ], [ -120.03173, 41.994984 ], [ -120.031256, 41.994987 ], [ -120.030342, 41.994988 ], [ -120.029273, 41.994989 ], [ -120.028153, 41.994995 ], [ -120.027408, 41.994995 ], [ -120.025757, 41.994993 ], [ -120.025097, 41.994993 ], [ -120.023081, 41.994993 ], [ -120.021857, 41.994993 ], [ -120.021366, 41.994995 ], [ -120.020486, 41.994993 ], [ -120.019536, 41.994993 ], [ -120.018616, 41.994992 ], [ -120.017783, 41.994992 ], [ -120.016277, 41.994992 ], [ -120.015822, 41.994992 ], [ -120.014749, 41.994991 ], [ -120.013792, 41.994988 ], [ -120.01355, 41.994986 ], [ -120.012495, 41.994989 ], [ -120.011769, 41.99498 ], [ -120.01049, 41.994973 ], [ -120.008157, 41.994963 ], [ -120.007501, 41.994958 ], [ -120.00618, 41.994951 ], [ -120.005731, 41.99495 ], [ -120.005146, 41.99495 ], [ -120.004291, 41.994964 ], [ -120.0004, 41.994933 ], [ -119.999234, 41.994944 ], [ -119.998541, 41.994985 ], [ -119.99663, 41.995096 ], [ -119.989133, 41.995564 ], [ -119.986801, 41.995709 ], [ -119.984573, 41.995748 ], [ -119.977694, 41.995915 ], [ -119.975814, 41.995961 ], [ -119.974311, 41.995989 ], [ -119.973301, 41.996008 ], [ -119.9687, 41.996073 ], [ -119.96044, 41.996348 ], [ -119.956119, 41.99649 ], [ -119.951116, 41.996655 ], [ -119.948657, 41.996736 ], [ -119.947894, 41.996753 ], [ -119.946478, 41.996768 ], [ -119.940978, 41.996829 ], [ -119.935893, 41.996881 ], [ -119.935498, 41.996885 ], [ -119.934607, 41.996894 ], [ -119.934003, 41.9969 ], [ -119.932996, 41.99691 ], [ -119.932158, 41.996919 ], [ -119.931815, 41.996922 ], [ -119.931123, 41.996929 ], [ -119.930198, 41.996939 ], [ -119.929759, 41.996943 ], [ -119.928835, 41.996953 ], [ -119.928399, 41.996957 ], [ -119.927226, 41.996969 ], [ -119.926832, 41.996973 ], [ -119.925986, 41.996981 ], [ -119.925929, 41.996982 ], [ -119.925836, 41.996983 ], [ -119.925797, 41.996983 ], [ -119.925738, 41.996984 ], [ -119.925714, 41.996984 ], [ -119.925633, 41.996985 ], [ -119.925554, 41.996986 ], [ -119.925483, 41.996986 ], [ -119.925399, 41.996987 ], [ -119.925276, 41.996988 ], [ -119.925234, 41.996989 ], [ -119.925072, 41.99699 ], [ -119.924962, 41.996992 ], [ -119.924864, 41.996993 ], [ -119.924689, 41.996994 ], [ -119.924569, 41.996995 ], [ -119.924449, 41.996997 ], [ -119.924401, 41.996997 ], [ -119.924214, 41.996999 ], [ -119.924103, 41.997 ], [ -119.924064, 41.997001 ], [ -119.923974, 41.997001 ], [ -119.92392, 41.997002 ], [ -119.9238, 41.997003 ], [ -119.923616, 41.997005 ], [ -119.923445, 41.997007 ], [ -119.923385, 41.997007 ], [ -119.923273, 41.997008 ], [ -119.923042, 41.997011 ], [ -119.922878, 41.997012 ], [ -119.922741, 41.997014 ], [ -119.922554, 41.997016 ], [ -119.922395, 41.997017 ], [ -119.922188, 41.997019 ], [ -119.922025, 41.997021 ], [ -119.921993, 41.997021 ], [ -119.921799, 41.997023 ], [ -119.921613, 41.997025 ], [ -119.921408, 41.997027 ], [ -119.921196, 41.997029 ], [ -119.920999, 41.997031 ], [ -119.920759, 41.997034 ], [ -119.920641, 41.997035 ], [ -119.920455, 41.997037 ], [ -119.920052, 41.997041 ], [ -119.919411, 41.997047 ], [ -119.918815, 41.997053 ], [ -119.917981, 41.997061 ], [ -119.917472, 41.997066 ], [ -119.916395, 41.997077 ], [ -119.915139, 41.99709 ], [ -119.913787, 41.997103 ], [ -119.912993, 41.997111 ], [ -119.912306, 41.997118 ], [ -119.911617, 41.997125 ], [ -119.910715, 41.997134 ], [ -119.90991, 41.997142 ], [ -119.908647, 41.997154 ], [ -119.907181, 41.997174 ], [ -119.905799, 41.997193 ], [ -119.90552, 41.997197 ], [ -119.905422, 41.997199 ], [ -119.904909, 41.997207 ], [ -119.904136, 41.997216 ], [ -119.902967, 41.997232 ], [ -119.902574, 41.997237 ], [ -119.901622, 41.99725 ], [ -119.900677, 41.997263 ], [ -119.899827, 41.997275 ], [ -119.89878, 41.997289 ], [ -119.897974, 41.9973 ], [ -119.89741, 41.997308 ], [ -119.896701, 41.997318 ], [ -119.895355, 41.997336 ], [ -119.894436, 41.997349 ], [ -119.893802, 41.997357 ], [ -119.893542, 41.997361 ], [ -119.892987, 41.997368 ], [ -119.892914, 41.99737 ], [ -119.891724, 41.997386 ], [ -119.89105, 41.997395 ], [ -119.890219, 41.997406 ], [ -119.889551, 41.997415 ], [ -119.888772, 41.997422 ], [ -119.887733, 41.997424 ], [ -119.88653, 41.997426 ], [ -119.88644, 41.997425 ], [ -119.883515, 41.99743 ], [ -119.882393, 41.997432 ], [ -119.881062, 41.997434 ], [ -119.88087, 41.997436 ], [ -119.873493, 41.997445 ], [ -119.873264, 41.997444 ], [ -119.87217, 41.997447 ], [ -119.867347, 41.997454 ], [ -119.865496, 41.997456 ], [ -119.860323, 41.997462 ], [ -119.858163, 41.997464 ], [ -119.854723, 41.997468 ], [ -119.854654, 41.997468 ], [ -119.849974, 41.997473 ], [ -119.84854, 41.997476 ], [ -119.826835, 41.997477 ], [ -119.824609, 41.997472 ], [ -119.815829, 41.997453 ], [ -119.810041, 41.997441 ], [ -119.80213, 41.997417 ], [ -119.801834, 41.997418 ], [ -119.797259, 41.997402 ], [ -119.793856, 41.997393 ], [ -119.791174, 41.997384 ], [ -119.789711, 41.997388 ], [ -119.786765, 41.997325 ], [ -119.783203, 41.997261 ], [ -119.78106, 41.997224 ], [ -119.780475, 41.997214 ], [ -119.779418, 41.997196 ], [ -119.778802, 41.99719 ], [ -119.777319, 41.997159 ], [ -119.775501, 41.997128 ], [ -119.771485, 41.997058 ], [ -119.770254, 41.997036 ], [ -119.768347, 41.996972 ], [ -119.764741, 41.996846 ], [ -119.762022, 41.996753 ], [ -119.758255, 41.996623 ], [ -119.755983, 41.996545 ], [ -119.754832, 41.99653 ], [ -119.75368, 41.996515 ], [ -119.749843, 41.996465 ], [ -119.747621, 41.996436 ], [ -119.74343, 41.996381 ], [ -119.740471, 41.996342 ], [ -119.737197, 41.996299 ], [ -119.736337, 41.996288 ], [ -119.733923, 41.996256 ], [ -119.733556, 41.996251 ], [ -119.725823, 41.996205 ], [ -119.71992, 41.996198 ], [ -119.710989, 41.996182 ], [ -119.710269, 41.996185 ], [ -119.707717, 41.996198 ], [ -119.703677, 41.996212 ], [ -119.69418, 41.996251 ], [ -119.693627, 41.996255 ], [ -119.689874, 41.996271 ], [ -119.686997, 41.996282 ], [ -119.685638, 41.996288 ], [ -119.676598, 41.996326 ], [ -119.674511, 41.996335 ], [ -119.67308, 41.996342 ], [ -119.671807, 41.996339 ], [ -119.670753, 41.99633 ], [ -119.66893, 41.996314 ], [ -119.667258, 41.996299 ], [ -119.666714, 41.996295 ], [ -119.665462, 41.996284 ], [ -119.664288, 41.996273 ], [ -119.663425, 41.996266 ], [ -119.662813, 41.996261 ], [ -119.661911, 41.996253 ], [ -119.661413, 41.996249 ], [ -119.660726, 41.996242 ], [ -119.655796, 41.996199 ], [ -119.65547, 41.996195 ], [ -119.655154, 41.996193 ], [ -119.655087, 41.996193 ], [ -119.653459, 41.996187 ], [ -119.646336, 41.996133 ], [ -119.644906, 41.996124 ], [ -119.64183, 41.996106 ], [ -119.640208, 41.996094 ], [ -119.638785, 41.996087 ], [ -119.637982, 41.99608 ], [ -119.636028, 41.99607 ], [ -119.635252, 41.996066 ], [ -119.633833, 41.996057 ], [ -119.633313, 41.996054 ], [ -119.631611, 41.99604 ], [ -119.630214, 41.996031 ], [ -119.628987, 41.996023 ], [ -119.624848, 41.995995 ], [ -119.62022, 41.995959 ], [ -119.619055, 41.99595 ], [ -119.618174, 41.995944 ], [ -119.617358, 41.995938 ], [ -119.615837, 41.995927 ], [ -119.615427, 41.995924 ], [ -119.614701, 41.995919 ], [ -119.61382, 41.995913 ], [ -119.613241, 41.995909 ], [ -119.611625, 41.995904 ], [ -119.610142, 41.995899 ], [ -119.608031, 41.995893 ], [ -119.598932, 41.995864 ], [ -119.591987, 41.995839 ], [ -119.588239, 41.995821 ], [ -119.577219, 41.995768 ], [ -119.574007, 41.995752 ], [ -119.564769, 41.995759 ], [ -119.560133, 41.995765 ], [ -119.552721, 41.995765 ], [ -119.549571, 41.995774 ], [ -119.536256, 41.995781 ], [ -119.535826, 41.995783 ], [ -119.531434, 41.995787 ], [ -119.521512, 41.995774 ], [ -119.511751, 41.995765 ], [ -119.507551, 41.995756 ], [ -119.50432, 41.995752 ], [ -119.503617, 41.995748 ], [ -119.502073, 41.995746 ], [ -119.5013, 41.995745 ], [ -119.499326, 41.995741 ], [ -119.496549, 41.995735 ], [ -119.493762, 41.995727 ], [ -119.491197, 41.995735 ], [ -119.490613, 41.995737 ], [ -119.486244, 41.99575 ], [ -119.484982, 41.995754 ], [ -119.483771, 41.995758 ], [ -119.481675, 41.995764 ], [ -119.479887, 41.995769 ], [ -119.479196, 41.995771 ], [ -119.475951, 41.995772 ], [ -119.473638, 41.995766 ], [ -119.473034, 41.995765 ], [ -119.472882, 41.995766 ], [ -119.471302, 41.995761 ], [ -119.470897, 41.99576 ], [ -119.469848, 41.995758 ], [ -119.468763, 41.995756 ], [ -119.466423, 41.99575 ], [ -119.463409, 41.995739 ], [ -119.46035, 41.995729 ], [ -119.455515, 41.995717 ], [ -119.452804, 41.995692 ], [ -119.452455, 41.995689 ], [ -119.452217, 41.995687 ], [ -119.451416, 41.995678 ], [ -119.448862, 41.995651 ], [ -119.446275, 41.995623 ], [ -119.441988, 41.995574 ], [ -119.440414, 41.995557 ], [ -119.436322, 41.995516 ], [ -119.436026, 41.995513 ], [ -119.433079, 41.995474 ], [ -119.426776, 41.995383 ], [ -119.416523, 41.995233 ], [ -119.415921, 41.995225 ], [ -119.401713, 41.994977 ], [ -119.3926, 41.99479 ], [ -119.391939, 41.994776 ], [ -119.391305, 41.994764 ], [ -119.390148, 41.99474 ], [ -119.388703, 41.994709 ], [ -119.387366, 41.99468 ], [ -119.386047, 41.994651 ], [ -119.384686, 41.994621 ], [ -119.383488, 41.994595 ], [ -119.383184, 41.994588 ], [ -119.38134, 41.99455 ], [ -119.381144, 41.994546 ], [ -119.381103, 41.994545 ], [ -119.380444, 41.994531 ], [ -119.379119, 41.994503 ], [ -119.378577, 41.994492 ], [ -119.377489, 41.994469 ], [ -119.376546, 41.994449 ], [ -119.37632, 41.994444 ], [ -119.375773, 41.994438 ], [ -119.375407, 41.994434 ], [ -119.374743, 41.994427 ], [ -119.374125, 41.994421 ], [ -119.373518, 41.994415 ], [ -119.373217, 41.994412 ], [ -119.372597, 41.994405 ], [ -119.372333, 41.994403 ], [ -119.372071, 41.9944 ], [ -119.370869, 41.994388 ], [ -119.369608, 41.994375 ], [ -119.367251, 41.994351 ], [ -119.365781, 41.994336 ], [ -119.362533, 41.994302 ], [ -119.361752, 41.994294 ], [ -119.361081, 41.994287 ], [ -119.360678, 41.994283 ], [ -119.360122, 41.994278 ], [ -119.359408, 41.99427 ], [ -119.355582, 41.994227 ], [ -119.351081, 41.994144 ], [ -119.350841, 41.994145 ], [ -119.348477, 41.994114 ], [ -119.344059, 41.994061 ], [ -119.343626, 41.994053 ], [ -119.343241, 41.994047 ], [ -119.34252, 41.994037 ], [ -119.340472, 41.994007 ], [ -119.339869, 41.993998 ], [ -119.338495, 41.993978 ], [ -119.336778, 41.993956 ], [ -119.336519, 41.993955 ], [ -119.335211, 41.993952 ], [ -119.324184, 41.993923 ], [ -119.323622, 41.993917 ], [ -119.322117, 41.993917 ], [ -119.321043, 41.993926 ], [ -119.316972, 41.993905 ], [ -119.314316, 41.993911 ], [ -119.308155, 41.993921 ], [ -119.306243, 41.993919 ], [ -119.30478, 41.993927 ], [ -119.300815, 41.993934 ], [ -119.300135, 41.993935 ], [ -119.29953, 41.993936 ], [ -119.297315, 41.993937 ], [ -119.295133, 41.993934 ], [ -119.290608, 41.993914 ], [ -119.289847, 41.993911 ], [ -119.286579, 41.9939 ], [ -119.280682, 41.99388 ], [ -119.275874, 41.993864 ], [ -119.275011, 41.993862 ], [ -119.272506, 41.993855 ], [ -119.270841, 41.993851 ], [ -119.269308, 41.993846 ], [ -119.265743, 41.993836 ], [ -119.264231, 41.993831 ], [ -119.261607, 41.993824 ], [ -119.257872, 41.993817 ], [ -119.25482, 41.99383 ], [ -119.252301, 41.993841 ], [ -119.251669, 41.993846 ], [ -119.25145, 41.993845 ], [ -119.251033, 41.993843 ], [ -119.250852, 41.993848 ], [ -119.246979, 41.993865 ], [ -119.241802, 41.993887 ], [ -119.238096, 41.993898 ], [ -119.233654, 41.993861 ], [ -119.231767, 41.993826 ], [ -119.230272, 41.993805 ], [ -119.22451, 41.993699 ], [ -119.222922, 41.993672 ], [ -119.218597, 41.99363 ], [ -119.208993, 41.993551 ], [ -119.205014, 41.99351 ], [ -119.204632, 41.993511 ], [ -119.203995, 41.993498 ], [ -119.201398, 41.993478 ], [ -119.192748, 41.993445 ], [ -119.190239, 41.99344 ], [ -119.184822, 41.993438 ], [ -119.181176, 41.993425 ], [ -119.178671, 41.993414 ], [ -119.176935, 41.993406 ], [ -119.172885, 41.993392 ], [ -119.170874, 41.993387 ], [ -119.166512, 41.993376 ], [ -119.164153, 41.99337 ], [ -119.15987, 41.993354 ], [ -119.159565, 41.993354 ], [ -119.157627, 41.993354 ], [ -119.154684, 41.993354 ], [ -119.14981, 41.993369 ], [ -119.144936, 41.993384 ], [ -119.140125, 41.993396 ], [ -119.140099, 41.993396 ], [ -119.140073, 41.993396 ], [ -119.138234, 41.993398 ], [ -119.135208, 41.993403 ], [ -119.130349, 41.993434 ], [ -119.125704, 41.993464 ], [ -119.120595, 41.993475 ], [ -119.115069, 41.993492 ], [ -119.108591, 41.993545 ], [ -119.103926, 41.993562 ], [ -119.088957, 41.993676 ], [ -119.082125, 41.993715 ], [ -119.076789, 41.993714 ], [ -119.061797, 41.993626 ], [ -119.054762, 41.993629 ], [ -119.051872, 41.993608 ], [ -119.045009, 41.993582 ], [ -119.042597, 41.99358 ], [ -119.041568, 41.993584 ], [ -119.036462, 41.993585 ], [ -119.035573, 41.993586 ], [ -119.031362, 41.993583 ], [ -119.025717, 41.993575 ], [ -119.01683, 41.99357 ], [ -119.015885, 41.993569 ], [ -119.013131, 41.99357 ], [ -119.010293, 41.993564 ], [ -119.008114, 41.99356 ], [ -119.004074, 41.99356 ], [ -119.00106, 41.993551 ], [ -118.995945, 41.99351 ], [ -118.99475, 41.993494 ], [ -118.991082, 41.993461 ], [ -118.986226, 41.993416 ], [ -118.982525, 41.993385 ], [ -118.981375, 41.993383 ], [ -118.976519, 41.993361 ], [ -118.975273, 41.993359 ], [ -118.972561, 41.993352 ], [ -118.971672, 41.99335 ], [ -118.970123, 41.993341 ], [ -118.969548, 41.993338 ], [ -118.963185, 41.993302 ], [ -118.955457, 41.993263 ], [ -118.950553, 41.99324 ], [ -118.948403, 41.993228 ], [ -118.945483, 41.993211 ], [ -118.940589, 41.993184 ], [ -118.934234, 41.993158 ], [ -118.931466, 41.993119 ], [ -118.929034, 41.993084 ], [ -118.906596, 41.992769 ], [ -118.903244, 41.992725 ], [ -118.892427, 41.992751 ], [ -118.88785, 41.992762 ], [ -118.883832, 41.992772 ], [ -118.876266, 41.992759 ], [ -118.873659, 41.992754 ], [ -118.870936, 41.992748 ], [ -118.870284, 41.992749 ], [ -118.868311, 41.992742 ], [ -118.862286, 41.992728 ], [ -118.857373, 41.992716 ], [ -118.849546, 41.992698 ], [ -118.845498, 41.992689 ], [ -118.842813, 41.992683 ], [ -118.841046, 41.992679 ], [ -118.839734, 41.992677 ], [ -118.837955, 41.992673 ], [ -118.837468, 41.992672 ], [ -118.83531, 41.992667 ], [ -118.82963, 41.992656 ], [ -118.825588, 41.992647 ], [ -118.814045, 41.992619 ], [ -118.809336, 41.992613 ], [ -118.808347, 41.992613 ], [ -118.806662, 41.992612 ], [ -118.802807, 41.992607 ], [ -118.799789, 41.992605 ], [ -118.798566, 41.992614 ], [ -118.796413, 41.992603 ], [ -118.793338, 41.992605 ], [ -118.792745, 41.992603 ], [ -118.788774, 41.992604 ], [ -118.785256, 41.992601 ], [ -118.783891, 41.992595 ], [ -118.783039, 41.992591 ], [ -118.782658, 41.992589 ], [ -118.782418, 41.992588 ], [ -118.777629, 41.992565 ], [ -118.776939, 41.992562 ], [ -118.776512, 41.99256 ], [ -118.77598, 41.992557 ], [ -118.775391, 41.992554 ], [ -118.772633, 41.992541 ], [ -118.771605, 41.992536 ], [ -118.766675, 41.992513 ], [ -118.765792, 41.992509 ], [ -118.761902, 41.992554 ], [ -118.75895, 41.992589 ], [ -118.757159, 41.99261 ], [ -118.75507, 41.992585 ], [ -118.754101, 41.992579 ], [ -118.751829, 41.992556 ], [ -118.75103, 41.992548 ], [ -118.75085, 41.992546 ], [ -118.747627, 41.992516 ], [ -118.745862, 41.992499 ], [ -118.742861, 41.992435 ], [ -118.738096, 41.992332 ], [ -118.736037, 41.992309 ], [ -118.733093, 41.992287 ], [ -118.728091, 41.992245 ], [ -118.726844, 41.992235 ], [ -118.726107, 41.992229 ], [ -118.724909, 41.992221 ], [ -118.722589, 41.992205 ], [ -118.714985, 41.99214 ], [ -118.714342, 41.992132 ], [ -118.713299, 41.992127 ], [ -118.70851, 41.992089 ], [ -118.707888, 41.992082 ], [ -118.703555, 41.992096 ], [ -118.7014, 41.992104 ], [ -118.697637, 41.992117 ], [ -118.696124, 41.992121 ], [ -118.695723, 41.992123 ], [ -118.695246, 41.992125 ], [ -118.69407, 41.992128 ], [ -118.6927, 41.992129 ], [ -118.692074, 41.992135 ], [ -118.690105, 41.992142 ], [ -118.684565, 41.99215 ], [ -118.681124, 41.992152 ], [ -118.679576, 41.992152 ], [ -118.679081, 41.992153 ], [ -118.676499, 41.992154 ], [ -118.674737, 41.992199 ], [ -118.674633, 41.992201 ], [ -118.671648, 41.992277 ], [ -118.670185, 41.992314 ], [ -118.6699, 41.992321 ], [ -118.665739, 41.992427 ], [ -118.665064, 41.992444 ], [ -118.661294, 41.99254 ], [ -118.660229, 41.992567 ], [ -118.656569, 41.992659 ], [ -118.651844, 41.992779 ], [ -118.650524, 41.992812 ], [ -118.647119, 41.992898 ], [ -118.644699, 41.992962 ], [ -118.643773, 41.992983 ], [ -118.641863, 41.993031 ], [ -118.641567, 41.993039 ], [ -118.640052, 41.993077 ], [ -118.639151, 41.993108 ], [ -118.638755, 41.993118 ], [ -118.634858, 41.99324 ], [ -118.633533, 41.993282 ], [ -118.632015, 41.99333 ], [ -118.631245, 41.993349 ], [ -118.630471, 41.993366 ], [ -118.628816, 41.993396 ], [ -118.628607, 41.993399 ], [ -118.626001, 41.993447 ], [ -118.62467, 41.993471 ], [ -118.624508, 41.993474 ], [ -118.623336, 41.993495 ], [ -118.621137, 41.993535 ], [ -118.618566, 41.993582 ], [ -118.614992, 41.993647 ], [ -118.612272, 41.993696 ], [ -118.6093, 41.993751 ], [ -118.608464, 41.993766 ], [ -118.607471, 41.993784 ], [ -118.606326, 41.993805 ], [ -118.601816, 41.993887 ], [ -118.601663, 41.99389 ], [ -118.601318, 41.993896 ], [ -118.600798, 41.993905 ], [ -118.600464, 41.993911 ], [ -118.599747, 41.993924 ], [ -118.583827, 41.994213 ], [ -118.569725, 41.994457 ], [ -118.559852, 41.994546 ], [ -118.556403, 41.994582 ], [ -118.551038, 41.994636 ], [ -118.542702, 41.994731 ], [ -118.54201, 41.99474 ], [ -118.541414, 41.994749 ], [ -118.540753, 41.994754 ], [ -118.538863, 41.994777 ], [ -118.538507, 41.99478 ], [ -118.53799, 41.994786 ], [ -118.53713, 41.994797 ], [ -118.534309, 41.99483 ], [ -118.533072, 41.994844 ], [ -118.532838, 41.994846 ], [ -118.527877, 41.994903 ], [ -118.520783, 41.994987 ], [ -118.514277, 41.995062 ], [ -118.506899, 41.995141 ], [ -118.504408, 41.995169 ], [ -118.501008, 41.995207 ], [ -118.497286, 41.995247 ], [ -118.494249, 41.995279 ], [ -118.491887, 41.995303 ], [ -118.490601, 41.995316 ], [ -118.489357, 41.995328 ], [ -118.488725, 41.995335 ], [ -118.488391, 41.995339 ], [ -118.488232, 41.99534 ], [ -118.488085, 41.995342 ], [ -118.486816, 41.995355 ], [ -118.483366, 41.995392 ], [ -118.481791, 41.995408 ], [ -118.480766, 41.995419 ], [ -118.477372, 41.995454 ], [ -118.474072, 41.995489 ], [ -118.470074, 41.995528 ], [ -118.467845, 41.99555 ], [ -118.463505, 41.995594 ], [ -118.46061, 41.995622 ], [ -118.458699, 41.995642 ], [ -118.45714, 41.995656 ], [ -118.455256, 41.995675 ], [ -118.452399, 41.995701 ], [ -118.451596, 41.995708 ], [ -118.450372, 41.995719 ], [ -118.449221, 41.995729 ], [ -118.447834, 41.995741 ], [ -118.446278, 41.995755 ], [ -118.44457, 41.99577 ], [ -118.443068, 41.995784 ], [ -118.442582, 41.995788 ], [ -118.442376, 41.99579 ], [ -118.441883, 41.995794 ], [ -118.441506, 41.995798 ], [ -118.441257, 41.9958 ], [ -118.440365, 41.995808 ], [ -118.435279, 41.995853 ], [ -118.434816, 41.995857 ], [ -118.433372, 41.995857 ], [ -118.433054, 41.995856 ], [ -118.431851, 41.995861 ], [ -118.429638, 41.995871 ], [ -118.426818, 41.995882 ], [ -118.42651, 41.995882 ], [ -118.426195, 41.995883 ], [ -118.424547, 41.995888 ], [ -118.423732, 41.995887 ], [ -118.421181, 41.995895 ], [ -118.418652, 41.995901 ], [ -118.418168, 41.995902 ], [ -118.416488, 41.995906 ], [ -118.416254, 41.995907 ], [ -118.415296, 41.99591 ], [ -118.414024, 41.995914 ], [ -118.413113, 41.995913 ], [ -118.412686, 41.995912 ], [ -118.412495, 41.995912 ], [ -118.412244, 41.995912 ], [ -118.399229, 41.995887 ], [ -118.397503, 41.995887 ], [ -118.396869, 41.995888 ], [ -118.394855, 41.995925 ], [ -118.394481, 41.995931 ], [ -118.392489, 41.995967 ], [ -118.392354, 41.99597 ], [ -118.391923, 41.995977 ], [ -118.391453, 41.995986 ], [ -118.391181, 41.995991 ], [ -118.390984, 41.995994 ], [ -118.390803, 41.995997 ], [ -118.385292, 41.996097 ], [ -118.382918, 41.99614 ], [ -118.382232, 41.996155 ], [ -118.381826, 41.996162 ], [ -118.381635, 41.996163 ], [ -118.380954, 41.996175 ], [ -118.377414, 41.996239 ], [ -118.376669, 41.996244 ], [ -118.376079, 41.996247 ], [ -118.374104, 41.996259 ], [ -118.370582, 41.996281 ], [ -118.360496, 41.996343 ], [ -118.356833, 41.996368 ], [ -118.355309, 41.996381 ], [ -118.350496, 41.996421 ], [ -118.348218, 41.996444 ], [ -118.347756, 41.996444 ], [ -118.34711, 41.99645 ], [ -118.343982, 41.996476 ], [ -118.342354, 41.996489 ], [ -118.339143, 41.996516 ], [ -118.337599, 41.996519 ], [ -118.334265, 41.996526 ], [ -118.332844, 41.996528 ], [ -118.329327, 41.996536 ], [ -118.327906, 41.996539 ], [ -118.327192, 41.99654 ], [ -118.325557, 41.996543 ], [ -118.324553, 41.996545 ], [ -118.319946, 41.996554 ], [ -118.30371, 41.996722 ], [ -118.295453, 41.996786 ], [ -118.287995, 41.996826 ], [ -118.285709, 41.996839 ], [ -118.282429, 41.996857 ], [ -118.277618, 41.996886 ], [ -118.265963, 41.996958 ], [ -118.264728, 41.996965 ], [ -118.259775, 41.99699 ], [ -118.257383, 41.99701 ], [ -118.252982, 41.997037 ], [ -118.249222, 41.99706 ], [ -118.246077, 41.99708 ], [ -118.245121, 41.997085 ], [ -118.242249, 41.997103 ], [ -118.241122, 41.997111 ], [ -118.240275, 41.997118 ], [ -118.236173, 41.99715 ], [ -118.235428, 41.997155 ], [ -118.231316, 41.997187 ], [ -118.230584, 41.997192 ], [ -118.226461, 41.997224 ], [ -118.225739, 41.997229 ], [ -118.223189, 41.997249 ], [ -118.221601, 41.997254 ], [ -118.22089, 41.997256 ], [ -118.216743, 41.99727 ], [ -118.216455, 41.997271 ], [ -118.211983, 41.997287 ], [ -118.211901, 41.997288 ], [ -118.207146, 41.997305 ], [ -118.20706, 41.997305 ], [ -118.203204, 41.997319 ], [ -118.202306, 41.997323 ], [ -118.202214, 41.997323 ], [ -118.197371, 41.997344 ], [ -118.195869, 41.997001 ], [ -118.191913, 41.997022 ], [ -118.190594, 41.997029 ], [ -118.186671, 41.997049 ], [ -118.186638, 41.99705 ], [ -118.177543, 41.9971 ], [ -118.174904, 41.997114 ], [ -118.170982, 41.997135 ], [ -118.168432, 41.997146 ], [ -118.160782, 41.997181 ], [ -118.158233, 41.997193 ], [ -118.157782, 41.997195 ], [ -118.150808, 41.997231 ], [ -118.143112, 41.99727 ], [ -118.135211, 41.99731 ], [ -118.129544, 41.997339 ], [ -118.127267, 41.99735 ], [ -118.125847, 41.997357 ], [ -118.12404, 41.997367 ], [ -118.124006, 41.997367 ], [ -118.123819, 41.997368 ], [ -118.106748, 41.997457 ], [ -118.105761, 41.997462 ], [ -118.10557, 41.997462 ], [ -118.104998, 41.997466 ], [ -118.104808, 41.997467 ], [ -118.103682, 41.997472 ], [ -118.100307, 41.997491 ], [ -118.099182, 41.997497 ], [ -118.098808, 41.997498 ], [ -118.097686, 41.997505 ], [ -118.097313, 41.997507 ], [ -118.097045, 41.997508 ], [ -118.096244, 41.997513 ], [ -118.095977, 41.997515 ], [ -118.094112, 41.997524 ], [ -118.088519, 41.997554 ], [ -118.086655, 41.997564 ], [ -118.083341, 41.997581 ], [ -118.0734, 41.997633 ], [ -118.071396, 41.997644 ], [ -118.071113, 41.997646 ], [ -118.070087, 41.997651 ], [ -118.069983, 41.997651 ], [ -118.069673, 41.997653 ], [ -118.06957, 41.997654 ], [ -118.069425, 41.997654 ], [ -118.068994, 41.997657 ], [ -118.06885, 41.997658 ], [ -118.068666, 41.997659 ], [ -118.068118, 41.997662 ], [ -118.067935, 41.997663 ], [ -118.067262, 41.997663 ], [ -118.065243, 41.997667 ], [ -118.064571, 41.997669 ], [ -118.064322, 41.99767 ], [ -118.064106, 41.997672 ], [ -118.063862, 41.997673 ], [ -118.063575, 41.997674 ], [ -118.063326, 41.997676 ], [ -118.062838, 41.997678 ], [ -118.061377, 41.997685 ], [ -118.060891, 41.997688 ], [ -118.058509, 41.9977 ], [ -118.054612, 41.99772 ], [ -118.054112, 41.997722 ], [ -118.048154, 41.997752 ], [ -118.046412, 41.997761 ], [ -118.038814, 41.997799 ], [ -118.033774, 41.997824 ], [ -118.026996, 41.997859 ], [ -118.022797, 41.99788 ], [ -118.017772, 41.997906 ], [ -118.01564, 41.997917 ], [ -118.010202, 41.997945 ], [ -118.006004, 41.997967 ], [ -118.005207, 41.99797 ], [ -118.002818, 41.997983 ], [ -118.00232, 41.997985 ], [ -118.002022, 41.997987 ], [ -118.00181, 41.997988 ], [ -118.001192, 41.998041 ], [ -118.000985, 41.998059 ], [ -117.999499, 41.998056 ], [ -117.995041, 41.998048 ], [ -117.993556, 41.998046 ], [ -117.992783, 41.998044 ], [ -117.990467, 41.99804 ], [ -117.989695, 41.998039 ], [ -117.988302, 41.998036 ], [ -117.984123, 41.998029 ], [ -117.98273, 41.998027 ], [ -117.980689, 41.998023 ], [ -117.974566, 41.998011 ], [ -117.972526, 41.998008 ], [ -117.968201, 41.998 ], [ -117.960382, 41.997988 ], [ -117.958038, 41.998001 ], [ -117.955229, 41.998015 ], [ -117.950906, 41.998039 ], [ -117.948425, 41.998052 ], [ -117.945723, 41.998068 ], [ -117.942741, 41.998084 ], [ -117.940982, 41.998093 ], [ -117.938502, 41.998108 ], [ -117.937016, 41.998115 ], [ -117.932558, 41.998138 ], [ -117.931073, 41.998146 ], [ -117.929194, 41.998156 ], [ -117.923558, 41.998188 ], [ -117.92168, 41.9982 ], [ -117.918799, 41.998217 ], [ -117.918061, 41.998221 ], [ -117.914375, 41.998242 ], [ -117.907207, 41.998193 ], [ -117.903589, 41.998169 ], [ -117.901915, 41.998158 ], [ -117.900898, 41.998155 ], [ -117.892825, 41.998137 ], [ -117.890613, 41.998133 ], [ -117.890135, 41.998141 ], [ -117.888913, 41.99816 ], [ -117.887299, 41.998186 ], [ -117.885249, 41.99818 ], [ -117.884028, 41.998178 ], [ -117.881786, 41.998172 ], [ -117.87598, 41.998159 ], [ -117.875063, 41.998223 ], [ -117.873467, 41.998335 ], [ -117.872826, 41.998333 ], [ -117.843576, 41.998246 ], [ -117.838883, 41.998234 ], [ -117.835757, 41.998223 ], [ -117.835658, 41.998224 ], [ -117.82928, 41.998277 ], [ -117.812415, 41.998417 ], [ -117.810253, 41.998428 ], [ -117.804475, 41.998414 ], [ -117.803929, 41.998413 ], [ -117.803877, 41.998413 ], [ -117.7944, 41.998419 ], [ -117.793555, 41.99842 ], [ -117.792182, 41.998421 ], [ -117.790139, 41.998424 ], [ -117.790035, 41.998421 ], [ -117.789235, 41.998426 ], [ -117.788649, 41.998426 ], [ -117.780419, 41.998352 ], [ -117.780363, 41.998331 ], [ -117.780281, 41.998331 ], [ -117.779965, 41.998331 ], [ -117.77863, 41.998331 ], [ -117.773679, 41.998333 ], [ -117.772029, 41.998334 ], [ -117.77024, 41.998323 ], [ -117.764874, 41.998292 ], [ -117.763086, 41.998282 ], [ -117.761839, 41.998283 ], [ -117.758098, 41.998287 ], [ -117.756852, 41.998289 ], [ -117.755676, 41.998287 ], [ -117.75215, 41.998281 ], [ -117.750975, 41.99828 ], [ -117.748326, 41.998267 ], [ -117.740383, 41.998231 ], [ -117.737735, 41.998219 ], [ -117.735924, 41.998211 ], [ -117.7295, 41.998184 ], [ -117.725418, 41.99818 ], [ -117.722496, 41.998177 ], [ -117.721819, 41.998177 ], [ -117.720229, 41.998189 ], [ -117.719842, 41.998189 ], [ -117.719432, 41.998189 ], [ -117.718943, 41.998189 ], [ -117.718549, 41.998189 ], [ -117.717823, 41.998186 ], [ -117.717087, 41.998184 ], [ -117.708566, 41.998163 ], [ -117.706713, 41.998161 ], [ -117.705781, 41.998161 ], [ -117.686195, 41.998147 ], [ -117.658624, 41.998128 ], [ -117.65823, 41.998128 ], [ -117.650799, 41.998122 ], [ -117.650514, 41.998122 ], [ -117.649501, 41.99812 ], [ -117.64773, 41.998117 ], [ -117.645667, 41.998158 ], [ -117.641114, 41.998144 ], [ -117.640726, 41.998143 ], [ -117.639929, 41.998141 ], [ -117.639851, 41.99814 ], [ -117.635023, 41.998128 ], [ -117.634711, 41.998127 ], [ -117.63462, 41.998125 ], [ -117.632928, 41.998095 ], [ -117.632266, 41.998082 ], [ -117.632151, 41.998083 ], [ -117.628952, 41.99809 ], [ -117.626018, 41.998096 ], [ -117.624409, 41.998357 ], [ -117.623734, 41.998466 ], [ -117.620092, 41.998488 ], [ -117.617188, 41.998505 ], [ -117.616391, 41.998509 ], [ -117.614003, 41.998523 ], [ -117.613208, 41.998529 ], [ -117.612798, 41.998532 ], [ -117.610714, 41.998542 ], [ -117.603248, 41.998588 ], [ -117.57658, 41.998746 ], [ -117.574055, 41.998761 ], [ -117.566479, 41.998806 ], [ -117.563955, 41.998822 ], [ -117.55913, 41.99885 ], [ -117.556422, 41.998867 ], [ -117.552416, 41.99889 ], [ -117.544655, 41.998936 ], [ -117.539831, 41.998965 ], [ -117.537984, 41.998976 ], [ -117.532443, 41.999009 ], [ -117.530597, 41.999021 ], [ -117.530197, 41.999024 ], [ -117.522306, 41.99911 ], [ -117.521675, 41.999117 ], [ -117.521402, 41.99912 ], [ -117.521065, 41.999124 ], [ -117.520396, 41.999131 ], [ -117.518391, 41.999152 ], [ -117.516896, 41.999169 ], [ -117.515958, 41.999179 ], [ -117.515112, 41.999189 ], [ -117.513476, 41.999207 ], [ -117.513308, 41.999209 ], [ -117.51312, 41.999211 ], [ -117.511962, 41.999224 ], [ -117.506682, 41.999268 ], [ -117.506428, 41.999271 ], [ -117.504408, 41.999342 ], [ -117.500967, 41.999464 ], [ -117.495677, 41.999354 ], [ -117.495655, 41.999354 ], [ -117.4935, 41.999357 ], [ -117.492286, 41.999358 ], [ -117.490332, 41.999358 ], [ -117.49007, 41.999358 ], [ -117.4814, 41.9994 ], [ -117.481112, 41.999399 ], [ -117.479949, 41.99939 ], [ -117.474132, 41.999413 ], [ -117.473266, 41.999393 ], [ -117.473037, 41.999394 ], [ -117.47199, 41.999425 ], [ -117.471413, 41.999418 ], [ -117.470528, 41.999407 ], [ -117.467281, 41.999367 ], [ -117.464832, 41.999396 ], [ -117.46235, 41.999426 ], [ -117.455887, 41.999503 ], [ -117.443062, 41.999659 ], [ -117.438269, 41.999577 ], [ -117.421264, 41.999436 ], [ -117.41824, 41.99941 ], [ -117.414986, 41.999383 ], [ -117.407772, 41.999324 ], [ -117.407112, 41.999318 ], [ -117.405134, 41.999302 ], [ -117.404475, 41.999297 ], [ -117.403613, 41.99929 ], [ -117.395124, 41.999325 ], [ -117.393572, 41.999331 ], [ -117.37694, 41.999402 ], [ -117.376183, 41.999405 ], [ -117.375967, 41.999407 ], [ -117.36841, 41.9995 ], [ -117.366074, 41.999504 ], [ -117.365753, 41.999504 ], [ -117.35825, 41.999516 ], [ -117.349198, 41.999542 ], [ -117.345604, 41.999553 ], [ -117.334822, 41.999584 ], [ -117.331379, 41.999595 ], [ -117.331228, 41.999595 ], [ -117.330551, 41.999596 ], [ -117.328524, 41.999601 ], [ -117.327848, 41.999603 ], [ -117.323897, 41.999612 ], [ -117.312047, 41.99964 ], [ -117.308097, 41.99965 ], [ -117.295456, 41.99968 ], [ -117.292696, 41.999687 ], [ -117.284777, 41.999706 ], [ -117.277189, 41.999725 ], [ -117.274415, 41.999731 ], [ -117.266094, 41.999751 ], [ -117.263321, 41.999758 ], [ -117.260845, 41.999763 ], [ -117.25342, 41.999781 ], [ -117.251232, 41.999787 ], [ -117.250964, 41.999887 ], [ -117.246229, 41.999887 ], [ -117.232027, 41.999888 ], [ -117.227293, 41.999889 ], [ -117.217551, 41.999887 ], [ -117.2172, 42.000124 ], [ -117.208612, 42.000213 ], [ -117.207457, 42.000223 ], [ -117.198024, 42.000383 ], [ -117.197867, 42.000381 ], [ -117.197703, 42.00038 ], [ -117.197615, 42.000379 ], [ -117.182044, 42.000378 ], [ -117.178631, 42.000351 ], [ -117.161823, 42.000383 ], [ -117.161397, 42.000385 ], [ -117.133667, 42.000439 ], [ -117.125961, 42.000371 ], [ -117.124757, 42.000364 ], [ -117.113663, 42.0003 ], [ -117.096808, 42.000201 ], [ -117.0966, 42.000199 ], [ -117.09657, 42.000199 ], [ -117.079226, 42.000098 ], [ -117.068398, 42.000035 ], [ -117.065553, 42.00003 ], [ -117.057019, 42.000015 ], [ -117.055181, 42.000012 ], [ -117.054469, 42.000007 ], [ -117.052419, 42.000053 ], [ -117.049639, 41.999971 ], [ -117.048412, 41.999976 ], [ -117.046559, 41.999984 ], [ -117.042623, 42.000002 ], [ -117.026639, 41.999893 ], [ -117.026197, 41.99989 ], [ -117.0262, 42.000195 ], [ -117.026208, 42.000936 ], [ -117.026234, 42.003522 ], [ -117.026233, 42.003587 ], [ -117.026251, 42.006813 ], [ -117.026241, 42.017983 ], [ -117.026236, 42.018168 ], [ -117.02626, 42.035598 ], [ -117.026265, 42.040197 ], [ -117.026279, 42.050974 ], [ -117.026279, 42.051046 ], [ -117.026316, 42.057446 ], [ -117.026316, 42.057481 ], [ -117.026341, 42.061881 ], [ -117.026341, 42.061902 ], [ -117.026343, 42.062483 ], [ -117.026321, 42.066252 ], [ -117.026274, 42.074878 ], [ -117.026273, 42.074973 ], [ -117.026171, 42.093407 ], [ -117.026103, 42.11572 ], [ -117.026095, 42.117548 ], [ -117.026107, 42.117552 ], [ -117.026097, 42.117647 ], [ -117.026579, 42.124888 ], [ -117.026582, 42.130204 ], [ -117.026595, 42.132997 ], [ -117.02659, 42.133258 ], [ -117.026583, 42.133543 ], [ -117.026453, 42.138485 ], [ -117.026451, 42.138605 ], [ -117.026443, 42.138615 ], [ -117.026399, 42.144347 ], [ -117.026344, 42.150222 ], [ -117.026342, 42.150491 ], [ -117.026297, 42.155319 ], [ -117.026277, 42.157501 ], [ -117.026276, 42.157611 ], [ -117.02623, 42.1633 ], [ -117.026228, 42.1633 ], [ -117.0262, 42.166401 ], [ -117.02621, 42.168623 ], [ -117.026258, 42.180413 ], [ -117.026267, 42.180422 ], [ -117.026292, 42.187003 ], [ -117.02631, 42.190842 ], [ -117.026235, 42.194968 ], [ -117.026224, 42.194976 ], [ -117.026204, 42.19611 ], [ -117.026165, 42.199039 ], [ -117.026166, 42.200677 ], [ -117.026188, 42.216281 ], [ -117.026188, 42.216448 ], [ -117.026175, 42.216448 ], [ -117.026187, 42.216556 ], [ -117.026187, 42.216882 ], [ -117.026187, 42.216991 ], [ -117.026188, 42.217395 ], [ -117.026191, 42.218607 ], [ -117.026193, 42.219011 ], [ -117.026195, 42.22061 ], [ -117.026202, 42.22541 ], [ -117.026205, 42.22701 ], [ -117.026205, 42.227398 ], [ -117.026207, 42.228564 ], [ -117.026208, 42.228953 ], [ -117.026209, 42.229503 ], [ -117.026217, 42.234477 ], [ -117.026217, 42.234623 ], [ -117.026255, 42.244144 ], [ -117.026256, 42.24434 ], [ -117.026277, 42.24966 ], [ -117.026285, 42.255087 ], [ -117.026285, 42.25534 ], [ -117.02629, 42.258436 ], [ -117.02629, 42.258653 ], [ -117.026301, 42.267011 ], [ -117.026361, 42.27837 ], [ -117.026361, 42.278474 ], [ -117.026344, 42.290264 ], [ -117.026344, 42.29044 ], [ -117.026348, 42.292408 ], [ -117.026348, 42.292583 ], [ -117.026368, 42.303304 ], [ -117.026368, 42.303473 ], [ -117.026377, 42.308474 ], [ -117.026378, 42.308535 ], [ -117.026362, 42.309537 ], [ -117.026359, 42.309702 ], [ -117.026322, 42.31176 ], [ -117.026318, 42.311924 ], [ -117.026261, 42.315004 ], [ -117.02611, 42.323079 ], [ -117.02611, 42.32425 ], [ -117.02611, 42.324328 ], [ -117.02611, 42.324407 ], [ -117.02611, 42.324419 ], [ -117.02611, 42.324491 ], [ -117.02611, 42.324563 ], [ -117.02611, 42.324705 ], [ -117.026113, 42.33026 ], [ -117.026113, 42.330375 ], [ -117.026122, 42.346567 ], [ -117.026129, 42.357192 ], [ -117.026135, 42.357435 ], [ -117.026466, 42.372 ], [ -117.026468, 42.372049 ], [ -117.026531, 42.374871 ], [ -117.026536, 42.375706 ], [ -117.026551, 42.378558 ], [ -117.026553, 42.378908 ], [ -117.02656, 42.379896 ], [ -117.026561, 42.380106 ], [ -117.02651, 42.387383 ], [ -117.026509, 42.387446 ], [ -117.026507, 42.387949 ], [ -117.026506, 42.388001 ], [ -117.026489, 42.390572 ], [ -117.026484, 42.392452 ], [ -117.026484, 42.392571 ], [ -117.026483, 42.392831 ], [ -117.026483, 42.392914 ], [ -117.026483, 42.392939 ], [ -117.026484, 42.393191 ], [ -117.026481, 42.393276 ], [ -117.02648, 42.393946 ], [ -117.026463, 42.400116 ], [ -117.026439, 42.409333 ], [ -117.026437, 42.409459 ], [ -117.026421, 42.415193 ], [ -117.026422, 42.415272 ], [ -117.026421, 42.415356 ], [ -117.026423, 42.425322 ], [ -117.026425, 42.428036 ], [ -117.026425, 42.428198 ], [ -117.026426, 42.430458 ], [ -117.026426, 42.430667 ], [ -117.026429, 42.439265 ], [ -117.026429, 42.439327 ], [ -117.02643, 42.442925 ], [ -117.026431, 42.447077 ], [ -117.026432, 42.450393 ], [ -117.026433, 42.452853 ], [ -117.026433, 42.452865 ], [ -117.026433, 42.454455 ], [ -117.026433, 42.454474 ], [ -117.026434, 42.456621 ], [ -117.026447, 42.459367 ], [ -117.026448, 42.459408 ], [ -117.026468, 42.463691 ], [ -117.026468, 42.463751 ], [ -117.026477, 42.465569 ], [ -117.026492, 42.468616 ], [ -117.026527, 42.475689 ], [ -117.026528, 42.475906 ], [ -117.026533, 42.476863 ], [ -117.026534, 42.477062 ], [ -117.02658, 42.486629 ], [ -117.02658, 42.486682 ], [ -117.026592, 42.48926 ], [ -117.026593, 42.489275 ], [ -117.026597, 42.490227 ], [ -117.026588, 42.491667 ], [ -117.02658, 42.493413 ], [ -117.026558, 42.498652 ], [ -117.026554, 42.499879 ], [ -117.026464, 42.500391 ], [ -117.026458, 42.500424 ], [ -117.026456, 42.503087 ], [ -117.026456, 42.503493 ], [ -117.026456, 42.503538 ], [ -117.026456, 42.503818 ], [ -117.026456, 42.505848 ], [ -117.026457, 42.511496 ], [ -117.026457, 42.511668 ], [ -117.026455, 42.517339 ], [ -117.026454, 42.519636 ], [ -117.026452, 42.519869 ], [ -117.026453, 42.525808 ], [ -117.026453, 42.527657 ], [ -117.026452, 42.530039 ], [ -117.026458, 42.53067 ], [ -117.026458, 42.53075 ], [ -117.026466, 42.531022 ], [ -117.026479, 42.531349 ], [ -117.026479, 42.531374 ], [ -117.026462, 42.552111 ], [ -117.026462, 42.552223 ], [ -117.026458, 42.557916 ], [ -117.026457, 42.557975 ], [ -117.026454, 42.562423 ], [ -117.026453, 42.562441 ], [ -117.026452, 42.564409 ], [ -117.026451, 42.566967 ], [ -117.026452, 42.567008 ], [ -117.026451, 42.567051 ], [ -117.026452, 42.573204 ], [ -117.02645, 42.573273 ], [ -117.026448, 42.57699 ], [ -117.026452, 42.577075 ], [ -117.026513, 42.590671 ], [ -117.026525, 42.595429 ], [ -117.026526, 42.595618 ], [ -117.026543, 42.601767 ], [ -117.026543, 42.601828 ], [ -117.026561, 42.609506 ], [ -117.026562, 42.609552 ], [ -117.026561, 42.609694 ], [ -117.026596, 42.613993 ], [ -117.026598, 42.614131 ], [ -117.026597, 42.614131 ], [ -117.026634, 42.619898 ], [ -117.026665, 42.624878 ], [ -117.026672, 42.627901 ], [ -117.026646, 42.627901 ], [ -117.026656, 42.62953 ], [ -117.026648, 42.634418 ], [ -117.026646, 42.636048 ], [ -117.026642, 42.638177 ], [ -117.026598, 42.665123 ], [ -117.026576, 42.679884 ], [ -117.026576, 42.679935 ], [ -117.026577, 42.682395 ], [ -117.026567, 42.68783 ], [ -117.026573, 42.689018 ], [ -117.026572, 42.689068 ], [ -117.026564, 42.689172 ], [ -117.026567, 42.689652 ], [ -117.026559, 42.689664 ], [ -117.026564, 42.689865 ], [ -117.026562, 42.689873 ], [ -117.026555, 42.693562 ], [ -117.026555, 42.693608 ], [ -117.026554, 42.695188 ], [ -117.026554, 42.695255 ], [ -117.026535, 42.707199 ], [ -117.026535, 42.707268 ], [ -117.026495, 42.715843 ], [ -117.026495, 42.715958 ], [ -117.026524, 42.717025 ], [ -117.026524, 42.717056 ], [ -117.026511, 42.721247 ], [ -117.026494, 42.731771 ], [ -117.026483, 42.733938 ], [ -117.026483, 42.734043 ], [ -117.026482, 42.734531 ], [ -117.026488, 42.734639 ], [ -117.026479, 42.73465 ], [ -117.026508, 42.742493 ], [ -117.026508, 42.742636 ], [ -117.026506, 42.742761 ], [ -117.026499, 42.744027 ], [ -117.026497, 42.744208 ], [ -117.026497, 42.744223 ], [ -117.026451, 42.750287 ], [ -117.026473, 42.75073 ], [ -117.026474, 42.750811 ], [ -117.02641, 42.760336 ], [ -117.026409, 42.760504 ], [ -117.026408, 42.761159 ], [ -117.026407, 42.761305 ], [ -117.026393, 42.766816 ], [ -117.026383, 42.771478 ], [ -117.026382, 42.772364 ], [ -117.026382, 42.772682 ], [ -117.026354, 42.78453 ], [ -117.026353, 42.7846 ], [ -117.026352, 42.785191 ], [ -117.026351, 42.785591 ], [ -117.026351, 42.785666 ], [ -117.02635, 42.786292 ], [ -117.026339, 42.789129 ], [ -117.026341, 42.790359 ], [ -117.026339, 42.793811 ], [ -117.026333, 42.802088 ], [ -117.026331, 42.803597 ], [ -117.026332, 42.805113 ], [ -117.026335, 42.807017 ], [ -117.026345, 42.807465 ], [ -117.026319, 42.810995 ], [ -117.026271, 42.815319 ], [ -117.026271, 42.815602 ], [ -117.026274, 42.816474 ], [ -117.026274, 42.816698 ], [ -117.026278, 42.818291 ], [ -117.026278, 42.818418 ], [ -117.026237, 42.82791 ], [ -117.026231, 42.831194 ], [ -117.026236, 42.834675 ], [ -117.026236, 42.834809 ], [ -117.026238, 42.835552 ], [ -117.026262, 42.850271 ], [ -117.026262, 42.850342 ], [ -117.026271, 42.855045 ], [ -117.026272, 42.855368 ], [ -117.026273, 42.855534 ], [ -117.026274, 42.85594 ], [ -117.026281, 42.857599 ], [ -117.026277, 42.857704 ], [ -117.026286, 42.862525 ], [ -117.026286, 42.862567 ], [ -117.026292, 42.862681 ], [ -117.026294, 42.863013 ], [ -117.026288, 42.864107 ], [ -117.026283, 42.866039 ], [ -117.026288, 42.866204 ], [ -117.026293, 42.869514 ], [ -117.026294, 42.869688 ], [ -117.026321, 42.874301 ], [ -117.026329, 42.874879 ], [ -117.026326, 42.875266 ], [ -117.026332, 42.876089 ], [ -117.026372, 42.88198 ], [ -117.026449, 42.892961 ], [ -117.026453, 42.893044 ], [ -117.026509, 42.901149 ], [ -117.026515, 42.90199 ], [ -117.02652, 42.902829 ], [ -117.026526, 42.903776 ], [ -117.026528, 42.904286 ], [ -117.026529, 42.904394 ], [ -117.026534, 42.904722 ], [ -117.026406, 42.91462 ], [ -117.026387, 42.931223 ], [ -117.026387, 42.931282 ], [ -117.0264, 42.942494 ], [ -117.026402, 42.944794 ], [ -117.026403, 42.945891 ], [ -117.026403, 42.945976 ], [ -117.026407, 42.948404 ], [ -117.026407, 42.948425 ], [ -117.026407, 42.94849 ], [ -117.026406, 42.948513 ], [ -117.026408, 42.949694 ], [ -117.026412, 42.953241 ], [ -117.026414, 42.954424 ], [ -117.026376, 42.957425 ], [ -117.026378, 42.961066 ], [ -117.026379, 42.961115 ], [ -117.026379, 42.961199 ], [ -117.026296, 42.970344 ], [ -117.026296, 42.970388 ], [ -117.02628, 42.972125 ], [ -117.026279, 42.97227 ], [ -117.026284, 42.97309 ], [ -117.026383, 42.988764 ], [ -117.026395, 42.990577 ], [ -117.026395, 42.990685 ], [ -117.026409, 42.994275 ], [ -117.026415, 42.995635 ], [ -117.026417, 42.995778 ], [ -117.026417, 42.995915 ], [ -117.026471, 42.999549 ], [ -117.026477, 42.999877 ], [ -117.0265, 43.003501 ], [ -117.026592, 43.017563 ], [ -117.026593, 43.017656 ], [ -117.026603, 43.019168 ], [ -117.026603, 43.01922 ], [ -117.026603, 43.019562 ], [ -117.026604, 43.019602 ], [ -117.026612, 43.021034 ], [ -117.026685, 43.024876 ], [ -117.026668, 43.025024 ], [ -117.026655, 43.025128 ], [ -117.026658, 43.025441 ], [ -117.0267, 43.027808 ], [ -117.026672, 43.041554 ], [ -117.026661, 43.046958 ], [ -117.026655, 43.049405 ], [ -117.02665, 43.051668 ], [ -117.026638, 43.056414 ], [ -117.026638, 43.056468 ], [ -117.026629, 43.061219 ], [ -117.026629, 43.061445 ], [ -117.026612, 43.068289 ], [ -117.026611, 43.06853 ], [ -117.026605, 43.075255 ], [ -117.026592, 43.075255 ], [ -117.026592, 43.075654 ], [ -117.026592, 43.076211 ], [ -117.026669, 43.081165 ], [ -117.026752, 43.094305 ], [ -117.026767, 43.096515 ], [ -117.026767, 43.097762 ], [ -117.026767, 43.097819 ], [ -117.02679, 43.103374 ], [ -117.026853, 43.118377 ], [ -117.026852, 43.118413 ], [ -117.026702, 43.124953 ], [ -117.026874, 43.127005 ], [ -117.026856, 43.127089 ], [ -117.02685, 43.127102 ], [ -117.026874, 43.129681 ], [ -117.026871, 43.129796 ], [ -117.026872, 43.129914 ], [ -117.026837, 43.130903 ], [ -117.026836, 43.130932 ], [ -117.026834, 43.131019 ], [ -117.026806, 43.133054 ], [ -117.026793, 43.133054 ], [ -117.026795, 43.13387 ], [ -117.026744, 43.137842 ], [ -117.026803, 43.143026 ], [ -117.026804, 43.143098 ], [ -117.026833, 43.145541 ], [ -117.026833, 43.145561 ], [ -117.026834, 43.145877 ], [ -117.026833, 43.145991 ], [ -117.026845, 43.148203 ], [ -117.026873, 43.154032 ], [ -117.026872, 43.154238 ], [ -117.026865, 43.155678 ], [ -117.02686, 43.157517 ], [ -117.02686, 43.157521 ], [ -117.026835, 43.164058 ], [ -117.026819, 43.166409 ], [ -117.026831, 43.166432 ], [ -117.026744, 43.188144 ], [ -117.026741, 43.188252 ], [ -117.026711, 43.19165 ], [ -117.026643, 43.198987 ], [ -117.026661, 43.210518 ], [ -117.026685, 43.226706 ], [ -117.026687, 43.226875 ], [ -117.026688, 43.227469 ], [ -117.026688, 43.227563 ], [ -117.026678, 43.229007 ], [ -117.026668, 43.230509 ], [ -117.026693, 43.230545 ], [ -117.026704, 43.237901 ], [ -117.026722, 43.241962 ], [ -117.026709, 43.241962 ], [ -117.026714, 43.244654 ], [ -117.026715, 43.24467 ], [ -117.026713, 43.244959 ], [ -117.026696, 43.249877 ], [ -117.026674, 43.250586 ], [ -117.026668, 43.250773 ], [ -117.026662, 43.251083 ], [ -117.026665, 43.251365 ], [ -117.026665, 43.251397 ], [ -117.026664, 43.263444 ], [ -117.026664, 43.26355 ], [ -117.026665, 43.275792 ], [ -117.026663, 43.276298 ], [ -117.026663, 43.276403 ], [ -117.026667, 43.280239 ], [ -117.026672, 43.286215 ], [ -117.026685, 43.299076 ], [ -117.026685, 43.299182 ], [ -117.026738, 43.30671 ], [ -117.026743, 43.307278 ], [ -117.026743, 43.307345 ], [ -117.026759, 43.315292 ], [ -117.0268, 43.334716 ], [ -117.0268, 43.334771 ], [ -117.026798, 43.335278 ], [ -117.026803, 43.335479 ], [ -117.026803, 43.335592 ], [ -117.026802, 43.335703 ], [ -117.026756, 43.347293 ], [ -117.026733, 43.353193 ], [ -117.026661, 43.372094 ], [ -117.026651, 43.374877 ], [ -117.026675, 43.381889 ], [ -117.026676, 43.38701 ], [ -117.026676, 43.387063 ], [ -117.026664, 43.38992 ], [ -117.026681, 43.41414 ], [ -117.026667, 43.41414 ], [ -117.026683, 43.420805 ], [ -117.026684, 43.423107 ], [ -117.026688, 43.439806 ], [ -117.026663, 43.440499 ], [ -117.026664, 43.440601 ], [ -117.026694, 43.448296 ], [ -117.026694, 43.448497 ], [ -117.026691, 43.449603 ], [ -117.02669, 43.449945 ], [ -117.026698, 43.4552 ], [ -117.026699, 43.455905 ], [ -117.026715, 43.46852 ], [ -117.026732, 43.483019 ], [ -117.026734, 43.48384 ], [ -117.026733, 43.484177 ], [ -117.026741, 43.484191 ], [ -117.026729, 43.485196 ], [ -117.026728, 43.485234 ], [ -117.026692, 43.494746 ], [ -117.026692, 43.495046 ], [ -117.026692, 43.49577 ], [ -117.026693, 43.499066 ], [ -117.026693, 43.499357 ], [ -117.026694, 43.49942 ], [ -117.026695, 43.499435 ], [ -117.026737, 43.499876 ], [ -117.026631, 43.500187 ], [ -117.026642, 43.502344 ], [ -117.026675, 43.508816 ], [ -117.026687, 43.510974 ], [ -117.026688, 43.511217 ], [ -117.026692, 43.511946 ], [ -117.026694, 43.51219 ], [ -117.026715, 43.516281 ], [ -117.026729, 43.516864 ], [ -117.02674, 43.517405 ], [ -117.02687, 43.522965 ], [ -117.026871, 43.522994 ], [ -117.026884, 43.52535 ], [ -117.026889, 43.525759 ], [ -117.026895, 43.526774 ], [ -117.027011, 43.54368 ], [ -117.027014, 43.544183 ], [ -117.027003, 43.545738 ], [ -117.026903, 43.560063 ], [ -117.026902, 43.560189 ], [ -117.02688, 43.563292 ], [ -117.026869, 43.564698 ], [ -117.026868, 43.564721 ], [ -117.026849, 43.565612 ], [ -117.026651, 43.57275 ], [ -117.026648, 43.572841 ], [ -117.026647, 43.572909 ], [ -117.026644, 43.572962 ], [ -117.026636, 43.573174 ], [ -117.026625, 43.573575 ], [ -117.026622, 43.573709 ], [ -117.02662, 43.573841 ], [ -117.02666, 43.575075 ], [ -117.02671, 43.576322 ], [ -117.026702, 43.576674 ], [ -117.026688, 43.577277 ], [ -117.026663, 43.577715 ], [ -117.026658, 43.577887 ], [ -117.026663, 43.577912 ], [ -117.026683, 43.577923 ], [ -117.026688, 43.578033 ], [ -117.026703, 43.578412 ], [ -117.026711, 43.578603 ], [ -117.02671, 43.578696 ], [ -117.026699, 43.579358 ], [ -117.026696, 43.58077 ], [ -117.02671, 43.581581 ], [ -117.026697, 43.582488 ], [ -117.026705, 43.582696 ], [ -117.02671, 43.58281 ], [ -117.026701, 43.583076 ], [ -117.026734, 43.58434 ], [ -117.026734, 43.584619 ], [ -117.026747, 43.584911 ], [ -117.026752, 43.585784 ], [ -117.026753, 43.586017 ], [ -117.026765, 43.588042 ], [ -117.026757, 43.588372 ], [ -117.026756, 43.588418 ], [ -117.026753, 43.588547 ], [ -117.026756, 43.58897 ], [ -117.026749, 43.589418 ], [ -117.026731, 43.589968 ], [ -117.026717, 43.59106 ], [ -117.026755, 43.591891 ], [ -117.026753, 43.59197 ], [ -117.026749, 43.592112 ], [ -117.026744, 43.593414 ], [ -117.02674, 43.593655 ], [ -117.026738, 43.593755 ], [ -117.026652, 43.593861 ], [ -117.026735, 43.595145 ], [ -117.026741, 43.596687 ], [ -117.026741, 43.596768 ], [ -117.026844, 43.599335 ], [ -117.026821, 43.600339 ], [ -117.026824, 43.600357 ], [ -117.026824, 43.600415 ], [ -117.026765, 43.601772 ], [ -117.026729, 43.610396 ], [ -117.026729, 43.610487 ], [ -117.026733, 43.610834 ], [ -117.02673, 43.610862 ], [ -117.026723, 43.610878 ], [ -117.026717, 43.611155 ], [ -117.026744, 43.612193 ], [ -117.026754, 43.61256 ], [ -117.026754, 43.613007 ], [ -117.026722, 43.61352 ], [ -117.026685, 43.613746 ], [ -117.026684, 43.613938 ], [ -117.026676, 43.615217 ], [ -117.026688, 43.616817 ], [ -117.026695, 43.617168 ], [ -117.026703, 43.617672 ], [ -117.026726, 43.617786 ], [ -117.026726, 43.617828 ], [ -117.026756, 43.618241 ], [ -117.026764, 43.618374 ], [ -117.026781, 43.620844 ], [ -117.026779, 43.620869 ], [ -117.02679, 43.621055 ], [ -117.02679, 43.621079 ], [ -117.026793, 43.623614 ], [ -117.026814, 43.624578 ], [ -117.02682, 43.624595 ], [ -117.026767, 43.624828 ], [ -117.026721, 43.625005 ], [ -117.02668, 43.627769 ], [ -117.02668, 43.629974 ], [ -117.026712, 43.630477 ], [ -117.026711, 43.630562 ], [ -117.026735, 43.630794 ], [ -117.026756, 43.631168 ], [ -117.026756, 43.631813 ], [ -117.026772, 43.631913 ], [ -117.026772, 43.632099 ], [ -117.026793, 43.633288 ], [ -117.026797, 43.633509 ], [ -117.026781, 43.635521 ], [ -117.026779, 43.63579 ], [ -117.026902, 43.6408 ], [ -117.02684, 43.64658 ], [ -117.026845, 43.646692 ], [ -117.026814, 43.649353 ], [ -117.026811, 43.649707 ], [ -117.026808, 43.650005 ], [ -117.02679, 43.651749 ], [ -117.026781, 43.661031 ], [ -117.026778, 43.664112 ], [ -117.026727, 43.664117 ], [ -117.026733, 43.664151 ], [ -117.026788, 43.664461 ], [ -117.02674, 43.664473 ], [ -117.026744, 43.664695 ], [ -117.026769, 43.665917 ], [ -117.026761, 43.66712 ], [ -117.026738, 43.667901 ], [ -117.026742, 43.668135 ], [ -117.026745, 43.66833 ], [ -117.026738, 43.668403 ], [ -117.026715, 43.669244 ], [ -117.02673, 43.670494 ], [ -117.026739, 43.671191 ], [ -117.02673, 43.672181 ], [ -117.026742, 43.673089 ], [ -117.026772, 43.674348 ], [ -117.026733, 43.675739 ], [ -117.026733, 43.675858 ], [ -117.026715, 43.676919 ], [ -117.026652, 43.678172 ], [ -117.026576, 43.679684 ], [ -117.026568, 43.679915 ], [ -117.026552, 43.680377 ], [ -117.026538, 43.680802 ], [ -117.026588, 43.680889 ], [ -117.026585, 43.680954 ], [ -117.026587, 43.681668 ], [ -117.02659, 43.682384 ], [ -117.026586, 43.683213 ], [ -117.026692, 43.683284 ], [ -117.026757, 43.683418 ], [ -117.026779, 43.686718 ], [ -117.026746, 43.687504 ], [ -117.026756, 43.689884 ], [ -117.026757, 43.689975 ], [ -117.026769, 43.690685 ], [ -117.026736, 43.693384 ], [ -117.026735, 43.693445 ], [ -117.026736, 43.693549 ], [ -117.026739, 43.693707 ], [ -117.026747, 43.694255 ], [ -117.02674, 43.695504 ], [ -117.026749, 43.696526 ], [ -117.026751, 43.696747 ], [ -117.026755, 43.697173 ], [ -117.026761, 43.697618 ], [ -117.026762, 43.697931 ], [ -117.026737, 43.698543 ], [ -117.026724, 43.700387 ], [ -117.026727, 43.700961 ], [ -117.026746, 43.704387 ], [ -117.026742, 43.705529 ], [ -117.026753, 43.706287 ], [ -117.026754, 43.706411 ], [ -117.026756, 43.706973 ], [ -117.026754, 43.707648 ], [ -117.026754, 43.707775 ], [ -117.026741, 43.708163 ], [ -117.026727, 43.708417 ], [ -117.026715, 43.708567 ], [ -117.026725, 43.709226 ], [ -117.026726, 43.7093 ], [ -117.02673, 43.709546 ], [ -117.026765, 43.709941 ], [ -117.026776, 43.710299 ], [ -117.02673, 43.711142 ], [ -117.026717, 43.712893 ], [ -117.026738, 43.714814 ], [ -117.026742, 43.715204 ], [ -117.026745, 43.716089 ], [ -117.026749, 43.717543 ], [ -117.026735, 43.718748 ], [ -117.026732, 43.718948 ], [ -117.026732, 43.718969 ], [ -117.026734, 43.719099 ], [ -117.02675, 43.720362 ], [ -117.026753, 43.72261 ], [ -117.026754, 43.724133 ], [ -117.026754, 43.724655 ], [ -117.026739, 43.725172 ], [ -117.02674, 43.725273 ], [ -117.026743, 43.725466 ], [ -117.026749, 43.72595 ], [ -117.026772, 43.727584 ], [ -117.02678, 43.728196 ], [ -117.02676, 43.730735 ], [ -117.026763, 43.731329 ], [ -117.02681, 43.732902 ], [ -117.026817, 43.733153 ], [ -117.026833, 43.73367 ], [ -117.026808, 43.733818 ], [ -117.02677, 43.733959 ], [ -117.026662, 43.736712 ], [ -117.026693, 43.745353 ], [ -117.026677, 43.745635 ], [ -117.026424, 43.749255 ], [ -117.02638, 43.749883 ], [ -117.026389, 43.750817 ], [ -117.026414, 43.753552 ], [ -117.026452, 43.757657 ], [ -117.026512, 43.757898 ], [ -117.026515, 43.758707 ], [ -117.026636, 43.759044 ], [ -117.02649, 43.759277 ], [ -117.026407, 43.75985 ], [ -117.026395, 43.759931 ], [ -117.026395, 43.760027 ], [ -117.026396, 43.760176 ], [ -117.026397, 43.760324 ], [ -117.0264, 43.760567 ], [ -117.026408, 43.761208 ], [ -117.02641, 43.761449 ], [ -117.026412, 43.761625 ], [ -117.026414, 43.761801 ], [ -117.026417, 43.762056 ], [ -117.026419, 43.762311 ], [ -117.026477, 43.7679 ], [ -117.026528, 43.770301 ], [ -117.026529, 43.770528 ], [ -117.026537, 43.774117 ], [ -117.02654, 43.775467 ], [ -117.02654, 43.775729 ], [ -117.026544, 43.777319 ], [ -117.026549, 43.778569 ], [ -117.026556, 43.78039 ], [ -117.026557, 43.780704 ], [ -117.026589, 43.789279 ], [ -117.026589, 43.789967 ], [ -117.026585, 43.795055 ], [ -117.026585, 43.795662 ], [ -117.026576, 43.798594 ], [ -117.026573, 43.799682 ], [ -117.026573, 43.799702 ], [ -117.026563, 43.803449 ], [ -117.026557, 43.805718 ], [ -117.026556, 43.806308 ], [ -117.026584, 43.806447 ], [ -117.02664, 43.806724 ], [ -117.026639, 43.806914 ], [ -117.026639, 43.807012 ], [ -117.026639, 43.807111 ], [ -117.026638, 43.807265 ], [ -117.026634, 43.80811 ], [ -117.026563, 43.808311 ], [ -117.026235, 43.809255 ], [ -117.025509, 43.810693 ], [ -117.025205, 43.811284 ], [ -117.024297, 43.812461 ], [ -117.023802, 43.813008 ], [ -117.023308, 43.813555 ], [ -117.023049, 43.813842 ], [ -117.022891, 43.814168 ], [ -117.022076, 43.815856 ], [ -117.021885, 43.817261 ], [ -117.02155, 43.819402 ], [ -117.021848, 43.820405 ], [ -117.021989, 43.820991 ], [ -117.022102, 43.821575 ], [ -117.022224, 43.82214 ], [ -117.022384, 43.822338 ], [ -117.022613, 43.822621 ], [ -117.022842, 43.822904 ], [ -117.023577, 43.823811 ], [ -117.025131, 43.82494 ], [ -117.025894, 43.825394 ], [ -117.028765, 43.826659 ], [ -117.029351, 43.827032 ], [ -117.029696, 43.827179 ], [ -117.032289, 43.828767 ], [ -117.032379, 43.828961 ], [ -117.032564, 43.829375 ], [ -117.032578, 43.830181 ], [ -117.031686, 43.831597 ], [ -117.031341, 43.831941 ], [ -117.031433, 43.832423 ], [ -117.031483, 43.832476 ], [ -117.031847, 43.83286 ], [ -117.032094, 43.833275 ], [ -117.03193, 43.833972 ], [ -117.031887, 43.834156 ], [ -117.03095, 43.835525 ], [ -117.029518, 43.837474 ], [ -117.027563, 43.839465 ], [ -117.026047, 43.840784 ], [ -117.025156, 43.841334 ], [ -117.023621, 43.84158 ], [ -117.023201, 43.841892 ], [ -117.022575, 43.84185 ], [ -117.021461, 43.841694 ], [ -117.021118, 43.841518 ], [ -117.020794, 43.841325 ], [ -117.018873, 43.840615 ], [ -117.016826, 43.839962 ], [ -117.014612, 43.839642 ], [ -117.012831, 43.840001 ], [ -117.011582, 43.841045 ], [ -117.011359, 43.841884 ], [ -117.011213, 43.842436 ], [ -117.010792, 43.843635 ], [ -117.010383, 43.844803 ], [ -117.010155, 43.847085 ], [ -117.010119, 43.84745 ], [ -117.010248, 43.84795 ], [ -117.01046, 43.848792 ], [ -117.010671, 43.849635 ], [ -117.010701, 43.849754 ], [ -117.011038, 43.850019 ], [ -117.012652, 43.851295 ], [ -117.014828, 43.852172 ], [ -117.017902, 43.852905 ], [ -117.019853, 43.853833 ], [ -117.020116, 43.853958 ], [ -117.021108, 43.855 ], [ -117.021175, 43.85507 ], [ -117.021721, 43.856182 ], [ -117.021638, 43.856393 ], [ -117.021577, 43.856555 ], [ -117.021544, 43.856618 ], [ -117.021512, 43.85668 ], [ -117.020925, 43.857814 ], [ -117.020035, 43.858956 ], [ -117.019337, 43.859418 ], [ -117.017871, 43.859992 ], [ -117.01759, 43.860103 ], [ -117.01553, 43.860913 ], [ -117.011523, 43.86245 ], [ -117.009097, 43.862891 ], [ -117.008742, 43.86294 ], [ -117.007189, 43.863641 ], [ -117.003922, 43.863907 ], [ -117.000991, 43.863967 ], [ -116.999843, 43.864321 ], [ -116.999781, 43.864346 ], [ -116.999061, 43.864637 ], [ -116.998835, 43.864665 ], [ -116.998271, 43.864736 ], [ -116.997391, 43.864874 ], [ -116.996504, 43.864714 ], [ -116.995933, 43.864577 ], [ -116.995574, 43.86449 ], [ -116.995319, 43.864346 ], [ -116.995099, 43.864222 ], [ -116.994879, 43.864099 ], [ -116.994334, 43.864079 ], [ -116.994024, 43.864068 ], [ -116.991415, 43.863864 ], [ -116.990862, 43.863997 ], [ -116.989598, 43.864301 ], [ -116.988913, 43.864835 ], [ -116.988527, 43.865122 ], [ -116.988104, 43.865432 ], [ -116.987032, 43.865826 ], [ -116.986646, 43.86593 ], [ -116.985438, 43.866257 ], [ -116.984152, 43.866794 ], [ -116.98294, 43.86771 ], [ -116.982523, 43.868505 ], [ -116.982347, 43.86884 ], [ -116.982214, 43.871228 ], [ -116.982482, 43.872799 ], [ -116.983006, 43.874315 ], [ -116.98311, 43.874532 ], [ -116.983201, 43.874706 ], [ -116.983292, 43.874881 ], [ -116.983298, 43.874957 ], [ -116.983387, 43.875308 ], [ -116.983537, 43.87579 ], [ -116.983614, 43.876015 ], [ -116.983712, 43.876298 ], [ -116.983809, 43.876581 ], [ -116.983869, 43.876754 ], [ -116.983879, 43.876943 ], [ -116.983882, 43.876992 ], [ -116.983886, 43.877056 ], [ -116.983911, 43.877535 ], [ -116.983918, 43.878266 ], [ -116.983919, 43.878364 ], [ -116.983895, 43.878552 ], [ -116.983848, 43.87892 ], [ -116.98381, 43.879596 ], [ -116.983827, 43.880046 ], [ -116.983857, 43.880795 ], [ -116.98384, 43.880846 ], [ -116.983513, 43.881844 ], [ -116.982779, 43.882927 ], [ -116.982749, 43.88297 ], [ -116.982296, 43.883634 ], [ -116.982199, 43.883775 ], [ -116.982087, 43.883911 ], [ -116.981695, 43.88439 ], [ -116.980875, 43.885659 ], [ -116.980025, 43.887274 ], [ -116.979517, 43.888843 ], [ -116.979345, 43.889145 ], [ -116.979074, 43.889549 ], [ -116.978645, 43.890188 ], [ -116.978153, 43.890939 ], [ -116.977667, 43.89223 ], [ -116.976858, 43.893523 ], [ -116.976181, 43.894649 ], [ -116.976114, 43.894759 ], [ -116.976026, 43.895548 ], [ -116.976348, 43.896441 ], [ -116.976448, 43.896893 ], [ -116.9765, 43.897128 ], [ -116.976552, 43.897363 ], [ -116.976583, 43.897503 ], [ -116.976635, 43.898032 ], [ -116.976631, 43.899402 ], [ -116.976619, 43.900328 ], [ -116.976441, 43.901295 ], [ -116.97655, 43.902044 ], [ -116.976804, 43.902695 ], [ -116.977086, 43.90391 ], [ -116.977175, 43.904883 ], [ -116.977354, 43.905816 ], [ -116.977639, 43.906503 ], [ -116.978007, 43.907002 ], [ -116.978152, 43.907334 ], [ -116.978301, 43.907668 ], [ -116.978603, 43.908331 ], [ -116.978907, 43.908923 ], [ -116.979011, 43.909357 ], [ -116.979113, 43.909694 ], [ -116.979649, 43.910354 ], [ -116.979939, 43.910645 ], [ -116.980537, 43.911322 ], [ -116.980844, 43.912237 ], [ -116.981105, 43.912896 ], [ -116.981145, 43.913693 ], [ -116.980861, 43.914281 ], [ -116.980544, 43.91483 ], [ -116.980177, 43.915065 ], [ -116.97958, 43.915253 ], [ -116.978636, 43.915354 ], [ -116.978301, 43.915316 ], [ -116.976174, 43.91599 ], [ -116.975927, 43.91607 ], [ -116.975683, 43.916121 ], [ -116.974386, 43.916391 ], [ -116.973851, 43.916338 ], [ -116.973778, 43.916341 ], [ -116.972362, 43.916453 ], [ -116.972162, 43.916463 ], [ -116.970052, 43.916456 ], [ -116.969995, 43.916466 ], [ -116.969054, 43.916639 ], [ -116.968477, 43.916722 ], [ -116.967912, 43.916762 ], [ -116.967552, 43.916766 ], [ -116.966675, 43.916692 ], [ -116.966199, 43.916728 ], [ -116.966086, 43.916736 ], [ -116.96461, 43.916954 ], [ -116.963646, 43.917241 ], [ -116.962615, 43.91748 ], [ -116.962543, 43.917522 ], [ -116.962135, 43.917759 ], [ -116.96172, 43.918 ], [ -116.961535, 43.918388 ], [ -116.961358, 43.919548 ], [ -116.961148, 43.920716 ], [ -116.961035, 43.921652 ], [ -116.960766, 43.922555 ], [ -116.960628, 43.923151 ], [ -116.960493, 43.924126 ], [ -116.96028, 43.925013 ], [ -116.960152, 43.925537 ], [ -116.959956, 43.925916 ], [ -116.959597, 43.926691 ], [ -116.959518, 43.92704 ], [ -116.959363, 43.927739 ], [ -116.959151, 43.928738 ], [ -116.959334, 43.929325 ], [ -116.959993, 43.93065 ], [ -116.960403, 43.931589 ], [ -116.961023, 43.932366 ], [ -116.961806, 43.932797 ], [ -116.962931, 43.933072 ], [ -116.964448, 43.933506 ], [ -116.965763, 43.933837 ], [ -116.966557, 43.934259 ], [ -116.966997, 43.934475 ], [ -116.967641, 43.934792 ], [ -116.968146, 43.935297 ], [ -116.968577, 43.936051 ], [ -116.968931, 43.937007 ], [ -116.969083, 43.937747 ], [ -116.969139, 43.938865 ], [ -116.969028, 43.939921 ], [ -116.968799, 43.940774 ], [ -116.96876, 43.94092 ], [ -116.968214, 43.941881 ], [ -116.967275, 43.942434 ], [ -116.966049, 43.943278 ], [ -116.964755, 43.943905 ], [ -116.964292, 43.944286 ], [ -116.964053, 43.944851 ], [ -116.963109, 43.946064 ], [ -116.96254, 43.946993 ], [ -116.962518, 43.947073 ], [ -116.962251, 43.948097 ], [ -116.962216, 43.948975 ], [ -116.96216, 43.950102 ], [ -116.962153, 43.950465 ], [ -116.962041, 43.951479 ], [ -116.961815, 43.952038 ], [ -116.96177, 43.952149 ], [ -116.961081, 43.953256 ], [ -116.960415, 43.954564 ], [ -116.960477, 43.955103 ], [ -116.960871, 43.955575 ], [ -116.961264, 43.956 ], [ -116.96181, 43.956045 ], [ -116.962879, 43.956232 ], [ -116.964208, 43.956277 ], [ -116.964915, 43.956301 ], [ -116.96644, 43.956442 ], [ -116.96722, 43.956514 ], [ -116.969716, 43.956918 ], [ -116.971574, 43.956964 ], [ -116.971963, 43.957219 ], [ -116.972298, 43.957621 ], [ -116.972431, 43.957987 ], [ -116.972331, 43.958357 ], [ -116.971695, 43.958893 ], [ -116.97049, 43.959764 ], [ -116.968715, 43.960534 ], [ -116.966305, 43.961472 ], [ -116.963826, 43.962208 ], [ -116.960478, 43.963413 ], [ -116.959808, 43.963815 ], [ -116.959206, 43.964619 ], [ -116.959038, 43.965489 ], [ -116.959206, 43.96636 ], [ -116.959708, 43.96693 ], [ -116.960133, 43.967252 ], [ -116.960645, 43.967599 ], [ -116.961683, 43.968168 ], [ -116.962755, 43.968469 ], [ -116.963813, 43.968643 ], [ -116.964414, 43.968812 ], [ -116.966314, 43.968884 ], [ -116.968634, 43.968412 ], [ -116.97088, 43.968302 ], [ -116.97118, 43.968572 ], [ -116.971257, 43.968843 ], [ -116.971283, 43.969057 ], [ -116.97131, 43.969342 ], [ -116.97131, 43.969529 ], [ -116.971319, 43.969708 ], [ -116.971319, 43.969877 ], [ -116.971364, 43.970154 ], [ -116.971399, 43.970394 ], [ -116.971489, 43.970635 ], [ -116.971596, 43.970832 ], [ -116.971676, 43.970983 ], [ -116.971863, 43.971144 ], [ -116.97205, 43.971197 ], [ -116.9723, 43.971206 ], [ -116.972461, 43.971197 ], [ -116.972603, 43.971197 ], [ -116.97271, 43.971215 ], [ -116.972809, 43.971224 ], [ -116.972853, 43.971224 ], [ -116.973106, 43.971328 ], [ -116.973687, 43.971619 ], [ -116.973901, 43.971752 ], [ -116.973959, 43.971792 ], [ -116.973981, 43.971873 ], [ -116.973968, 43.97194 ], [ -116.973892, 43.972011 ], [ -116.973799, 43.972078 ], [ -116.973756, 43.972124 ], [ -116.973736, 43.972145 ], [ -116.973709, 43.972221 ], [ -116.973705, 43.972256 ], [ -116.973732, 43.972328 ], [ -116.973807, 43.972377 ], [ -116.973879, 43.972421 ], [ -116.974101, 43.972481 ], [ -116.974395, 43.972594 ], [ -116.974824, 43.972707 ], [ -116.975208, 43.97282 ], [ -116.975525, 43.973091 ], [ -116.975751, 43.973431 ], [ -116.976, 43.97377 ], [ -116.97618, 43.974267 ], [ -116.97618, 43.974425 ], [ -116.97618, 43.974719 ], [ -116.976045, 43.975058 ], [ -116.975728, 43.975533 ], [ -116.975412, 43.976007 ], [ -116.975118, 43.976324 ], [ -116.974689, 43.976618 ], [ -116.974214, 43.976889 ], [ -116.973603, 43.977228 ], [ -116.972925, 43.977522 ], [ -116.972247, 43.977635 ], [ -116.971569, 43.97759 ], [ -116.971207, 43.977499 ], [ -116.970891, 43.977432 ], [ -116.970484, 43.977409 ], [ -116.969874, 43.977432 ], [ -116.969309, 43.977499 ], [ -116.968743, 43.977477 ], [ -116.968291, 43.977296 ], [ -116.967839, 43.97716 ], [ -116.967365, 43.977047 ], [ -116.966867, 43.977138 ], [ -116.966415, 43.977296 ], [ -116.965986, 43.97768 ], [ -116.965511, 43.978178 ], [ -116.96481, 43.979183 ], [ -116.964333, 43.97993 ], [ -116.963951, 43.980562 ], [ -116.963544, 43.981105 ], [ -116.962911, 43.981783 ], [ -116.962301, 43.982167 ], [ -116.961555, 43.982506 ], [ -116.960832, 43.982823 ], [ -116.960289, 43.982958 ], [ -116.959871, 43.982925 ], [ -116.959204, 43.983139 ], [ -116.958797, 43.983331 ], [ -116.958585, 43.983425 ], [ -116.958328, 43.983495 ], [ -116.957831, 43.983563 ], [ -116.957221, 43.98362 ], [ -116.956475, 43.983654 ], [ -116.955604, 43.983654 ], [ -116.954531, 43.983631 ], [ -116.954276, 43.983603 ], [ -116.954043, 43.983551 ], [ -116.95353, 43.983563 ], [ -116.953253, 43.98358 ], [ -116.952841, 43.983541 ], [ -116.952112, 43.983445 ], [ -116.951406, 43.983221 ], [ -116.950566, 43.983783 ], [ -116.949731, 43.984121 ], [ -116.949036, 43.984404 ], [ -116.948047, 43.984465 ], [ -116.94571, 43.984454 ], [ -116.942757, 43.984043 ], [ -116.940024, 43.984445 ], [ -116.938516, 43.985032 ], [ -116.937399, 43.985755 ], [ -116.936327, 43.98655 ], [ -116.935647, 43.987608 ], [ -116.935301, 43.988616 ], [ -116.935523, 43.989645 ], [ -116.935847, 43.990875 ], [ -116.936043, 43.991199 ], [ -116.936288, 43.991605 ], [ -116.937518, 43.993337 ], [ -116.938126, 43.994225 ], [ -116.938546, 43.994837 ], [ -116.939512, 43.995798 ], [ -116.940257, 43.996872 ], [ -116.940317, 43.997291 ], [ -116.940646, 43.997949 ], [ -116.941243, 43.998646 ], [ -116.941725, 43.999006 ], [ -116.94242, 43.999437 ], [ -116.942951, 43.999885 ], [ -116.943909, 44.001043 ], [ -116.944099, 44.001382 ], [ -116.94477, 44.002501 ], [ -116.94494, 44.002779 ], [ -116.944882, 44.003593 ], [ -116.944079, 44.0043 ], [ -116.943068, 44.005199 ], [ -116.942047, 44.006191 ], [ -116.941664, 44.006479 ], [ -116.941624, 44.006509 ], [ -116.941523, 44.006585 ], [ -116.941355, 44.006712 ], [ -116.94105, 44.006927 ], [ -116.939597, 44.007935 ], [ -116.93761, 44.009494 ], [ -116.936862, 44.010504 ], [ -116.936547, 44.01155 ], [ -116.93649, 44.01174 ], [ -116.93667, 44.013295 ], [ -116.936705, 44.013997 ], [ -116.936749, 44.014839 ], [ -116.936331, 44.016092 ], [ -116.935574, 44.017523 ], [ -116.935321, 44.018 ], [ -116.934713, 44.020028 ], [ -116.934499, 44.021218 ], [ -116.934728, 44.023798 ], [ -116.935091, 44.02447 ], [ -116.935184, 44.02471 ], [ -116.935243, 44.024854 ], [ -116.935292, 44.024974 ], [ -116.9353, 44.024994 ], [ -116.935335, 44.025083 ], [ -116.936134, 44.02714 ], [ -116.936833, 44.028433 ], [ -116.937248, 44.029202 ], [ -116.937342, 44.029376 ], [ -116.939608, 44.032116 ], [ -116.942003, 44.034599 ], [ -116.943361, 44.035645 ], [ -116.944831, 44.03622 ], [ -116.945511, 44.036487 ], [ -116.946089, 44.036713 ], [ -116.946301, 44.036816 ], [ -116.947713, 44.037505 ], [ -116.9479, 44.037597 ], [ -116.948113, 44.0377 ], [ -116.9495, 44.038378 ], [ -116.950255, 44.038747 ], [ -116.950513, 44.03892 ], [ -116.951342, 44.039476 ], [ -116.951737, 44.039601 ], [ -116.951799, 44.03962 ], [ -116.951986, 44.03968 ], [ -116.952049, 44.0397 ], [ -116.952792, 44.039935 ], [ -116.952926, 44.040022 ], [ -116.955131, 44.041458 ], [ -116.955246, 44.041606 ], [ -116.955824, 44.042347 ], [ -116.956246, 44.042888 ], [ -116.95626, 44.043071 ], [ -116.956282, 44.043365 ], [ -116.956303, 44.043659 ], [ -116.956306, 44.043694 ], [ -116.956381, 44.043787 ], [ -116.956675, 44.044149 ], [ -116.95761, 44.044707 ], [ -116.958037, 44.044875 ], [ -116.959001, 44.045254 ], [ -116.967722, 44.047169 ], [ -116.968594, 44.047461 ], [ -116.971163, 44.048322 ], [ -116.971599, 44.048468 ], [ -116.972035, 44.048614 ], [ -116.972128, 44.048645 ], [ -116.97241, 44.048739 ], [ -116.972504, 44.048771 ], [ -116.972925, 44.04906 ], [ -116.973185, 44.049425 ], [ -116.973308, 44.049894 ], [ -116.973486, 44.050558 ], [ -116.973535, 44.050742 ], [ -116.973841, 44.052002 ], [ -116.973958, 44.05276 ], [ -116.974016, 44.053663 ], [ -116.973518, 44.055526 ], [ -116.973341, 44.056823 ], [ -116.973331, 44.056902 ], [ -116.973305, 44.057789 ], [ -116.973292, 44.058166 ], [ -116.973523, 44.05892 ], [ -116.973591, 44.059142 ], [ -116.973594, 44.059152 ], [ -116.973728, 44.059827 ], [ -116.973774, 44.060056 ], [ -116.974216, 44.061221 ], [ -116.974834, 44.062549 ], [ -116.975255, 44.063657 ], [ -116.975347, 44.064225 ], [ -116.975452, 44.064875 ], [ -116.975426, 44.067422 ], [ -116.975425, 44.067598 ], [ -116.975445, 44.068701 ], [ -116.975503, 44.069129 ], [ -116.975419, 44.069877 ], [ -116.975083, 44.071992 ], [ -116.974927, 44.072973 ], [ -116.975032, 44.07328 ], [ -116.975311, 44.073767 ], [ -116.975879, 44.074812 ], [ -116.975955, 44.075417 ], [ -116.975951, 44.077084 ], [ -116.975964, 44.077345 ], [ -116.976044, 44.078922 ], [ -116.97611, 44.079494 ], [ -116.976204, 44.080792 ], [ -116.976092, 44.081803 ], [ -116.97605, 44.082176 ], [ -116.975956, 44.0829 ], [ -116.976095, 44.083189 ], [ -116.976152, 44.083306 ], [ -116.976202, 44.08341 ], [ -116.976922, 44.084283 ], [ -116.976973, 44.084345 ], [ -116.977407, 44.084865 ], [ -116.977351, 44.085364 ], [ -116.977085, 44.08582 ], [ -116.976536, 44.086396 ], [ -116.976314, 44.086628 ], [ -116.976168, 44.086783 ], [ -116.9758, 44.08717 ], [ -116.975612, 44.087367 ], [ -116.975275, 44.087597 ], [ -116.975002, 44.087783 ], [ -116.974253, 44.088295 ], [ -116.974177, 44.088331 ], [ -116.973881, 44.088477 ], [ -116.973445, 44.088561 ], [ -116.972889, 44.08877 ], [ -116.972365, 44.088968 ], [ -116.971171, 44.089503 ], [ -116.970029, 44.089995 ], [ -116.969077, 44.090407 ], [ -116.967203, 44.090936 ], [ -116.966687, 44.091035 ], [ -116.965862, 44.091059 ], [ -116.964264, 44.091203 ], [ -116.962978, 44.091166 ], [ -116.962436, 44.091151 ], [ -116.960638, 44.091228 ], [ -116.958882, 44.091443 ], [ -116.958505, 44.091477 ], [ -116.957765, 44.091544 ], [ -116.957238, 44.091635 ], [ -116.957009, 44.091743 ], [ -116.95664, 44.091918 ], [ -116.956124, 44.092088 ], [ -116.955741, 44.092215 ], [ -116.955082, 44.092272 ], [ -116.95383, 44.092355 ], [ -116.948069, 44.093077 ], [ -116.94685, 44.093177 ], [ -116.944811, 44.093574 ], [ -116.943127, 44.094063 ], [ -116.94173, 44.094605 ], [ -116.940196, 44.095471 ], [ -116.939549, 44.095878 ], [ -116.93783, 44.096947 ], [ -116.935974, 44.098126 ], [ -116.933701, 44.100043 ], [ -116.931717, 44.102477 ], [ -116.928305, 44.107327 ], [ -116.927896, 44.108595 ], [ -116.927687, 44.109438 ], [ -116.927869, 44.11031 ], [ -116.928404, 44.111299 ], [ -116.929376, 44.112276 ], [ -116.929442, 44.112621 ], [ -116.929525, 44.113059 ], [ -116.929069, 44.113972 ], [ -116.928562, 44.115159 ], [ -116.928035, 44.115765 ], [ -116.927454, 44.116299 ], [ -116.927193, 44.116481 ], [ -116.926987, 44.116704 ], [ -116.926714, 44.117434 ], [ -116.926064, 44.118498 ], [ -116.925642, 44.118929 ], [ -116.925085, 44.119366 ], [ -116.924133, 44.120016 ], [ -116.922571, 44.120941 ], [ -116.920931, 44.121881 ], [ -116.920205, 44.122397 ], [ -116.919544, 44.122978 ], [ -116.918991, 44.123278 ], [ -116.917973, 44.123846 ], [ -116.916671, 44.124886 ], [ -116.916258, 44.125283 ], [ -116.915403, 44.126107 ], [ -116.914236, 44.127304 ], [ -116.91376, 44.128381 ], [ -116.9133, 44.129924 ], [ -116.913213, 44.130215 ], [ -116.913224, 44.131365 ], [ -116.913239, 44.132929 ], [ -116.912562, 44.135785 ], [ -116.911218, 44.139992 ], [ -116.910949, 44.140241 ], [ -116.908993, 44.141502 ], [ -116.908451, 44.141852 ], [ -116.906516, 44.14278 ], [ -116.903327, 44.144422 ], [ -116.902407, 44.145168 ], [ -116.901922, 44.145931 ], [ -116.901693, 44.147138 ], [ -116.901668, 44.147275 ], [ -116.901737, 44.14862 ], [ -116.901498, 44.149255 ], [ -116.900834, 44.150099 ], [ -116.900306, 44.150546 ], [ -116.899062, 44.151599 ], [ -116.898401, 44.152114 ], [ -116.898124, 44.15233 ], [ -116.897992, 44.152433 ], [ -116.897846, 44.152546 ], [ -116.89779, 44.15259 ], [ -116.897335, 44.152945 ], [ -116.897066, 44.153155 ], [ -116.895931, 44.154295 ], [ -116.895228, 44.155984 ], [ -116.894309, 44.158114 ], [ -116.894083, 44.160191 ], [ -116.894202, 44.162317 ], [ -116.89488, 44.165789 ], [ -116.894925, 44.166462 ], [ -116.895032, 44.168076 ], [ -116.895757, 44.171267 ], [ -116.896764, 44.172534 ], [ -116.898412, 44.174559 ], [ -116.900103, 44.176851 ], [ -116.901477, 44.178183 ], [ -116.902752, 44.179467 ], [ -116.903607, 44.179985 ], [ -116.905133, 44.18036 ], [ -116.907116, 44.180849 ], [ -116.908823, 44.181087 ], [ -116.910049, 44.181268 ], [ -116.911285, 44.181674 ], [ -116.913356, 44.1823 ], [ -116.914871, 44.18269 ], [ -116.915738, 44.183152 ], [ -116.917316, 44.184114 ], [ -116.919751, 44.18549 ], [ -116.921886, 44.186639 ], [ -116.922952, 44.187358 ], [ -116.924028, 44.18844 ], [ -116.924488, 44.18973 ], [ -116.924527, 44.190712 ], [ -116.924636, 44.191043 ], [ -116.925392, 44.191544 ], [ -116.926071, 44.191771 ], [ -116.928155, 44.192268 ], [ -116.931464, 44.19309 ], [ -116.934562, 44.193807 ], [ -116.935443, 44.193962 ], [ -116.936426, 44.193892 ], [ -116.938871, 44.19377 ], [ -116.939297, 44.193786 ], [ -116.939785, 44.193804 ], [ -116.940534, 44.19371 ], [ -116.941439, 44.19347 ], [ -116.942121, 44.193255 ], [ -116.94454, 44.192029 ], [ -116.945256, 44.191677 ], [ -116.946039, 44.191413 ], [ -116.946709, 44.191286 ], [ -116.947591, 44.191264 ], [ -116.949518, 44.191562 ], [ -116.958568, 44.192964 ], [ -116.961641, 44.19344 ], [ -116.965498, 44.194126 ], [ -116.967259, 44.194581 ], [ -116.970587, 44.196287 ], [ -116.971675, 44.197256 ], [ -116.971861, 44.197603 ], [ -116.972073, 44.197998 ], [ -116.972365, 44.19956 ], [ -116.972396, 44.199955 ], [ -116.972558, 44.201042 ], [ -116.973701, 44.208017 ], [ -116.973522, 44.209973 ], [ -116.972919, 44.212113 ], [ -116.9726, 44.2132 ], [ -116.971721, 44.214615 ], [ -116.971359, 44.215443 ], [ -116.970219, 44.217493 ], [ -116.970193, 44.218186 ], [ -116.970319, 44.219563 ], [ -116.970245, 44.220843 ], [ -116.970365, 44.221221 ], [ -116.971065, 44.221827 ], [ -116.972885, 44.223916 ], [ -116.973394, 44.224723 ], [ -116.973945, 44.225932 ], [ -116.974322, 44.228606 ], [ -116.973991, 44.229821 ], [ -116.972974, 44.231976 ], [ -116.971987, 44.234655 ], [ -116.971958, 44.235677 ], [ -116.972218, 44.237183 ], [ -116.972655, 44.238106 ], [ -116.972818, 44.23845 ], [ -116.97298, 44.238793 ], [ -116.97307, 44.238982 ], [ -116.973159, 44.23917 ], [ -116.973542, 44.23998 ], [ -116.974483, 44.241214 ], [ -116.974932, 44.241803 ], [ -116.975382, 44.242392 ], [ -116.975547, 44.242536 ], [ -116.975712, 44.242679 ], [ -116.975904, 44.242843 ], [ -116.975985, 44.242875 ], [ -116.976337, 44.242993 ], [ -116.976699, 44.243118 ], [ -116.976975, 44.243213 ], [ -116.977713, 44.243385 ], [ -116.978818, 44.243644 ], [ -116.979924, 44.243902 ], [ -116.980274, 44.243984 ], [ -116.980625, 44.244066 ], [ -116.981216, 44.244204 ], [ -116.981807, 44.244342 ], [ -116.983165, 44.24466 ], [ -116.984523, 44.244977 ], [ -116.986133, 44.245354 ], [ -116.986837, 44.245469 ], [ -116.988001, 44.245479 ], [ -116.988247, 44.245473 ], [ -116.990447, 44.245423 ], [ -116.992485, 44.245377 ], [ -116.997081, 44.245356 ], [ -116.998211, 44.245238 ], [ -117.00098, 44.245381 ], [ -117.002199, 44.245543 ], [ -117.00295, 44.245663 ], [ -117.003409, 44.245952 ], [ -117.003924, 44.246233 ], [ -117.004719, 44.246402 ], [ -117.00578, 44.246484 ], [ -117.005961, 44.246498 ], [ -117.006056, 44.246494 ], [ -117.007987, 44.246417 ], [ -117.008546, 44.246346 ], [ -117.008636, 44.246335 ], [ -117.009531, 44.246222 ], [ -117.011354, 44.2459 ], [ -117.011843, 44.245841 ], [ -117.013246, 44.245673 ], [ -117.015305, 44.245471 ], [ -117.016917, 44.24539 ], [ -117.018818, 44.245645 ], [ -117.02023, 44.246063 ], [ -117.021238, 44.246529 ], [ -117.022849, 44.247308 ], [ -117.024092, 44.247982 ], [ -117.024212, 44.248036 ], [ -117.02455, 44.248185 ], [ -117.024888, 44.248334 ], [ -117.025277, 44.248505 ], [ -117.02739, 44.248853 ], [ -117.027558, 44.248881 ], [ -117.029515, 44.248895 ], [ -117.030112, 44.248829 ], [ -117.030894, 44.248742 ], [ -117.031744, 44.248655 ], [ -117.031862, 44.248635 ], [ -117.03317, 44.248192 ], [ -117.034502, 44.247545 ], [ -117.034599, 44.247498 ], [ -117.035221, 44.247154 ], [ -117.03585, 44.246805 ], [ -117.036688, 44.246241 ], [ -117.037963, 44.245401 ], [ -117.038608, 44.244976 ], [ -117.039332, 44.244598 ], [ -117.041144, 44.243653 ], [ -117.041779, 44.243164 ], [ -117.042283, 44.242775 ], [ -117.042554, 44.242423 ], [ -117.042729, 44.242195 ], [ -117.042771, 44.242056 ], [ -117.043018, 44.241229 ], [ -117.043239, 44.239982 ], [ -117.043404, 44.238622 ], [ -117.044115, 44.236328 ], [ -117.044286, 44.235756 ], [ -117.044412, 44.235336 ], [ -117.044538, 44.234916 ], [ -117.044637, 44.234584 ], [ -117.044736, 44.234253 ], [ -117.044769, 44.234146 ], [ -117.044849, 44.233917 ], [ -117.045016, 44.233434 ], [ -117.045184, 44.232952 ], [ -117.045513, 44.232005 ], [ -117.046148, 44.230669 ], [ -117.046832, 44.229975 ], [ -117.047062, 44.229742 ], [ -117.047382, 44.229583 ], [ -117.047404, 44.229579 ], [ -117.048448, 44.229073 ], [ -117.049918, 44.228851 ], [ -117.050057, 44.22883 ], [ -117.051113, 44.228767 ], [ -117.051431, 44.228748 ], [ -117.051524, 44.228767 ], [ -117.05303, 44.229076 ], [ -117.054093, 44.229469 ], [ -117.055335, 44.230168 ], [ -117.056299, 44.230747 ], [ -117.05651, 44.230874 ], [ -117.05656, 44.230935 ], [ -117.057082, 44.231566 ], [ -117.057464, 44.232434 ], [ -117.057701, 44.233241 ], [ -117.057723, 44.233316 ], [ -117.057745, 44.23339 ], [ -117.057835, 44.233697 ], [ -117.058005, 44.234262 ], [ -117.058274, 44.235153 ], [ -117.058355, 44.235417 ], [ -117.058455, 44.235742 ], [ -117.058555, 44.236068 ], [ -117.058635, 44.236328 ], [ -117.058889, 44.236653 ], [ -117.059352, 44.237244 ], [ -117.060405, 44.238144 ], [ -117.061748, 44.238987 ], [ -117.063327, 44.239951 ], [ -117.064447, 44.241028 ], [ -117.066106, 44.242748 ], [ -117.067284, 44.24401 ], [ -117.06809, 44.244628 ], [ -117.069467, 44.245391 ], [ -117.071426, 44.246338 ], [ -117.073508, 44.247341 ], [ -117.074173, 44.247713 ], [ -117.075736, 44.248586 ], [ -117.077653, 44.249502 ], [ -117.07835, 44.249885 ], [ -117.080974, 44.251814 ], [ -117.08681, 44.256097 ], [ -117.086823, 44.256106 ], [ -117.088171, 44.257096 ], [ -117.088659, 44.257514 ], [ -117.088672, 44.257525 ], [ -117.088909, 44.257727 ], [ -117.089029, 44.257829 ], [ -117.089129, 44.257914 ], [ -117.089143, 44.257926 ], [ -117.089503, 44.258234 ], [ -117.08965, 44.258447 ], [ -117.090933, 44.260311 ], [ -117.091819, 44.262885 ], [ -117.092077, 44.264254 ], [ -117.09208, 44.264269 ], [ -117.092308, 44.26547 ], [ -117.092882, 44.267244 ], [ -117.09308, 44.267855 ], [ -117.093274, 44.268438 ], [ -117.093281, 44.26846 ], [ -117.093574, 44.269374 ], [ -117.094569, 44.270976 ], [ -117.094612, 44.271032 ], [ -117.096389, 44.273199 ], [ -117.098531, 44.275533 ], [ -117.100626, 44.27743 ], [ -117.102151, 44.278721 ], [ -117.102243, 44.278799 ], [ -117.104207, 44.279942 ], [ -117.105962, 44.28043 ], [ -117.107685, 44.280766 ], [ -117.10802, 44.280786 ], [ -117.109318, 44.280863 ], [ -117.111616, 44.280666 ], [ -117.111739, 44.280641 ], [ -117.113948, 44.280187 ], [ -117.11801, 44.278947 ], [ -117.118023, 44.278943 ], [ -117.119861, 44.278272 ], [ -117.121038, 44.277586 ], [ -117.123217, 44.275763 ], [ -117.12351, 44.275521 ], [ -117.123654, 44.275402 ], [ -117.127276, 44.272619 ], [ -117.128869, 44.271268 ], [ -117.130866, 44.269492 ], [ -117.132039, 44.268017 ], [ -117.132515, 44.267083 ], [ -117.132701, 44.266274 ], [ -117.132828, 44.265266 ], [ -117.133107, 44.264216 ], [ -117.133987, 44.262968 ], [ -117.134214, 44.262701 ], [ -117.134666, 44.26217 ], [ -117.134967, 44.261817 ], [ -117.136767, 44.260391 ], [ -117.13849, 44.25938 ], [ -117.141264, 44.258515 ], [ -117.14359, 44.258234 ], [ -117.146218, 44.258027 ], [ -117.148321, 44.258072 ], [ -117.150251, 44.258072 ], [ -117.151573, 44.258084 ], [ -117.153337, 44.25784 ], [ -117.15498, 44.257611 ], [ -117.157053, 44.257493 ], [ -117.158861, 44.257641 ], [ -117.160318, 44.25772 ], [ -117.161044, 44.257758 ], [ -117.162318, 44.257979 ], [ -117.163608, 44.258223 ], [ -117.165173, 44.258409 ], [ -117.165197, 44.258412 ], [ -117.165791, 44.258475 ], [ -117.168101, 44.258503 ], [ -117.170341, 44.258889 ], [ -117.171099, 44.25922 ], [ -117.171124, 44.259231 ], [ -117.172226, 44.259719 ], [ -117.173751, 44.260781 ], [ -117.173772, 44.260796 ], [ -117.174207, 44.261099 ], [ -117.175781, 44.26219 ], [ -117.175842, 44.262232 ], [ -117.177596, 44.263522 ], [ -117.177648, 44.263552 ], [ -117.177686, 44.263574 ], [ -117.178627, 44.26412 ], [ -117.179551, 44.264656 ], [ -117.179568, 44.264666 ], [ -117.179834, 44.264821 ], [ -117.182071, 44.265966 ], [ -117.182094, 44.265976 ], [ -117.184309, 44.267146 ], [ -117.186467, 44.268003 ], [ -117.188637, 44.268772 ], [ -117.190718, 44.269782 ], [ -117.191706, 44.270265 ], [ -117.193135, 44.270966 ], [ -117.195775, 44.272386 ], [ -117.19594, 44.272487 ], [ -117.198147, 44.273828 ], [ -117.19857, 44.274132 ], [ -117.200389, 44.275442 ], [ -117.202598, 44.277346 ], [ -117.203066, 44.277781 ], [ -117.204696, 44.279298 ], [ -117.206021, 44.28098 ], [ -117.206217, 44.281229 ], [ -117.20628, 44.281308 ], [ -117.207505, 44.282722 ], [ -117.208604, 44.28355 ], [ -117.209329, 44.284004 ], [ -117.20941, 44.284054 ], [ -117.209531, 44.284128 ], [ -117.209652, 44.284203 ], [ -117.210957, 44.284994 ], [ -117.212447, 44.285805 ], [ -117.213546, 44.286535 ], [ -117.2148, 44.287129 ], [ -117.215699, 44.287616 ], [ -117.216089, 44.287827 ], [ -117.216974, 44.288357 ], [ -117.217626, 44.289056 ], [ -117.218393, 44.290289 ], [ -117.221801, 44.295769 ], [ -117.222308, 44.296742 ], [ -117.222647, 44.297578 ], [ -117.22274, 44.298326 ], [ -117.222451, 44.298963 ], [ -117.221973, 44.299559 ], [ -117.220435, 44.30101 ], [ -117.220208, 44.301241 ], [ -117.220048, 44.301404 ], [ -117.219912, 44.301543 ], [ -117.219889, 44.301567 ], [ -117.219456, 44.302284 ], [ -117.219267, 44.302686 ], [ -117.218835, 44.303613 ], [ -117.218404, 44.30503 ], [ -117.218164, 44.306431 ], [ -117.217889, 44.30707 ], [ -117.217843, 44.30718 ], [ -117.216842, 44.308189 ], [ -117.216795, 44.308236 ], [ -117.21521, 44.309116 ], [ -117.214784, 44.309222 ], [ -117.213534, 44.309537 ], [ -117.211545, 44.309991 ], [ -117.209255, 44.310817 ], [ -117.208097, 44.311086 ], [ -117.207232, 44.311287 ], [ -117.205859, 44.311685 ], [ -117.2055, 44.311789 ], [ -117.205288, 44.311887 ], [ -117.204082, 44.312451 ], [ -117.20369, 44.312746 ], [ -117.203323, 44.313024 ], [ -117.203244, 44.313148 ], [ -117.202856, 44.313757 ], [ -117.202853, 44.313823 ], [ -117.202816, 44.31502 ], [ -117.202494, 44.315729 ], [ -117.202153, 44.315917 ], [ -117.201464, 44.3163 ], [ -117.201445, 44.31631 ], [ -117.200929, 44.31671 ], [ -117.200686, 44.316899 ], [ -117.200254, 44.317849 ], [ -117.200243, 44.318519 ], [ -117.200235, 44.319008 ], [ -117.200218, 44.319193 ], [ -117.200195, 44.31943 ], [ -117.200129, 44.320143 ], [ -117.200128, 44.320159 ], [ -117.200048, 44.320367 ], [ -117.200035, 44.320398 ], [ -117.200018, 44.320446 ], [ -117.2, 44.320493 ], [ -117.199987, 44.320525 ], [ -117.19964, 44.321423 ], [ -117.198892, 44.322273 ], [ -117.198804, 44.322374 ], [ -117.197555, 44.323254 ], [ -117.196797, 44.324196 ], [ -117.196644, 44.325179 ], [ -117.196625, 44.32608 ], [ -117.196336, 44.326604 ], [ -117.195767, 44.327119 ], [ -117.195631, 44.327187 ], [ -117.194896, 44.327563 ], [ -117.194125, 44.327774 ], [ -117.193667, 44.327878 ], [ -117.193644, 44.327882 ], [ -117.193576, 44.327898 ], [ -117.193554, 44.327903 ], [ -117.193529, 44.327915 ], [ -117.193494, 44.327935 ], [ -117.193457, 44.327954 ], [ -117.193433, 44.327968 ], [ -117.193233, 44.328075 ], [ -117.192935, 44.328236 ], [ -117.192636, 44.328396 ], [ -117.192437, 44.328504 ], [ -117.192203, 44.32863 ], [ -117.19159, 44.329553 ], [ -117.191546, 44.329621 ], [ -117.191335, 44.330128 ], [ -117.191417, 44.331061 ], [ -117.191388, 44.332237 ], [ -117.190988, 44.333139 ], [ -117.190767, 44.333463 ], [ -117.190342, 44.334089 ], [ -117.190047, 44.334631 ], [ -117.189915, 44.334872 ], [ -117.189842, 44.335007 ], [ -117.18981, 44.335679 ], [ -117.189798, 44.335955 ], [ -117.189793, 44.336056 ], [ -117.189786, 44.336208 ], [ -117.189779, 44.336359 ], [ -117.189775, 44.336461 ], [ -117.189769, 44.336585 ], [ -117.189812, 44.336698 ], [ -117.190073, 44.337387 ], [ -117.190096, 44.337446 ], [ -117.190189, 44.337603 ], [ -117.190603, 44.338306 ], [ -117.191029, 44.338555 ], [ -117.191702, 44.338916 ], [ -117.191719, 44.338929 ], [ -117.192083, 44.339213 ], [ -117.192624, 44.340114 ], [ -117.194969, 44.34427 ], [ -117.195999, 44.346095 ], [ -117.196044, 44.346176 ], [ -117.196149, 44.346362 ], [ -117.196199, 44.346407 ], [ -117.19627, 44.346469 ], [ -117.196472, 44.346646 ], [ -117.196775, 44.346912 ], [ -117.197078, 44.347177 ], [ -117.19728, 44.347355 ], [ -117.197339, 44.347406 ], [ -117.197505, 44.347495 ], [ -117.198209, 44.347875 ], [ -117.19835, 44.347952 ], [ -117.19845, 44.347989 ], [ -117.199057, 44.348211 ], [ -117.20012, 44.348601 ], [ -117.200859, 44.348933 ], [ -117.20145, 44.349199 ], [ -117.2016, 44.349267 ], [ -117.201874, 44.349407 ], [ -117.202666, 44.349813 ], [ -117.203046, 44.350178 ], [ -117.203284, 44.350407 ], [ -117.20337, 44.350522 ], [ -117.20367, 44.350923 ], [ -117.204139, 44.351549 ], [ -117.204432, 44.352208 ], [ -117.204636, 44.352666 ], [ -117.204793, 44.35302 ], [ -117.205546, 44.353993 ], [ -117.205558, 44.354009 ], [ -117.206962, 44.355206 ], [ -117.209117, 44.356707 ], [ -117.209418, 44.356911 ], [ -117.210587, 44.357703 ], [ -117.210782, 44.357772 ], [ -117.211794, 44.358131 ], [ -117.212145, 44.358256 ], [ -117.214118, 44.358808 ], [ -117.214833, 44.359169 ], [ -117.215792, 44.359654 ], [ -117.215991, 44.359754 ], [ -117.216567, 44.36001 ], [ -117.216911, 44.360163 ], [ -117.218526, 44.361635 ], [ -117.219158, 44.362211 ], [ -117.219459, 44.362485 ], [ -117.220305, 44.363256 ], [ -117.220354, 44.363315 ], [ -117.220614, 44.363629 ], [ -117.220778, 44.363827 ], [ -117.221441, 44.364359 ], [ -117.222238, 44.364999 ], [ -117.223214, 44.365496 ], [ -117.224359, 44.365877 ], [ -117.224851, 44.366041 ], [ -117.225359, 44.366341 ], [ -117.225824, 44.366615 ], [ -117.226276, 44.366883 ], [ -117.227191, 44.367484 ], [ -117.227643, 44.367781 ], [ -117.227938, 44.367975 ], [ -117.228234, 44.368201 ], [ -117.229117, 44.368874 ], [ -117.229852, 44.369651 ], [ -117.229938, 44.369742 ], [ -117.230427, 44.370092 ], [ -117.231218, 44.370657 ], [ -117.231308, 44.370724 ], [ -117.232184, 44.371379 ], [ -117.233004, 44.371965 ], [ -117.233855, 44.372745 ], [ -117.234038, 44.372913 ], [ -117.23467, 44.373463 ], [ -117.234728, 44.373514 ], [ -117.234817, 44.373592 ], [ -117.234905, 44.373668 ], [ -117.234964, 44.37372 ], [ -117.235046, 44.373791 ], [ -117.235117, 44.373853 ], [ -117.235197, 44.374074 ], [ -117.235235, 44.374177 ], [ -117.235248, 44.374214 ], [ -117.235269, 44.374272 ], [ -117.235289, 44.374328 ], [ -117.235303, 44.374366 ], [ -117.23531, 44.374384 ], [ -117.235379, 44.374593 ], [ -117.235475, 44.374884 ], [ -117.235566, 44.375256 ], [ -117.235558, 44.375284 ], [ -117.235497, 44.375516 ], [ -117.235444, 44.375715 ], [ -117.235442, 44.375739 ], [ -117.235403, 44.376429 ], [ -117.235401, 44.376465 ], [ -117.235442, 44.376655 ], [ -117.235493, 44.376894 ], [ -117.235572, 44.377253 ], [ -117.235704, 44.377594 ], [ -117.235793, 44.377823 ], [ -117.235837, 44.377937 ], [ -117.235866, 44.37801 ], [ -117.23598, 44.378279 ], [ -117.236029, 44.378393 ], [ -117.236241, 44.378891 ], [ -117.236487, 44.379466 ], [ -117.237027, 44.380222 ], [ -117.237068, 44.380281 ], [ -117.237376, 44.380728 ], [ -117.237659, 44.381517 ], [ -117.23783, 44.382386 ], [ -117.238105, 44.38293 ], [ -117.238135, 44.382989 ], [ -117.238596, 44.383624 ], [ -117.241837, 44.388853 ], [ -117.242056, 44.389205 ], [ -117.242755, 44.390194 ], [ -117.242988, 44.390864 ], [ -117.243, 44.390898 ], [ -117.243027, 44.390974 ], [ -117.243019, 44.391003 ], [ -117.243011, 44.391039 ], [ -117.242945, 44.391297 ], [ -117.242883, 44.391546 ], [ -117.242827, 44.392088 ], [ -117.2428, 44.392354 ], [ -117.242774, 44.39261 ], [ -117.242655, 44.393102 ], [ -117.242564, 44.39348 ], [ -117.242724, 44.39439 ], [ -117.242847, 44.39536 ], [ -117.242873, 44.395557 ], [ -117.242762, 44.396111 ], [ -117.242692, 44.396459 ], [ -117.242675, 44.396548 ], [ -117.24198, 44.396856 ], [ -117.241775, 44.396929 ], [ -117.241441, 44.39705 ], [ -117.240609, 44.397349 ], [ -117.239953, 44.397586 ], [ -117.238096, 44.398197 ], [ -117.237257, 44.398476 ], [ -117.237237, 44.398484 ], [ -117.237177, 44.398509 ], [ -117.237158, 44.398518 ], [ -117.237041, 44.398584 ], [ -117.23687, 44.398683 ], [ -117.236687, 44.398771 ], [ -117.236567, 44.39883 ], [ -117.236009, 44.3991 ], [ -117.234835, 44.399669 ], [ -117.234368, 44.399969 ], [ -117.233847, 44.400305 ], [ -117.233518, 44.400516 ], [ -117.233352, 44.400623 ], [ -117.233077, 44.4008 ], [ -117.232507, 44.401374 ], [ -117.232066, 44.401822 ], [ -117.231655, 44.402243 ], [ -117.23157, 44.402329 ], [ -117.231479, 44.402423 ], [ -117.231289, 44.402558 ], [ -117.231191, 44.402629 ], [ -117.231127, 44.402674 ], [ -117.231032, 44.402743 ], [ -117.230936, 44.402811 ], [ -117.230873, 44.402857 ], [ -117.230464, 44.403149 ], [ -117.230102, 44.403409 ], [ -117.22921, 44.403982 ], [ -117.228788, 44.404254 ], [ -117.22804, 44.404734 ], [ -117.227259, 44.405236 ], [ -117.22698, 44.405583 ], [ -117.22678, 44.406228 ], [ -117.226373, 44.406691 ], [ -117.225787, 44.407359 ], [ -117.225674, 44.407487 ], [ -117.225461, 44.407729 ], [ -117.225417, 44.407913 ], [ -117.225379, 44.40808 ], [ -117.225305, 44.408398 ], [ -117.225241, 44.408751 ], [ -117.225019, 44.409993 ], [ -117.224892, 44.410779 ], [ -117.22482, 44.411234 ], [ -117.224725, 44.411439 ], [ -117.224637, 44.411627 ], [ -117.224408, 44.412121 ], [ -117.22436, 44.412184 ], [ -117.224237, 44.412351 ], [ -117.223953, 44.412731 ], [ -117.223235, 44.413694 ], [ -117.2231, 44.413869 ], [ -117.222813, 44.414247 ], [ -117.22294, 44.41474 ], [ -117.223014, 44.415023 ], [ -117.223219, 44.41586 ], [ -117.223077, 44.416205 ], [ -117.222974, 44.416457 ], [ -117.222778, 44.416592 ], [ -117.222436, 44.416829 ], [ -117.222176, 44.416982 ], [ -117.221686, 44.417273 ], [ -117.221071, 44.418008 ], [ -117.220541, 44.418339 ], [ -117.219974, 44.418695 ], [ -117.219936, 44.418725 ], [ -117.219519, 44.419055 ], [ -117.219291, 44.419236 ], [ -117.218539, 44.420302 ], [ -117.218285, 44.420664 ], [ -117.218246, 44.420745 ], [ -117.218173, 44.420896 ], [ -117.218064, 44.421123 ], [ -117.217954, 44.42135 ], [ -117.217882, 44.421502 ], [ -117.217838, 44.421591 ], [ -117.217774, 44.421726 ], [ -117.217709, 44.421861 ], [ -117.217667, 44.421951 ], [ -117.217476, 44.422346 ], [ -117.21746, 44.422381 ], [ -117.216693, 44.423404 ], [ -117.216653, 44.423459 ], [ -117.216429, 44.423755 ], [ -117.216422, 44.423784 ], [ -117.216402, 44.423873 ], [ -117.216396, 44.423903 ], [ -117.216366, 44.42401 ], [ -117.21628, 44.424333 ], [ -117.216252, 44.424441 ], [ -117.216198, 44.42455 ], [ -117.216193, 44.42456 ], [ -117.216039, 44.424929 ], [ -117.215988, 44.425053 ], [ -117.215849, 44.425382 ], [ -117.215641, 44.425881 ], [ -117.215412, 44.426362 ], [ -117.215259, 44.426685 ], [ -117.215252, 44.426709 ], [ -117.215168, 44.426918 ], [ -117.215072, 44.427162 ], [ -117.21513, 44.427573 ], [ -117.215141, 44.427646 ], [ -117.21522, 44.427776 ], [ -117.215268, 44.427855 ], [ -117.21534, 44.427974 ], [ -117.215412, 44.428092 ], [ -117.215461, 44.428172 ], [ -117.215513, 44.428257 ], [ -117.215581, 44.42854 ], [ -117.215604, 44.428635 ], [ -117.215729, 44.42919 ], [ -117.215669, 44.429356 ], [ -117.215194, 44.430698 ], [ -117.215174, 44.431495 ], [ -117.215176, 44.43151 ], [ -117.215313, 44.432243 ], [ -117.215393, 44.432676 ], [ -117.215448, 44.432968 ], [ -117.215528, 44.433733 ], [ -117.215619, 44.433973 ], [ -117.215777, 44.434385 ], [ -117.215912, 44.435077 ], [ -117.215936, 44.435198 ], [ -117.215815, 44.435875 ], [ -117.215503, 44.43656 ], [ -117.215417, 44.437108 ], [ -117.215309, 44.437806 ], [ -117.2153, 44.437861 ], [ -117.215282, 44.437978 ], [ -117.215286, 44.438026 ], [ -117.215291, 44.438082 ], [ -117.215305, 44.438259 ], [ -117.215328, 44.438526 ], [ -117.215349, 44.438791 ], [ -117.215364, 44.438969 ], [ -117.215445, 44.439951 ], [ -117.215625, 44.440297 ], [ -117.215855, 44.440615 ], [ -117.216008, 44.440827 ], [ -117.216313, 44.441495 ], [ -117.216562, 44.442276 ], [ -117.21632, 44.443935 ], [ -117.215884, 44.444653 ], [ -117.215427, 44.445511 ], [ -117.215348, 44.445661 ], [ -117.214936, 44.446564 ], [ -117.214815, 44.447158 ], [ -117.214682, 44.447805 ], [ -117.214637, 44.44803 ], [ -117.214741, 44.44923 ], [ -117.214835, 44.44977 ], [ -117.21495, 44.450422 ], [ -117.215212, 44.451913 ], [ -117.215254, 44.452152 ], [ -117.215573, 44.453746 ], [ -117.21613, 44.45604 ], [ -117.216224, 44.45634 ], [ -117.216677, 44.457785 ], [ -117.216684, 44.457809 ], [ -117.216696, 44.457846 ], [ -117.216707, 44.457882 ], [ -117.216715, 44.457907 ], [ -117.21673, 44.457956 ], [ -117.216855, 44.458432 ], [ -117.217015, 44.459042 ], [ -117.217541, 44.459894 ], [ -117.217646, 44.460064 ], [ -117.217883, 44.460315 ], [ -117.217918, 44.460352 ], [ -117.217972, 44.46041 ], [ -117.218025, 44.460466 ], [ -117.218061, 44.460504 ], [ -117.218382, 44.460845 ], [ -117.218547, 44.46102 ], [ -117.219388, 44.461827 ], [ -117.219727, 44.462152 ], [ -117.219887, 44.462305 ], [ -117.220236, 44.46282 ], [ -117.220383, 44.463037 ], [ -117.220407, 44.463633 ], [ -117.220297, 44.464487 ], [ -117.220267, 44.465301 ], [ -117.220245, 44.465904 ], [ -117.220299, 44.46614 ], [ -117.220518, 44.467104 ], [ -117.220548, 44.46723 ], [ -117.220881, 44.468593 ], [ -117.221548, 44.470146 ], [ -117.221697, 44.470364 ], [ -117.221999, 44.470805 ], [ -117.222342, 44.471279 ], [ -117.22271, 44.471786 ], [ -117.222724, 44.471803 ], [ -117.223966, 44.473304 ], [ -117.22438, 44.473805 ], [ -117.224445, 44.473884 ], [ -117.224978, 44.4748 ], [ -117.225371, 44.475476 ], [ -117.225758, 44.477223 ], [ -117.225831, 44.478137 ], [ -117.225925, 44.479297 ], [ -117.225932, 44.479389 ], [ -117.22584, 44.479983 ], [ -117.225756, 44.480533 ], [ -117.22522, 44.481961 ], [ -117.225076, 44.482346 ], [ -117.224913, 44.482578 ], [ -117.224466, 44.483216 ], [ -117.224104, 44.483734 ], [ -117.223296, 44.48413 ], [ -117.222523, 44.484353 ], [ -117.222253, 44.484431 ], [ -117.221759, 44.484492 ], [ -117.221698, 44.484499 ], [ -117.221607, 44.48451 ], [ -117.221515, 44.484521 ], [ -117.221455, 44.484529 ], [ -117.219258, 44.485243 ], [ -117.218785, 44.485397 ], [ -117.216372, 44.48616 ], [ -117.21507, 44.486219 ], [ -117.214103, 44.486052 ], [ -117.213238, 44.485756 ], [ -117.21255, 44.485613 ], [ -117.212159, 44.485533 ], [ -117.211148, 44.485359 ], [ -117.210266, 44.485421 ], [ -117.209856, 44.48545 ], [ -117.208936, 44.485661 ], [ -117.208709, 44.485786 ], [ -117.208454, 44.485928 ], [ -117.20837, 44.486001 ], [ -117.207636, 44.486639 ], [ -117.20722, 44.487047 ], [ -117.206661, 44.487599 ], [ -117.205753, 44.488205 ], [ -117.203903, 44.489337 ], [ -117.203369, 44.489653 ], [ -117.203006, 44.48987 ], [ -117.202226, 44.490691 ], [ -117.202157, 44.490762 ], [ -117.202055, 44.490869 ], [ -117.201952, 44.490975 ], [ -117.201884, 44.491047 ], [ -117.201399, 44.491338 ], [ -117.201089, 44.491526 ], [ -117.200237, 44.492027 ], [ -117.200057, 44.492321 ], [ -117.199879, 44.492615 ], [ -117.199815, 44.492827 ], [ -117.199573, 44.493626 ], [ -117.199389, 44.494235 ], [ -117.198874, 44.494937 ], [ -117.198058, 44.495517 ], [ -117.19783, 44.49568 ], [ -117.197372, 44.495993 ], [ -117.197056, 44.496208 ], [ -117.196731, 44.496432 ], [ -117.196395, 44.496956 ], [ -117.196319, 44.49706 ], [ -117.196095, 44.49737 ], [ -117.195992, 44.497512 ], [ -117.195837, 44.497745 ], [ -117.195265, 44.498609 ], [ -117.195068, 44.498872 ], [ -117.194797, 44.499238 ], [ -117.1947, 44.499367 ], [ -117.194557, 44.499561 ], [ -117.194413, 44.499754 ], [ -117.194317, 44.499884 ], [ -117.193996, 44.500448 ], [ -117.193775, 44.500838 ], [ -117.193076, 44.502164 ], [ -117.192774, 44.502739 ], [ -117.192675, 44.502927 ], [ -117.192494, 44.503272 ], [ -117.192415, 44.503507 ], [ -117.192349, 44.503709 ], [ -117.19206, 44.504578 ], [ -117.191329, 44.506784 ], [ -117.19137, 44.507207 ], [ -117.191459, 44.50812 ], [ -117.191506, 44.508612 ], [ -117.19163, 44.509886 ], [ -117.191533, 44.510066 ], [ -117.1913, 44.510502 ], [ -117.190732, 44.511564 ], [ -117.189759, 44.513385 ], [ -117.188532, 44.51433 ], [ -117.187578, 44.515065 ], [ -117.18733, 44.515255 ], [ -117.187029, 44.515488 ], [ -117.186806, 44.515998 ], [ -117.186682, 44.516285 ], [ -117.186242, 44.517293 ], [ -117.185386, 44.519261 ], [ -117.184557, 44.520066 ], [ -117.183769, 44.520834 ], [ -117.18361, 44.520987 ], [ -117.183374, 44.521218 ], [ -117.183136, 44.521448 ], [ -117.182979, 44.521602 ], [ -117.182575, 44.521994 ], [ -117.181583, 44.52296 ], [ -117.181281, 44.522926 ], [ -117.180722, 44.522865 ], [ -117.179398, 44.522719 ], [ -117.177176, 44.522474 ], [ -117.175482, 44.522954 ], [ -117.17462, 44.5232 ], [ -117.174203, 44.523323 ], [ -117.174124, 44.523346 ], [ -117.174006, 44.523382 ], [ -117.173887, 44.523416 ], [ -117.173808, 44.52344 ], [ -117.173359, 44.523572 ], [ -117.172158, 44.523928 ], [ -117.172007, 44.523912 ], [ -117.171542, 44.523866 ], [ -117.171493, 44.523861 ], [ -117.171422, 44.523854 ], [ -117.171349, 44.523846 ], [ -117.171302, 44.523842 ], [ -117.170748, 44.523786 ], [ -117.169918, 44.523704 ], [ -117.169087, 44.523621 ], [ -117.168534, 44.523566 ], [ -117.168311, 44.523543 ], [ -117.167978, 44.52351 ], [ -117.167644, 44.523476 ], [ -117.167422, 44.523454 ], [ -117.167336, 44.523445 ], [ -117.167187, 44.523431 ], [ -117.167085, 44.523459 ], [ -117.167003, 44.523483 ], [ -117.165476, 44.523913 ], [ -117.161033, 44.525166 ], [ -117.160916, 44.525246 ], [ -117.159612, 44.52615 ], [ -117.158952, 44.526606 ], [ -117.156974, 44.527975 ], [ -117.156489, 44.528312 ], [ -117.156328, 44.528449 ], [ -117.155946, 44.528775 ], [ -117.155374, 44.529265 ], [ -117.1548, 44.529754 ], [ -117.154419, 44.530081 ], [ -117.154097, 44.530355 ], [ -117.153616, 44.530767 ], [ -117.153134, 44.531178 ], [ -117.152814, 44.531453 ], [ -117.152585, 44.531648 ], [ -117.152406, 44.531802 ], [ -117.152014, 44.532341 ], [ -117.151838, 44.532585 ], [ -117.151534, 44.533001 ], [ -117.15108, 44.533626 ], [ -117.150625, 44.534249 ], [ -117.150323, 44.534666 ], [ -117.150172, 44.534873 ], [ -117.149946, 44.535184 ], [ -117.149719, 44.535494 ], [ -117.149569, 44.535702 ], [ -117.149242, 44.536151 ], [ -117.14892, 44.536718 ], [ -117.147132, 44.53987 ], [ -117.147126, 44.539881 ], [ -117.146579, 44.540944 ], [ -117.146303, 44.541479 ], [ -117.14589, 44.542284 ], [ -117.145477, 44.543087 ], [ -117.145202, 44.543623 ], [ -117.144601, 44.544789 ], [ -117.144161, 44.545647 ], [ -117.143938, 44.548611 ], [ -117.14384, 44.54992 ], [ -117.14382, 44.550187 ], [ -117.143808, 44.550353 ], [ -117.143691, 44.550981 ], [ -117.143643, 44.551245 ], [ -117.143633, 44.551296 ], [ -117.14362, 44.551374 ], [ -117.143605, 44.55145 ], [ -117.143596, 44.551502 ], [ -117.143521, 44.551906 ], [ -117.143409, 44.552513 ], [ -117.143296, 44.553119 ], [ -117.143222, 44.553524 ], [ -117.143202, 44.55363 ], [ -117.143172, 44.553791 ], [ -117.143142, 44.553951 ], [ -117.143123, 44.554058 ], [ -117.143111, 44.554121 ], [ -117.143101, 44.554176 ], [ -117.143093, 44.554315 ], [ -117.14309, 44.55438 ], [ -117.143066, 44.554792 ], [ -117.143032, 44.555412 ], [ -117.142997, 44.55603 ], [ -117.142974, 44.556443 ], [ -117.142956, 44.55676 ], [ -117.14293, 44.557236 ], [ -117.143262, 44.557578 ], [ -117.143484, 44.557807 ], [ -117.143713, 44.558043 ], [ -117.144058, 44.558398 ], [ -117.144402, 44.558753 ], [ -117.144632, 44.55899 ], [ -117.144993, 44.559362 ], [ -117.1461, 44.560409 ], [ -117.146471, 44.56076 ], [ -117.146763, 44.561036 ], [ -117.147641, 44.561866 ], [ -117.147934, 44.562143 ], [ -117.147974, 44.562427 ], [ -117.148036, 44.562855 ], [ -117.148097, 44.563282 ], [ -117.148139, 44.563567 ], [ -117.148146, 44.56362 ], [ -117.148158, 44.5637 ], [ -117.148169, 44.563779 ], [ -117.148177, 44.563832 ], [ -117.148255, 44.564371 ], [ -117.147898, 44.565048 ], [ -117.14607, 44.568529 ], [ -117.146032, 44.568603 ], [ -117.145072, 44.569367 ], [ -117.14488, 44.569519 ], [ -117.144594, 44.569748 ], [ -117.144307, 44.569975 ], [ -117.144116, 44.570128 ], [ -117.142497, 44.571415 ], [ -117.14248, 44.57143 ], [ -117.138066, 44.572996 ], [ -117.136751, 44.573715 ], [ -117.134937, 44.574708 ], [ -117.134905, 44.574725 ], [ -117.134611, 44.574885 ], [ -117.133963, 44.57524 ], [ -117.133757, 44.575407 ], [ -117.133499, 44.57562 ], [ -117.132555, 44.576392 ], [ -117.130264, 44.578266 ], [ -117.129818, 44.578609 ], [ -117.129711, 44.578693 ], [ -117.128746, 44.579439 ], [ -117.128076, 44.579956 ], [ -117.126066, 44.581508 ], [ -117.126009, 44.581553 ], [ -117.125654, 44.58224 ], [ -117.125354, 44.582821 ], [ -117.125255, 44.582987 ], [ -117.124754, 44.583834 ], [ -117.124903, 44.585386 ], [ -117.124957, 44.586232 ], [ -117.125016, 44.587168 ], [ -117.12513, 44.588961 ], [ -117.125145, 44.589144 ], [ -117.125216, 44.589975 ], [ -117.125296, 44.59091 ], [ -117.125409, 44.59224 ], [ -117.125375, 44.592613 ], [ -117.125267, 44.593818 ], [ -117.1238, 44.597279 ], [ -117.123781, 44.597439 ], [ -117.123754, 44.597672 ], [ -117.12359, 44.599139 ], [ -117.123561, 44.599379 ], [ -117.12352, 44.599741 ], [ -117.123478, 44.600102 ], [ -117.12345, 44.600343 ], [ -117.123431, 44.600499 ], [ -117.123405, 44.600735 ], [ -117.123378, 44.60097 ], [ -117.12336, 44.601127 ], [ -117.123346, 44.601247 ], [ -117.12333, 44.601389 ], [ -117.123333, 44.601609 ], [ -117.123336, 44.601731 ], [ -117.123345, 44.60235 ], [ -117.123352, 44.602774 ], [ -117.123373, 44.604046 ], [ -117.122506, 44.605689 ], [ -117.12202, 44.606613 ], [ -117.121874, 44.606891 ], [ -117.12187, 44.60691 ], [ -117.121669, 44.607891 ], [ -117.121603, 44.608219 ], [ -117.121481, 44.608812 ], [ -117.121355, 44.609433 ], [ -117.121374, 44.610616 ], [ -117.121384, 44.611222 ], [ -117.121385, 44.611289 ], [ -117.121387, 44.61139 ], [ -117.121388, 44.61149 ], [ -117.12139, 44.611558 ], [ -117.121391, 44.611626 ], [ -117.121393, 44.611753 ], [ -117.121369, 44.61183 ], [ -117.12135, 44.611896 ], [ -117.120522, 44.614658 ], [ -117.120441, 44.614798 ], [ -117.119628, 44.616226 ], [ -117.117809, 44.620139 ], [ -117.116181, 44.622866 ], [ -117.1159, 44.623339 ], [ -117.11394, 44.624883 ], [ -117.114102, 44.624883 ], [ -117.114591, 44.624883 ], [ -117.114754, 44.624883 ], [ -117.113544, 44.625358 ], [ -117.112034, 44.625953 ], [ -117.109989, 44.626597 ], [ -117.109861, 44.626634 ], [ -117.108614, 44.626998 ], [ -117.108387, 44.627064 ], [ -117.108231, 44.62711 ], [ -117.107884, 44.62753 ], [ -117.107735, 44.627712 ], [ -117.107723, 44.627726 ], [ -117.107688, 44.627767 ], [ -117.107677, 44.627782 ], [ -117.105984, 44.629836 ], [ -117.105622, 44.63035 ], [ -117.10264, 44.634598 ], [ -117.09989, 44.638388 ], [ -117.098221, 44.640689 ], [ -117.098234, 44.641137 ], [ -117.098267, 44.64229 ], [ -117.098339, 44.644727 ], [ -117.098292, 44.645751 ], [ -117.09824, 44.646904 ], [ -117.09821, 44.647542 ], [ -117.098206, 44.647651 ], [ -117.096782, 44.648768 ], [ -117.096279, 44.649163 ], [ -117.096241, 44.649192 ], [ -117.096228, 44.649203 ], [ -117.096176, 44.649316 ], [ -117.096157, 44.64936 ], [ -117.0959, 44.649931 ], [ -117.095574, 44.650656 ], [ -117.095131, 44.651645 ], [ -117.094968, 44.652011 ], [ -117.095044, 44.652224 ], [ -117.095164, 44.652565 ], [ -117.095346, 44.653077 ], [ -117.095527, 44.653588 ], [ -117.095648, 44.65393 ], [ -117.095858, 44.654524 ], [ -117.096405, 44.656067 ], [ -117.096476, 44.656311 ], [ -117.096654, 44.656916 ], [ -117.096709, 44.657104 ], [ -117.096791, 44.657385 ], [ -117.096679, 44.65766 ], [ -117.096606, 44.657843 ], [ -117.096378, 44.658406 ], [ -117.09613, 44.659023 ], [ -117.096076, 44.660178 ], [ -117.096049, 44.660785 ], [ -117.096044, 44.660883 ], [ -117.096038, 44.66103 ], [ -117.096031, 44.661176 ], [ -117.096027, 44.661275 ], [ -117.095993, 44.662007 ], [ -117.095892, 44.664206 ], [ -117.095868, 44.664737 ], [ -117.095716, 44.66487 ], [ -117.095441, 44.66511 ], [ -117.09503, 44.665471 ], [ -117.094619, 44.665831 ], [ -117.094345, 44.666072 ], [ -117.093215, 44.667061 ], [ -117.091223, 44.668807 ], [ -117.089619, 44.669737 ], [ -117.088321, 44.670491 ], [ -117.088067, 44.670638 ], [ -117.087686, 44.67086 ], [ -117.087305, 44.67108 ], [ -117.087051, 44.671228 ], [ -117.086075, 44.671794 ], [ -117.08585, 44.671925 ], [ -117.082915, 44.672994 ], [ -117.081856, 44.673381 ], [ -117.081743, 44.673422 ], [ -117.081575, 44.673484 ], [ -117.081406, 44.673545 ], [ -117.081294, 44.673586 ], [ -117.081022, 44.673685 ], [ -117.080796, 44.673768 ], [ -117.080627, 44.674369 ], [ -117.080549, 44.674647 ], [ -117.080447, 44.674847 ], [ -117.08014, 44.675448 ], [ -117.080039, 44.675649 ], [ -117.079892, 44.675915 ], [ -117.079671, 44.676318 ], [ -117.079494, 44.676737 ], [ -117.079377, 44.677018 ], [ -117.079285, 44.677191 ], [ -117.079031, 44.677676 ], [ -117.079016, 44.677713 ], [ -117.078944, 44.677895 ], [ -117.078911, 44.678112 ], [ -117.07887, 44.678386 ], [ -117.078812, 44.678763 ], [ -117.078779, 44.67898 ], [ -117.078721, 44.679356 ], [ -117.078574, 44.680328 ], [ -117.078654, 44.680467 ], [ -117.078844, 44.680798 ], [ -117.078906, 44.680906 ], [ -117.078999, 44.681068 ], [ -117.079092, 44.68123 ], [ -117.079154, 44.681339 ], [ -117.07929, 44.681576 ], [ -117.079495, 44.681934 ], [ -117.079699, 44.68229 ], [ -117.079836, 44.682528 ], [ -117.079938, 44.682707 ], [ -117.080093, 44.682976 ], [ -117.080247, 44.683245 ], [ -117.08035, 44.683425 ], [ -117.080761, 44.684141 ], [ -117.080772, 44.684161 ], [ -117.080563, 44.686609 ], [ -117.080555, 44.686714 ], [ -117.080199, 44.687341 ], [ -117.080085, 44.687539 ], [ -117.079916, 44.687838 ], [ -117.079746, 44.688136 ], [ -117.079634, 44.688336 ], [ -117.079595, 44.688403 ], [ -117.079541, 44.6885 ], [ -117.07948, 44.688605 ], [ -117.079442, 44.688673 ], [ -117.079361, 44.688816 ], [ -117.07871, 44.690084 ], [ -117.078969, 44.691406 ], [ -117.07912, 44.692175 ], [ -117.076572, 44.694331 ], [ -117.076362, 44.694523 ], [ -117.074137, 44.696374 ], [ -117.073352, 44.697372 ], [ -117.07327, 44.697599 ], [ -117.072276, 44.700363 ], [ -117.07224, 44.700461 ], [ -117.072221, 44.700517 ], [ -117.071978, 44.70059 ], [ -117.071879, 44.700621 ], [ -117.069551, 44.701345 ], [ -117.067983, 44.701834 ], [ -117.063824, 44.703623 ], [ -117.063188, 44.704573 ], [ -117.061835, 44.706601 ], [ -117.061823, 44.706617 ], [ -117.061799, 44.706654 ], [ -117.0618, 44.706671 ], [ -117.061802, 44.706692 ], [ -117.061821, 44.706968 ], [ -117.061851, 44.707384 ], [ -117.06188, 44.707799 ], [ -117.0619, 44.708076 ], [ -117.061903, 44.708124 ], [ -117.061909, 44.708198 ], [ -117.061914, 44.708271 ], [ -117.061918, 44.708321 ], [ -117.061935, 44.708563 ], [ -117.061961, 44.708927 ], [ -117.061986, 44.709289 ], [ -117.062004, 44.709532 ], [ -117.062032, 44.70992 ], [ -117.062055, 44.709983 ], [ -117.062533, 44.711266 ], [ -117.062687, 44.711679 ], [ -117.062682, 44.711695 ], [ -117.062593, 44.711967 ], [ -117.062462, 44.712376 ], [ -117.062329, 44.712785 ], [ -117.062242, 44.713058 ], [ -117.062006, 44.713789 ], [ -117.061652, 44.714888 ], [ -117.061298, 44.715985 ], [ -117.061062, 44.716718 ], [ -117.060971, 44.717 ], [ -117.06091, 44.71755 ], [ -117.060629, 44.720084 ], [ -117.060536, 44.720929 ], [ -117.060454, 44.721668 ], [ -117.060474, 44.721728 ], [ -117.061238, 44.724027 ], [ -117.061493, 44.724794 ], [ -117.06155, 44.724967 ], [ -117.061636, 44.725227 ], [ -117.061722, 44.725486 ], [ -117.06178, 44.725659 ], [ -117.061841, 44.725843 ], [ -117.061933, 44.72612 ], [ -117.062024, 44.726396 ], [ -117.062086, 44.726581 ], [ -117.062162, 44.72681 ], [ -117.062273, 44.727143 ], [ -117.061985, 44.727385 ], [ -117.0618, 44.727541 ], [ -117.061152, 44.728085 ], [ -117.06018, 44.728903 ], [ -117.059208, 44.72972 ], [ -117.05856, 44.730265 ], [ -117.058302, 44.730482 ], [ -117.057897, 44.730585 ], [ -117.055704, 44.731145 ], [ -117.054973, 44.731333 ], [ -117.054822, 44.731371 ], [ -117.054596, 44.731429 ], [ -117.05437, 44.731486 ], [ -117.05422, 44.731525 ], [ -117.053892, 44.731608 ], [ -117.053401, 44.731734 ], [ -117.052909, 44.73186 ], [ -117.052582, 44.731944 ], [ -117.052379, 44.731995 ], [ -117.052075, 44.732074 ], [ -117.05177, 44.732151 ], [ -117.051568, 44.732203 ], [ -117.051299, 44.732271 ], [ -117.050898, 44.732374 ], [ -117.050495, 44.732477 ], [ -117.050227, 44.732546 ], [ -117.050205, 44.732565 ], [ -117.049869, 44.73312 ], [ -117.049366, 44.733953 ], [ -117.048861, 44.734785 ], [ -117.048526, 44.735341 ], [ -117.048178, 44.735916 ], [ -117.048112, 44.736947 ], [ -117.047821, 44.741527 ], [ -117.047448, 44.741899 ], [ -117.047173, 44.742176 ], [ -117.046244, 44.743107 ], [ -117.045942, 44.74341 ], [ -117.045017, 44.744337 ], [ -117.044711, 44.744645 ], [ -117.044217, 44.74514 ], [ -117.043003, 44.745489 ], [ -117.039549, 44.746483 ], [ -117.03827, 44.748179 ], [ -117.038108, 44.74822 ], [ -117.036209, 44.74871 ], [ -117.035821, 44.748809 ], [ -117.035241, 44.748959 ], [ -117.03466, 44.749108 ], [ -117.034273, 44.749208 ], [ -117.034101, 44.749252 ], [ -117.033845, 44.749318 ], [ -117.033588, 44.749384 ], [ -117.033417, 44.749429 ], [ -117.032997, 44.749536 ], [ -117.031738, 44.74986 ], [ -117.031655, 44.749882 ], [ -117.031351, 44.75005 ], [ -117.030588, 44.750471 ], [ -117.030374, 44.75059 ], [ -117.02942, 44.751102 ], [ -117.028135, 44.751181 ], [ -117.028071, 44.751186 ], [ -117.027266, 44.751128 ], [ -117.02704, 44.751111 ], [ -117.026365, 44.751063 ], [ -117.026203, 44.751052 ], [ -117.026141, 44.751046 ], [ -117.025385, 44.750975 ], [ -117.024306, 44.750875 ], [ -117.023114, 44.750819 ], [ -117.022357, 44.750784 ], [ -117.021618, 44.750749 ], [ -117.021398, 44.750785 ], [ -117.02, 44.751019 ], [ -117.018729, 44.75176 ], [ -117.018418, 44.751942 ], [ -117.018003, 44.752378 ], [ -117.017649, 44.752748 ], [ -117.017507, 44.752897 ], [ -117.016868, 44.754063 ], [ -117.016821, 44.75415 ], [ -117.016659, 44.75453 ], [ -117.016216, 44.755572 ], [ -117.016118, 44.755643 ], [ -117.014805, 44.756603 ], [ -117.013802, 44.756841 ], [ -117.012701, 44.756832 ], [ -117.011449, 44.756823 ], [ -117.011369, 44.756822 ], [ -117.011286, 44.756822 ], [ -117.011132, 44.756808 ], [ -117.011054, 44.756802 ], [ -117.010868, 44.756785 ], [ -117.01059, 44.756761 ], [ -117.010311, 44.756736 ], [ -117.010126, 44.75672 ], [ -117.010084, 44.756716 ], [ -117.010022, 44.756711 ], [ -117.009958, 44.756705 ], [ -117.009917, 44.756702 ], [ -117.009827, 44.756694 ], [ -117.008992, 44.756575 ], [ -117.007497, 44.756363 ], [ -117.00624, 44.756069 ], [ -117.006045, 44.756024 ], [ -117.005312, 44.756013 ], [ -117.004554, 44.756001 ], [ -117.004449, 44.756004 ], [ -117.002532, 44.756074 ], [ -117.001864, 44.756091 ], [ -117.001003, 44.756114 ], [ -117.000703, 44.756082 ], [ -117.000303, 44.756082 ], [ -117.000113, 44.756129 ], [ -116.999903, 44.756182 ], [ -116.999603, 44.756182 ], [ -116.999303, 44.756282 ], [ -116.998903, 44.756382 ], [ -116.998103, 44.756682 ], [ -116.997559, 44.756914 ], [ -116.997403, 44.756982 ], [ -116.997003, 44.757182 ], [ -116.996753, 44.757307 ], [ -116.996607, 44.757379 ], [ -116.996146, 44.757534 ], [ -116.995993, 44.757585 ], [ -116.995403, 44.757782 ], [ -116.995003, 44.757782 ], [ -116.994556, 44.75798 ], [ -116.994103, 44.758182 ], [ -116.993203, 44.758682 ], [ -116.992003, 44.759182 ], [ -116.991203, 44.759582 ], [ -116.990495, 44.759975 ], [ -116.990303, 44.760082 ], [ -116.989743, 44.760455 ], [ -116.989403, 44.760682 ], [ -116.989224, 44.760789 ], [ -116.988945, 44.760956 ], [ -116.988403, 44.761282 ], [ -116.988104, 44.761444 ], [ -116.987819, 44.7616 ], [ -116.987542, 44.76175 ], [ -116.987303, 44.761881 ], [ -116.986733, 44.762236 ], [ -116.986502, 44.762381 ], [ -116.986467, 44.762403 ], [ -116.985917, 44.762746 ], [ -116.985702, 44.762881 ], [ -116.984902, 44.763481 ], [ -116.984316, 44.763847 ], [ -116.984209, 44.763914 ], [ -116.984102, 44.763981 ], [ -116.983748, 44.764158 ], [ -116.983658, 44.764202 ], [ -116.983525, 44.76427 ], [ -116.983391, 44.764336 ], [ -116.983302, 44.764381 ], [ -116.982824, 44.764739 ], [ -116.982502, 44.764981 ], [ -116.982046, 44.765306 ], [ -116.981802, 44.765481 ], [ -116.981361, 44.765774 ], [ -116.980902, 44.766081 ], [ -116.980865, 44.766107 ], [ -116.980472, 44.766381 ], [ -116.979294, 44.767205 ], [ -116.978961, 44.767439 ], [ -116.978902, 44.767481 ], [ -116.978652, 44.767594 ], [ -116.977903, 44.767934 ], [ -116.977802, 44.767981 ], [ -116.977662, 44.768065 ], [ -116.977121, 44.768389 ], [ -116.976802, 44.768581 ], [ -116.975702, 44.769181 ], [ -116.975513, 44.769369 ], [ -116.975068, 44.769815 ], [ -116.974902, 44.769981 ], [ -116.974873, 44.770026 ], [ -116.974415, 44.770759 ], [ -116.974402, 44.770781 ], [ -116.974256, 44.771 ], [ -116.974115, 44.77121 ], [ -116.973802, 44.771681 ], [ -116.973666, 44.771816 ], [ -116.973488, 44.771995 ], [ -116.973065, 44.772417 ], [ -116.972902, 44.772581 ], [ -116.971902, 44.773381 ], [ -116.971653, 44.773505 ], [ -116.971119, 44.773772 ], [ -116.970902, 44.773881 ], [ -116.970605, 44.773988 ], [ -116.969801, 44.774281 ], [ -116.969034, 44.774575 ], [ -116.968513, 44.774776 ], [ -116.968501, 44.774781 ], [ -116.967943, 44.774912 ], [ -116.966801, 44.775181 ], [ -116.966219, 44.775213 ], [ -116.965635, 44.775246 ], [ -116.965001, 44.775281 ], [ -116.96384, 44.775353 ], [ -116.963401, 44.775381 ], [ -116.962501, 44.775481 ], [ -116.961501, 44.775681 ], [ -116.960201, 44.776181 ], [ -116.959959, 44.776246 ], [ -116.958701, 44.776581 ], [ -116.958619, 44.776598 ], [ -116.958327, 44.776661 ], [ -116.95738, 44.776864 ], [ -116.957301, 44.776881 ], [ -116.956857, 44.776949 ], [ -116.956685, 44.776975 ], [ -116.956429, 44.777015 ], [ -116.956172, 44.777054 ], [ -116.956001, 44.777081 ], [ -116.955361, 44.777156 ], [ -116.954301, 44.777281 ], [ -116.95344, 44.777371 ], [ -116.9528, 44.777439 ], [ -116.952401, 44.777481 ], [ -116.95236, 44.777485 ], [ -116.95104, 44.777632 ], [ -116.950601, 44.777681 ], [ -116.950448, 44.777709 ], [ -116.949992, 44.777795 ], [ -116.949941, 44.777805 ], [ -116.949841, 44.777824 ], [ -116.949001, 44.777981 ], [ -116.947901, 44.778581 ], [ -116.9469, 44.779181 ], [ -116.946799, 44.779281 ], [ -116.9459, 44.780181 ], [ -116.945388, 44.780536 ], [ -116.9446, 44.781081 ], [ -116.9433, 44.781681 ], [ -116.942742, 44.78181 ], [ -116.942, 44.781981 ], [ -116.9409, 44.782181 ], [ -116.9394, 44.782381 ], [ -116.9381, 44.782681 ], [ -116.937443, 44.782781 ], [ -116.9368, 44.782881 ], [ -116.9358, 44.783281 ], [ -116.9347, 44.783881 ], [ -116.934375, 44.78417 ], [ -116.9338, 44.784681 ], [ -116.933735, 44.784755 ], [ -116.9332, 44.785381 ], [ -116.9327, 44.786081 ], [ -116.9322, 44.786681 ], [ -116.932099, 44.786775 ], [ -116.931466, 44.787369 ], [ -116.93133, 44.7876 ], [ -116.931278, 44.787689 ], [ -116.931028, 44.788345 ], [ -116.930933, 44.788596 ], [ -116.930873, 44.788923 ], [ -116.9307, 44.789881 ], [ -116.9307, 44.789907 ], [ -116.9307, 44.79024 ], [ -116.9307, 44.790381 ], [ -116.930729, 44.790555 ], [ -116.9308, 44.790981 ], [ -116.931068, 44.791428 ], [ -116.9311, 44.791481 ], [ -116.931215, 44.791711 ], [ -116.931499, 44.792281 ], [ -116.931799, 44.792681 ], [ -116.931995, 44.792877 ], [ -116.932399, 44.793281 ], [ -116.933099, 44.794481 ], [ -116.933599, 44.795681 ], [ -116.933775, 44.79665 ], [ -116.933799, 44.796781 ], [ -116.933799, 44.797981 ], [ -116.933789, 44.798063 ], [ -116.933731, 44.798524 ], [ -116.933699, 44.798781 ], [ -116.933399, 44.799581 ], [ -116.93331, 44.799847 ], [ -116.933163, 44.800289 ], [ -116.932999, 44.800781 ], [ -116.93297, 44.800853 ], [ -116.932599, 44.801781 ], [ -116.932305, 44.802515 ], [ -116.932199, 44.802781 ], [ -116.932027, 44.803039 ], [ -116.931905, 44.803221 ], [ -116.931599, 44.803681 ], [ -116.931554, 44.803778 ], [ -116.931464, 44.803978 ], [ -116.931207, 44.804543 ], [ -116.931099, 44.804781 ], [ -116.930399, 44.805681 ], [ -116.930144, 44.806064 ], [ -116.929801, 44.806582 ], [ -116.928999, 44.807481 ], [ -116.928912, 44.807567 ], [ -116.928099, 44.808381 ], [ -116.926999, 44.808981 ], [ -116.925899, 44.809581 ], [ -116.925588, 44.809673 ], [ -116.924899, 44.80988 ], [ -116.924344, 44.810127 ], [ -116.923999, 44.81028 ], [ -116.923363, 44.810724 ], [ -116.922999, 44.81098 ], [ -116.922099, 44.81188 ], [ -116.921698, 44.81238 ], [ -116.921298, 44.81288 ], [ -116.921092, 44.81329 ], [ -116.920898, 44.81368 ], [ -116.920542, 44.814303 ], [ -116.920498, 44.81438 ], [ -116.920453, 44.814458 ], [ -116.920186, 44.814924 ], [ -116.920098, 44.81508 ], [ -116.919713, 44.815608 ], [ -116.919138, 44.8164 ], [ -116.918561, 44.817192 ], [ -116.918177, 44.817721 ], [ -116.917192, 44.819074 ], [ -116.91573, 44.821085 ], [ -116.914245, 44.823141 ], [ -116.913266, 44.824499 ], [ -116.913256, 44.824513 ], [ -116.913227, 44.824554 ], [ -116.913218, 44.824569 ], [ -116.912313, 44.825801 ], [ -116.910946, 44.827663 ], [ -116.909611, 44.829506 ], [ -116.908715, 44.830745 ], [ -116.908454, 44.831096 ], [ -116.908063, 44.831625 ], [ -116.907676, 44.832155 ], [ -116.907419, 44.83251 ], [ -116.907313, 44.832654 ], [ -116.907157, 44.83287 ], [ -116.907002, 44.833092 ], [ -116.9069, 44.83324 ], [ -116.906879, 44.833268 ], [ -116.906852, 44.833307 ], [ -116.906818, 44.833352 ], [ -116.906798, 44.833381 ], [ -116.906601, 44.833644 ], [ -116.9063, 44.834048 ], [ -116.906022, 44.834441 ], [ -116.905833, 44.83471 ], [ -116.905791, 44.834767 ], [ -116.905772, 44.834793 ], [ -116.905595, 44.83483 ], [ -116.905526, 44.834845 ], [ -116.904795, 44.834996 ], [ -116.903976, 44.835167 ], [ -116.902594, 44.835409 ], [ -116.901859, 44.835538 ], [ -116.901655, 44.835573 ], [ -116.901051, 44.83568 ], [ -116.900991, 44.835882 ], [ -116.900902, 44.836167 ], [ -116.900673, 44.836319 ], [ -116.900146, 44.836672 ], [ -116.900046, 44.837754 ], [ -116.899994, 44.838326 ], [ -116.899977, 44.83851 ], [ -116.899927, 44.839065 ], [ -116.899923, 44.839112 ], [ -116.899968, 44.839243 ], [ -116.899994, 44.839321 ], [ -116.900036, 44.839443 ], [ -116.900076, 44.839556 ], [ -116.900104, 44.839635 ], [ -116.900124, 44.839694 ], [ -116.90018, 44.839859 ], [ -116.900172, 44.83987 ], [ -116.900139, 44.839924 ], [ -116.900069, 44.840036 ], [ -116.899965, 44.840206 ], [ -116.899858, 44.840373 ], [ -116.899788, 44.840485 ], [ -116.899772, 44.840509 ], [ -116.89975, 44.840546 ], [ -116.899726, 44.840584 ], [ -116.899711, 44.840609 ], [ -116.89967, 44.840655 ], [ -116.899611, 44.840726 ], [ -116.899551, 44.840796 ], [ -116.899512, 44.840844 ], [ -116.899298, 44.841095 ], [ -116.89866, 44.84185 ], [ -116.898502, 44.842038 ], [ -116.898466, 44.842114 ], [ -116.898461, 44.842123 ], [ -116.898447, 44.842154 ], [ -116.898443, 44.842164 ], [ -116.898388, 44.84228 ], [ -116.898333, 44.842396 ], [ -116.897694, 44.843745 ], [ -116.897114, 44.845208 ], [ -116.897109, 44.845223 ], [ -116.897048, 44.845376 ], [ -116.896982, 44.845545 ], [ -116.896589, 44.846545 ], [ -116.896499, 44.847017 ], [ -116.896481, 44.847109 ], [ -116.896455, 44.847247 ], [ -116.896428, 44.847385 ], [ -116.896411, 44.847477 ], [ -116.896394, 44.847563 ], [ -116.89637, 44.847694 ], [ -116.896346, 44.847824 ], [ -116.89633, 44.847911 ], [ -116.896303, 44.848049 ], [ -116.896249, 44.84833 ], [ -116.896266, 44.848464 ], [ -116.896284, 44.848604 ], [ -116.896297, 44.848714 ], [ -116.896318, 44.84888 ], [ -116.896338, 44.849046 ], [ -116.896352, 44.849157 ], [ -116.896424, 44.849733 ], [ -116.89643, 44.849781 ], [ -116.896898, 44.850458 ], [ -116.897612, 44.850956 ], [ -116.898089, 44.851289 ], [ -116.898172, 44.851349 ], [ -116.898398, 44.851561 ], [ -116.898474, 44.851632 ], [ -116.898609, 44.851985 ], [ -116.898727, 44.85229 ], [ -116.898708, 44.852543 ], [ -116.898669, 44.853097 ], [ -116.898643, 44.853475 ], [ -116.898638, 44.853542 ], [ -116.89862, 44.853744 ], [ -116.898577, 44.853797 ], [ -116.898492, 44.853901 ], [ -116.898365, 44.854058 ], [ -116.898237, 44.854214 ], [ -116.898153, 44.854319 ], [ -116.897793, 44.854759 ], [ -116.897722, 44.854847 ], [ -116.896396, 44.855682 ], [ -116.896369, 44.855685 ], [ -116.895805, 44.855752 ], [ -116.895745, 44.855759 ], [ -116.895705, 44.855763 ], [ -116.895657, 44.85577 ], [ -116.895568, 44.85578 ], [ -116.895509, 44.855787 ], [ -116.895446, 44.855794 ], [ -116.895311, 44.85581 ], [ -116.895259, 44.855799 ], [ -116.895198, 44.855786 ], [ -116.894964, 44.855736 ], [ -116.894613, 44.855663 ], [ -116.894262, 44.855589 ], [ -116.894029, 44.85554 ], [ -116.892361, 44.855218 ], [ -116.892069, 44.855212 ], [ -116.889882, 44.855171 ], [ -116.887748, 44.855799 ], [ -116.886401, 44.856581 ], [ -116.885953, 44.856842 ], [ -116.884695, 44.857604 ], [ -116.884546, 44.857694 ], [ -116.884324, 44.857831 ], [ -116.8841, 44.857967 ], [ -116.883952, 44.858058 ], [ -116.883591, 44.858277 ], [ -116.882977, 44.858761 ], [ -116.881218, 44.860149 ], [ -116.880194, 44.861061 ], [ -116.879375, 44.861793 ], [ -116.879337, 44.861891 ], [ -116.878853, 44.863159 ], [ -116.878647, 44.863632 ], [ -116.878183, 44.864706 ], [ -116.877136, 44.866049 ], [ -116.876001, 44.866684 ], [ -116.875608, 44.866721 ], [ -116.874578, 44.866941 ], [ -116.874329, 44.866995 ], [ -116.872753, 44.867364 ], [ -116.872617, 44.867395 ], [ -116.872414, 44.867442 ], [ -116.87221, 44.867489 ], [ -116.872075, 44.867521 ], [ -116.871701, 44.867613 ], [ -116.871079, 44.867885 ], [ -116.868685, 44.868936 ], [ -116.868147, 44.869146 ], [ -116.867157, 44.869535 ], [ -116.866475, 44.869802 ], [ -116.866417, 44.869842 ], [ -116.865338, 44.870603 ], [ -116.864672, 44.871461 ], [ -116.864493, 44.871694 ], [ -116.864202, 44.872111 ], [ -116.863541, 44.873055 ], [ -116.86227, 44.874876 ], [ -116.861538, 44.875874 ], [ -116.861501, 44.875925 ], [ -116.860742, 44.876707 ], [ -116.860734, 44.876844 ], [ -116.860684, 44.877121 ], [ -116.860445, 44.877552 ], [ -116.860062, 44.877944 ], [ -116.859336, 44.878691 ], [ -116.85817, 44.879719 ], [ -116.857038, 44.88077 ], [ -116.857041, 44.881009 ], [ -116.857053, 44.881851 ], [ -116.85729, 44.882291 ], [ -116.857218, 44.882385 ], [ -116.856674, 44.883093 ], [ -116.855924, 44.88404 ], [ -116.85587, 44.88409 ], [ -116.854714, 44.885179 ], [ -116.854199, 44.885949 ], [ -116.853683, 44.886439 ], [ -116.852427, 44.887578 ], [ -116.852328, 44.888195 ], [ -116.852015, 44.889121 ], [ -116.851982, 44.889221 ], [ -116.851694, 44.890327 ], [ -116.852058, 44.89118 ], [ -116.852177, 44.891459 ], [ -116.852373, 44.891919 ], [ -116.85206, 44.892188 ], [ -116.85183, 44.892387 ], [ -116.851313, 44.892832 ], [ -116.850512, 44.893524 ], [ -116.85018, 44.894452 ], [ -116.849977, 44.895023 ], [ -116.849986, 44.895099 ], [ -116.850115, 44.896168 ], [ -116.8501, 44.896223 ], [ -116.849217, 44.899509 ], [ -116.848923, 44.900605 ], [ -116.848912, 44.900644 ], [ -116.848893, 44.900719 ], [ -116.848856, 44.900745 ], [ -116.848824, 44.90077 ], [ -116.848088, 44.901318 ], [ -116.847535, 44.901731 ], [ -116.846855, 44.903654 ], [ -116.846844, 44.903674 ], [ -116.846436, 44.904496 ], [ -116.846413, 44.904541 ], [ -116.84638, 44.90461 ], [ -116.846345, 44.904678 ], [ -116.846323, 44.904724 ], [ -116.846061, 44.90525 ], [ -116.845885, 44.905514 ], [ -116.844987, 44.906869 ], [ -116.844324, 44.907731 ], [ -116.843977, 44.908185 ], [ -116.843702, 44.908373 ], [ -116.843342, 44.908619 ], [ -116.842922, 44.908907 ], [ -116.842758, 44.909689 ], [ -116.84267, 44.910116 ], [ -116.842249, 44.912133 ], [ -116.842057, 44.913057 ], [ -116.842108, 44.914922 ], [ -116.839626, 44.917208 ], [ -116.838956, 44.917826 ], [ -116.838658, 44.918936 ], [ -116.838626, 44.919051 ], [ -116.83858, 44.919224 ], [ -116.838533, 44.919397 ], [ -116.838503, 44.919513 ], [ -116.838444, 44.919733 ], [ -116.838438, 44.919763 ], [ -116.8383, 44.920528 ], [ -116.838255, 44.920784 ], [ -116.838241, 44.920858 ], [ -116.838222, 44.92097 ], [ -116.838201, 44.921081 ], [ -116.838188, 44.921156 ], [ -116.838178, 44.921209 ], [ -116.838167, 44.921271 ], [ -116.83818, 44.921371 ], [ -116.838187, 44.921426 ], [ -116.838263, 44.92202 ], [ -116.838467, 44.923601 ], [ -116.838341, 44.923762 ], [ -116.837975, 44.924237 ], [ -116.837649, 44.924658 ], [ -116.836671, 44.925924 ], [ -116.836359, 44.926328 ], [ -116.836343, 44.926344 ], [ -116.836327, 44.926358 ], [ -116.836281, 44.926403 ], [ -116.836266, 44.926418 ], [ -116.83565, 44.927015 ], [ -116.833803, 44.928809 ], [ -116.833632, 44.928976 ], [ -116.833295, 44.929496 ], [ -116.832848, 44.930186 ], [ -116.83269, 44.930463 ], [ -116.832176, 44.931373 ], [ -116.83199, 44.933007 ], [ -116.832274, 44.933684 ], [ -116.832352, 44.933871 ], [ -116.832981, 44.934569 ], [ -116.833029, 44.934623 ], [ -116.833046, 44.934676 ], [ -116.833169, 44.935042 ], [ -116.833211, 44.935164 ], [ -116.833378, 44.935659 ], [ -116.833585, 44.936272 ], [ -116.833979, 44.937103 ], [ -116.834203, 44.937576 ], [ -116.834409, 44.938011 ], [ -116.834571, 44.938352 ], [ -116.835046, 44.93931 ], [ -116.835261, 44.939743 ], [ -116.835475, 44.940175 ], [ -116.835702, 44.940633 ], [ -116.836346, 44.941312 ], [ -116.836679, 44.941662 ], [ -116.837091, 44.942096 ], [ -116.837719, 44.942651 ], [ -116.839077, 44.943854 ], [ -116.840748, 44.94571 ], [ -116.840805, 44.945773 ], [ -116.841842, 44.946642 ], [ -116.842261, 44.946993 ], [ -116.843027, 44.947635 ], [ -116.843469, 44.948098 ], [ -116.843847, 44.948494 ], [ -116.844172, 44.948834 ], [ -116.844653, 44.949338 ], [ -116.845111, 44.949891 ], [ -116.845412, 44.950255 ], [ -116.845431, 44.950279 ], [ -116.845462, 44.950315 ], [ -116.845491, 44.95035 ], [ -116.845512, 44.950375 ], [ -116.845701, 44.950604 ], [ -116.845987, 44.950948 ], [ -116.846271, 44.951291 ], [ -116.846461, 44.951521 ], [ -116.847437, 44.954082 ], [ -116.847625, 44.954312 ], [ -116.850737, 44.958113 ], [ -116.851406, 44.959841 ], [ -116.850984, 44.961556 ], [ -116.85065, 44.962033 ], [ -116.849561, 44.963593 ], [ -116.848631, 44.964246 ], [ -116.848333, 44.964454 ], [ -116.847888, 44.964768 ], [ -116.847441, 44.96508 ], [ -116.847144, 44.965289 ], [ -116.847116, 44.965308 ], [ -116.847044, 44.96536 ], [ -116.847029, 44.965362 ], [ -116.846996, 44.965368 ], [ -116.845433, 44.965634 ], [ -116.843106, 44.966031 ], [ -116.841169, 44.967437 ], [ -116.841071, 44.967509 ], [ -116.839873, 44.96835 ], [ -116.839847, 44.968368 ], [ -116.838227, 44.968851 ], [ -116.836449, 44.969239 ], [ -116.835795, 44.970369 ], [ -116.835707, 44.97052 ], [ -116.835645, 44.970628 ], [ -116.835551, 44.970793 ], [ -116.83551, 44.970863 ], [ -116.835405, 44.971048 ], [ -116.835382, 44.971071 ], [ -116.835365, 44.971089 ], [ -116.835325, 44.97113 ], [ -116.835193, 44.971264 ], [ -116.834797, 44.971669 ], [ -116.834666, 44.971804 ], [ -116.834629, 44.971841 ], [ -116.834575, 44.971897 ], [ -116.83452, 44.971952 ], [ -116.834484, 44.97199 ], [ -116.83445, 44.972024 ], [ -116.834399, 44.972077 ], [ -116.834348, 44.972129 ], [ -116.834314, 44.972164 ], [ -116.834173, 44.972307 ], [ -116.833964, 44.972522 ], [ -116.833753, 44.972736 ], [ -116.833613, 44.97288 ], [ -116.833424, 44.973073 ], [ -116.833294, 44.973206 ], [ -116.832867, 44.973661 ], [ -116.832683, 44.973859 ], [ -116.83225, 44.974321 ], [ -116.832223, 44.974357 ], [ -116.83151, 44.975324 ], [ -116.831138, 44.976071 ], [ -116.830973, 44.976406 ], [ -116.830823, 44.976672 ], [ -116.830791, 44.976726 ], [ -116.830746, 44.976807 ], [ -116.830689, 44.976884 ], [ -116.830653, 44.976935 ], [ -116.830518, 44.977082 ], [ -116.830353, 44.977264 ], [ -116.830141, 44.977549 ], [ -116.830023, 44.977711 ], [ -116.829907, 44.977852 ], [ -116.829687, 44.978123 ], [ -116.829543, 44.978261 ], [ -116.829412, 44.978389 ], [ -116.829289, 44.978507 ], [ -116.829185, 44.978597 ], [ -116.828491, 44.979206 ], [ -116.828356, 44.979325 ], [ -116.828285, 44.979431 ], [ -116.827426, 44.980721 ], [ -116.827339, 44.980875 ], [ -116.826854, 44.98174 ], [ -116.826271, 44.982493 ], [ -116.826566, 44.983141 ], [ -116.826894, 44.983878 ], [ -116.82748, 44.983957 ], [ -116.828585, 44.984179 ], [ -116.828821, 44.984227 ], [ -116.830301, 44.984368 ], [ -116.830425, 44.984374 ], [ -116.830516, 44.984378 ], [ -116.830797, 44.984392 ], [ -116.830921, 44.984398 ], [ -116.831069, 44.984397 ], [ -116.8313, 44.984396 ], [ -116.831514, 44.984411 ], [ -116.831663, 44.984423 ], [ -116.832076, 44.984454 ], [ -116.832974, 44.984367 ], [ -116.834532, 44.984217 ], [ -116.836592, 44.984037 ], [ -116.836901, 44.983962 ], [ -116.838182, 44.983653 ], [ -116.838411, 44.983597 ], [ -116.83863, 44.983545 ], [ -116.839073, 44.983353 ], [ -116.83929, 44.98326 ], [ -116.839619, 44.983116 ], [ -116.839744, 44.983063 ], [ -116.840497, 44.982549 ], [ -116.840517, 44.982525 ], [ -116.840757, 44.982258 ], [ -116.840995, 44.981992 ], [ -116.841294, 44.981659 ], [ -116.841577, 44.981102 ], [ -116.841719, 44.980825 ], [ -116.841734, 44.980782 ], [ -116.841872, 44.980373 ], [ -116.842077, 44.979775 ], [ -116.842149, 44.979118 ], [ -116.842196, 44.97869 ], [ -116.842204, 44.978617 ], [ -116.842219, 44.978486 ], [ -116.842241, 44.978402 ], [ -116.84226, 44.978332 ], [ -116.842355, 44.977974 ], [ -116.842509, 44.977404 ], [ -116.842733, 44.976935 ], [ -116.842893, 44.976602 ], [ -116.842961, 44.976455 ], [ -116.843166, 44.976015 ], [ -116.843235, 44.975869 ], [ -116.84355, 44.975408 ], [ -116.844091, 44.974941 ], [ -116.844472, 44.974614 ], [ -116.845336, 44.973756 ], [ -116.846785, 44.972424 ], [ -116.846908, 44.972374 ], [ -116.848093, 44.971906 ], [ -116.848574, 44.971716 ], [ -116.849022, 44.971687 ], [ -116.849529, 44.971655 ], [ -116.850139, 44.971617 ], [ -116.851878, 44.971998 ], [ -116.85202, 44.97203 ], [ -116.852711, 44.972475 ], [ -116.853406, 44.972921 ], [ -116.85351, 44.972988 ], [ -116.854934, 44.974715 ], [ -116.855026, 44.974789 ], [ -116.85567, 44.975308 ], [ -116.855695, 44.975328 ], [ -116.855872, 44.97547 ], [ -116.85648, 44.975958 ], [ -116.856635, 44.976083 ], [ -116.856683, 44.976121 ], [ -116.857026, 44.97638 ], [ -116.857485, 44.976728 ], [ -116.857944, 44.977275 ], [ -116.857982, 44.97732 ], [ -116.858129, 44.977662 ], [ -116.85823, 44.977898 ], [ -116.858277, 44.978008 ], [ -116.858308, 44.978658 ], [ -116.858313, 44.978761 ], [ -116.858283, 44.978912 ], [ -116.858268, 44.978981 ], [ -116.858248, 44.979086 ], [ -116.858227, 44.979191 ], [ -116.858214, 44.979261 ], [ -116.858125, 44.979714 ], [ -116.858102, 44.979795 ], [ -116.857747, 44.981085 ], [ -116.857707, 44.981385 ], [ -116.857635, 44.981927 ], [ -116.857549, 44.982567 ], [ -116.856968, 44.983831 ], [ -116.856754, 44.984298 ], [ -116.855779, 44.985757 ], [ -116.854872, 44.987417 ], [ -116.853689, 44.988967 ], [ -116.853391, 44.989358 ], [ -116.852511, 44.990628 ], [ -116.852237, 44.991023 ], [ -116.851826, 44.991616 ], [ -116.851415, 44.992208 ], [ -116.851142, 44.992604 ], [ -116.851105, 44.992656 ], [ -116.85105, 44.992736 ], [ -116.850995, 44.992815 ], [ -116.850959, 44.992869 ], [ -116.85093, 44.99291 ], [ -116.850893, 44.992964 ], [ -116.85084, 44.993031 ], [ -116.850809, 44.993071 ], [ -116.850755, 44.993164 ], [ -116.85043, 44.993632 ], [ -116.849857, 44.994459 ], [ -116.849272, 44.995302 ], [ -116.848887, 44.995859 ], [ -116.848841, 44.995924 ], [ -116.848773, 44.996024 ], [ -116.848704, 44.996122 ], [ -116.848659, 44.996188 ], [ -116.84824, 44.996793 ], [ -116.847612, 44.997701 ], [ -116.846983, 44.998608 ], [ -116.846564, 44.999214 ], [ -116.846445, 44.999384 ], [ -116.846103, 44.999878 ], [ -116.846086, 44.999895 ], [ -116.845947, 45.00005 ], [ -116.845931, 45.000066 ], [ -116.845886, 45.000116 ], [ -116.845871, 45.000133 ], [ -116.845624, 45.000387 ], [ -116.844883, 45.001151 ], [ -116.844637, 45.001406 ], [ -116.844625, 45.001435 ], [ -116.844602, 45.00199 ], [ -116.844534, 45.003686 ], [ -116.844542, 45.00375 ], [ -116.844622, 45.004333 ], [ -116.844776, 45.005472 ], [ -116.845113, 45.007953 ], [ -116.845578, 45.008777 ], [ -116.846143, 45.009779 ], [ -116.84634, 45.010129 ], [ -116.84659, 45.010573 ], [ -116.846971, 45.011158 ], [ -116.847191, 45.011496 ], [ -116.847163, 45.011627 ], [ -116.84708, 45.012021 ], [ -116.847067, 45.012085 ], [ -116.847015, 45.012131 ], [ -116.846072, 45.012959 ], [ -116.844935, 45.0138 ], [ -116.844796, 45.015312 ], [ -116.845043, 45.016065 ], [ -116.845369, 45.017059 ], [ -116.845433, 45.017248 ], [ -116.845495, 45.01743 ], [ -116.845588, 45.017703 ], [ -116.84568, 45.017976 ], [ -116.845742, 45.018159 ], [ -116.845847, 45.01847 ], [ -116.846091, 45.018894 ], [ -116.846561, 45.019713 ], [ -116.847322, 45.02025 ], [ -116.847574, 45.020771 ], [ -116.847931, 45.021508 ], [ -116.847946, 45.021541 ], [ -116.847971, 45.021592 ], [ -116.847994, 45.021641 ], [ -116.848011, 45.021675 ], [ -116.848037, 45.021728 ], [ -116.848023, 45.021855 ], [ -116.847963, 45.022415 ], [ -116.847944, 45.022602 ], [ -116.847893, 45.022659 ], [ -116.847818, 45.022746 ], [ -116.847743, 45.022832 ], [ -116.847693, 45.02289 ], [ -116.84763, 45.022961 ], [ -116.847538, 45.023069 ], [ -116.847445, 45.023176 ], [ -116.847383, 45.023248 ], [ -116.847298, 45.023344 ], [ -116.847172, 45.02349 ], [ -116.847046, 45.023635 ], [ -116.846962, 45.023732 ], [ -116.846943, 45.02375 ], [ -116.846809, 45.02384 ], [ -116.846343, 45.024156 ], [ -116.846188, 45.024262 ], [ -116.846031, 45.024368 ], [ -116.845859, 45.024485 ], [ -116.845595, 45.02473 ], [ -116.845457, 45.024859 ], [ -116.845083, 45.025203 ], [ -116.844769, 45.025494 ], [ -116.844115, 45.026371 ], [ -116.843917, 45.026637 ], [ -116.843833, 45.026792 ], [ -116.84372, 45.026999 ], [ -116.843444, 45.027511 ], [ -116.84337, 45.027615 ], [ -116.843234, 45.027809 ], [ -116.843122, 45.027967 ], [ -116.842923, 45.028251 ], [ -116.842958, 45.028483 ], [ -116.842987, 45.028675 ], [ -116.843, 45.028768 ], [ -116.843019, 45.028889 ], [ -116.842945, 45.029031 ], [ -116.842902, 45.029115 ], [ -116.842731, 45.029446 ], [ -116.842499, 45.029898 ], [ -116.842033, 45.030294 ], [ -116.84175, 45.030536 ], [ -116.84159, 45.030671 ], [ -116.841314, 45.030907 ], [ -116.841076, 45.031022 ], [ -116.840888, 45.031114 ], [ -116.840631, 45.031239 ], [ -116.840246, 45.031428 ], [ -116.839861, 45.031616 ], [ -116.839605, 45.031742 ], [ -116.839409, 45.031837 ], [ -116.839117, 45.03198 ], [ -116.838824, 45.032122 ], [ -116.838629, 45.032217 ], [ -116.838419, 45.03232 ], [ -116.837717, 45.03259 ], [ -116.835193, 45.033566 ], [ -116.834952, 45.03364 ], [ -116.83401, 45.033931 ], [ -116.833867, 45.033975 ], [ -116.833654, 45.034041 ], [ -116.83344, 45.034107 ], [ -116.833298, 45.034151 ], [ -116.833009, 45.03424 ], [ -116.83262, 45.034384 ], [ -116.830604, 45.035134 ], [ -116.830115, 45.035317 ], [ -116.829937, 45.035397 ], [ -116.829162, 45.035746 ], [ -116.829071, 45.035788 ], [ -116.827315, 45.036629 ], [ -116.826876, 45.036872 ], [ -116.826133, 45.037285 ], [ -116.825703, 45.037523 ], [ -116.825133, 45.03784 ], [ -116.824602, 45.038467 ], [ -116.824285, 45.038843 ], [ -116.824193, 45.03895 ], [ -116.824057, 45.039112 ], [ -116.82392, 45.039274 ], [ -116.823829, 45.039382 ], [ -116.823569, 45.039689 ], [ -116.823207, 45.040272 ], [ -116.822384, 45.041605 ], [ -116.821199, 45.042824 ], [ -116.820914, 45.043118 ], [ -116.820365, 45.043518 ], [ -116.820041, 45.043754 ], [ -116.819206, 45.044363 ], [ -116.819074, 45.044469 ], [ -116.818763, 45.044722 ], [ -116.818202, 45.045176 ], [ -116.81655, 45.046515 ], [ -116.816519, 45.046539 ], [ -116.81596, 45.046995 ], [ -116.815686, 45.047217 ], [ -116.815276, 45.047552 ], [ -116.814863, 45.047884 ], [ -116.814589, 45.048106 ], [ -116.814546, 45.048142 ], [ -116.814484, 45.048196 ], [ -116.814418, 45.048249 ], [ -116.814375, 45.048285 ], [ -116.81432, 45.048331 ], [ -116.814237, 45.04837 ], [ -116.813793, 45.048579 ], [ -116.813646, 45.048649 ], [ -116.813255, 45.048833 ], [ -116.812896, 45.049003 ], [ -116.812037, 45.049271 ], [ -116.811625, 45.0494 ], [ -116.810862, 45.049637 ], [ -116.810522, 45.049744 ], [ -116.808674, 45.050605 ], [ -116.808576, 45.050652 ], [ -116.808081, 45.051132 ], [ -116.807717, 45.051485 ], [ -116.807675, 45.051526 ], [ -116.806662, 45.052581 ], [ -116.806312, 45.052948 ], [ -116.805729, 45.053543 ], [ -116.805692, 45.053574 ], [ -116.804023, 45.055022 ], [ -116.803644, 45.055233 ], [ -116.802876, 45.055664 ], [ -116.802535, 45.055854 ], [ -116.801743, 45.056299 ], [ -116.801555, 45.056482 ], [ -116.801276, 45.056756 ], [ -116.801037, 45.056989 ], [ -116.800368, 45.057645 ], [ -116.800332, 45.057699 ], [ -116.800153, 45.057981 ], [ -116.799956, 45.05829 ], [ -116.79994, 45.058317 ], [ -116.799091, 45.058968 ], [ -116.798801, 45.059192 ], [ -116.797747, 45.059961 ], [ -116.797329, 45.060267 ], [ -116.796144, 45.062217 ], [ -116.795635, 45.063208 ], [ -116.79504, 45.064369 ], [ -116.795006, 45.064435 ], [ -116.794926, 45.064492 ], [ -116.794509, 45.064799 ], [ -116.794371, 45.064901 ], [ -116.794331, 45.06493 ], [ -116.794272, 45.064974 ], [ -116.794212, 45.065017 ], [ -116.794173, 45.065046 ], [ -116.793677, 45.06541 ], [ -116.793587, 45.065481 ], [ -116.792918, 45.066015 ], [ -116.792091, 45.067062 ], [ -116.792016, 45.067158 ], [ -116.791767, 45.067713 ], [ -116.791696, 45.067869 ], [ -116.791592, 45.068105 ], [ -116.791486, 45.06834 ], [ -116.791416, 45.068497 ], [ -116.791353, 45.068637 ], [ -116.79119, 45.069037 ], [ -116.791136, 45.069173 ], [ -116.790936, 45.069668 ], [ -116.790878, 45.069813 ], [ -116.790878, 45.069947 ], [ -116.790071, 45.07072 ], [ -116.789908, 45.070829 ], [ -116.789465, 45.071127 ], [ -116.788943, 45.071477 ], [ -116.788219, 45.071964 ], [ -116.787548, 45.072724 ], [ -116.78727, 45.07304 ], [ -116.78722, 45.073242 ], [ -116.787037, 45.073976 ], [ -116.786986, 45.074182 ], [ -116.785295, 45.075353 ], [ -116.784754, 45.075729 ], [ -116.784687, 45.0758 ], [ -116.78443, 45.076072 ], [ -116.78409, 45.076434 ], [ -116.783729, 45.076943 ], [ -116.78371, 45.076972 ], [ -116.78374, 45.07731 ], [ -116.783758, 45.07751 ], [ -116.783771, 45.077652 ], [ -116.783829, 45.078263 ], [ -116.783869, 45.078679 ], [ -116.783902, 45.079022 ], [ -116.784045, 45.079593 ], [ -116.784047, 45.080769 ], [ -116.784028, 45.080959 ], [ -116.78401, 45.081143 ], [ -116.783997, 45.08134 ], [ -116.783953, 45.08171 ], [ -116.783925, 45.082062 ], [ -116.783859, 45.082886 ], [ -116.783934, 45.083392 ], [ -116.784289, 45.085776 ], [ -116.784278, 45.086367 ], [ -116.784244, 45.088128 ], [ -116.783961, 45.090447 ], [ -116.7839, 45.091002 ], [ -116.783773, 45.09216 ], [ -116.783618, 45.093107 ], [ -116.783537, 45.093605 ], [ -116.783171, 45.09437 ], [ -116.782961, 45.09481 ], [ -116.782751, 45.095249 ], [ -116.782492, 45.09579 ], [ -116.781786, 45.096733 ], [ -116.780355, 45.098646 ], [ -116.779453, 45.099688 ], [ -116.778649, 45.100231 ], [ -116.778513, 45.100334 ], [ -116.778451, 45.100365 ], [ -116.778408, 45.100394 ], [ -116.778197, 45.100724 ], [ -116.778136, 45.100818 ], [ -116.778075, 45.100911 ], [ -116.777988, 45.101045 ], [ -116.777902, 45.101179 ], [ -116.777411, 45.10194 ], [ -116.777121, 45.102414 ], [ -116.777058, 45.102514 ], [ -116.776994, 45.102615 ], [ -116.776962, 45.102666 ], [ -116.776931, 45.102716 ], [ -116.776414, 45.103553 ], [ -116.774847, 45.105536 ], [ -116.773421, 45.106107 ], [ -116.772232, 45.106343 ], [ -116.770236, 45.10725 ], [ -116.769202, 45.108046 ], [ -116.769143, 45.108091 ], [ -116.768852, 45.108236 ], [ -116.766718, 45.109301 ], [ -116.765308, 45.109742 ], [ -116.764214, 45.110085 ], [ -116.763119, 45.110428 ], [ -116.762962, 45.110477 ], [ -116.759777, 45.111721 ], [ -116.759755, 45.111731 ], [ -116.758903, 45.112114 ], [ -116.758051, 45.112496 ], [ -116.756782, 45.113065 ], [ -116.754643, 45.113972 ], [ -116.75393, 45.115283 ], [ -116.75393, 45.11586 ], [ -116.753931, 45.116651 ], [ -116.753929, 45.116677 ], [ -116.753694, 45.118777 ], [ -116.753427, 45.119849 ], [ -116.753267, 45.120491 ], [ -116.752839, 45.121768 ], [ -116.75223, 45.122014 ], [ -116.752173, 45.122037 ], [ -116.750983, 45.122272 ], [ -116.749985, 45.122541 ], [ -116.748564, 45.122945 ], [ -116.747523, 45.123584 ], [ -116.74686, 45.124223 ], [ -116.746607, 45.124878 ], [ -116.746558, 45.125128 ], [ -116.746486, 45.125503 ], [ -116.746413, 45.125878 ], [ -116.746365, 45.126128 ], [ -116.746308, 45.12642 ], [ -116.746232, 45.126813 ], [ -116.746267, 45.127455 ], [ -116.746284, 45.12776 ], [ -116.746331, 45.128596 ], [ -116.746217, 45.129381 ], [ -116.745958, 45.131187 ], [ -116.745899, 45.131442 ], [ -116.74578, 45.131962 ], [ -116.745601, 45.13275 ], [ -116.745535, 45.133038 ], [ -116.745211, 45.133271 ], [ -116.743524, 45.134491 ], [ -116.742962, 45.134898 ], [ -116.742455, 45.135265 ], [ -116.741255, 45.135751 ], [ -116.736954, 45.137499 ], [ -116.735875, 45.137789 ], [ -116.734021, 45.138289 ], [ -116.733296, 45.138486 ], [ -116.731446, 45.139773 ], [ -116.731216, 45.139934 ], [ -116.730935, 45.140311 ], [ -116.73048, 45.140919 ], [ -116.729607, 45.142091 ], [ -116.729322, 45.142857 ], [ -116.729058, 45.14357 ], [ -116.729022, 45.143666 ], [ -116.728969, 45.143811 ], [ -116.728914, 45.143955 ], [ -116.728879, 45.144052 ], [ -116.728757, 45.144381 ], [ -116.728725, 45.14489 ], [ -116.728567, 45.147469 ], [ -116.728515, 45.148329 ], [ -116.72849, 45.148736 ], [ -116.728436, 45.149628 ], [ -116.728405, 45.149958 ], [ -116.728369, 45.150365 ], [ -116.728341, 45.150669 ], [ -116.7283, 45.151125 ], [ -116.728258, 45.151581 ], [ -116.728231, 45.151885 ], [ -116.728182, 45.152421 ], [ -116.728036, 45.154032 ], [ -116.728018, 45.154237 ], [ -116.727917, 45.154555 ], [ -116.7278, 45.154922 ], [ -116.727452, 45.156023 ], [ -116.727357, 45.156324 ], [ -116.727315, 45.15638 ], [ -116.727133, 45.15662 ], [ -116.726862, 45.156982 ], [ -116.72659, 45.157343 ], [ -116.726409, 45.157584 ], [ -116.725694, 45.158535 ], [ -116.725178, 45.159222 ], [ -116.724477, 45.161841 ], [ -116.724188, 45.162924 ], [ -116.724187, 45.162993 ], [ -116.724184, 45.163282 ], [ -116.724182, 45.163715 ], [ -116.724178, 45.164149 ], [ -116.724176, 45.164438 ], [ -116.724174, 45.164692 ], [ -116.724172, 45.164946 ], [ -116.724168, 45.165354 ], [ -116.724164, 45.165968 ], [ -116.724159, 45.166581 ], [ -116.724156, 45.16699 ], [ -116.724155, 45.167093 ], [ -116.724154, 45.167248 ], [ -116.724152, 45.167402 ], [ -116.724152, 45.167506 ], [ -116.72415, 45.167734 ], [ -116.724151, 45.167844 ], [ -116.724166, 45.16886 ], [ -116.724171, 45.169199 ], [ -116.724179, 45.169789 ], [ -116.724205, 45.171501 ], [ -116.724184, 45.171558 ], [ -116.723982, 45.172114 ], [ -116.723882, 45.172388 ], [ -116.723733, 45.1728 ], [ -116.723583, 45.173211 ], [ -116.723484, 45.173486 ], [ -116.723271, 45.17407 ], [ -116.723166, 45.174362 ], [ -116.72247, 45.175755 ], [ -116.722193, 45.176312 ], [ -116.722101, 45.176494 ], [ -116.721965, 45.176768 ], [ -116.721828, 45.177042 ], [ -116.721737, 45.177225 ], [ -116.721587, 45.177524 ], [ -116.721363, 45.177974 ], [ -116.721138, 45.178422 ], [ -116.720989, 45.178722 ], [ -116.72081, 45.17908 ], [ -116.720611, 45.17948 ], [ -116.720222, 45.180126 ], [ -116.720016, 45.18047 ], [ -116.719534, 45.18127 ], [ -116.718091, 45.183673 ], [ -116.717676, 45.184364 ], [ -116.717633, 45.184485 ], [ -116.717448, 45.185005 ], [ -116.717172, 45.185787 ], [ -116.716896, 45.186568 ], [ -116.716712, 45.187089 ], [ -116.716455, 45.187813 ], [ -116.716068, 45.188908 ], [ -116.715653, 45.189975 ], [ -116.715376, 45.190692 ], [ -116.715183, 45.191187 ], [ -116.714895, 45.191931 ], [ -116.714606, 45.192675 ], [ -116.714414, 45.193171 ], [ -116.714318, 45.193419 ], [ -116.71431, 45.193431 ], [ -116.71389, 45.194157 ], [ -116.71375, 45.1944 ], [ -116.713589, 45.194676 ], [ -116.71335, 45.19509 ], [ -116.713109, 45.195504 ], [ -116.71295, 45.195781 ], [ -116.712546, 45.196477 ], [ -116.711997, 45.197426 ], [ -116.711466, 45.198631 ], [ -116.711142, 45.199368 ], [ -116.711008, 45.199671 ], [ -116.710808, 45.200127 ], [ -116.710607, 45.200582 ], [ -116.710474, 45.200886 ], [ -116.710226, 45.201447 ], [ -116.709536, 45.203015 ], [ -116.709507, 45.203141 ], [ -116.709371, 45.20374 ], [ -116.70925, 45.204268 ], [ -116.70907, 45.20506 ], [ -116.708889, 45.205852 ], [ -116.708769, 45.20638 ], [ -116.708738, 45.206512 ], [ -116.708693, 45.206712 ], [ -116.708647, 45.206911 ], [ -116.708617, 45.207045 ], [ -116.708546, 45.207356 ], [ -116.708547, 45.207389 ], [ -116.708586, 45.208446 ], [ -116.7086, 45.208799 ], [ -116.708609, 45.209045 ], [ -116.708636, 45.209784 ], [ -116.708645, 45.210013 ], [ -116.708649, 45.210031 ], [ -116.708776, 45.210634 ], [ -116.708968, 45.21154 ], [ -116.70916, 45.212446 ], [ -116.709288, 45.21305 ], [ -116.709352, 45.213352 ], [ -116.709364, 45.213408 ], [ -116.709451, 45.214273 ], [ -116.709482, 45.214581 ], [ -116.709517, 45.214932 ], [ -116.70957, 45.21546 ], [ -116.709623, 45.215986 ], [ -116.709659, 45.216338 ], [ -116.709669, 45.216437 ], [ -116.709684, 45.216586 ], [ -116.709699, 45.216734 ], [ -116.709709, 45.216834 ], [ -116.709735, 45.217094 ], [ -116.70975, 45.217243 ], [ -116.709643, 45.217869 ], [ -116.7096, 45.218127 ], [ -116.709584, 45.21822 ], [ -116.70956, 45.218365 ], [ -116.709537, 45.218502 ], [ -116.709528, 45.218559 ], [ -116.709527, 45.218597 ], [ -116.709513, 45.21864 ], [ -116.709482, 45.21882 ], [ -116.709373, 45.219463 ], [ -116.709359, 45.219493 ], [ -116.709265, 45.219702 ], [ -116.709212, 45.219817 ], [ -116.709134, 45.21999 ], [ -116.709055, 45.220163 ], [ -116.709003, 45.220279 ], [ -116.708952, 45.220391 ], [ -116.708876, 45.22056 ], [ -116.708799, 45.220729 ], [ -116.708749, 45.220842 ], [ -116.708469, 45.221465 ], [ -116.708189, 45.222089 ], [ -116.708096, 45.222203 ], [ -116.708003, 45.222317 ], [ -116.707659, 45.22274 ], [ -116.707315, 45.223164 ], [ -116.707192, 45.223316 ], [ -116.707068, 45.223469 ], [ -116.706264, 45.224464 ], [ -116.705814, 45.225236 ], [ -116.705775, 45.225302 ], [ -116.705736, 45.225369 ], [ -116.70565, 45.225516 ], [ -116.705565, 45.225663 ], [ -116.705427, 45.225899 ], [ -116.705289, 45.226135 ], [ -116.70525, 45.226203 ], [ -116.704734, 45.227087 ], [ -116.704217, 45.227972 ], [ -116.704111, 45.228154 ], [ -116.704061, 45.229501 ], [ -116.704069, 45.229687 ], [ -116.70405, 45.230335 ], [ -116.704032, 45.230983 ], [ -116.70398, 45.232786 ], [ -116.703949, 45.233153 ], [ -116.70391, 45.233614 ], [ -116.70387, 45.234075 ], [ -116.703785, 45.235069 ], [ -116.7037, 45.236063 ], [ -116.703697, 45.236093 ], [ -116.703292, 45.236838 ], [ -116.702709, 45.23791 ], [ -116.702724, 45.238028 ], [ -116.702841, 45.238952 ], [ -116.703228, 45.239357 ], [ -116.703287, 45.239403 ], [ -116.703329, 45.239463 ], [ -116.703611, 45.239759 ], [ -116.703684, 45.240049 ], [ -116.703697, 45.240099 ], [ -116.703181, 45.2408 ], [ -116.702864, 45.241075 ], [ -116.702252, 45.241618 ], [ -116.70164, 45.24216 ], [ -116.701354, 45.242414 ], [ -116.701067, 45.242668 ], [ -116.701011, 45.242724 ], [ -116.700994, 45.24274 ], [ -116.700905, 45.242821 ], [ -116.700751, 45.242939 ], [ -116.70071, 45.242976 ], [ -116.699715, 45.244037 ], [ -116.698852, 45.24508 ], [ -116.698765, 45.245182 ], [ -116.698661, 45.245552 ], [ -116.698481, 45.246192 ], [ -116.698447, 45.247083 ], [ -116.698435, 45.247403 ], [ -116.698363, 45.247702 ], [ -116.698104, 45.248782 ], [ -116.697472, 45.24988 ], [ -116.69746, 45.249904 ], [ -116.697384, 45.250049 ], [ -116.697309, 45.250193 ], [ -116.696901, 45.250976 ], [ -116.696829, 45.251081 ], [ -116.696163, 45.252055 ], [ -116.696142, 45.252256 ], [ -116.6961, 45.252652 ], [ -116.696059, 45.253048 ], [ -116.695952, 45.254074 ], [ -116.696017, 45.254483 ], [ -116.696047, 45.254679 ], [ -116.695801, 45.255066 ], [ -116.695619, 45.255353 ], [ -116.694573, 45.25697 ], [ -116.694286, 45.25772 ], [ -116.694158, 45.258053 ], [ -116.694031, 45.258386 ], [ -116.694001, 45.258464 ], [ -116.693971, 45.258542 ], [ -116.693813, 45.258956 ], [ -116.693616, 45.259515 ], [ -116.693596, 45.259573 ], [ -116.693575, 45.25963 ], [ -116.693554, 45.259692 ], [ -116.693532, 45.259754 ], [ -116.693526, 45.259774 ], [ -116.692809, 45.261061 ], [ -116.692482, 45.261651 ], [ -116.691388, 45.263739 ], [ -116.691153, 45.263906 ], [ -116.690981, 45.264028 ], [ -116.69081, 45.264149 ], [ -116.690407, 45.264434 ], [ -116.690004, 45.26472 ], [ -116.689485, 45.265088 ], [ -116.688581, 45.265829 ], [ -116.688499, 45.265887 ], [ -116.68828, 45.266042 ], [ -116.688062, 45.266197 ], [ -116.687772, 45.266403 ], [ -116.687668, 45.266718 ], [ -116.687586, 45.266969 ], [ -116.687503, 45.26722 ], [ -116.687439, 45.267413 ], [ -116.687177, 45.267643 ], [ -116.687106, 45.267817 ], [ -116.687008, 45.267857 ], [ -116.686059, 45.268357 ], [ -116.685963, 45.268394 ], [ -116.684244, 45.269072 ], [ -116.683672, 45.269298 ], [ -116.683179, 45.269492 ], [ -116.68306, 45.269539 ], [ -116.681793, 45.270269 ], [ -116.681335, 45.270534 ], [ -116.681229, 45.270595 ], [ -116.681013, 45.27072 ], [ -116.680916, 45.270786 ], [ -116.680815, 45.270855 ], [ -116.680801, 45.270865 ], [ -116.68076, 45.270895 ], [ -116.680747, 45.270906 ], [ -116.680147, 45.271311 ], [ -116.678729, 45.272271 ], [ -116.678363, 45.272549 ], [ -116.677788, 45.272989 ], [ -116.677491, 45.273215 ], [ -116.676954, 45.27368 ], [ -116.675587, 45.274867 ], [ -116.67473, 45.275844 ], [ -116.67467, 45.275971 ], [ -116.674493, 45.276349 ], [ -116.674361, 45.277002 ], [ -116.674321, 45.277199 ], [ -116.674255, 45.277527 ], [ -116.674255, 45.277798 ], [ -116.674255, 45.278 ], [ -116.674255, 45.278211 ], [ -116.674255, 45.278503 ], [ -116.674113, 45.278817 ], [ -116.674027, 45.279011 ], [ -116.673811, 45.27949 ], [ -116.673303, 45.280624 ], [ -116.67323, 45.280949 ], [ -116.673116, 45.281462 ], [ -116.673084, 45.281603 ], [ -116.673037, 45.281815 ], [ -116.67299, 45.282026 ], [ -116.672959, 45.282168 ], [ -116.672944, 45.282233 ], [ -116.672922, 45.282332 ], [ -116.6729, 45.282429 ], [ -116.672886, 45.282495 ], [ -116.672838, 45.28271 ], [ -116.672733, 45.283183 ], [ -116.672695, 45.283357 ], [ -116.67265, 45.283574 ], [ -116.672542, 45.284082 ], [ -116.672305, 45.285202 ], [ -116.672314, 45.285618 ], [ -116.672327, 45.286138 ], [ -116.67233, 45.286301 ], [ -116.672336, 45.286547 ], [ -116.672341, 45.286792 ], [ -116.672345, 45.286956 ], [ -116.67235, 45.287201 ], [ -116.672353, 45.287289 ], [ -116.672279, 45.287932 ], [ -116.672251, 45.288176 ], [ -116.672248, 45.288193 ], [ -116.672243, 45.288244 ], [ -116.672241, 45.288262 ], [ -116.672218, 45.288457 ], [ -116.672163, 45.288938 ], [ -116.672172, 45.289043 ], [ -116.672189, 45.289239 ], [ -116.672227, 45.289535 ], [ -116.672286, 45.289977 ], [ -116.672332, 45.290424 ], [ -116.672341, 45.290581 ], [ -116.672363, 45.290722 ], [ -116.672364, 45.290736 ], [ -116.672367, 45.29078 ], [ -116.672369, 45.290795 ], [ -116.672373, 45.290852 ], [ -116.67238, 45.290927 ], [ -116.672378, 45.291023 ], [ -116.672377, 45.291081 ], [ -116.672379, 45.291102 ], [ -116.672385, 45.291165 ], [ -116.672388, 45.291186 ], [ -116.672392, 45.291357 ], [ -116.6724, 45.291626 ], [ -116.672402, 45.291873 ], [ -116.672405, 45.292046 ], [ -116.672412, 45.29213 ], [ -116.672424, 45.292261 ], [ -116.672422, 45.292383 ], [ -116.672421, 45.292468 ], [ -116.672369, 45.292821 ], [ -116.672277, 45.293459 ], [ -116.672387, 45.293871 ], [ -116.67248, 45.294217 ], [ -116.672339, 45.294814 ], [ -116.672327, 45.295234 ], [ -116.672336, 45.295278 ], [ -116.672542, 45.296269 ], [ -116.672594, 45.298023 ], [ -116.672665, 45.298488 ], [ -116.672828, 45.299555 ], [ -116.672918, 45.300175 ], [ -116.673067, 45.301184 ], [ -116.673165, 45.302039 ], [ -116.673238, 45.302662 ], [ -116.673265, 45.302881 ], [ -116.673307, 45.303213 ], [ -116.673338, 45.303541 ], [ -116.67336, 45.303762 ], [ -116.673395, 45.304062 ], [ -116.673449, 45.304514 ], [ -116.673492, 45.304965 ], [ -116.673521, 45.305267 ], [ -116.673533, 45.30537 ], [ -116.673552, 45.305526 ], [ -116.67357, 45.305682 ], [ -116.673583, 45.305786 ], [ -116.673619, 45.306086 ], [ -116.673645, 45.3063 ], [ -116.673775, 45.306981 ], [ -116.673832, 45.307279 ], [ -116.673861, 45.307432 ], [ -116.673905, 45.307662 ], [ -116.673948, 45.307891 ], [ -116.673978, 45.308045 ], [ -116.674016, 45.308207 ], [ -116.674131, 45.308694 ], [ -116.67417, 45.308857 ], [ -116.674117, 45.309 ], [ -116.67404, 45.309216 ], [ -116.673961, 45.309431 ], [ -116.67391, 45.309575 ], [ -116.673795, 45.30989 ], [ -116.673646, 45.310305 ], [ -116.673821, 45.310843 ], [ -116.673925, 45.311163 ], [ -116.673909, 45.311378 ], [ -116.67392, 45.311485 ], [ -116.67401, 45.312314 ], [ -116.674093, 45.312425 ], [ -116.674288, 45.312685 ], [ -116.674412, 45.313258 ], [ -116.674648, 45.314342 ], [ -116.674648, 45.314991 ], [ -116.674648, 45.315082 ], [ -116.67445, 45.315537 ], [ -116.674267, 45.315958 ], [ -116.674268, 45.316866 ], [ -116.674276, 45.317097 ], [ -116.674316, 45.318246 ], [ -116.67384, 45.320568 ], [ -116.673793, 45.321511 ], [ -116.673565, 45.321751 ], [ -116.67303, 45.322319 ], [ -116.672368, 45.3228 ], [ -116.671907, 45.323118 ], [ -116.671649, 45.323297 ], [ -116.671057, 45.32383 ], [ -116.670807, 45.324342 ], [ -116.670562, 45.324846 ], [ -116.670547, 45.324867 ], [ -116.670538, 45.324881 ], [ -116.670485, 45.324916 ], [ -116.670464, 45.324932 ], [ -116.670444, 45.324945 ], [ -116.670387, 45.324985 ], [ -116.670368, 45.324999 ], [ -116.670339, 45.325067 ], [ -116.670274, 45.325223 ], [ -116.670257, 45.325273 ], [ -116.670234, 45.325344 ], [ -116.670187, 45.325414 ], [ -116.670093, 45.325557 ], [ -116.670049, 45.325625 ], [ -116.670004, 45.325697 ], [ -116.669947, 45.325784 ], [ -116.669861, 45.325917 ], [ -116.669776, 45.326047 ], [ -116.66972, 45.326135 ], [ -116.669555, 45.326383 ], [ -116.669457, 45.326531 ], [ -116.669079, 45.327141 ], [ -116.668923, 45.327395 ], [ -116.668622, 45.32788 ], [ -116.668173, 45.328608 ], [ -116.667722, 45.329336 ], [ -116.667423, 45.329822 ], [ -116.667305, 45.330012 ], [ -116.667128, 45.330298 ], [ -116.666951, 45.330583 ], [ -116.666834, 45.330774 ], [ -116.666646, 45.331078 ], [ -116.666571, 45.331274 ], [ -116.666122, 45.332459 ], [ -116.665845, 45.332796 ], [ -116.665485, 45.333236 ], [ -116.665472, 45.333251 ], [ -116.665435, 45.333297 ], [ -116.665423, 45.333313 ], [ -116.665291, 45.333473 ], [ -116.665095, 45.333713 ], [ -116.664898, 45.333953 ], [ -116.664767, 45.334113 ], [ -116.664385, 45.334579 ], [ -116.664025, 45.335019 ], [ -116.663282, 45.336009 ], [ -116.662921, 45.336492 ], [ -116.662386, 45.337205 ], [ -116.661023, 45.339027 ], [ -116.660804, 45.339361 ], [ -116.660318, 45.340108 ], [ -116.660025, 45.340556 ], [ -116.659586, 45.34123 ], [ -116.659147, 45.341902 ], [ -116.658855, 45.342351 ], [ -116.658819, 45.342405 ], [ -116.658783, 45.342462 ], [ -116.658732, 45.342581 ], [ -116.658707, 45.342642 ], [ -116.65869, 45.342681 ], [ -116.658666, 45.34274 ], [ -116.65864, 45.342798 ], [ -116.658624, 45.342838 ], [ -116.658576, 45.342952 ], [ -116.658432, 45.343297 ], [ -116.658385, 45.343412 ], [ -116.658317, 45.343568 ], [ -116.658215, 45.34381 ], [ -116.658119, 45.34404 ], [ -116.658054, 45.344198 ], [ -116.657825, 45.344541 ], [ -116.657544, 45.344966 ], [ -116.657076, 45.345523 ], [ -116.656812, 45.34584 ], [ -116.656683, 45.345963 ], [ -116.656542, 45.3461 ], [ -116.656416, 45.346413 ], [ -116.65635, 45.346579 ], [ -116.656196, 45.346875 ], [ -116.655997, 45.347259 ], [ -116.655913, 45.34752 ], [ -116.655799, 45.347792 ], [ -116.655784, 45.347828 ], [ -116.65568, 45.348104 ], [ -116.655641, 45.348175 ], [ -116.655579, 45.34829 ], [ -116.655521, 45.348389 ], [ -116.655481, 45.34846 ], [ -116.655277, 45.34882 ], [ -116.655255, 45.34886 ], [ -116.654453, 45.349749 ], [ -116.654176, 45.350057 ], [ -116.653498, 45.350773 ], [ -116.652811, 45.351502 ], [ -116.652731, 45.351602 ], [ -116.651684, 45.352969 ], [ -116.65161, 45.353044 ], [ -116.650923, 45.353752 ], [ -116.650905, 45.353769 ], [ -116.650697, 45.353974 ], [ -116.650599, 45.354073 ], [ -116.65039, 45.354318 ], [ -116.650175, 45.354608 ], [ -116.65015, 45.354654 ], [ -116.650014, 45.354913 ], [ -116.649928, 45.355043 ], [ -116.649802, 45.355237 ], [ -116.649653, 45.355419 ], [ -116.649555, 45.35554 ], [ -116.649329, 45.355812 ], [ -116.648865, 45.356372 ], [ -116.648658, 45.356632 ], [ -116.648439, 45.35691 ], [ -116.648414, 45.35694 ], [ -116.648378, 45.356987 ], [ -116.648341, 45.357033 ], [ -116.648317, 45.357064 ], [ -116.648115, 45.357318 ], [ -116.647814, 45.357699 ], [ -116.647512, 45.35808 ], [ -116.647311, 45.358334 ], [ -116.647252, 45.358407 ], [ -116.647165, 45.358518 ], [ -116.647077, 45.358628 ], [ -116.647019, 45.358702 ], [ -116.646998, 45.358727 ], [ -116.646968, 45.358766 ], [ -116.646937, 45.358805 ], [ -116.646918, 45.358831 ], [ -116.646731, 45.359065 ], [ -116.646453, 45.359418 ], [ -116.646173, 45.35977 ], [ -116.645988, 45.360005 ], [ -116.645937, 45.360068 ], [ -116.645862, 45.360164 ], [ -116.645786, 45.360259 ], [ -116.645736, 45.360323 ], [ -116.645707, 45.360358 ], [ -116.645666, 45.360411 ], [ -116.645623, 45.360463 ], [ -116.645596, 45.360499 ], [ -116.64558, 45.360527 ], [ -116.645545, 45.36059 ], [ -116.645524, 45.360604 ], [ -116.645498, 45.360624 ], [ -116.645473, 45.360655 ], [ -116.645436, 45.360702 ], [ -116.645398, 45.360749 ], [ -116.645373, 45.360781 ], [ -116.64526, 45.360922 ], [ -116.64505, 45.361189 ], [ -116.644928, 45.361352 ], [ -116.644821, 45.361498 ], [ -116.644799, 45.361527 ], [ -116.644768, 45.361571 ], [ -116.644735, 45.361614 ], [ -116.644714, 45.361644 ], [ -116.64451, 45.361919 ], [ -116.644205, 45.362334 ], [ -116.643899, 45.362747 ], [ -116.643696, 45.363023 ], [ -116.643547, 45.363223 ], [ -116.643325, 45.363524 ], [ -116.643102, 45.363825 ], [ -116.642954, 45.364026 ], [ -116.64293, 45.364057 ], [ -116.642896, 45.364104 ], [ -116.642861, 45.364151 ], [ -116.642839, 45.364183 ], [ -116.642814, 45.364215 ], [ -116.642779, 45.364264 ], [ -116.642742, 45.364312 ], [ -116.642719, 45.364345 ], [ -116.642693, 45.364379 ], [ -116.642655, 45.364432 ], [ -116.642616, 45.364484 ], [ -116.642591, 45.364519 ], [ -116.642541, 45.364585 ], [ -116.642468, 45.364686 ], [ -116.642393, 45.364786 ], [ -116.642344, 45.364853 ], [ -116.64215, 45.365115 ], [ -116.64214, 45.365129 ], [ -116.641812, 45.366031 ], [ -116.641702, 45.366338 ], [ -116.641646, 45.366492 ], [ -116.641567, 45.366711 ], [ -116.641507, 45.366964 ], [ -116.64147, 45.367124 ], [ -116.641423, 45.367295 ], [ -116.641305, 45.367718 ], [ -116.641251, 45.367793 ], [ -116.641144, 45.367934 ], [ -116.640866, 45.368251 ], [ -116.64082, 45.368305 ], [ -116.640273, 45.368678 ], [ -116.640035, 45.369152 ], [ -116.639943, 45.369338 ], [ -116.639775, 45.369471 ], [ -116.639568, 45.369634 ], [ -116.639362, 45.369746 ], [ -116.638978, 45.369958 ], [ -116.638214, 45.370686 ], [ -116.63818, 45.370719 ], [ -116.637893, 45.371067 ], [ -116.637327, 45.371663 ], [ -116.637272, 45.371732 ], [ -116.63705, 45.37202 ], [ -116.636638, 45.372522 ], [ -116.636068, 45.373144 ], [ -116.63596, 45.373264 ], [ -116.635857, 45.373396 ], [ -116.63573, 45.373652 ], [ -116.635602, 45.373877 ], [ -116.635156, 45.37467 ], [ -116.635128, 45.374708 ], [ -116.635086, 45.374768 ], [ -116.635048, 45.374824 ], [ -116.635022, 45.374863 ], [ -116.635012, 45.374881 ], [ -116.63499, 45.374903 ], [ -116.634883, 45.375014 ], [ -116.634848, 45.375052 ], [ -116.634712, 45.375192 ], [ -116.63451, 45.375404 ], [ -116.634306, 45.375615 ], [ -116.634171, 45.375756 ], [ -116.633972, 45.375962 ], [ -116.633583, 45.376368 ], [ -116.633356, 45.376559 ], [ -116.633138, 45.376744 ], [ -116.632979, 45.376878 ], [ -116.632741, 45.37708 ], [ -116.632502, 45.37728 ], [ -116.632344, 45.377415 ], [ -116.632201, 45.377672 ], [ -116.631915, 45.378189 ], [ -116.6318, 45.378458 ], [ -116.631685, 45.37873 ], [ -116.631591, 45.378948 ], [ -116.631311, 45.379604 ], [ -116.631297, 45.379639 ], [ -116.631163, 45.379787 ], [ -116.630936, 45.380035 ], [ -116.630868, 45.380112 ], [ -116.630296, 45.380483 ], [ -116.630159, 45.380661 ], [ -116.629955, 45.380928 ], [ -116.629791, 45.381141 ], [ -116.629391, 45.381663 ], [ -116.629326, 45.381797 ], [ -116.62921, 45.38204 ], [ -116.629128, 45.38221 ], [ -116.629005, 45.382466 ], [ -116.628882, 45.38272 ], [ -116.6288, 45.382891 ], [ -116.628725, 45.383046 ], [ -116.628702, 45.383101 ], [ -116.628441, 45.383748 ], [ -116.628355, 45.383964 ], [ -116.62833, 45.384025 ], [ -116.628293, 45.384118 ], [ -116.628255, 45.384211 ], [ -116.628231, 45.384273 ], [ -116.62819, 45.384372 ], [ -116.62813, 45.384522 ], [ -116.62807, 45.38467 ], [ -116.62803, 45.38477 ], [ -116.628013, 45.38481 ], [ -116.62799, 45.38487 ], [ -116.627966, 45.38493 ], [ -116.62795, 45.38497 ], [ -116.627901, 45.38509 ], [ -116.627828, 45.385271 ], [ -116.627755, 45.385451 ], [ -116.627707, 45.385572 ], [ -116.627679, 45.385642 ], [ -116.627601, 45.38582 ], [ -116.627277, 45.386562 ], [ -116.627169, 45.38681 ], [ -116.627098, 45.386971 ], [ -116.626992, 45.387214 ], [ -116.626886, 45.387457 ], [ -116.626816, 45.387619 ], [ -116.626733, 45.387806 ], [ -116.626633, 45.388037 ], [ -116.626398, 45.388313 ], [ -116.626266, 45.388469 ], [ -116.626093, 45.388672 ], [ -116.625976, 45.388812 ], [ -116.625529, 45.38924 ], [ -116.625337, 45.389425 ], [ -116.625116, 45.389636 ], [ -116.624786, 45.389953 ], [ -116.624454, 45.390269 ], [ -116.624234, 45.390481 ], [ -116.624187, 45.390526 ], [ -116.624118, 45.390594 ], [ -116.624047, 45.390662 ], [ -116.624001, 45.390708 ], [ -116.623934, 45.390771 ], [ -116.623836, 45.390866 ], [ -116.623736, 45.390961 ], [ -116.62367, 45.391025 ], [ -116.623623, 45.391069 ], [ -116.623522, 45.391167 ], [ -116.623494, 45.391211 ], [ -116.623461, 45.391266 ], [ -116.623325, 45.391487 ], [ -116.623047, 45.391942 ], [ -116.623047, 45.392188 ], [ -116.623048, 45.392448 ], [ -116.62343, 45.392717 ], [ -116.623464, 45.392755 ], [ -116.62364, 45.39295 ], [ -116.623764, 45.393087 ], [ -116.623575, 45.393694 ], [ -116.623385, 45.393963 ], [ -116.623255, 45.394027 ], [ -116.622909, 45.394199 ], [ -116.622801, 45.394276 ], [ -116.622784, 45.394287 ], [ -116.622734, 45.394323 ], [ -116.622718, 45.394335 ], [ -116.622481, 45.394503 ], [ -116.622268, 45.394606 ], [ -116.621719, 45.394874 ], [ -116.620838, 45.395275 ], [ -116.620817, 45.395285 ], [ -116.62071, 45.395361 ], [ -116.620501, 45.395669 ], [ -116.620393, 45.395765 ], [ -116.620149, 45.395986 ], [ -116.620112, 45.396083 ], [ -116.620061, 45.396218 ], [ -116.620018, 45.396329 ], [ -116.619954, 45.396497 ], [ -116.61989, 45.396665 ], [ -116.619848, 45.396777 ], [ -116.619782, 45.396949 ], [ -116.619675, 45.397233 ], [ -116.619542, 45.397443 ], [ -116.619444, 45.397599 ], [ -116.619329, 45.39778 ], [ -116.619057, 45.39821 ], [ -116.618942, 45.398281 ], [ -116.618761, 45.398396 ], [ -116.618629, 45.398479 ], [ -116.618611, 45.398491 ], [ -116.618181, 45.398807 ], [ -116.618038, 45.398913 ], [ -116.617659, 45.399191 ], [ -116.617512, 45.3993 ], [ -116.616751, 45.399749 ], [ -116.616486, 45.399964 ], [ -116.616232, 45.400172 ], [ -116.61616, 45.400293 ], [ -116.61606, 45.400367 ], [ -116.61589, 45.400489 ], [ -116.615077, 45.401073 ], [ -116.614807, 45.401268 ], [ -116.614593, 45.401421 ], [ -116.614274, 45.401652 ], [ -116.613953, 45.401881 ], [ -116.61374, 45.402035 ], [ -116.613727, 45.402043 ], [ -116.613688, 45.402071 ], [ -116.613676, 45.402081 ], [ -116.613584, 45.402146 ], [ -116.613448, 45.402246 ], [ -116.613311, 45.402344 ], [ -116.61322, 45.40241 ], [ -116.613199, 45.402424 ], [ -116.613137, 45.402469 ], [ -116.613117, 45.402484 ], [ -116.613061, 45.402524 ], [ -116.612822, 45.402638 ], [ -116.611919, 45.40307 ], [ -116.611618, 45.403214 ], [ -116.611454, 45.403292 ], [ -116.6113, 45.403367 ], [ -116.611006, 45.403596 ], [ -116.610863, 45.403708 ], [ -116.610642, 45.403849 ], [ -116.610535, 45.403919 ], [ -116.610032, 45.404345 ], [ -116.609832, 45.404515 ], [ -116.609712, 45.404605 ], [ -116.609349, 45.404883 ], [ -116.609231, 45.404964 ], [ -116.609097, 45.405064 ], [ -116.608903, 45.405211 ], [ -116.608694, 45.40536 ], [ -116.608559, 45.405457 ], [ -116.608504, 45.405498 ], [ -116.60842, 45.405561 ], [ -116.608339, 45.405621 ], [ -116.608285, 45.405663 ], [ -116.608213, 45.405714 ], [ -116.60811, 45.405788 ], [ -116.607999, 45.405868 ], [ -116.607929, 45.405921 ], [ -116.607914, 45.405931 ], [ -116.607869, 45.405964 ], [ -116.607855, 45.405975 ], [ -116.607562, 45.406188 ], [ -116.607349, 45.406345 ], [ -116.606683, 45.406838 ], [ -116.606388, 45.407033 ], [ -116.60526, 45.407777 ], [ -116.603827, 45.408725 ], [ -116.6029, 45.409398 ], [ -116.602224, 45.409777 ], [ -116.601842, 45.409937 ], [ -116.601426, 45.410112 ], [ -116.601206, 45.410204 ], [ -116.601002, 45.410326 ], [ -116.600669, 45.410587 ], [ -116.600276, 45.410844 ], [ -116.599732, 45.411118 ], [ -116.599553, 45.411209 ], [ -116.598875, 45.411557 ], [ -116.597447, 45.41277 ], [ -116.597073, 45.41391 ], [ -116.59683, 45.414656 ], [ -116.596715, 45.415137 ], [ -116.596665, 45.415341 ], [ -116.596592, 45.415648 ], [ -116.596518, 45.415954 ], [ -116.596469, 45.416159 ], [ -116.596464, 45.416176 ], [ -116.596452, 45.41623 ], [ -116.596448, 45.416248 ], [ -116.596369, 45.416575 ], [ -116.596167, 45.417418 ], [ -116.596118, 45.417555 ], [ -116.596005, 45.417873 ], [ -116.595991, 45.417911 ], [ -116.595971, 45.417968 ], [ -116.59595, 45.418025 ], [ -116.595937, 45.418064 ], [ -116.595894, 45.418184 ], [ -116.59583, 45.418364 ], [ -116.595766, 45.418544 ], [ -116.595724, 45.418665 ], [ -116.595705, 45.418717 ], [ -116.595677, 45.418797 ], [ -116.595648, 45.418876 ], [ -116.59563, 45.418929 ], [ -116.595604, 45.419002 ], [ -116.595565, 45.419112 ], [ -116.595526, 45.419221 ], [ -116.5955, 45.419294 ], [ -116.595494, 45.419311 ], [ -116.595463, 45.419395 ], [ -116.595419, 45.419522 ], [ -116.595373, 45.419648 ], [ -116.595344, 45.419733 ], [ -116.595307, 45.419835 ], [ -116.595253, 45.419989 ], [ -116.595198, 45.420142 ], [ -116.595162, 45.420245 ], [ -116.595046, 45.420569 ], [ -116.594981, 45.420753 ], [ -116.59466, 45.421529 ], [ -116.594529, 45.421848 ], [ -116.594482, 45.42196 ], [ -116.594412, 45.422129 ], [ -116.594341, 45.422296 ], [ -116.594294, 45.422409 ], [ -116.594229, 45.422565 ], [ -116.594134, 45.4228 ], [ -116.594037, 45.423034 ], [ -116.593973, 45.423191 ], [ -116.593962, 45.423211 ], [ -116.593933, 45.423271 ], [ -116.593924, 45.423292 ], [ -116.593876, 45.423409 ], [ -116.593859, 45.423453 ], [ -116.59364, 45.423704 ], [ -116.593558, 45.4238 ], [ -116.593531, 45.423851 ], [ -116.593493, 45.423929 ], [ -116.593454, 45.424006 ], [ -116.593428, 45.424058 ], [ -116.593258, 45.424399 ], [ -116.593216, 45.424519 ], [ -116.59304, 45.425036 ], [ -116.592881, 45.425669 ], [ -116.592818, 45.425988 ], [ -116.592764, 45.426272 ], [ -116.592729, 45.426489 ], [ -116.592724, 45.426501 ], [ -116.592712, 45.426537 ], [ -116.592708, 45.42655 ], [ -116.592652, 45.4267 ], [ -116.592569, 45.426926 ], [ -116.592488, 45.427153 ], [ -116.592435, 45.427305 ], [ -116.59243, 45.427315 ], [ -116.592418, 45.427347 ], [ -116.592415, 45.427358 ], [ -116.592319, 45.427687 ], [ -116.592176, 45.428181 ], [ -116.592032, 45.428674 ], [ -116.591937, 45.429004 ], [ -116.591833, 45.429359 ], [ -116.591678, 45.429892 ], [ -116.591523, 45.430424 ], [ -116.59142, 45.43078 ], [ -116.591325, 45.431105 ], [ -116.591184, 45.431594 ], [ -116.591041, 45.432082 ], [ -116.590947, 45.432408 ], [ -116.590942, 45.432421 ], [ -116.59093, 45.432464 ], [ -116.590927, 45.432478 ], [ -116.590898, 45.432577 ], [ -116.590861, 45.432776 ], [ -116.590698, 45.433679 ], [ -116.590644, 45.433981 ], [ -116.590595, 45.434247 ], [ -116.590523, 45.434648 ], [ -116.590451, 45.435047 ], [ -116.590403, 45.435314 ], [ -116.590355, 45.435577 ], [ -116.590283, 45.43598 ], [ -116.590187, 45.436363 ], [ -116.590122, 45.436623 ], [ -116.590051, 45.436904 ], [ -116.590041, 45.437237 ], [ -116.590039, 45.43726 ], [ -116.590033, 45.437377 ], [ -116.589762, 45.438035 ], [ -116.589602, 45.438571 ], [ -116.589561, 45.43877 ], [ -116.589467, 45.439105 ], [ -116.589445, 45.439188 ], [ -116.589338, 45.439738 ], [ -116.589293, 45.440025 ], [ -116.589253, 45.440231 ], [ -116.589208, 45.440383 ], [ -116.589131, 45.440653 ], [ -116.589101, 45.440816 ], [ -116.589028, 45.440904 ], [ -116.588859, 45.441403 ], [ -116.588589, 45.442027 ], [ -116.588531, 45.442228 ], [ -116.588473, 45.442436 ], [ -116.588242, 45.442815 ], [ -116.588195, 45.44292 ], [ -116.588185, 45.44293 ], [ -116.587918, 45.443212 ], [ -116.58783, 45.443307 ], [ -116.58775, 45.443391 ], [ -116.587632, 45.443518 ], [ -116.587512, 45.443644 ], [ -116.587433, 45.443729 ], [ -116.587295, 45.44378 ], [ -116.587089, 45.443858 ], [ -116.586882, 45.443936 ], [ -116.586745, 45.443988 ], [ -116.586667, 45.444017 ], [ -116.586544, 45.444064 ], [ -116.586435, 45.444103 ], [ -116.586358, 45.444132 ], [ -116.586026, 45.444256 ], [ -116.585909, 45.444301 ], [ -116.585114, 45.444796 ], [ -116.584814, 45.444984 ], [ -116.584732, 45.445036 ], [ -116.584636, 45.445098 ], [ -116.584487, 45.44519 ], [ -116.584406, 45.445242 ], [ -116.584243, 45.445345 ], [ -116.584224, 45.445359 ], [ -116.583953, 45.445582 ], [ -116.583793, 45.445833 ], [ -116.583677, 45.446016 ], [ -116.583639, 45.446074 ], [ -116.583584, 45.446162 ], [ -116.583527, 45.446249 ], [ -116.58349, 45.446308 ], [ -116.583273, 45.446644 ], [ -116.583233, 45.446708 ], [ -116.582569, 45.447617 ], [ -116.582334, 45.447941 ], [ -116.582227, 45.448057 ], [ -116.582139, 45.448155 ], [ -116.582067, 45.448234 ], [ -116.581908, 45.448407 ], [ -116.581802, 45.448524 ], [ -116.581654, 45.448686 ], [ -116.581594, 45.448751 ], [ -116.581382, 45.448984 ], [ -116.58086, 45.449296 ], [ -116.580597, 45.449454 ], [ -116.580576, 45.449466 ], [ -116.580513, 45.449503 ], [ -116.580493, 45.449516 ], [ -116.580381, 45.449582 ], [ -116.580143, 45.449726 ], [ -116.580049, 45.449788 ], [ -116.579942, 45.449861 ], [ -116.579565, 45.450114 ], [ -116.579435, 45.450202 ], [ -116.579138, 45.450402 ], [ -116.578444, 45.450888 ], [ -116.578181, 45.451074 ], [ -116.578066, 45.451139 ], [ -116.577908, 45.451226 ], [ -116.577711, 45.451355 ], [ -116.577545, 45.451466 ], [ -116.577317, 45.451641 ], [ -116.576988, 45.451893 ], [ -116.576812, 45.452019 ], [ -116.576697, 45.452088 ], [ -116.576332, 45.452273 ], [ -116.576107, 45.452418 ], [ -116.575949, 45.452522 ], [ -116.575386, 45.452763 ], [ -116.575141, 45.452869 ], [ -116.57484, 45.452997 ], [ -116.574659, 45.453075 ], [ -116.573938, 45.453385 ], [ -116.573721, 45.453479 ], [ -116.573638, 45.453514 ], [ -116.573601, 45.453529 ], [ -116.573546, 45.453552 ], [ -116.573491, 45.453575 ], [ -116.573455, 45.453591 ], [ -116.573403, 45.453613 ], [ -116.573285, 45.453666 ], [ -116.573246, 45.45368 ], [ -116.573194, 45.453701 ], [ -116.573137, 45.45372 ], [ -116.573053, 45.453749 ], [ -116.572968, 45.453777 ], [ -116.572912, 45.453797 ], [ -116.572649, 45.45389 ], [ -116.572274, 45.454023 ], [ -116.571864, 45.45418 ], [ -116.571793, 45.454208 ], [ -116.571598, 45.454261 ], [ -116.571523, 45.454287 ], [ -116.571392, 45.454334 ], [ -116.571299, 45.454366 ], [ -116.571225, 45.454393 ], [ -116.571075, 45.454446 ], [ -116.570799, 45.454544 ], [ -116.570634, 45.454623 ], [ -116.570491, 45.454692 ], [ -116.570406, 45.454732 ], [ -116.570212, 45.454826 ], [ -116.570152, 45.454854 ], [ -116.570068, 45.454895 ], [ -116.570003, 45.454925 ], [ -116.569895, 45.454978 ], [ -116.569828, 45.45501 ], [ -116.569809, 45.455018 ], [ -116.569745, 45.45505 ], [ -116.569441, 45.455195 ], [ -116.569009, 45.455403 ], [ -116.568545, 45.455657 ], [ -116.568251, 45.45582 ], [ -116.568188, 45.455875 ], [ -116.568145, 45.455924 ], [ -116.567986, 45.45611 ], [ -116.567895, 45.456218 ], [ -116.567858, 45.456265 ], [ -116.567769, 45.456384 ], [ -116.567729, 45.456434 ], [ -116.567657, 45.456529 ], [ -116.567612, 45.456586 ], [ -116.567574, 45.456637 ], [ -116.567527, 45.456774 ], [ -116.567449, 45.45701 ], [ -116.567408, 45.457192 ], [ -116.567403, 45.457218 ], [ -116.567341, 45.45732 ], [ -116.567129, 45.457495 ], [ -116.566536, 45.457987 ], [ -116.566494, 45.458018 ], [ -116.566388, 45.4581 ], [ -116.566292, 45.458202 ], [ -116.56625, 45.458246 ], [ -116.566189, 45.458313 ], [ -116.566126, 45.458378 ], [ -116.566085, 45.458423 ], [ -116.566021, 45.458491 ], [ -116.565917, 45.458609 ], [ -116.565724, 45.458831 ], [ -116.565405, 45.459113 ], [ -116.565382, 45.459135 ], [ -116.565207, 45.459314 ], [ -116.565109, 45.459436 ], [ -116.564944, 45.459585 ], [ -116.564585, 45.45985 ], [ -116.564369, 45.459973 ], [ -116.564158, 45.460096 ], [ -116.563973, 45.460229 ], [ -116.563849, 45.460298 ], [ -116.563569, 45.460454 ], [ -116.563458, 45.460506 ], [ -116.563092, 45.460673 ], [ -116.562851, 45.460779 ], [ -116.562641, 45.460856 ], [ -116.561899, 45.461118 ], [ -116.561744, 45.461213 ], [ -116.561449, 45.46129 ], [ -116.560862, 45.461446 ], [ -116.560412, 45.461564 ], [ -116.56036, 45.461578 ], [ -116.560284, 45.461599 ], [ -116.560206, 45.46162 ], [ -116.560155, 45.461634 ], [ -116.560053, 45.46166 ], [ -116.559902, 45.4617 ], [ -116.559749, 45.461739 ], [ -116.559648, 45.461766 ], [ -116.559619, 45.461773 ], [ -116.559534, 45.461795 ], [ -116.559506, 45.461803 ], [ -116.558938, 45.46195 ], [ -116.558577, 45.462011 ], [ -116.556736, 45.462323 ], [ -116.555793, 45.462623 ], [ -116.554886, 45.462912 ], [ -116.55483, 45.46293 ], [ -116.55483, 45.463059 ], [ -116.55483, 45.463106 ], [ -116.55483, 45.463401 ], [ -116.55483, 45.463868 ], [ -116.554829, 45.464289 ], [ -116.554829, 45.464585 ], [ -116.554831, 45.464814 ], [ -116.554833, 45.464823 ], [ -116.554975, 45.465459 ], [ -116.554983, 45.465524 ], [ -116.555016, 45.465761 ], [ -116.555072, 45.46614 ], [ -116.555154, 45.466688 ], [ -116.555237, 45.467279 ], [ -116.555291, 45.467659 ], [ -116.555293, 45.467675 ], [ -116.555301, 45.467725 ], [ -116.555304, 45.467742 ], [ -116.555313, 45.467828 ], [ -116.555314, 45.467841 ], [ -116.555337, 45.468138 ], [ -116.555345, 45.468238 ], [ -116.555348, 45.46827 ], [ -116.555349, 45.468279 ], [ -116.555357, 45.468394 ], [ -116.555372, 45.468581 ], [ -116.555384, 45.468739 ], [ -116.555393, 45.468854 ], [ -116.555407, 45.469021 ], [ -116.555406, 45.469118 ], [ -116.555405, 45.469398 ], [ -116.555285, 45.469901 ], [ -116.555224, 45.47016 ], [ -116.555169, 45.470417 ], [ -116.555136, 45.470833 ], [ -116.554981, 45.472798 ], [ -116.555002, 45.472866 ], [ -116.555208, 45.473516 ], [ -116.555256, 45.473598 ], [ -116.555412, 45.473838 ], [ -116.555465, 45.473919 ], [ -116.555564, 45.474068 ], [ -116.555756, 45.474359 ], [ -116.555861, 45.474518 ], [ -116.555961, 45.474669 ], [ -116.556331, 45.475229 ], [ -116.556461, 45.475426 ], [ -116.557195, 45.476887 ], [ -116.55726, 45.477016 ], [ -116.557563, 45.477617 ], [ -116.557634, 45.477757 ], [ -116.5577, 45.477887 ], [ -116.557845, 45.478182 ], [ -116.557916, 45.478324 ], [ -116.558029, 45.478546 ], [ -116.558203, 45.478885 ], [ -116.558366, 45.479213 ], [ -116.558478, 45.479437 ], [ -116.558594, 45.479664 ], [ -116.558802, 45.480073 ], [ -116.558804, 45.480382 ], [ -116.558807, 45.480638 ], [ -116.558805, 45.480729 ], [ -116.558803, 45.480869 ], [ -116.558804, 45.481005 ], [ -116.558805, 45.481098 ], [ -116.558807, 45.481189 ], [ -116.558663, 45.481424 ], [ -116.558093, 45.482365 ], [ -116.558078, 45.482392 ], [ -116.557932, 45.482695 ], [ -116.557881, 45.4828 ], [ -116.557805, 45.48296 ], [ -116.557728, 45.483118 ], [ -116.557678, 45.483224 ], [ -116.55753, 45.483532 ], [ -116.557174, 45.484274 ], [ -116.557145, 45.484474 ], [ -116.557098, 45.484813 ], [ -116.55708, 45.484926 ], [ -116.557057, 45.485083 ], [ -116.557028, 45.485268 ], [ -116.557011, 45.485382 ], [ -116.557002, 45.485444 ], [ -116.556995, 45.485496 ], [ -116.556957, 45.485627 ], [ -116.55694, 45.485688 ], [ -116.55682, 45.48611 ], [ -116.556756, 45.486341 ], [ -116.556423, 45.48688 ], [ -116.556328, 45.487315 ], [ -116.556236, 45.487745 ], [ -116.556226, 45.487788 ], [ -116.556212, 45.487854 ], [ -116.556198, 45.487918 ], [ -116.556189, 45.487962 ], [ -116.556099, 45.488379 ], [ -116.555981, 45.48893 ], [ -116.5559, 45.489306 ], [ -116.555741, 45.489601 ], [ -116.555539, 45.489978 ], [ -116.555439, 45.490162 ], [ -116.555368, 45.490295 ], [ -116.555146, 45.490721 ], [ -116.55505, 45.490908 ], [ -116.554978, 45.491046 ], [ -116.55487, 45.491254 ], [ -116.554762, 45.491461 ], [ -116.554691, 45.4916 ], [ -116.554651, 45.491676 ], [ -116.554533, 45.491904 ], [ -116.554519, 45.491932 ], [ -116.5545, 45.491983 ], [ -116.554407, 45.492241 ], [ -116.554267, 45.492633 ], [ -116.554129, 45.493018 ], [ -116.554037, 45.493277 ], [ -116.553865, 45.493754 ], [ -116.55361, 45.494466 ], [ -116.553391, 45.495198 ], [ -116.553246, 45.495684 ], [ -116.553171, 45.495932 ], [ -116.553089, 45.49621 ], [ -116.553197, 45.496687 ], [ -116.553255, 45.496941 ], [ -116.553346, 45.497347 ], [ -116.553424, 45.497691 ], [ -116.553454, 45.49859 ], [ -116.553468, 45.499007 ], [ -116.553469, 45.499043 ], [ -116.553472, 45.499108 ], [ -116.5535, 45.499141 ], [ -116.553524, 45.499169 ], [ -116.553538, 45.499185 ], [ -116.553582, 45.499236 ], [ -116.553597, 45.499253 ], [ -116.553705, 45.499379 ], [ -116.553869, 45.499568 ], [ -116.554032, 45.499757 ], [ -116.554142, 45.499884 ], [ -116.554304, 45.499992 ], [ -116.554549, 45.500154 ], [ -116.554793, 45.500316 ], [ -116.554956, 45.500425 ], [ -116.555026, 45.500471 ], [ -116.555037, 45.500476 ], [ -116.555291, 45.500605 ], [ -116.55538, 45.50065 ], [ -116.555593, 45.500758 ], [ -116.555922, 45.500925 ], [ -116.556213, 45.501119 ], [ -116.556413, 45.501253 ], [ -116.556516, 45.501322 ], [ -116.556575, 45.501388 ], [ -116.556998, 45.501866 ], [ -116.557132, 45.502017 ], [ -116.557139, 45.502027 ], [ -116.557151, 45.502044 ], [ -116.557187, 45.502098 ], [ -116.557199, 45.502117 ], [ -116.5573, 45.502268 ], [ -116.557512, 45.502583 ], [ -116.557532, 45.502749 ], [ -116.557554, 45.502931 ], [ -116.557557, 45.502965 ], [ -116.557564, 45.503018 ], [ -116.557569, 45.503069 ], [ -116.557574, 45.503104 ], [ -116.557587, 45.503217 ], [ -116.557621, 45.503495 ], [ -116.557606, 45.503555 ], [ -116.557581, 45.503666 ], [ -116.557558, 45.503767 ], [ -116.557524, 45.50392 ], [ -116.557487, 45.504071 ], [ -116.557463, 45.504173 ], [ -116.557445, 45.504224 ], [ -116.55742, 45.504302 ], [ -116.557394, 45.504378 ], [ -116.557377, 45.50443 ], [ -116.557353, 45.5045 ], [ -116.557318, 45.504605 ], [ -116.557282, 45.504709 ], [ -116.557259, 45.50478 ], [ -116.557186, 45.505028 ], [ -116.557032, 45.505544 ], [ -116.556905, 45.505745 ], [ -116.556767, 45.505964 ], [ -116.556747, 45.505994 ], [ -116.556688, 45.506087 ], [ -116.556669, 45.506119 ], [ -116.556587, 45.506232 ], [ -116.556344, 45.506574 ], [ -116.55631, 45.506624 ], [ -116.556264, 45.506689 ], [ -116.556145, 45.506855 ], [ -116.556029, 45.507019 ], [ -116.555712, 45.507283 ], [ -116.555555, 45.507414 ], [ -116.555524, 45.507439 ], [ -116.555488, 45.50747 ], [ -116.555421, 45.5075 ], [ -116.555385, 45.507517 ], [ -116.555092, 45.507648 ], [ -116.554634, 45.507856 ], [ -116.554184, 45.507949 ], [ -116.553871, 45.508015 ], [ -116.553786, 45.508032 ], [ -116.553659, 45.50806 ], [ -116.553531, 45.508086 ], [ -116.553447, 45.508104 ], [ -116.553185, 45.508159 ], [ -116.552863, 45.50823 ], [ -116.5525, 45.508311 ], [ -116.551701, 45.508697 ], [ -116.551255, 45.508987 ], [ -116.55079, 45.509292 ], [ -116.550754, 45.509312 ], [ -116.550579, 45.509407 ], [ -116.550319, 45.50955 ], [ -116.550058, 45.509692 ], [ -116.549884, 45.509788 ], [ -116.54986, 45.5098 ], [ -116.549792, 45.509838 ], [ -116.549769, 45.509851 ], [ -116.549688, 45.509895 ], [ -116.549141, 45.510159 ], [ -116.548676, 45.510385 ], [ -116.547832, 45.511037 ], [ -116.547383, 45.511293 ], [ -116.546876, 45.511584 ], [ -116.546785, 45.511654 ], [ -116.546666, 45.511745 ], [ -116.546488, 45.511883 ], [ -116.546309, 45.512021 ], [ -116.546191, 45.512113 ], [ -116.546071, 45.512205 ], [ -116.546021, 45.512244 ], [ -116.545729, 45.512501 ], [ -116.545617, 45.512601 ], [ -116.545465, 45.512733 ], [ -116.545199, 45.512969 ], [ -116.545027, 45.513148 ], [ -116.544889, 45.513294 ], [ -116.544625, 45.51357 ], [ -116.544546, 45.513654 ], [ -116.543837, 45.514193 ], [ -116.543741, 45.514296 ], [ -116.543481, 45.514576 ], [ -116.543127, 45.514958 ], [ -116.543065, 45.515036 ], [ -116.542631, 45.515587 ], [ -116.542123, 45.516368 ], [ -116.542004, 45.516562 ], [ -116.54168, 45.517091 ], [ -116.541522, 45.517377 ], [ -116.541266, 45.517844 ], [ -116.541099, 45.518261 ], [ -116.541005, 45.518497 ], [ -116.540993, 45.51857 ], [ -116.540986, 45.518608 ], [ -116.540977, 45.518667 ], [ -116.540967, 45.518725 ], [ -116.540961, 45.518764 ], [ -116.540914, 45.519053 ], [ -116.540909, 45.519186 ], [ -116.540889, 45.51974 ], [ -116.540933, 45.520111 ], [ -116.54074, 45.520406 ], [ -116.540508, 45.520764 ], [ -116.540487, 45.520796 ], [ -116.540456, 45.520844 ], [ -116.540424, 45.520892 ], [ -116.540403, 45.520925 ], [ -116.540336, 45.52101 ], [ -116.540236, 45.521138 ], [ -116.540135, 45.521266 ], [ -116.540069, 45.521352 ], [ -116.539918, 45.521545 ], [ -116.539873, 45.521592 ], [ -116.539321, 45.522182 ], [ -116.539233, 45.522265 ], [ -116.539009, 45.522479 ], [ -116.538905, 45.522577 ], [ -116.538848, 45.522633 ], [ -116.538535, 45.522787 ], [ -116.538407, 45.522851 ], [ -116.538323, 45.522892 ], [ -116.538071, 45.523018 ], [ -116.537991, 45.523057 ], [ -116.537838, 45.523131 ], [ -116.537644, 45.523227 ], [ -116.537373, 45.523337 ], [ -116.537216, 45.523402 ], [ -116.536958, 45.523508 ], [ -116.536862, 45.523574 ], [ -116.536339, 45.523935 ], [ -116.535988, 45.524358 ], [ -116.535866, 45.524507 ], [ -116.535755, 45.524677 ], [ -116.53572, 45.524726 ], [ -116.53567, 45.5248 ], [ -116.535619, 45.524874 ], [ -116.535586, 45.524924 ], [ -116.535556, 45.524968 ], [ -116.535482, 45.525079 ], [ -116.535469, 45.525103 ], [ -116.535446, 45.525151 ], [ -116.535187, 45.525677 ], [ -116.534949, 45.526587 ], [ -116.534802, 45.527111 ], [ -116.534681, 45.52736 ], [ -116.534576, 45.527579 ], [ -116.534419, 45.527885 ], [ -116.534361, 45.527998 ], [ -116.534296, 45.528167 ], [ -116.534214, 45.528385 ], [ -116.533842, 45.528772 ], [ -116.533739, 45.528888 ], [ -116.533537, 45.529121 ], [ -116.533503, 45.529159 ], [ -116.533132, 45.529537 ], [ -116.533095, 45.529656 ], [ -116.53295, 45.530126 ], [ -116.532848, 45.530489 ], [ -116.533048, 45.531159 ], [ -116.533106, 45.531703 ], [ -116.533113, 45.531765 ], [ -116.533044, 45.532225 ], [ -116.533073, 45.532401 ], [ -116.533132, 45.532766 ], [ -116.533109, 45.532831 ], [ -116.53286, 45.53354 ], [ -116.532774, 45.534099 ], [ -116.532769, 45.534137 ], [ -116.532669, 45.534525 ], [ -116.532609, 45.534758 ], [ -116.53252, 45.534962 ], [ -116.532349, 45.535355 ], [ -116.532021, 45.536016 ], [ -116.53193, 45.53622 ], [ -116.531744, 45.536645 ], [ -116.531727, 45.536685 ], [ -116.531533, 45.536927 ], [ -116.531231, 45.537306 ], [ -116.530892, 45.537676 ], [ -116.530826, 45.537709 ], [ -116.530513, 45.537872 ], [ -116.530364, 45.537949 ], [ -116.52997, 45.538195 ], [ -116.529836, 45.53828 ], [ -116.529812, 45.538295 ], [ -116.529249, 45.538624 ], [ -116.529198, 45.538652 ], [ -116.529035, 45.538747 ], [ -116.528742, 45.539004 ], [ -116.528394, 45.539267 ], [ -116.528093, 45.539603 ], [ -116.527852, 45.539873 ], [ -116.527614, 45.540179 ], [ -116.527209, 45.540702 ], [ -116.527177, 45.540772 ], [ -116.527005, 45.541141 ], [ -116.526745, 45.541702 ], [ -116.526552, 45.542251 ], [ -116.526552, 45.542271 ], [ -116.526566, 45.542678 ], [ -116.52657, 45.542807 ], [ -116.526573, 45.542872 ], [ -116.526578, 45.543195 ], [ -116.52658, 45.543325 ], [ -116.52658, 45.543343 ], [ -116.526582, 45.543461 ], [ -116.526587, 45.543503 ], [ -116.526648, 45.543986 ], [ -116.526626, 45.544143 ], [ -116.526611, 45.54425 ], [ -116.526579, 45.544486 ], [ -116.52652, 45.544551 ], [ -116.526449, 45.544633 ], [ -116.526295, 45.544807 ], [ -116.526252, 45.544857 ], [ -116.525691, 45.545147 ], [ -116.525485, 45.545254 ], [ -116.525463, 45.545265 ], [ -116.52543, 45.545283 ], [ -116.525394, 45.545292 ], [ -116.525371, 45.545299 ], [ -116.525253, 45.545331 ], [ -116.525078, 45.545379 ], [ -116.524901, 45.545427 ], [ -116.524784, 45.545459 ], [ -116.524518, 45.545531 ], [ -116.524448, 45.545575 ], [ -116.523876, 45.545949 ], [ -116.523648, 45.546265 ], [ -116.523439, 45.546556 ], [ -116.523435, 45.546584 ], [ -116.523424, 45.54667 ], [ -116.523421, 45.546699 ], [ -116.523405, 45.546794 ], [ -116.52339, 45.546895 ], [ -116.523426, 45.547079 ], [ -116.523445, 45.547174 ], [ -116.523599, 45.547404 ], [ -116.523747, 45.547733 ], [ -116.523864, 45.548026 ], [ -116.523947, 45.548234 ], [ -116.524172, 45.548565 ], [ -116.524822, 45.548873 ], [ -116.525967, 45.549449 ], [ -116.526201, 45.549482 ], [ -116.527112, 45.549613 ], [ -116.527145, 45.549622 ], [ -116.527267, 45.549656 ], [ -116.527633, 45.549759 ], [ -116.527718, 45.549784 ], [ -116.527756, 45.549791 ], [ -116.527979, 45.549833 ], [ -116.52828, 45.54989 ], [ -116.528561, 45.55014 ], [ -116.528571, 45.550149 ], [ -116.528597, 45.550363 ], [ -116.528618, 45.550542 ], [ -116.528625, 45.550601 ], [ -116.528558, 45.551078 ], [ -116.528556, 45.551094 ], [ -116.528475, 45.551237 ], [ -116.528465, 45.551254 ], [ -116.528434, 45.551307 ], [ -116.528425, 45.551325 ], [ -116.528391, 45.551384 ], [ -116.528319, 45.551513 ], [ -116.528267, 45.551539 ], [ -116.528207, 45.55157 ], [ -116.527783, 45.551787 ], [ -116.527723, 45.551818 ], [ -116.527227, 45.552285 ], [ -116.526858, 45.552855 ], [ -116.526831, 45.552898 ], [ -116.526527, 45.553196 ], [ -116.526436, 45.553284 ], [ -116.526166, 45.553549 ], [ -116.526062, 45.553619 ], [ -116.525888, 45.553734 ], [ -116.525628, 45.553908 ], [ -116.525368, 45.554081 ], [ -116.525195, 45.554197 ], [ -116.525153, 45.554225 ], [ -116.525034, 45.554265 ], [ -116.524536, 45.554435 ], [ -116.524439, 45.554469 ], [ -116.524373, 45.5545 ], [ -116.524185, 45.55457 ], [ -116.523834, 45.554771 ], [ -116.522913, 45.555302 ], [ -116.522233, 45.555626 ], [ -116.521787, 45.55584 ], [ -116.521682, 45.555876 ], [ -116.521518, 45.555932 ], [ -116.521274, 45.556017 ], [ -116.521029, 45.556101 ], [ -116.520866, 45.556158 ], [ -116.52074, 45.556201 ], [ -116.520043, 45.556352 ], [ -116.519638, 45.55644 ], [ -116.51851, 45.556689 ], [ -116.517545, 45.556782 ], [ -116.517468, 45.55679 ], [ -116.516701, 45.556741 ], [ -116.516352, 45.556719 ], [ -116.516019, 45.556698 ], [ -116.515314, 45.556588 ], [ -116.51497, 45.556535 ], [ -116.514816, 45.556491 ], [ -116.514561, 45.55643 ], [ -116.513931, 45.556281 ], [ -116.513314, 45.556324 ], [ -116.512893, 45.556354 ], [ -116.512717, 45.556367 ], [ -116.512373, 45.556394 ], [ -116.51175, 45.556445 ], [ -116.510838, 45.556656 ], [ -116.510547, 45.556724 ], [ -116.510342, 45.556809 ], [ -116.51031, 45.556821 ], [ -116.510264, 45.556841 ], [ -116.510217, 45.55686 ], [ -116.510187, 45.556873 ], [ -116.510003, 45.556948 ], [ -116.509534, 45.557142 ], [ -116.509454, 45.557174 ], [ -116.509271, 45.557249 ], [ -116.508843, 45.557423 ], [ -116.508769, 45.557454 ], [ -116.507879, 45.558001 ], [ -116.507644, 45.55811 ], [ -116.507227, 45.558306 ], [ -116.506967, 45.558427 ], [ -116.506421, 45.558842 ], [ -116.505953, 45.559199 ], [ -116.505062, 45.559939 ], [ -116.504199, 45.56073 ], [ -116.503957, 45.560953 ], [ -116.503594, 45.561484 ], [ -116.503469, 45.561664 ], [ -116.503449, 45.561695 ], [ -116.503256, 45.562286 ], [ -116.503188, 45.562495 ], [ -116.503181, 45.562591 ], [ -116.503179, 45.562624 ], [ -116.503156, 45.562754 ], [ -116.503162, 45.562876 ], [ -116.503155, 45.562974 ], [ -116.503229, 45.563314 ], [ -116.503425, 45.564203 ], [ -116.503541, 45.564275 ], [ -116.503697, 45.564372 ], [ -116.503704, 45.564538 ], [ -116.503709, 45.564657 ], [ -116.503724, 45.565017 ], [ -116.503728, 45.565102 ], [ -116.503719, 45.565136 ], [ -116.503689, 45.565245 ], [ -116.503645, 45.565409 ], [ -116.5036, 45.565572 ], [ -116.503571, 45.565682 ], [ -116.503534, 45.565819 ], [ -116.503405, 45.565965 ], [ -116.50323, 45.566166 ], [ -116.502756, 45.566608 ], [ -116.502676, 45.566662 ], [ -116.5024, 45.566855 ], [ -116.502004, 45.567129 ], [ -116.501933, 45.567179 ], [ -116.500974, 45.567807 ], [ -116.500791, 45.567911 ], [ -116.500375, 45.568152 ], [ -116.500106, 45.568306 ], [ -116.499704, 45.568538 ], [ -116.499302, 45.568768 ], [ -116.499034, 45.568923 ], [ -116.499019, 45.568931 ], [ -116.498977, 45.568955 ], [ -116.498963, 45.568964 ], [ -116.498765, 45.569085 ], [ -116.498354, 45.569339 ], [ -116.498175, 45.569455 ], [ -116.497981, 45.569582 ], [ -116.49766, 45.569791 ], [ -116.496868, 45.570309 ], [ -116.496694, 45.570414 ], [ -116.496367, 45.570614 ], [ -116.496131, 45.570757 ], [ -116.495635, 45.571175 ], [ -116.495472, 45.571282 ], [ -116.495239, 45.571436 ], [ -116.495186, 45.571471 ], [ -116.495035, 45.571591 ], [ -116.494747, 45.571824 ], [ -116.494431, 45.572068 ], [ -116.494228, 45.572225 ], [ -116.494154, 45.572271 ], [ -116.494043, 45.57234 ], [ -116.493932, 45.572409 ], [ -116.493858, 45.572455 ], [ -116.493699, 45.572554 ], [ -116.493568, 45.57262 ], [ -116.493008, 45.572905 ], [ -116.492658, 45.573035 ], [ -116.49241, 45.573129 ], [ -116.492348, 45.573157 ], [ -116.492214, 45.573215 ], [ -116.492031, 45.573296 ], [ -116.49181, 45.57338 ], [ -116.491675, 45.573433 ], [ -116.491617, 45.573458 ], [ -116.491248, 45.573753 ], [ -116.491102, 45.573874 ], [ -116.490729, 45.574186 ], [ -116.490279, 45.574499 ], [ -116.489554, 45.574875 ], [ -116.489249, 45.574994 ], [ -116.488574, 45.57526 ], [ -116.488206, 45.575404 ], [ -116.48791, 45.575521 ], [ -116.487068, 45.575729 ], [ -116.486685, 45.575824 ], [ -116.486498, 45.57587 ], [ -116.486245, 45.575933 ], [ -116.485943, 45.576028 ], [ -116.48576, 45.576086 ], [ -116.485534, 45.576157 ], [ -116.485108, 45.576291 ], [ -116.484853, 45.57636 ], [ -116.484625, 45.576422 ], [ -116.484481, 45.57646 ], [ -116.484051, 45.576577 ], [ -116.483909, 45.576627 ], [ -116.483766, 45.576677 ], [ -116.483557, 45.576752 ], [ -116.483346, 45.576843 ], [ -116.483208, 45.576904 ], [ -116.48297, 45.577008 ], [ -116.482587, 45.577312 ], [ -116.482416, 45.577449 ], [ -116.481943, 45.577898 ], [ -116.481582, 45.578518 ], [ -116.481378, 45.579144 ], [ -116.48137, 45.57917 ], [ -116.481207, 45.579874 ], [ -116.481191, 45.579943 ], [ -116.4812, 45.580299 ], [ -116.481208, 45.580597 ], [ -116.481525, 45.581082 ], [ -116.481856, 45.581318 ], [ -116.482117, 45.581504 ], [ -116.482206, 45.581565 ], [ -116.482335, 45.581652 ], [ -116.482528, 45.581784 ], [ -116.482722, 45.581916 ], [ -116.482851, 45.582004 ], [ -116.482877, 45.582021 ], [ -116.482892, 45.582032 ], [ -116.482951, 45.58208 ], [ -116.482976, 45.582101 ], [ -116.483036, 45.582157 ], [ -116.483219, 45.582327 ], [ -116.48327, 45.582366 ], [ -116.483278, 45.582387 ], [ -116.483331, 45.582478 ], [ -116.483412, 45.582615 ], [ -116.483492, 45.582751 ], [ -116.483546, 45.582843 ], [ -116.483617, 45.582962 ], [ -116.483616, 45.583012 ], [ -116.483612, 45.583511 ], [ -116.483592, 45.583576 ], [ -116.48354, 45.583758 ], [ -116.483518, 45.583832 ], [ -116.483486, 45.583944 ], [ -116.483453, 45.584056 ], [ -116.483432, 45.584131 ], [ -116.483387, 45.584284 ], [ -116.483296, 45.584749 ], [ -116.48328, 45.584832 ], [ -116.483245, 45.584898 ], [ -116.483216, 45.58495 ], [ -116.483175, 45.585029 ], [ -116.483133, 45.585107 ], [ -116.483105, 45.58516 ], [ -116.48307, 45.585226 ], [ -116.482871, 45.585592 ], [ -116.482674, 45.585958 ], [ -116.482163, 45.586682 ], [ -116.482042, 45.586803 ], [ -116.481697, 45.587153 ], [ -116.481631, 45.58722 ], [ -116.481399, 45.587417 ], [ -116.480788, 45.587942 ], [ -116.480452, 45.588138 ], [ -116.480109, 45.58834 ], [ -116.480034, 45.588384 ], [ -116.47997, 45.588422 ], [ -116.479801, 45.588499 ], [ -116.479723, 45.588536 ], [ -116.47906, 45.588841 ], [ -116.478912, 45.58891 ], [ -116.477877, 45.589228 ], [ -116.477154, 45.589361 ], [ -116.476967, 45.589452 ], [ -116.476521, 45.589673 ], [ -116.476336, 45.589812 ], [ -116.476149, 45.589952 ], [ -116.475967, 45.59009 ], [ -116.475741, 45.590506 ], [ -116.475653, 45.590669 ], [ -116.475625, 45.590709 ], [ -116.475616, 45.59072 ], [ -116.475591, 45.590755 ], [ -116.475584, 45.590767 ], [ -116.475486, 45.590905 ], [ -116.47534, 45.591112 ], [ -116.475193, 45.591318 ], [ -116.475096, 45.591457 ], [ -116.474998, 45.591542 ], [ -116.474738, 45.59177 ], [ -116.474702, 45.59179 ], [ -116.47459, 45.591854 ], [ -116.474264, 45.592038 ], [ -116.474046, 45.592162 ], [ -116.473378, 45.592538 ], [ -116.47329, 45.592591 ], [ -116.472973, 45.592788 ], [ -116.47293, 45.592814 ], [ -116.472868, 45.592853 ], [ -116.472801, 45.592888 ], [ -116.472757, 45.592912 ], [ -116.472719, 45.592941 ], [ -116.472527, 45.593061 ], [ -116.472456, 45.593107 ], [ -116.471959, 45.593432 ], [ -116.47177, 45.593556 ], [ -116.471737, 45.593577 ], [ -116.471684, 45.593612 ], [ -116.471646, 45.593647 ], [ -116.471619, 45.593674 ], [ -116.471519, 45.593768 ], [ -116.471467, 45.593812 ], [ -116.471326, 45.593934 ], [ -116.47102, 45.594238 ], [ -116.470956, 45.594302 ], [ -116.470882, 45.59439 ], [ -116.4707, 45.594605 ], [ -116.470388, 45.594977 ], [ -116.470133, 45.595228 ], [ -116.469933, 45.595426 ], [ -116.469841, 45.595516 ], [ -116.469704, 45.595653 ], [ -116.469565, 45.595789 ], [ -116.469474, 45.59588 ], [ -116.469317, 45.596034 ], [ -116.469084, 45.596266 ], [ -116.468849, 45.596497 ], [ -116.468693, 45.596652 ], [ -116.46836, 45.59698 ], [ -116.467363, 45.597965 ], [ -116.467138, 45.598188 ], [ -116.467057, 45.598315 ], [ -116.466921, 45.598527 ], [ -116.46658, 45.599065 ], [ -116.466506, 45.599158 ], [ -116.46635, 45.599356 ], [ -116.466237, 45.599498 ], [ -116.466047, 45.59974 ], [ -116.465877, 45.599905 ], [ -116.465748, 45.600033 ], [ -116.465572, 45.600205 ], [ -116.465533, 45.600231 ], [ -116.465169, 45.600478 ], [ -116.464868, 45.600798 ], [ -116.464717, 45.60096 ], [ -116.464681, 45.601021 ], [ -116.46464, 45.60109 ], [ -116.46458, 45.601195 ], [ -116.464518, 45.601299 ], [ -116.464478, 45.601369 ], [ -116.464168, 45.601898 ], [ -116.463984, 45.602214 ], [ -116.463635, 45.602785 ], [ -116.463457, 45.603365 ], [ -116.463436, 45.603562 ], [ -116.463407, 45.603857 ], [ -116.463498, 45.604161 ], [ -116.46356, 45.604353 ], [ -116.46363, 45.604568 ], [ -116.463617, 45.604948 ], [ -116.463614, 45.605043 ], [ -116.463614, 45.605151 ], [ -116.463614, 45.605259 ], [ -116.463616, 45.605422 ], [ -116.463616, 45.605585 ], [ -116.463617, 45.605694 ], [ -116.463618, 45.605906 ], [ -116.463602, 45.605997 ], [ -116.46346, 45.606809 ], [ -116.463454, 45.606898 ], [ -116.463437, 45.607202 ], [ -116.463383, 45.608102 ], [ -116.463311, 45.609332 ], [ -116.463265, 45.610807 ], [ -116.463262, 45.610929 ], [ -116.463325, 45.611591 ], [ -116.463349, 45.611704 ], [ -116.46345, 45.612184 ], [ -116.46349, 45.612374 ], [ -116.463598, 45.613011 ], [ -116.463616, 45.61356 ], [ -116.463607, 45.613642 ], [ -116.463566, 45.61406 ], [ -116.463534, 45.614123 ], [ -116.463414, 45.614365 ], [ -116.463403, 45.6144 ], [ -116.463296, 45.61476 ], [ -116.463361, 45.615172 ], [ -116.46339, 45.615296 ], [ -116.46346, 45.615595 ], [ -116.463479, 45.615677 ], [ -116.463504, 45.615785 ], [ -116.463575, 45.615911 ], [ -116.463617, 45.615986 ], [ -116.463865, 45.616424 ], [ -116.464238, 45.617055 ], [ -116.464578, 45.617475 ], [ -116.464782, 45.617651 ], [ -116.46517, 45.617986 ], [ -116.465187, 45.617998 ], [ -116.465238, 45.618037 ], [ -116.465256, 45.61805 ], [ -116.465441, 45.618187 ], [ -116.465796, 45.618449 ], [ -116.466032, 45.618536 ], [ -116.466249, 45.618617 ], [ -116.466342, 45.618651 ], [ -116.466459, 45.618694 ], [ -116.466619, 45.618766 ], [ -116.466711, 45.618808 ], [ -116.467323, 45.619086 ], [ -116.467338, 45.619093 ], [ -116.469096, 45.620051 ], [ -116.469335, 45.620182 ], [ -116.469636, 45.620447 ], [ -116.469765, 45.620561 ], [ -116.469813, 45.620604 ], [ -116.470078, 45.620974 ], [ -116.470179, 45.621115 ], [ -116.470288, 45.621267 ], [ -116.470439, 45.621474 ], [ -116.471036, 45.622287 ], [ -116.471223, 45.62255 ], [ -116.471481, 45.622912 ], [ -116.471674, 45.623184 ], [ -116.471965, 45.623593 ], [ -116.472255, 45.624001 ], [ -116.472449, 45.624274 ], [ -116.472506, 45.624355 ], [ -116.472593, 45.624477 ], [ -116.472679, 45.624598 ], [ -116.472737, 45.62468 ], [ -116.472877, 45.624877 ], [ -116.472744, 45.625186 ], [ -116.4726, 45.625544 ], [ -116.472595, 45.625557 ], [ -116.472487, 45.625758 ], [ -116.4724, 45.625919 ], [ -116.472033, 45.626339 ], [ -116.471979, 45.626407 ], [ -116.471677, 45.62679 ], [ -116.471356, 45.627185 ], [ -116.471241, 45.627669 ], [ -116.471298, 45.628056 ], [ -116.471504, 45.628467 ], [ -116.47159, 45.628575 ], [ -116.471768, 45.628798 ], [ -116.4721, 45.629201 ], [ -116.472116, 45.629214 ], [ -116.472147, 45.629241 ], [ -116.472196, 45.629282 ], [ -116.472243, 45.629322 ], [ -116.472275, 45.629349 ], [ -116.472346, 45.629409 ], [ -116.472454, 45.6295 ], [ -116.472562, 45.629591 ], [ -116.472634, 45.629652 ], [ -116.472673, 45.629685 ], [ -116.473087, 45.630044 ], [ -116.473212, 45.630153 ], [ -116.473785, 45.630588 ], [ -116.474346, 45.630998 ], [ -116.474536, 45.631105 ], [ -116.475058, 45.631401 ], [ -116.475552, 45.631599 ], [ -116.475803, 45.6317 ], [ -116.47664, 45.631789 ], [ -116.477127, 45.631789 ], [ -116.477224, 45.631789 ], [ -116.47766, 45.631815 ], [ -116.478038, 45.631837 ], [ -116.478282, 45.631839 ], [ -116.478714, 45.631845 ], [ -116.479574, 45.63191 ], [ -116.480148, 45.631957 ], [ -116.480342, 45.631974 ], [ -116.480757, 45.632083 ], [ -116.481018, 45.632152 ], [ -116.48121, 45.632229 ], [ -116.481557, 45.632369 ], [ -116.481981, 45.632668 ], [ -116.482354, 45.633058 ], [ -116.482428, 45.633135 ], [ -116.482664, 45.633422 ], [ -116.482806, 45.633595 ], [ -116.483002, 45.634022 ], [ -116.483013, 45.634046 ], [ -116.483058, 45.63453 ], [ -116.483058, 45.635111 ], [ -116.482989, 45.635675 ], [ -116.482899, 45.636085 ], [ -116.48284, 45.63636 ], [ -116.482759, 45.636765 ], [ -116.482747, 45.636823 ], [ -116.48273, 45.636912 ], [ -116.482713, 45.636999 ], [ -116.482702, 45.637058 ], [ -116.482694, 45.637095 ], [ -116.482679, 45.637175 ], [ -116.482673, 45.637209 ], [ -116.482668, 45.637248 ], [ -116.482558, 45.637956 ], [ -116.482553, 45.637989 ], [ -116.482507, 45.638747 ], [ -116.482472, 45.639352 ], [ -116.482495, 45.639916 ], [ -116.482566, 45.64009 ], [ -116.482667, 45.640336 ], [ -116.482908, 45.640706 ], [ -116.482913, 45.640715 ], [ -116.483076, 45.641002 ], [ -116.48316, 45.64115 ], [ -116.483286, 45.641529 ], [ -116.483492, 45.641795 ], [ -116.483563, 45.641847 ], [ -116.48383, 45.642044 ], [ -116.483892, 45.64209 ], [ -116.483962, 45.642142 ], [ -116.484083, 45.642227 ], [ -116.484147, 45.642272 ], [ -116.484219, 45.642322 ], [ -116.484352, 45.642416 ], [ -116.484451, 45.642439 ], [ -116.484537, 45.64246 ], [ -116.484576, 45.642467 ], [ -116.484637, 45.64248 ], [ -116.484696, 45.642491 ], [ -116.484737, 45.642499 ], [ -116.484826, 45.642523 ], [ -116.484994, 45.642569 ], [ -116.485093, 45.6426 ], [ -116.485182, 45.642629 ], [ -116.485369, 45.642688 ], [ -116.485476, 45.642722 ], [ -116.485914, 45.64291 ], [ -116.486095, 45.642988 ], [ -116.486157, 45.643016 ], [ -116.48625, 45.64306 ], [ -116.486342, 45.643103 ], [ -116.486405, 45.643132 ], [ -116.486682, 45.643259 ], [ -116.486828, 45.643327 ], [ -116.487447, 45.643682 ], [ -116.487478, 45.643711 ], [ -116.487699, 45.643923 ], [ -116.487734, 45.643956 ], [ -116.487849, 45.644238 ], [ -116.487835, 45.644302 ], [ -116.487734, 45.644802 ], [ -116.487608, 45.645447 ], [ -116.487585, 45.645532 ], [ -116.487481, 45.645937 ], [ -116.487473, 45.645966 ], [ -116.487467, 45.645986 ], [ -116.487453, 45.646047 ], [ -116.487449, 45.646068 ], [ -116.487414, 45.646327 ], [ -116.487355, 45.646786 ], [ -116.487324, 45.647108 ], [ -116.487309, 45.647278 ], [ -116.487301, 45.64737 ], [ -116.487274, 45.647675 ], [ -116.487264, 45.647791 ], [ -116.487263, 45.64781 ], [ -116.487355, 45.648278 ], [ -116.487407, 45.64858 ], [ -116.487447, 45.64881 ], [ -116.48747, 45.64888 ], [ -116.487985, 45.649639 ], [ -116.488468, 45.65023 ], [ -116.488818, 45.650799 ], [ -116.489313, 45.651265 ], [ -116.489853, 45.65179 ], [ -116.490742, 45.652563 ], [ -116.491485, 45.653262 ], [ -116.491884, 45.653457 ], [ -116.49209, 45.653631 ], [ -116.492224, 45.653723 ], [ -116.492572, 45.653962 ], [ -116.492904, 45.654276 ], [ -116.493213, 45.654561 ], [ -116.493306, 45.654647 ], [ -116.493536, 45.65485 ], [ -116.493661, 45.654961 ], [ -116.494074, 45.65534 ], [ -116.494112, 45.655369 ], [ -116.49451, 45.655679 ], [ -116.49506, 45.656042 ], [ -116.495737, 45.656412 ], [ -116.496061, 45.656634 ], [ -116.496219, 45.656743 ], [ -116.496574, 45.657009 ], [ -116.496676, 45.657107 ], [ -116.496826, 45.657251 ], [ -116.496943, 45.657302 ], [ -116.497216, 45.65742 ], [ -116.497767, 45.657541 ], [ -116.497895, 45.657615 ], [ -116.498186, 45.657785 ], [ -116.498237, 45.657815 ], [ -116.49865, 45.658001 ], [ -116.498736, 45.658037 ], [ -116.499166, 45.658218 ], [ -116.499613, 45.658428 ], [ -116.500038, 45.658573 ], [ -116.500324, 45.658815 ], [ -116.500348, 45.658841 ], [ -116.500554, 45.659065 ], [ -116.500749, 45.659274 ], [ -116.500766, 45.659275 ], [ -116.500873, 45.659279 ], [ -116.500975, 45.659283 ], [ -116.501134, 45.659435 ], [ -116.501212, 45.65951 ], [ -116.501239, 45.659536 ], [ -116.501281, 45.659576 ], [ -116.501322, 45.659615 ], [ -116.50135, 45.659642 ], [ -116.501441, 45.659729 ], [ -116.50154, 45.659824 ], [ -116.501751, 45.659942 ], [ -116.501862, 45.660004 ], [ -116.502375, 45.660291 ], [ -116.502481, 45.66035 ], [ -116.503814, 45.660948 ], [ -116.503973, 45.661039 ], [ -116.504485, 45.661331 ], [ -116.504524, 45.661353 ], [ -116.504584, 45.661388 ], [ -116.504644, 45.661422 ], [ -116.504684, 45.661445 ], [ -116.504728, 45.661471 ], [ -116.504796, 45.66151 ], [ -116.504863, 45.661549 ], [ -116.504908, 45.661575 ], [ -116.505024, 45.66165 ], [ -116.505374, 45.661878 ], [ -116.505429, 45.661914 ], [ -116.505475, 45.661973 ], [ -116.505615, 45.662152 ], [ -116.505635, 45.662177 ], [ -116.505734, 45.662623 ], [ -116.505805, 45.662805 ], [ -116.505889, 45.663018 ], [ -116.505944, 45.663159 ], [ -116.505964, 45.663209 ], [ -116.506138, 45.663571 ], [ -116.506176, 45.663649 ], [ -116.506229, 45.663689 ], [ -116.506621, 45.663984 ], [ -116.506748, 45.66408 ], [ -116.507564, 45.664644 ], [ -116.507832, 45.664824 ], [ -116.508241, 45.665098 ], [ -116.508294, 45.665134 ], [ -116.508433, 45.665272 ], [ -116.50848, 45.665319 ], [ -116.508585, 45.665423 ], [ -116.508839, 45.665676 ], [ -116.508893, 45.665743 ], [ -116.508987, 45.665859 ], [ -116.509038, 45.665923 ], [ -116.50911, 45.666012 ], [ -116.509224, 45.666081 ], [ -116.509295, 45.666125 ], [ -116.509615, 45.666319 ], [ -116.509906, 45.666495 ], [ -116.510364, 45.667131 ], [ -116.510425, 45.667215 ], [ -116.51056, 45.667451 ], [ -116.510635, 45.667583 ], [ -116.510749, 45.667782 ], [ -116.510862, 45.667981 ], [ -116.510938, 45.668114 ], [ -116.510972, 45.668167 ], [ -116.511024, 45.668248 ], [ -116.511076, 45.668328 ], [ -116.511111, 45.668382 ], [ -116.511198, 45.66852 ], [ -116.511224, 45.66856 ], [ -116.511286, 45.668657 ], [ -116.511398, 45.668826 ], [ -116.511569, 45.669093 ], [ -116.511684, 45.669271 ], [ -116.511741, 45.66936 ], [ -116.511787, 45.66943 ], [ -116.511919, 45.669624 ], [ -116.511979, 45.669712 ], [ -116.512119, 45.669919 ], [ -116.512326, 45.670224 ], [ -116.512596, 45.670498 ], [ -116.512773, 45.670677 ], [ -116.512893, 45.670798 ], [ -116.513211, 45.67112 ], [ -116.513257, 45.671162 ], [ -116.513385, 45.671277 ], [ -116.513513, 45.671393 ], [ -116.513708, 45.671568 ], [ -116.5139, 45.671741 ], [ -116.51403, 45.671858 ], [ -116.514046, 45.671872 ], [ -116.514094, 45.671914 ], [ -116.51411, 45.671929 ], [ -116.514352, 45.672147 ], [ -116.514715, 45.672474 ], [ -116.515077, 45.672801 ], [ -116.51532, 45.673019 ], [ -116.51547, 45.673154 ], [ -116.51583, 45.673478 ], [ -116.515927, 45.673557 ], [ -116.516085, 45.673686 ], [ -116.516204, 45.673783 ], [ -116.516384, 45.67393 ], [ -116.516564, 45.674077 ], [ -116.516684, 45.674175 ], [ -116.51671, 45.674197 ], [ -116.51682, 45.674293 ], [ -116.517228, 45.674648 ], [ -116.517364, 45.674767 ], [ -116.517552, 45.674932 ], [ -116.517675, 45.675039 ], [ -116.518208, 45.67529 ], [ -116.518435, 45.675398 ], [ -116.518596, 45.675474 ], [ -116.518775, 45.675559 ], [ -116.519094, 45.675674 ], [ -116.519263, 45.675736 ], [ -116.519366, 45.675773 ], [ -116.519521, 45.67583 ], [ -116.519675, 45.675885 ], [ -116.519779, 45.675923 ], [ -116.519864, 45.675953 ], [ -116.5199, 45.675967 ], [ -116.520125, 45.676028 ], [ -116.520213, 45.676053 ], [ -116.520385, 45.6761 ], [ -116.520644, 45.676172 ], [ -116.520901, 45.676242 ], [ -116.521074, 45.67629 ], [ -116.521189, 45.676322 ], [ -116.521341, 45.676364 ], [ -116.521535, 45.676421 ], [ -116.52165, 45.676456 ], [ -116.521875, 45.676522 ], [ -116.522212, 45.676622 ], [ -116.522521, 45.676796 ], [ -116.522726, 45.676912 ], [ -116.523143, 45.677148 ], [ -116.523172, 45.677165 ], [ -116.523961, 45.677639 ], [ -116.524423, 45.678056 ], [ -116.524729, 45.678331 ], [ -116.5248, 45.678406 ], [ -116.524877, 45.678487 ], [ -116.524993, 45.67861 ], [ -116.525108, 45.678732 ], [ -116.525186, 45.678814 ], [ -116.525316, 45.678951 ], [ -116.525515, 45.679162 ], [ -116.525681, 45.679385 ], [ -116.525795, 45.679537 ], [ -116.525844, 45.679605 ], [ -116.525915, 45.679702 ], [ -116.526032, 45.67977 ], [ -116.526106, 45.679813 ], [ -116.526244, 45.679892 ], [ -116.526451, 45.680012 ], [ -116.526658, 45.680132 ], [ -116.526796, 45.680212 ], [ -116.526823, 45.680227 ], [ -116.527296, 45.680633 ], [ -116.528272, 45.681473 ], [ -116.528669, 45.682022 ], [ -116.529053, 45.682554 ], [ -116.529083, 45.682595 ], [ -116.529252, 45.682918 ], [ -116.529583, 45.683549 ], [ -116.529678, 45.684076 ], [ -116.529699, 45.68419 ], [ -116.529725, 45.684489 ], [ -116.529728, 45.684529 ], [ -116.529734, 45.684591 ], [ -116.529739, 45.684652 ], [ -116.529743, 45.684693 ], [ -116.529753, 45.684812 ], [ -116.529757, 45.684846 ], [ -116.529916, 45.685131 ], [ -116.529975, 45.685236 ], [ -116.530008, 45.685295 ], [ -116.530108, 45.685475 ], [ -116.530131, 45.685515 ], [ -116.530146, 45.685533 ], [ -116.530464, 45.685929 ], [ -116.530652, 45.686163 ], [ -116.531399, 45.686815 ], [ -116.531533, 45.687004 ], [ -116.531827, 45.687419 ], [ -116.531834, 45.68743 ], [ -116.531857, 45.687463 ], [ -116.531865, 45.687474 ], [ -116.531874, 45.687486 ], [ -116.532089, 45.687845 ], [ -116.53215, 45.68791 ], [ -116.532405, 45.688182 ], [ -116.532972, 45.688806 ], [ -116.533203, 45.689072 ], [ -116.533546, 45.689467 ], [ -116.533903, 45.689879 ], [ -116.534332, 45.690372 ], [ -116.534977, 45.691115 ], [ -116.535117, 45.691277 ], [ -116.535204, 45.691419 ], [ -116.53529, 45.691561 ], [ -116.535324, 45.691617 ], [ -116.535396, 45.691734 ], [ -116.535382, 45.691795 ], [ -116.535368, 45.691861 ], [ -116.535344, 45.691968 ], [ -116.53531, 45.69213 ], [ -116.535274, 45.69229 ], [ -116.535251, 45.692398 ], [ -116.535225, 45.692515 ], [ -116.535222, 45.692531 ], [ -116.535204, 45.692677 ], [ -116.535169, 45.692937 ], [ -116.535166, 45.692967 ], [ -116.535205, 45.693067 ], [ -116.535396, 45.693561 ], [ -116.535421, 45.693621 ], [ -116.535827, 45.694595 ], [ -116.536046, 45.695291 ], [ -116.536145, 45.695603 ], [ -116.536207, 45.695864 ], [ -116.536237, 45.69599 ], [ -116.536283, 45.696181 ], [ -116.536328, 45.696371 ], [ -116.536359, 45.696498 ], [ -116.536361, 45.696508 ], [ -116.536368, 45.696538 ], [ -116.536371, 45.696549 ], [ -116.536383, 45.6966 ], [ -116.536395, 45.69665 ], [ -116.536388, 45.696757 ], [ -116.536385, 45.69681 ], [ -116.536373, 45.696974 ], [ -116.536341, 45.697467 ], [ -116.536333, 45.697595 ], [ -116.536333, 45.697632 ], [ -116.536331, 45.697751 ], [ -116.53633, 45.69793 ], [ -116.536328, 45.698108 ], [ -116.536327, 45.698227 ], [ -116.536323, 45.698551 ], [ -116.536322, 45.698678 ], [ -116.536282, 45.699523 ], [ -116.536267, 45.699847 ], [ -116.536265, 45.699884 ], [ -116.536262, 45.699941 ], [ -116.536259, 45.699997 ], [ -116.536258, 45.700035 ], [ -116.536282, 45.700361 ], [ -116.536354, 45.701341 ], [ -116.53637, 45.701548 ], [ -116.536383, 45.701668 ], [ -116.536467, 45.702437 ], [ -116.536634, 45.703961 ], [ -116.536602, 45.704749 ], [ -116.53659, 45.705052 ], [ -116.536757, 45.705492 ], [ -116.536874, 45.705803 ], [ -116.537185, 45.706622 ], [ -116.5372, 45.706743 ], [ -116.537242, 45.707074 ], [ -116.537244, 45.707093 ], [ -116.537251, 45.707152 ], [ -116.537254, 45.707172 ], [ -116.537264, 45.707248 ], [ -116.53728, 45.707363 ], [ -116.537294, 45.707477 ], [ -116.537305, 45.707554 ], [ -116.537312, 45.707634 ], [ -116.537308, 45.707802 ], [ -116.537291, 45.708549 ], [ -116.537286, 45.708798 ], [ -116.53728, 45.709048 ], [ -116.537257, 45.7094 ], [ -116.537151, 45.711058 ], [ -116.537166, 45.711204 ], [ -116.53723, 45.711804 ], [ -116.537257, 45.712056 ], [ -116.5373, 45.712459 ], [ -116.537374, 45.712809 ], [ -116.537427, 45.713058 ], [ -116.537454, 45.713187 ], [ -116.537497, 45.713392 ], [ -116.537556, 45.713569 ], [ -116.537599, 45.713695 ], [ -116.537632, 45.713793 ], [ -116.537682, 45.713942 ], [ -116.537731, 45.714089 ], [ -116.537765, 45.714188 ], [ -116.537777, 45.714224 ], [ -116.537796, 45.71428 ], [ -116.537814, 45.714335 ], [ -116.537827, 45.714373 ], [ -116.537836, 45.714402 ], [ -116.537851, 45.714446 ], [ -116.537866, 45.714489 ], [ -116.537876, 45.714519 ], [ -116.537891, 45.714564 ], [ -116.537914, 45.714633 ], [ -116.537937, 45.714701 ], [ -116.537953, 45.714747 ], [ -116.538014, 45.714929 ], [ -116.538028, 45.715023 ], [ -116.538159, 45.715876 ], [ -116.538201, 45.716161 ], [ -116.538179, 45.716364 ], [ -116.538139, 45.716742 ], [ -116.538079, 45.71697 ], [ -116.538028, 45.717169 ], [ -116.537997, 45.717286 ], [ -116.537952, 45.717462 ], [ -116.537907, 45.717637 ], [ -116.537877, 45.717755 ], [ -116.537871, 45.717774 ], [ -116.537855, 45.717833 ], [ -116.53785, 45.717853 ], [ -116.537835, 45.717907 ], [ -116.537793, 45.718077 ], [ -116.537786, 45.718129 ], [ -116.537746, 45.718421 ], [ -116.537686, 45.718861 ], [ -116.537622, 45.719299 ], [ -116.53758, 45.719592 ], [ -116.537536, 45.719898 ], [ -116.537408, 45.720816 ], [ -116.537376, 45.721045 ], [ -116.537366, 45.721123 ], [ -116.537301, 45.721602 ], [ -116.53711, 45.723041 ], [ -116.537068, 45.723359 ], [ -116.537028, 45.723518 ], [ -116.537009, 45.723591 ], [ -116.536982, 45.723702 ], [ -116.536955, 45.723811 ], [ -116.536937, 45.723885 ], [ -116.53689, 45.724071 ], [ -116.536875, 45.724132 ], [ -116.536804, 45.724632 ], [ -116.536806, 45.724642 ], [ -116.536844, 45.724831 ], [ -116.536971, 45.72547 ], [ -116.537107, 45.726148 ], [ -116.537089, 45.727414 ], [ -116.537089, 45.727474 ], [ -116.537053, 45.728066 ], [ -116.537043, 45.728196 ], [ -116.536897, 45.72856 ], [ -116.536849, 45.728682 ], [ -116.536727, 45.728987 ], [ -116.5367, 45.72903 ], [ -116.536193, 45.729843 ], [ -116.536106, 45.730001 ], [ -116.535926, 45.730335 ], [ -116.535906, 45.730371 ], [ -116.535876, 45.73074 ], [ -116.535778, 45.731973 ], [ -116.535746, 45.732385 ], [ -116.535706, 45.732881 ], [ -116.535695, 45.733075 ], [ -116.535652, 45.733907 ], [ -116.535698, 45.734231 ], [ -116.536405, 45.734815 ], [ -116.536648, 45.73525 ], [ -116.536672, 45.735443 ], [ -116.536736, 45.735969 ], [ -116.536757, 45.736133 ], [ -116.537173, 45.737288 ], [ -116.537286, 45.737452 ], [ -116.537588, 45.73789 ], [ -116.537745, 45.738117 ], [ -116.537777, 45.738163 ], [ -116.538359, 45.738677 ], [ -116.538567, 45.738861 ], [ -116.538645, 45.73893 ], [ -116.538668, 45.738963 ], [ -116.538918, 45.739318 ], [ -116.539002, 45.739437 ], [ -116.539125, 45.739611 ], [ -116.539337, 45.739912 ], [ -116.539463, 45.740154 ], [ -116.539563, 45.740344 ], [ -116.53978, 45.74076 ], [ -116.539977, 45.741136 ], [ -116.540477, 45.741984 ], [ -116.540695, 45.742353 ], [ -116.540716, 45.742389 ], [ -116.541283, 45.743356 ], [ -116.541317, 45.743414 ], [ -116.541612, 45.74409 ], [ -116.541771, 45.744449 ], [ -116.542143, 45.744718 ], [ -116.542509, 45.745011 ], [ -116.543075, 45.7457 ], [ -116.5433, 45.745965 ], [ -116.543794, 45.746545 ], [ -116.543996, 45.746844 ], [ -116.544004, 45.746857 ], [ -116.544031, 45.746896 ], [ -116.544041, 45.74691 ], [ -116.544252, 45.747223 ], [ -116.544258, 45.747232 ], [ -116.544652, 45.747643 ], [ -116.54505, 45.74803 ], [ -116.545287, 45.748261 ], [ -116.545322, 45.748294 ], [ -116.545607, 45.748561 ], [ -116.545814, 45.748755 ], [ -116.546049, 45.749195 ], [ -116.546289, 45.749466 ], [ -116.546292, 45.749493 ], [ -116.546339, 45.749881 ], [ -116.546381, 45.750402 ], [ -116.54663, 45.750944 ], [ -116.546643, 45.750972 ], [ -116.54724, 45.751677 ], [ -116.54809, 45.752364 ], [ -116.549085, 45.752735 ], [ -116.549326, 45.752806 ], [ -116.5504, 45.753125 ], [ -116.550414, 45.753129 ], [ -116.551531, 45.753136 ], [ -116.551696, 45.753154 ], [ -116.552534, 45.75325 ], [ -116.553548, 45.753388 ], [ -116.555498, 45.753936 ], [ -116.556368, 45.754181 ], [ -116.556757, 45.754248 ], [ -116.557462, 45.754369 ], [ -116.557534, 45.754382 ], [ -116.558575, 45.754753 ], [ -116.559444, 45.755189 ], [ -116.559807, 45.755806 ], [ -116.559822, 45.755831 ], [ -116.560034, 45.756163 ], [ -116.560175, 45.756385 ], [ -116.560758, 45.756896 ], [ -116.560959, 45.757016 ], [ -116.561324, 45.757233 ], [ -116.561559, 45.757374 ], [ -116.56213, 45.757793 ], [ -116.562362, 45.757964 ], [ -116.563, 45.758322 ], [ -116.563585, 45.758922 ], [ -116.564018, 45.759435 ], [ -116.564274, 45.759768 ], [ -116.564394, 45.759924 ], [ -116.564986, 45.760321 ], [ -116.565046, 45.760364 ], [ -116.565563, 45.760736 ], [ -116.565673, 45.760816 ], [ -116.566001, 45.761233 ], [ -116.566364, 45.761625 ], [ -116.566416, 45.762044 ], [ -116.566603, 45.762266 ], [ -116.566861, 45.762572 ], [ -116.567038, 45.762732 ], [ -116.567151, 45.762834 ], [ -116.567339, 45.763004 ], [ -116.567526, 45.763095 ], [ -116.567664, 45.763163 ], [ -116.567775, 45.763217 ], [ -116.56811, 45.763381 ], [ -116.568151, 45.763401 ], [ -116.568229, 45.763418 ], [ -116.568283, 45.763429 ], [ -116.568364, 45.763447 ], [ -116.568445, 45.763464 ], [ -116.568499, 45.763476 ], [ -116.568596, 45.763497 ], [ -116.56889, 45.763562 ], [ -116.568971, 45.76358 ], [ -116.568988, 45.763585 ], [ -116.569567, 45.763767 ], [ -116.569896, 45.763871 ], [ -116.57052, 45.764044 ], [ -116.571305, 45.764319 ], [ -116.57162, 45.76443 ], [ -116.57185, 45.76458 ], [ -116.571929, 45.764631 ], [ -116.572085, 45.764733 ], [ -116.572179, 45.764758 ], [ -116.572271, 45.764784 ], [ -116.572409, 45.764822 ], [ -116.572617, 45.76488 ], [ -116.572824, 45.764937 ], [ -116.572963, 45.764976 ], [ -116.573216, 45.765065 ], [ -116.573976, 45.765332 ], [ -116.574039, 45.765355 ], [ -116.574222, 45.76544 ], [ -116.57442, 45.765532 ], [ -116.575016, 45.76581 ], [ -116.575129, 45.765863 ], [ -116.575201, 45.765924 ], [ -116.575539, 45.76621 ], [ -116.575817, 45.766446 ], [ -116.576618, 45.766986 ], [ -116.576986, 45.767235 ], [ -116.5772, 45.76738 ], [ -116.577422, 45.76753 ], [ -116.577754, 45.767915 ], [ -116.577924, 45.768111 ], [ -116.578066, 45.768274 ], [ -116.578603, 45.768762 ], [ -116.578621, 45.768772 ], [ -116.579299, 45.76916 ], [ -116.580995, 45.770138 ], [ -116.581117, 45.770223 ], [ -116.581786, 45.770688 ], [ -116.581913, 45.770766 ], [ -116.582211, 45.770949 ], [ -116.582808, 45.771317 ], [ -116.583133, 45.771446 ], [ -116.583459, 45.771576 ], [ -116.583576, 45.771622 ], [ -116.583752, 45.771692 ], [ -116.583927, 45.771761 ], [ -116.584044, 45.771808 ], [ -116.584187, 45.771864 ], [ -116.584302, 45.77191 ], [ -116.584609, 45.77205 ], [ -116.584749, 45.772115 ], [ -116.585092, 45.772272 ], [ -116.585183, 45.772314 ], [ -116.585777, 45.772753 ], [ -116.585999, 45.772946 ], [ -116.586285, 45.773194 ], [ -116.586384, 45.77328 ], [ -116.586508, 45.77338 ], [ -116.587187, 45.773928 ], [ -116.587374, 45.774079 ], [ -116.587406, 45.774119 ], [ -116.587876, 45.774713 ], [ -116.588091, 45.774984 ], [ -116.589173, 45.775669 ], [ -116.589723, 45.776015 ], [ -116.590044, 45.776218 ], [ -116.590326, 45.776472 ], [ -116.590978, 45.777057 ], [ -116.591024, 45.777098 ], [ -116.591702, 45.777697 ], [ -116.593004, 45.778541 ], [ -116.593338, 45.778667 ], [ -116.593861, 45.778865 ], [ -116.594184, 45.779064 ], [ -116.5942, 45.779074 ], [ -116.59421, 45.77908 ], [ -116.594258, 45.779089 ], [ -116.594278, 45.779093 ], [ -116.594307, 45.779098 ], [ -116.594426, 45.779119 ], [ -116.594601, 45.779152 ], [ -116.594784, 45.779188 ], [ -116.594904, 45.779212 ], [ -116.594936, 45.779217 ], [ -116.594993, 45.779228 ], [ -116.595032, 45.779234 ], [ -116.595065, 45.77924 ], [ -116.595096, 45.779244 ], [ -116.595123, 45.779248 ], [ -116.595191, 45.779261 ], [ -116.595223, 45.779267 ], [ -116.595255, 45.779273 ], [ -116.595476, 45.779314 ], [ -116.595503, 45.779319 ], [ -116.59615, 45.779321 ], [ -116.596376, 45.779323 ], [ -116.596724, 45.779324 ], [ -116.596908, 45.779325 ], [ -116.597769, 45.779381 ], [ -116.598118, 45.779405 ], [ -116.598512, 45.779449 ], [ -116.599249, 45.779532 ], [ -116.599698, 45.779547 ], [ -116.600009, 45.779558 ], [ -116.600095, 45.779561 ], [ -116.600383, 45.779571 ], [ -116.600758, 45.779585 ], [ -116.601234, 45.779708 ], [ -116.601486, 45.779773 ], [ -116.601515, 45.779779 ], [ -116.601639, 45.779804 ], [ -116.601826, 45.779843 ], [ -116.602012, 45.779881 ], [ -116.602137, 45.779907 ], [ -116.60219, 45.779925 ], [ -116.602352, 45.779979 ], [ -116.602406, 45.779997 ], [ -116.602551, 45.780053 ], [ -116.60284, 45.780165 ], [ -116.602981, 45.780233 ], [ -116.603121, 45.780302 ], [ -116.603171, 45.780326 ], [ -116.603248, 45.780364 ], [ -116.603324, 45.7804 ], [ -116.603375, 45.780425 ], [ -116.603447, 45.78046 ], [ -116.603556, 45.780514 ], [ -116.603665, 45.780566 ], [ -116.603738, 45.780602 ], [ -116.603751, 45.780608 ], [ -116.603791, 45.780627 ], [ -116.603805, 45.780634 ], [ -116.603891, 45.780664 ], [ -116.603953, 45.780683 ], [ -116.604402, 45.780824 ], [ -116.604552, 45.780872 ], [ -116.604892, 45.780973 ], [ -116.60504, 45.781018 ], [ -116.605946, 45.781125 ], [ -116.606252, 45.781162 ], [ -116.606299, 45.781169 ], [ -116.606971, 45.781264 ], [ -116.60721, 45.781299 ], [ -116.608583, 45.781498 ], [ -116.608987, 45.781557 ], [ -116.609659, 45.781657 ], [ -116.60978, 45.781674 ], [ -116.610148, 45.781703 ], [ -116.610271, 45.781713 ], [ -116.610842, 45.781757 ], [ -116.611455, 45.781806 ], [ -116.61256, 45.781834 ], [ -116.612653, 45.781837 ], [ -116.61313, 45.781895 ], [ -116.613736, 45.781969 ], [ -116.61383, 45.781981 ], [ -116.615343, 45.782267 ], [ -116.615538, 45.782291 ], [ -116.616145, 45.782366 ], [ -116.616348, 45.782391 ], [ -116.616935, 45.782464 ], [ -116.616957, 45.782462 ], [ -116.617162, 45.782447 ], [ -116.617468, 45.782424 ], [ -116.618304, 45.782364 ], [ -116.618383, 45.782341 ], [ -116.618679, 45.782257 ], [ -116.619169, 45.782117 ], [ -116.619439, 45.782041 ], [ -116.620428, 45.78196 ], [ -116.620685, 45.781964 ], [ -116.621196, 45.781973 ], [ -116.62135, 45.781975 ], [ -116.621407, 45.781977 ], [ -116.621673, 45.782007 ], [ -116.621812, 45.781991 ], [ -116.621966, 45.781975 ], [ -116.622085, 45.781961 ], [ -116.622264, 45.781942 ], [ -116.622442, 45.781922 ], [ -116.622562, 45.781909 ], [ -116.622636, 45.781901 ], [ -116.622858, 45.781883 ], [ -116.622933, 45.781878 ], [ -116.623361, 45.781843 ], [ -116.623742, 45.781813 ], [ -116.624602, 45.782098 ], [ -116.624715, 45.782136 ], [ -116.624968, 45.782318 ], [ -116.625157, 45.782454 ], [ -116.625207, 45.782489 ], [ -116.62539, 45.782614 ], [ -116.625601, 45.782814 ], [ -116.625788, 45.783136 ], [ -116.625936, 45.783391 ], [ -116.625944, 45.783405 ], [ -116.625968, 45.783447 ], [ -116.625976, 45.783462 ], [ -116.625998, 45.783479 ], [ -116.626127, 45.783578 ], [ -116.626317, 45.783725 ], [ -116.626596, 45.783908 ], [ -116.626757, 45.784013 ], [ -116.626971, 45.784126 ], [ -116.627688, 45.784257 ], [ -116.627928, 45.784301 ], [ -116.627992, 45.784303 ], [ -116.628186, 45.784309 ], [ -116.628251, 45.784312 ], [ -116.628274, 45.784313 ], [ -116.628933, 45.784352 ], [ -116.629296, 45.784374 ], [ -116.630182, 45.784681 ], [ -116.630912, 45.784849 ], [ -116.631021, 45.784874 ], [ -116.63159, 45.784933 ], [ -116.632032, 45.784979 ], [ -116.632676, 45.784891 ], [ -116.633253, 45.784717 ], [ -116.633377, 45.784681 ], [ -116.635814, 45.783642 ], [ -116.637722, 45.782627 ], [ -116.637848, 45.782539 ], [ -116.638779, 45.781894 ], [ -116.639238, 45.781564 ], [ -116.639268, 45.781542 ], [ -116.639278, 45.781534 ], [ -116.639308, 45.781513 ], [ -116.639319, 45.781506 ], [ -116.639415, 45.781436 ], [ -116.639641, 45.781274 ], [ -116.639715, 45.78125 ], [ -116.639829, 45.781216 ], [ -116.63997, 45.781171 ], [ -116.640395, 45.78104 ], [ -116.640423, 45.781032 ], [ -116.640539, 45.781001 ], [ -116.640581, 45.780989 ], [ -116.640645, 45.780973 ], [ -116.640707, 45.780955 ], [ -116.64075, 45.780944 ], [ -116.641304, 45.780793 ], [ -116.641411, 45.780765 ], [ -116.642698, 45.780435 ], [ -116.642976, 45.780371 ], [ -116.643537, 45.780245 ], [ -116.643753, 45.780195 ], [ -116.64394, 45.780153 ], [ -116.64441, 45.780086 ], [ -116.64463, 45.780055 ], [ -116.644962, 45.780008 ], [ -116.645206, 45.779973 ], [ -116.646342, 45.779815 ], [ -116.64694, 45.779816 ], [ -116.647522, 45.779818 ], [ -116.647692, 45.779818 ], [ -116.648029, 45.779819 ], [ -116.648203, 45.779805 ], [ -116.648373, 45.779793 ], [ -116.648631, 45.779773 ], [ -116.649172, 45.779734 ], [ -116.649406, 45.779736 ], [ -116.649666, 45.779739 ], [ -116.649857, 45.779745 ], [ -116.650144, 45.779756 ], [ -116.65043, 45.779765 ], [ -116.650622, 45.779772 ], [ -116.651372, 45.779791 ], [ -116.651641, 45.779798 ], [ -116.653388, 45.779758 ], [ -116.653621, 45.779791 ], [ -116.654364, 45.779899 ], [ -116.654745, 45.779901 ], [ -116.655591, 45.779907 ], [ -116.65589, 45.779892 ], [ -116.656272, 45.779875 ], [ -116.656478, 45.779865 ], [ -116.656871, 45.779847 ], [ -116.657098, 45.779861 ], [ -116.657305, 45.779874 ], [ -116.657816, 45.779905 ], [ -116.65935, 45.779998 ], [ -116.659629, 45.780016 ], [ -116.659858, 45.78006 ], [ -116.660535, 45.78019 ], [ -116.66117, 45.780313 ], [ -116.662464, 45.780903 ], [ -116.662616, 45.780973 ], [ -116.663106, 45.781157 ], [ -116.663716, 45.781411 ], [ -116.665268, 45.782059 ], [ -116.66548, 45.782278 ], [ -116.665942, 45.782753 ], [ -116.666461, 45.783076 ], [ -116.666493, 45.783096 ], [ -116.667963, 45.784134 ], [ -116.668067, 45.784207 ], [ -116.668357, 45.784286 ], [ -116.668519, 45.784376 ], [ -116.668949, 45.784615 ], [ -116.669036, 45.784664 ], [ -116.669404, 45.785164 ], [ -116.669727, 45.785808 ], [ -116.669749, 45.785839 ], [ -116.670037, 45.78624 ], [ -116.67016, 45.786411 ], [ -116.670688, 45.786812 ], [ -116.670808, 45.786904 ], [ -116.672304, 45.787927 ], [ -116.672887, 45.788235 ], [ -116.673661, 45.788644 ], [ -116.673914, 45.788823 ], [ -116.674295, 45.789092 ], [ -116.674675, 45.78936 ], [ -116.674929, 45.78954 ], [ -116.67512, 45.789675 ], [ -116.675178, 45.789716 ], [ -116.675636, 45.79015 ], [ -116.675806, 45.790311 ], [ -116.676425, 45.790898 ], [ -116.676705, 45.791102 ], [ -116.677796, 45.791897 ], [ -116.678713, 45.792433 ], [ -116.679583, 45.793239 ], [ -116.680053, 45.793674 ], [ -116.680463, 45.794056 ], [ -116.680818, 45.794388 ], [ -116.681561, 45.795663 ], [ -116.681808, 45.796087 ], [ -116.682024, 45.796532 ], [ -116.68235, 45.7972 ], [ -116.682674, 45.797868 ], [ -116.682891, 45.798314 ], [ -116.683272, 45.799093 ], [ -116.683344, 45.799206 ], [ -116.684643, 45.801228 ], [ -116.685018, 45.8017 ], [ -116.68538, 45.802154 ], [ -116.685553, 45.80238 ], [ -116.685528, 45.802515 ], [ -116.685488, 45.802728 ], [ -116.685393, 45.803242 ], [ -116.685415, 45.80337 ], [ -116.685453, 45.803585 ], [ -116.685463, 45.803645 ], [ -116.685681, 45.80404 ], [ -116.68575, 45.804159 ], [ -116.686732, 45.805847 ], [ -116.687007, 45.806319 ], [ -116.687075, 45.806399 ], [ -116.687236, 45.806586 ], [ -116.687719, 45.80715 ], [ -116.687836, 45.807286 ], [ -116.687886, 45.807333 ], [ -116.68849, 45.807906 ], [ -116.688711, 45.808116 ], [ -116.690414, 45.809292 ], [ -116.690532, 45.809332 ], [ -116.691116, 45.809533 ], [ -116.691292, 45.809658 ], [ -116.691761, 45.809992 ], [ -116.691795, 45.810016 ], [ -116.693072, 45.811122 ], [ -116.693097, 45.811144 ], [ -116.693397, 45.811598 ], [ -116.693425, 45.81164 ], [ -116.693571, 45.812006 ], [ -116.693823, 45.812634 ], [ -116.693973, 45.813277 ], [ -116.693997, 45.813376 ], [ -116.694159, 45.81368 ], [ -116.694219, 45.813793 ], [ -116.694343, 45.814028 ], [ -116.694359, 45.814146 ], [ -116.694377, 45.814274 ], [ -116.694442, 45.814745 ], [ -116.69447, 45.814947 ], [ -116.694709, 45.816149 ], [ -116.694803, 45.816617 ], [ -116.694806, 45.816631 ], [ -116.695337, 45.817592 ], [ -116.695625, 45.818113 ], [ -116.696501, 45.819354 ], [ -116.697192, 45.820135 ], [ -116.697334, 45.820249 ], [ -116.698079, 45.820852 ], [ -116.698234, 45.820859 ], [ -116.698746, 45.820882 ], [ -116.69878, 45.820884 ], [ -116.699724, 45.820883 ], [ -116.700275, 45.82098 ], [ -116.700725, 45.82106 ], [ -116.70078, 45.821074 ], [ -116.700994, 45.821128 ], [ -116.701317, 45.821211 ], [ -116.701639, 45.821293 ], [ -116.701854, 45.821348 ], [ -116.702175, 45.82143 ], [ -116.70241, 45.821482 ], [ -116.703417, 45.821704 ], [ -116.703982, 45.822095 ], [ -116.704454, 45.822421 ], [ -116.704592, 45.822517 ], [ -116.704624, 45.822539 ], [ -116.705138, 45.822893 ], [ -116.70531, 45.823012 ], [ -116.706307, 45.823699 ], [ -116.70716, 45.824288 ], [ -116.70845, 45.825117 ], [ -116.709413, 45.825569 ], [ -116.70975, 45.825728 ], [ -116.710563, 45.825939 ], [ -116.710814, 45.826004 ], [ -116.711192, 45.826103 ], [ -116.71157, 45.826201 ], [ -116.711822, 45.826267 ], [ -116.711865, 45.826273 ], [ -116.713154, 45.826447 ], [ -116.713364, 45.826476 ], [ -116.714262, 45.826636 ], [ -116.715527, 45.826773 ], [ -116.716942, 45.826708 ], [ -116.717033, 45.826691 ], [ -116.718314, 45.826461 ], [ -116.718373, 45.82645 ], [ -116.718551, 45.826418 ], [ -116.718564, 45.826416 ], [ -116.71861, 45.826405 ], [ -116.71863, 45.8264 ], [ -116.718691, 45.826384 ], [ -116.718712, 45.82638 ], [ -116.718768, 45.826365 ], [ -116.718854, 45.826345 ], [ -116.718939, 45.826323 ], [ -116.718996, 45.826309 ], [ -116.719131, 45.826275 ], [ -116.719334, 45.826226 ], [ -116.719537, 45.826175 ], [ -116.719673, 45.826142 ], [ -116.719946, 45.826074 ], [ -116.720162, 45.826021 ], [ -116.720773, 45.825893 ], [ -116.72105, 45.825836 ], [ -116.72129, 45.825785 ], [ -116.721519, 45.825738 ], [ -116.722021, 45.825737 ], [ -116.722267, 45.825737 ], [ -116.722382, 45.825737 ], [ -116.722963, 45.825851 ], [ -116.723648, 45.825986 ], [ -116.724488, 45.826381 ], [ -116.724687, 45.826519 ], [ -116.724939, 45.826534 ], [ -116.725317, 45.826557 ], [ -116.725646, 45.826564 ], [ -116.726398, 45.826581 ], [ -116.726644, 45.826573 ], [ -116.729638, 45.826488 ], [ -116.730636, 45.82646 ], [ -116.730735, 45.826457 ], [ -116.731666, 45.826474 ], [ -116.734543, 45.826527 ], [ -116.734756, 45.826494 ], [ -116.735405, 45.826394 ], [ -116.735779, 45.826364 ], [ -116.736013, 45.826313 ], [ -116.736215, 45.826206 ], [ -116.736268, 45.826179 ], [ -116.737384, 45.825946 ], [ -116.73757, 45.825862 ], [ -116.737997, 45.82567 ], [ -116.738233, 45.825553 ], [ -116.7389, 45.825226 ], [ -116.738944, 45.825204 ], [ -116.739182, 45.82509 ], [ -116.739362, 45.825002 ], [ -116.739634, 45.824872 ], [ -116.739904, 45.824741 ], [ -116.740085, 45.824654 ], [ -116.740161, 45.824617 ], [ -116.740276, 45.824562 ], [ -116.740389, 45.824506 ], [ -116.740466, 45.82447 ], [ -116.740486, 45.82446 ], [ -116.740751, 45.824312 ], [ -116.741608, 45.823836 ], [ -116.741894, 45.823678 ], [ -116.741916, 45.823665 ], [ -116.741982, 45.823628 ], [ -116.742005, 45.823616 ], [ -116.742078, 45.82357 ], [ -116.742234, 45.823474 ], [ -116.742299, 45.823432 ], [ -116.742373, 45.823387 ], [ -116.74268, 45.823193 ], [ -116.743601, 45.822612 ], [ -116.743795, 45.822491 ], [ -116.743903, 45.82241 ], [ -116.744138, 45.822274 ], [ -116.744355, 45.822151 ], [ -116.744771, 45.821767 ], [ -116.744972, 45.821584 ], [ -116.745022, 45.821545 ], [ -116.745173, 45.821428 ], [ -116.745225, 45.821391 ], [ -116.745965, 45.821001 ], [ -116.747275, 45.820312 ], [ -116.748192, 45.819842 ], [ -116.748938, 45.819462 ], [ -116.74933, 45.819261 ], [ -116.749343, 45.819255 ], [ -116.750571, 45.818805 ], [ -116.750985, 45.818654 ], [ -116.751013, 45.818642 ], [ -116.7511, 45.818605 ], [ -116.751129, 45.818594 ], [ -116.753923, 45.817429 ], [ -116.75529, 45.81706 ], [ -116.755414, 45.817058 ], [ -116.755981, 45.817048 ], [ -116.756552, 45.817037 ], [ -116.756727, 45.816952 ], [ -116.756843, 45.816896 ], [ -116.757134, 45.816754 ], [ -116.757459, 45.816596 ], [ -116.757685, 45.816554 ], [ -116.758613, 45.816383 ], [ -116.75943, 45.816232 ], [ -116.759789, 45.816167 ], [ -116.760002, 45.816247 ], [ -116.76015, 45.816303 ], [ -116.760374, 45.816387 ], [ -116.760597, 45.816471 ], [ -116.760747, 45.816527 ], [ -116.760799, 45.816471 ], [ -116.760879, 45.816388 ], [ -116.760958, 45.816304 ], [ -116.761011, 45.816249 ], [ -116.76108, 45.816176 ], [ -116.761664, 45.816196 ], [ -116.762543, 45.816227 ], [ -116.763402, 45.81658 ], [ -116.763611, 45.816716 ], [ -116.764186, 45.817091 ], [ -116.764273, 45.817147 ], [ -116.764404, 45.817232 ], [ -116.764535, 45.817317 ], [ -116.764623, 45.817374 ], [ -116.764672, 45.817406 ], [ -116.764748, 45.817456 ], [ -116.764822, 45.817505 ], [ -116.764872, 45.817539 ], [ -116.765172, 45.817735 ], [ -116.765624, 45.81803 ], [ -116.766075, 45.818324 ], [ -116.766377, 45.818521 ], [ -116.766541, 45.818628 ], [ -116.766848, 45.818828 ], [ -116.767035, 45.818948 ], [ -116.767201, 45.819055 ], [ -116.767284, 45.819108 ], [ -116.76741, 45.819189 ], [ -116.767535, 45.819269 ], [ -116.767619, 45.819323 ], [ -116.76789, 45.819497 ], [ -116.767997, 45.819779 ], [ -116.768548, 45.820195 ], [ -116.768612, 45.820243 ], [ -116.769754, 45.820976 ], [ -116.770392, 45.821317 ], [ -116.77139, 45.821769 ], [ -116.772054, 45.82195 ], [ -116.772589, 45.822097 ], [ -116.773079, 45.822136 ], [ -116.773262, 45.822333 ], [ -116.773293, 45.822366 ], [ -116.77334, 45.822417 ], [ -116.773386, 45.822467 ], [ -116.773418, 45.822501 ], [ -116.773641, 45.822741 ], [ -116.774224, 45.823369 ], [ -116.774348, 45.823396 ], [ -116.774669, 45.823467 ], [ -116.77544, 45.823637 ], [ -116.776372, 45.823843 ], [ -116.777778, 45.824024 ], [ -116.778562, 45.824125 ], [ -116.778788, 45.824154 ], [ -116.779158, 45.824203 ], [ -116.779469, 45.824237 ], [ -116.779697, 45.824263 ], [ -116.779805, 45.82428 ], [ -116.779907, 45.824296 ], [ -116.780066, 45.824314 ], [ -116.780133, 45.824324 ], [ -116.780243, 45.824341 ], [ -116.78026, 45.824345 ], [ -116.780389, 45.824363 ], [ -116.780566, 45.824439 ], [ -116.781505, 45.824843 ], [ -116.781819, 45.824978 ], [ -116.781886, 45.825007 ], [ -116.78209, 45.825095 ], [ -116.782139, 45.825116 ], [ -116.782152, 45.825133 ], [ -116.782327, 45.825371 ], [ -116.782502, 45.825608 ], [ -116.783104, 45.82605 ], [ -116.783817, 45.826941 ], [ -116.784241, 45.827871 ], [ -116.785143, 45.828595 ], [ -116.785527, 45.828903 ], [ -116.785551, 45.828945 ], [ -116.785872, 45.829493 ], [ -116.786191, 45.829699 ], [ -116.786614, 45.83014 ], [ -116.786989, 45.830531 ], [ -116.787744, 45.831318 ], [ -116.788329, 45.831928 ], [ -116.789066, 45.833471 ], [ -116.789066, 45.834192 ], [ -116.789067, 45.834881 ], [ -116.78903, 45.835282 ], [ -116.789016, 45.835391 ], [ -116.789015, 45.835403 ], [ -116.789011, 45.835546 ], [ -116.788997, 45.83575 ], [ -116.788996, 45.835769 ], [ -116.78899, 45.835892 ], [ -116.788987, 45.835937 ], [ -116.788984, 45.836006 ], [ -116.788978, 45.836073 ], [ -116.788974, 45.836119 ], [ -116.788972, 45.836153 ], [ -116.788971, 45.836207 ], [ -116.788964, 45.836258 ], [ -116.78896, 45.836293 ], [ -116.788926, 45.836696 ], [ -116.788923, 45.836741 ], [ -116.788537, 45.837845 ], [ -116.788404, 45.838228 ], [ -116.788392, 45.838252 ], [ -116.788376, 45.83829 ], [ -116.788359, 45.838327 ], [ -116.788348, 45.838353 ], [ -116.788249, 45.838574 ], [ -116.788099, 45.83891 ], [ -116.787952, 45.839237 ], [ -116.787853, 45.839459 ], [ -116.787839, 45.839491 ], [ -116.787764, 45.839657 ], [ -116.78754, 45.840157 ], [ -116.78752, 45.840204 ], [ -116.787515, 45.840335 ], [ -116.787491, 45.840894 ], [ -116.787483, 45.841107 ], [ -116.787728, 45.842554 ], [ -116.787758, 45.842728 ], [ -116.787766, 45.843112 ], [ -116.787768, 45.843194 ], [ -116.787771, 45.843318 ], [ -116.787774, 45.843441 ], [ -116.787776, 45.843524 ], [ -116.78778, 45.843753 ], [ -116.787792, 45.844267 ], [ -116.78784, 45.844434 ], [ -116.787905, 45.844655 ], [ -116.788252, 45.845842 ], [ -116.788531, 45.846493 ], [ -116.788809, 45.847142 ], [ -116.789099, 45.847749 ], [ -116.790151, 45.849851 ], [ -116.79148, 45.851487 ], [ -116.791928, 45.852039 ], [ -116.792672, 45.853025 ], [ -116.792969, 45.85342 ], [ -116.79376, 45.854469 ], [ -116.79383, 45.854626 ], [ -116.794032, 45.855078 ], [ -116.794075, 45.855174 ], [ -116.79414, 45.855319 ], [ -116.794204, 45.855463 ], [ -116.794248, 45.85556 ], [ -116.794259, 45.855586 ], [ -116.794276, 45.855626 ], [ -116.794293, 45.855664 ], [ -116.794305, 45.855691 ], [ -116.794356, 45.855762 ], [ -116.794434, 45.85587 ], [ -116.79451, 45.855977 ], [ -116.794562, 45.856049 ], [ -116.7946, 45.856102 ], [ -116.794714, 45.856262 ], [ -116.794753, 45.856316 ], [ -116.795111, 45.856818 ], [ -116.795526, 45.857398 ], [ -116.795976, 45.858094 ], [ -116.796036, 45.858398 ], [ -116.796051, 45.858473 ], [ -116.795987, 45.85901 ], [ -116.795879, 45.859914 ], [ -116.796019, 45.860616 ], [ -116.796459, 45.861224 ], [ -116.797146, 45.861575 ], [ -116.799442, 45.862484 ], [ -116.799715, 45.862592 ], [ -116.801039, 45.863335 ], [ -116.80119, 45.863422 ], [ -116.801342, 45.863508 ], [ -116.802054, 45.86391 ], [ -116.802638, 45.864241 ], [ -116.803741, 45.864934 ], [ -116.804903, 45.865815 ], [ -116.805286, 45.866205 ], [ -116.805529, 45.866405 ], [ -116.805704, 45.866648 ], [ -116.805723, 45.866759 ], [ -116.805765, 45.86701 ], [ -116.80635, 45.867842 ], [ -116.80689, 45.868748 ], [ -116.808063, 45.870376 ], [ -116.808077, 45.870395 ], [ -116.809034, 45.871565 ], [ -116.809544, 45.872169 ], [ -116.809785, 45.87279 ], [ -116.810143, 45.8732 ], [ -116.810323, 45.873406 ], [ -116.810647, 45.873632 ], [ -116.810971, 45.874068 ], [ -116.811962, 45.874879 ], [ -116.812698, 45.87599 ], [ -116.81317, 45.87636 ], [ -116.813509, 45.876978 ], [ -116.814131, 45.877641 ], [ -116.815918, 45.878998 ], [ -116.817464, 45.879842 ], [ -116.818548, 45.880261 ], [ -116.818765, 45.880493 ], [ -116.819182, 45.880938 ], [ -116.819199, 45.880947 ], [ -116.823277, 45.882938 ], [ -116.824096, 45.883301 ], [ -116.826482, 45.884556 ], [ -116.826712, 45.884677 ], [ -116.826942, 45.884798 ], [ -116.827592, 45.88514 ], [ -116.828688, 45.885744 ], [ -116.830003, 45.886405 ], [ -116.832509, 45.887476 ], [ -116.837041, 45.889411 ], [ -116.838034, 45.889687 ], [ -116.838056, 45.889693 ], [ -116.83885, 45.890112 ], [ -116.839279, 45.890338 ], [ -116.840814, 45.890789 ], [ -116.842316, 45.891604 ], [ -116.84355, 45.892273 ], [ -116.844291, 45.8929 ], [ -116.844369, 45.892966 ], [ -116.845565, 45.894748 ], [ -116.846959, 45.896646 ], [ -116.848422, 45.898161 ], [ -116.849761, 45.899322 ], [ -116.850663, 45.899901 ], [ -116.851354, 45.900346 ], [ -116.853017, 45.901838 ], [ -116.854668, 45.902966 ], [ -116.855649, 45.903498 ], [ -116.856584, 45.903796 ], [ -116.857254, 45.904159 ], [ -116.857727, 45.904723 ], [ -116.85848, 45.905648 ], [ -116.858598, 45.905794 ], [ -116.858717, 45.90594 ], [ -116.858958, 45.906236 ], [ -116.859199, 45.906532 ], [ -116.859795, 45.907264 ], [ -116.860786, 45.908724 ], [ -116.861316, 45.909505 ], [ -116.861847, 45.910286 ], [ -116.861979, 45.910482 ], [ -116.862112, 45.910677 ], [ -116.862288, 45.910936 ], [ -116.862464, 45.911196 ], [ -116.862662, 45.911488 ], [ -116.862861, 45.91178 ], [ -116.862952, 45.911914 ], [ -116.863042, 45.912047 ], [ -116.863897, 45.913216 ], [ -116.865029, 45.914498 ], [ -116.865735, 45.915854 ], [ -116.866084, 45.91633 ], [ -116.866544, 45.916958 ], [ -116.866752, 45.917886 ], [ -116.8674, 45.91912 ], [ -116.867669, 45.919884 ], [ -116.867711, 45.920003 ], [ -116.868569, 45.922436 ], [ -116.86902, 45.923283 ], [ -116.869655, 45.923799 ], [ -116.869841, 45.924347 ], [ -116.870177, 45.925574 ], [ -116.870374, 45.926765 ], [ -116.870398, 45.926913 ], [ -116.870308, 45.929326 ], [ -116.870067, 45.930472 ], [ -116.870218, 45.931287 ], [ -116.870484, 45.932408 ], [ -116.871399, 45.934562 ], [ -116.87157, 45.93502 ], [ -116.872035, 45.936264 ], [ -116.872683, 45.937579 ], [ -116.873377, 45.938482 ], [ -116.873933, 45.939894 ], [ -116.874465, 45.940757 ], [ -116.874947, 45.941812 ], [ -116.875026, 45.941985 ], [ -116.875106, 45.942158 ], [ -116.875125, 45.9422 ], [ -116.875149, 45.942332 ], [ -116.87521, 45.94266 ], [ -116.87527, 45.942987 ], [ -116.875381, 45.943588 ], [ -116.875706, 45.945008 ], [ -116.875763, 45.945632 ], [ -116.875823, 45.946274 ], [ -116.875812, 45.946875 ], [ -116.875801, 45.947492 ], [ -116.875785, 45.947802 ], [ -116.875756, 45.948372 ], [ -116.875644, 45.948828 ], [ -116.875629, 45.948888 ], [ -116.875514, 45.949453 ], [ -116.87518, 45.949639 ], [ -116.875155, 45.949689 ], [ -116.874869, 45.950253 ], [ -116.874884, 45.950567 ], [ -116.874904, 45.950963 ], [ -116.87516, 45.952165 ], [ -116.875461, 45.953286 ], [ -116.875681, 45.95402 ], [ -116.87598, 45.954319 ], [ -116.87598, 45.95441 ], [ -116.87598, 45.954683 ], [ -116.87598, 45.954775 ], [ -116.876715, 45.95556 ], [ -116.877305, 45.956258 ], [ -116.877964, 45.957037 ], [ -116.8785, 45.957397 ], [ -116.878616, 45.957474 ], [ -116.878732, 45.957552 ], [ -116.879302, 45.957935 ], [ -116.879417, 45.95799 ], [ -116.880506, 45.958508 ], [ -116.881562, 45.958654 ], [ -116.881739, 45.958678 ], [ -116.881905, 45.958661 ], [ -116.884444, 45.958399 ], [ -116.886843, 45.958617 ], [ -116.887313, 45.958744 ], [ -116.887517, 45.958799 ], [ -116.88935, 45.959297 ], [ -116.89091, 45.96001 ], [ -116.891298, 45.960327 ], [ -116.891346, 45.960602 ], [ -116.891512, 45.961547 ], [ -116.892674, 45.963508 ], [ -116.893574, 45.965257 ], [ -116.893662, 45.965428 ], [ -116.894515, 45.96804 ], [ -116.894565, 45.968152 ], [ -116.894906, 45.968922 ], [ -116.894852, 45.969086 ], [ -116.894796, 45.969253 ], [ -116.894741, 45.96942 ], [ -116.894652, 45.969686 ], [ -116.894563, 45.969953 ], [ -116.89442, 45.970389 ], [ -116.894276, 45.970825 ], [ -116.894255, 45.970887 ], [ -116.893902, 45.971598 ], [ -116.893245, 45.972921 ], [ -116.893209, 45.973094 ], [ -116.893173, 45.973262 ], [ -116.893138, 45.97343 ], [ -116.892935, 45.974396 ], [ -116.89293, 45.974525 ], [ -116.892861, 45.976373 ], [ -116.893555, 45.977498 ], [ -116.893606, 45.97758 ], [ -116.893753, 45.977698 ], [ -116.893926, 45.977838 ], [ -116.8941, 45.977977 ], [ -116.894851, 45.978581 ], [ -116.896428, 45.979432 ], [ -116.896731, 45.979595 ], [ -116.897102, 45.980259 ], [ -116.898372, 45.981157 ], [ -116.898412, 45.981185 ], [ -116.898566, 45.981294 ], [ -116.899899, 45.982335 ], [ -116.900497, 45.982801 ], [ -116.900958, 45.982954 ], [ -116.901017, 45.982996 ], [ -116.90175, 45.983218 ], [ -116.904305, 45.984196 ], [ -116.905661, 45.984997 ], [ -116.905713, 45.985029 ], [ -116.905836, 45.985105 ], [ -116.905963, 45.9852 ], [ -116.906728, 45.985722 ], [ -116.907646, 45.986386 ], [ -116.908605, 45.987083 ], [ -116.909867, 45.98799 ], [ -116.910994, 45.988678 ], [ -116.911469, 45.989049 ], [ -116.911759, 45.98941 ], [ -116.912334, 45.990137 ], [ -116.912665, 45.990525 ], [ -116.912846, 45.990743 ], [ -116.913177, 45.991135 ], [ -116.913483, 45.99161 ], [ -116.913709, 45.992282 ], [ -116.914428, 45.9935 ], [ -116.914471, 45.993566 ], [ -116.915324, 45.994616 ], [ -116.915638, 45.994962 ], [ -116.915822, 45.995166 ] ] ] } }
]
}
