{"type":"FeatureCollection","features":[{"type":"Feature","id":"county:41001","geometry":{"type":"Polygon","coordinates":[[[-117.04624,44.74311],[-117.04422,44.74514],[-117.03955,44.74648],[-117.03827,44.74818],[-117.02942,44.7511],[-117.02,44.75102],[-117.01751,44.7529],[-117.01622,44.75557],[-117.01481,44.7566],[-117.0003,44.75608],[-116.995,44.75778],[-116.9757,44.76918],[-116.9709,44.77388],[-116.9668,44.77518],[-116.949,44.77798],[-116.9433,44.78168],[-116.9347,44.78388],[-116.93147,44.78737],[-116.9307,44.78988],[-116.9338,44.79678],[-116.9337,44.79878],[-116.9311,44.80478],[-116.9281,44.80838],[-116.9221,44.81188],[-116.90577,44.83479],[-116.90105,44.83568],[-116.90015,44.83667],[-116.90018,44.83986],[-116.89769,44.84374],[-116.89625,44.84833],[-116.89643,44.84978],[-116.89847,44.85163],[-116.89862,44.85374],[-116.8964,44.85568],[-116.88988,44.85517],[-116.88359,44.85828],[-116.87937,44.86179],[-116.87714,44.86605],[-116.86534,44.8706],[-116.86045,44.87755],[-116.85704,44.88077],[-116.85729,44.88229],[-116.85243,44.88758],[-116.85169,44.89033],[-116.85237,44.89192],[-116.85051,44.89352],[-116.84889,44.90072],[-116.84753,44.90173],[-116.84606,44.90525],[-116.84292,44.90891],[-116.84211,44.91492],[-116.83896,44.91783],[-116.83847,44.9236],[-116.83363,44.92898],[-116.83199,44.93301],[-116.8357,44.94063],[-116.84646,44.95152],[-116.84744,44.95408],[-116.85074,44.95811],[-116.85141,44.95984],[-116.85098,44.96156],[-116.84704,44.96536],[-116.84311,44.96603],[-116.83985,44.96837],[-116.83645,44.96924],[-116.82627,44.98249],[-116.82689,44.98388],[-116.83208,44.98445],[-116.83974,44.98306],[-116.84172,44.98082],[-116.84355,44.97541],[-116.84857,44.97172],[-116.85202,44.97203],[-116.85798,44.97732],[-116.85831,44.97876],[-116.85675,44.9843],[-116.84462,45.00143],[-116.84511,45.00795],[-116.84719,45.0115],[-116.84494,45.0138],[-116.8448,45.01531],[-116.84794,45.0226],[-116.84477,45.02549],[-116.84131,45.03091],[-116.82513,45.03784],[-116.82091,45.04312],[-116.81432,45.04833],[-116.80858,45.05065],[-116.80174,45.0563],[-116.79733,45.06027],[-116.79501,45.06444],[-116.79202,45.06716],[-116.79088,45.06995],[-116.78409,45.07643],[-116.78383,45.07826],[-117.02267,45.07917],[-117.02267,45.07973],[-117.20318,45.08075],[-117.56349,45.07945],[-117.56403,44.99287],[-117.7775,44.99216],[-117.77955,44.99524],[-117.78438,44.99568],[-117.78492,44.99832],[-117.78422,44.99967],[-117.78429,45.00371],[-117.77883,45.00668],[-117.77826,45.00762],[-117.77871,45.01007],[-117.78182,45.01358],[-117.79038,45.01466],[-117.79021,45.0153],[-117.79174,45.01632],[-117.79418,45.01668],[-117.79323,45.0187],[-117.79598,45.01849],[-117.79482,45.02013],[-117.79578,45.02074],[-117.79562,45.02165],[-117.79344,45.02261],[-117.7944,45.02331],[-117.79581,45.02278],[-117.79718,45.02392],[-117.79461,45.02396],[-117.79355,45.02518],[-117.79374,45.02612],[-117.79521,45.02627],[-117.79652,45.02533],[-117.79671,45.02663],[-117.79886,45.02626],[-117.79811,45.02816],[-117.79947,45.02935],[-117.80159,45.02915],[-117.80264,45.02722],[-117.80398,45.02752],[-117.80453,45.02894],[-117.80278,45.02936],[-117.80244,45.03013],[-117.80361,45.0305],[-117.80617,45.02967],[-117.80394,45.03185],[-117.80512,45.03288],[-117.80711,45.03166],[-117.80997,45.03248],[-117.81296,45.03205],[-117.81315,45.03041],[-117.81083,45.0285],[-117.81239,45.02742],[-117.81003,45.02626],[-117.81202,45.02451],[-117.81451,45.02449],[-117.81806,45.02591],[-117.82778,45.03331],[-117.82783,45.03637],[-117.83402,45.04211],[-117.83872,45.04865],[-117.84069,45.05024],[-117.8408,45.05149],[-117.83724,45.05282],[-117.83775,45.05514],[-117.84018,45.05509],[-117.84173,45.0541],[-117.84456,45.05464],[-117.84505,45.0551],[-117.84433,45.05606],[-117.84207,45.05703],[-117.84296,45.0583],[-117.84971,45.05957],[-117.85107,45.0605],[-117.85379,45.06044],[-117.85813,45.05975],[-117.85983,45.05571],[-117.86259,45.0544],[-117.86929,45.05811],[-117.87189,45.0647],[-117.87373,45.06564],[-117.87448,45.06512],[-117.87322,45.06402],[-117.87253,45.06117],[-117.88035,45.05966],[-117.88362,45.06021],[-117.88527,45.05825],[-117.88555,45.05646],[-117.88841,45.0571],[-117.8857,45.05133],[-117.88755,45.05051],[-117.88605,45.04974],[-117.89042,45.04859],[-117.89052,45.04757],[-117.89471,45.04524],[-117.89404,45.0439],[-117.89544,45.04078],[-117.89728,45.04002],[-117.89613,45.03915],[-117.89703,45.03847],[-117.89649,45.03781],[-117.9005,45.03632],[-117.90052,45.03555],[-117.9062,45.03018],[-117.91045,45.02909],[-117.91133,45.02804],[-117.91236,45.02826],[-117.9186,45.02448],[-117.92209,45.02089],[-117.9218,45.019],[-117.92723,45.01679],[-117.92957,45.01436],[-117.9316,45.01362],[-117.93393,45.01408],[-117.936,45.01254],[-117.9373,45.01277],[-117.94067,45.00921],[-117.94498,45.00667],[-117.9477,45.00658],[-117.95076,45.005],[-117.95604,45.00099],[-117.96856,44.99594],[-117.97548,44.99587],[-117.9789,44.99467],[-117.98234,44.99544],[-117.98563,44.99459],[-117.99018,44.99525],[-117.99143,44.9945],[-117.99501,44.99437],[-118.00433,44.99494],[-118.00734,44.99741],[-118.01011,44.99768],[-118.01623,45.0006],[-118.02828,45.0034],[-118.03712,45.00401],[-118.0418,45.00692],[-118.04423,45.00687],[-118.04628,45.00991],[-118.05151,45.01269],[-118.05802,45.01256],[-118.06364,45.01409],[-118.0644,45.01518],[-118.06955,45.01687],[-118.0717,45.0196],[-118.07454,45.0208],[-118.078,45.02472],[-118.0813,45.02636],[-118.08383,45.0299],[-118.08898,45.03372],[-118.08967,45.03688],[-118.09129,45.03857],[-118.09213,45.04124],[-118.09405,45.04233],[-118.09651,45.042],[-118.09882,45.04489],[-118.10066,45.04435],[-118.10266,45.0456],[-118.10804,45.0462],[-118.10927,45.04696],[-118.12041,45.04451],[-118.13031,45.04512],[-118.13773,45.04002],[-118.1382,45.03646],[-118.14118,45.03384],[-118.14048,45.0314],[-118.1419,45.02806],[-118.14942,45.02617],[-118.15492,45.02228],[-118.15468,45.02122],[-118.15578,45.02044],[-118.15508,45.01877],[-118.15915,45.01649],[-118.16143,45.01566],[-118.16448,45.01666],[-118.16864,45.01638],[-118.17272,45.01733],[-118.17522,45.01939],[-118.17687,45.01939],[-118.1793,45.01794],[-118.18353,45.01939],[-118.18643,45.01916],[-118.19459,45.01755],[-118.19592,45.01588],[-118.20023,45.0151],[-118.20219,45.01265],[-118.21418,45.00742],[-118.21426,45.0062],[-118.21246,45.00564],[-118.2134,45.00392],[-118.21262,45.00336],[-118.21246,45.00108],[-118.21356,44.99935],[-118.21277,44.99479],[-118.21473,44.99134],[-118.21363,44.98978],[-118.21982,44.98684],[-118.22076,44.98489],[-118.22053,44.98339],[-118.22319,44.98155],[-118.22421,44.97994],[-118.22374,44.97916],[-118.22515,44.97854],[-118.22562,44.97732],[-118.22742,44.97665],[-118.22805,44.97348],[-118.23157,44.97031],[-118.23274,44.96664],[-118.23134,44.96445],[-118.23243,44.96288],[-118.2322,44.96069],[-118.24514,44.96069],[-118.2435,44.95558],[-118.2446,44.95168],[-118.24364,44.9501],[-118.24501,44.94591],[-118.24456,44.94446],[-118.24161,44.9432],[-118.23756,44.9428],[-118.23386,44.94006],[-118.22966,44.9417],[-118.22345,44.93691],[-118.22637,44.9323],[-118.22768,44.92667],[-118.23134,44.92469],[-118.23213,44.92348],[-118.23149,44.92136],[-118.22779,44.91836],[-118.22942,44.91385],[-118.2374,44.90839],[-118.2348,44.90446],[-118.23628,44.8983],[-118.23146,44.89406],[-118.2324,44.89103],[-118.23022,44.88277],[-118.2249,44.87557],[-118.22798,44.8726],[-118.22746,44.86778],[-118.22818,44.86525],[-118.23727,44.86163],[-118.24477,44.86373],[-118.2538,44.86485],[-118.25824,44.86335],[-118.26779,44.86939],[-118.27464,44.86683],[-118.28274,44.86508],[-118.29011,44.86636],[-118.29615,44.86243],[-118.29461,44.85905],[-118.29486,44.8559],[-118.29357,44.85284],[-118.30676,44.84661],[-118.30682,44.84386],[-118.30925,44.84111],[-118.31872,44.83628],[-118.31554,44.83323],[-118.30828,44.83053],[-118.30892,44.82726],[-118.31129,44.82304],[-118.30895,44.82127],[-118.30733,44.82126],[-118.30746,44.81924],[-118.30457,44.81871],[-118.30181,44.81668],[-118.29575,44.81563],[-118.29478,44.80948],[-118.29667,44.80756],[-118.29815,44.80225],[-118.2978,44.80026],[-118.29646,44.79938],[-118.29836,44.79871],[-118.29952,44.79593],[-118.29426,44.78998],[-118.29339,44.78794],[-118.29409,44.78466],[-118.29212,44.78041],[-118.29015,44.77925],[-118.28499,44.773],[-118.28297,44.77176],[-118.28572,44.76774],[-118.29002,44.76508],[-118.28687,44.75979],[-118.28628,44.75712],[-118.28674,44.75432],[-118.28544,44.75097],[-118.28986,44.74987],[-118.29208,44.74739],[-118.29419,44.74656],[-118.2968,44.74696],[-118.30009,44.74603],[-118.30214,44.74751],[-118.30426,44.74757],[-118.30749,44.74495],[-118.31635,44.74399],[-118.32174,44.74151],[-118.32578,44.74162],[-118.32979,44.74358],[-118.3323,44.74247],[-118.33635,44.74261],[-118.34028,44.74417],[-118.3508,44.744],[-118.35812,44.74557],[-118.36253,44.74562],[-118.36605,44.74723],[-118.36909,44.74695],[-118.37318,44.74519],[-118.37667,44.74525],[-118.38007,44.74423],[-118.38341,44.74072],[-118.38332,44.73887],[-118.3865,44.73857],[-118.38726,44.73577],[-118.3917,44.73433],[-118.39166,44.7314],[-118.39405,44.729],[-118.39376,44.72769],[-118.39584,44.72601],[-118.40025,44.72647],[-118.4041,44.7248],[-118.41365,44.72712],[-118.41742,44.72699],[-118.41894,44.72455],[-118.41831,44.72254],[-118.42012,44.72132],[-118.41938,44.71869],[-118.42261,44.7195],[-118.42509,44.71855],[-118.43027,44.7193],[-118.43182,44.71977],[-118.43182,44.72107],[-118.43771,44.72155],[-118.44406,44.72401],[-118.45945,44.71555],[-118.46049,44.71266],[-118.46189,44.71138],[-118.4608,44.70895],[-118.46153,44.70752],[-118.46828,44.70567],[-118.47058,44.704],[-118.47343,44.70529],[-118.47692,44.7092],[-118.48817,44.71094],[-118.49318,44.71373],[-118.49816,44.71096],[-118.49977,44.70905],[-118.50665,44.70935],[-118.50971,44.70624],[-118.51304,44.70626],[-118.51654,44.70477],[-118.51818,44.70608],[-118.51944,44.70589],[-118.51897,44.70376],[-118.51632,44.70222],[-118.5179,44.69496],[-118.51765,44.69275],[-118.51874,44.69102],[-118.51399,44.68853],[-118.51096,44.67913],[-118.50721,44.67568],[-118.50715,44.67388],[-118.50444,44.66993],[-118.50433,44.66527],[-118.49916,44.66592],[-118.49281,44.66349],[-118.48871,44.66448],[-118.48214,44.66187],[-118.47732,44.66142],[-118.47353,44.65873],[-118.47273,44.65663],[-118.46422,44.65558],[-118.46065,44.6563],[-118.45606,44.6554],[-118.45314,44.65308],[-118.4514,44.65286],[-118.4467,44.65002],[-118.44179,44.65245],[-118.43818,44.65321],[-118.43681,44.65438],[-118.43234,44.65259],[-118.42875,44.65425],[-118.42517,44.65484],[-118.42233,44.6528],[-118.41798,44.64773],[-118.41411,44.64654],[-118.41293,44.64474],[-118.41103,44.6443],[-118.41,44.64279],[-118.40495,44.64144],[-118.40364,44.64139],[-118.40258,44.64338],[-118.40054,44.64356],[-118.39136,44.6431],[-118.38809,44.64155],[-118.3865,44.64267],[-118.38604,44.64442],[-118.37954,44.64645],[-118.37324,44.64563],[-118.3711,44.64348],[-118.36857,44.64304],[-118.36454,44.63982],[-118.36225,44.63977],[-118.36027,44.63797],[-118.35482,44.63926],[-118.35356,44.6356],[-118.34321,44.6312],[-118.34219,44.62666],[-118.34437,44.62502],[-118.34178,44.62134],[-118.3417,44.61897],[-118.34257,44.6179],[-118.33806,44.61249],[-118.33885,44.61098],[-118.33759,44.6095],[-118.3364,44.61001],[-118.33372,44.60837],[-118.3293,44.60877],[-118.31659,44.60386],[-118.31454,44.60161],[-118.31256,44.59755],[-118.30957,44.59546],[-118.31185,44.59225],[-118.3117,44.59118],[-118.30578,44.58881],[-118.30696,44.58605],[-118.31091,44.5834],[-118.31098,44.58103],[-118.31545,44.57771],[-118.31513,44.57589],[-118.31407,44.57504],[-118.3168,44.57275],[-118.31548,44.57066],[-118.31753,44.56959],[-118.3173,44.5679],[-118.32274,44.56417],[-118.32353,44.56237],[-118.32617,44.56119],[-118.32849,44.56378],[-118.3322,44.56511],[-118.33622,44.5644],[-118.33831,44.5671],[-118.34315,44.56277],[-118.34363,44.56023],[-118.34535,44.55988],[-118.34639,44.5587],[-118.34687,44.55622],[-118.34623,44.55498],[-118.34761,44.55365],[-118.34805,44.5517],[-118.34668,44.55036],[-118.35403,44.54629],[-118.35514,44.54437],[-118.3541,44.54272],[-118.35806,44.53958],[-118.35922,44.53604],[-118.36554,44.53811],[-118.37182,44.53081],[-118.37223,44.52864],[-118.3708,44.52622],[-118.37104,44.52379],[-118.36881,44.52125],[-118.37135,44.51906],[-118.37424,44.51404],[-118.37451,44.51209],[-118.37355,44.50875],[-118.37488,44.50766],[-118.3732,44.5064],[-118.37298,44.50491],[-118.37071,44.50324],[-118.36493,44.49459],[-118.36501,44.49137],[-118.36343,44.48822],[-118.35799,44.4845],[-118.36169,44.48044],[-118.36736,44.47858],[-118.36231,44.47407],[-118.36073,44.4717],[-118.36971,44.46594],[-118.37553,44.45912],[-118.38003,44.46228],[-118.3839,44.45924],[-118.39099,44.45704],[-118.39469,44.45788],[-118.40146,44.45699],[-118.40902,44.45259],[-118.41107,44.45287],[-118.41934,44.45677],[-118.42091,44.45507],[-118.42217,44.44898],[-118.41981,44.43946],[-118.42037,44.43844],[-118.41849,44.43228],[-118.42068,44.42818],[-118.4236,44.42621],[-118.4221,44.4235],[-118.42242,44.42175],[-118.42895,44.41674],[-118.42832,44.41172],[-118.4343,44.40687],[-118.43595,44.40135],[-118.43493,44.39943],[-118.43493,44.39745],[-118.43092,44.39869],[-118.42526,44.39864],[-118.42801,44.39615],[-118.42833,44.39413],[-118.42314,44.38978],[-118.42133,44.38578],[-118.40977,44.37862],[-118.40889,44.37291],[-118.40761,44.37084],[-118.41095,44.37304],[-118.41417,44.37349],[-118.43281,44.36914],[-118.43391,44.36755],[-118.43358,44.36489],[-118.43238,44.36285],[-118.43536,44.35612],[-118.43539,44.35491],[-118.43435,44.3539],[-118.43483,44.35341],[-118.44036,44.35094],[-118.4478,44.35072],[-118.45413,44.34858],[-118.45673,44.34643],[-118.45858,44.34034],[-118.46106,44.33655],[-118.46887,44.33458],[-118.4691,44.32552],[-118.46801,44.32182],[-118.47899,44.31541],[-118.47873,44.31305],[-118.48124,44.30952],[-118.48141,44.30663],[-118.48235,44.30454],[-118.48481,44.3023],[-118.49014,44.28949],[-118.49507,44.28855],[-118.49717,44.28434],[-118.49841,44.27854],[-118.50012,44.27706],[-118.49732,44.27704],[-118.4975,44.25525],[-118.35415,44.25538],[-118.35412,44.25682],[-118.31396,44.25715],[-118.23217,44.25734],[-118.23221,44.25613],[-118.19335,44.2562],[-118.1934,44.27071],[-118.15294,44.27068],[-118.15246,44.29951],[-118.13214,44.29948],[-118.13235,44.31431],[-118.11209,44.31427],[-118.11207,44.32875],[-118.09212,44.32873],[-118.09209,44.34321],[-118.08704,44.34318],[-118.08702,44.35765],[-118.07188,44.35756],[-118.07192,44.37201],[-118.0519,44.372],[-118.05196,44.39003],[-118.03181,44.38995],[-118.03167,44.41519],[-118.01149,44.41517],[-118.0114,44.42961],[-117.97195,44.4293],[-117.97179,44.44385],[-117.87228,44.44351],[-117.59085,44.44457],[-117.59086,44.43013],[-117.56962,44.43006],[-117.56966,44.41568],[-117.52936,44.41572],[-117.52941,44.40133],[-117.5092,44.40146],[-117.50921,44.38714],[-117.48674,44.38725],[-117.48701,44.30032],[-117.22005,44.3014],[-117.21679,44.30824],[-117.20332,44.31302],[-117.20249,44.31573],[-117.20025,44.31785],[-117.19964,44.32142],[-117.1968,44.3242],[-117.19634,44.3266],[-117.19155,44.32962],[-117.18977,44.33659],[-117.19734,44.34741],[-117.20267,44.34981],[-117.20696,44.35521],[-117.21059,44.3577],[-117.21691,44.36016],[-117.22224,44.365],[-117.22794,44.36797],[-117.23512,44.37385],[-117.23557,44.37725],[-117.23783,44.38239],[-117.24303,44.39097],[-117.24267,44.39655],[-117.23483,44.39967],[-117.22698,44.40558],[-117.22546,44.40773],[-117.22441,44.41212],[-117.22281,44.41425],[-117.22297,44.41646],[-117.21929,44.41924],[-117.21507,44.42716],[-117.21594,44.4352],[-117.21544,44.43995],[-117.21656,44.44228],[-117.21464,44.44803],[-117.21525,44.45215],[-117.21701,44.45904],[-117.22038,44.46304],[-117.22025,44.4659],[-117.22155,44.47015],[-117.22537,44.47548],[-117.22593,44.47939],[-117.22508,44.48235],[-117.2233,44.48413],[-117.21637,44.48616],[-117.20894,44.48566],[-117.20024,44.49203],[-117.19939,44.49423],[-117.19673,44.49643],[-117.19249,44.50327],[-117.19133,44.50678],[-117.19163,44.50989],[-117.18976,44.51338],[-117.18703,44.51549],[-117.18539,44.51926],[-117.18158,44.52296],[-117.17718,44.52247],[-117.17216,44.52393],[-117.16719,44.52343],[-117.16103,44.52517],[-117.15241,44.5318],[-117.14924,44.53615],[-117.14416,44.54565],[-117.14293,44.55724],[-117.14793,44.56214],[-117.14825,44.56437],[-117.14603,44.5686],[-117.14248,44.57143],[-117.13396,44.57524],[-117.12601,44.58155],[-117.12475,44.58383],[-117.12527,44.59382],[-117.1238,44.59728],[-117.12337,44.60405],[-117.12187,44.60689],[-117.12052,44.61466],[-117.1159,44.62334],[-117.11394,44.62488],[-117.11475,44.62488],[-117.10823,44.62711],[-117.09822,44.64069],[-117.09821,44.64765],[-117.09623,44.6492],[-117.09497,44.65201],[-117.09679,44.65738],[-117.09587,44.66474],[-117.09122,44.66881],[-117.08585,44.67193],[-117.0808,44.67377],[-117.07857,44.68033],[-117.08077,44.68416],[-117.08056,44.68671],[-117.07871,44.69008],[-117.07912,44.69218],[-117.07414,44.69637],[-117.07222,44.70052],[-117.06382,44.70362],[-117.0618,44.70665],[-117.06269,44.71168],[-117.06097,44.717],[-117.06045,44.72167],[-117.06227,44.72714],[-117.0583,44.73048],[-117.0502,44.73257],[-117.04818,44.73592],[-117.04782,44.74153],[-117.04624,44.74311]]]},"bbox":[-118.51944,44.25525,-116.78383,45.08075],"properties":{"divisionId":"county:41001","divisionType":"county","geoid":"41001","state":"OR","stateName":"Oregon","name":"Baker County","shortName":"Baker","label":"OR • Baker","labelPoint":[-117.6922596,44.7034632],"countyAreaSqKm":7998.691,"cameraViewshedAreaSqKm":227.307,"cameraViewshedCoveragePct":2.84}},{"type":"Feature","id":"county:41003","geometry":{"type":"Polygon","coordinates":[[[-123.45569,44.28065],[-123.37141,44.28102],[-123.37141,44.28372],[-123.18039,44.28372],[-123.18785,44.28556],[-123.19311,44.28976],[-123.19366,44.29227],[-123.18975,44.29589],[-123.19065,44.29939],[-123.19375,44.30335],[-123.1931,44.30565],[-123.19377,44.30697],[-123.19805,44.30867],[-123.21412,44.30975],[-123.21692,44.31165],[-123.2168,44.31727],[-123.21759,44.32066],[-123.21691,44.32495],[-123.2203,44.32943],[-123.22313,44.33093],[-123.22596,44.33133],[-123.23799,44.32895],[-123.24373,44.33045],[-123.24568,44.3321],[-123.24533,44.33363],[-123.24074,44.33779],[-123.23104,44.34027],[-123.22866,44.34219],[-123.22843,44.34401],[-123.23005,44.34751],[-123.2351,44.35462],[-123.23469,44.3574],[-123.22953,44.35985],[-123.22057,44.35964],[-123.21889,44.36101],[-123.21986,44.36442],[-123.22423,44.36941],[-123.23662,44.37319],[-123.24229,44.37772],[-123.24516,44.38225],[-123.24495,44.38414],[-123.24349,44.38516],[-123.23716,44.38495],[-123.23091,44.38715],[-123.22361,44.39345],[-123.22367,44.39651],[-123.22704,44.40471],[-123.22931,44.41507],[-123.2268,44.41726],[-123.22346,44.4171],[-123.21982,44.41571],[-123.21938,44.41944],[-123.22617,44.42712],[-123.22801,44.43238],[-123.2256,44.43407],[-123.20919,44.43524],[-123.20727,44.43778],[-123.20529,44.44404],[-123.21131,44.45027],[-123.21178,44.45714],[-123.21382,44.46062],[-123.21646,44.46847],[-123.21617,44.4717],[-123.21367,44.47492],[-123.21365,44.47836],[-123.21428,44.47965],[-123.22016,44.48258],[-123.22102,44.48475],[-123.21935,44.48696],[-123.21418,44.48943],[-123.21508,44.49419],[-123.21197,44.50122],[-123.21262,44.50498],[-123.21743,44.50988],[-123.22452,44.51194],[-123.22736,44.5154],[-123.23108,44.52262],[-123.23807,44.52797],[-123.24808,44.52595],[-123.25248,44.52703],[-123.25338,44.52887],[-123.25025,44.53243],[-123.24839,44.53697],[-123.24175,44.54458],[-123.24211,44.54732],[-123.2474,44.55058],[-123.26015,44.55515],[-123.26079,44.55749],[-123.25596,44.56641],[-123.25432,44.57148],[-123.25121,44.57463],[-123.22308,44.58435],[-123.2063,44.58603],[-123.19195,44.58581],[-123.18479,44.58745],[-123.18301,44.59],[-123.1832,44.59308],[-123.18416,44.59429],[-123.18719,44.59558],[-123.19143,44.5959],[-123.19701,44.59756],[-123.19836,44.59905],[-123.1984,44.60186],[-123.19714,44.60393],[-123.19519,44.60495],[-123.18392,44.60925],[-123.18291,44.61104],[-123.18318,44.61745],[-123.18182,44.619],[-123.17992,44.6199],[-123.17351,44.62018],[-123.17011,44.62267],[-123.16967,44.62454],[-123.17186,44.62779],[-123.17195,44.63122],[-123.17093,44.63421],[-123.16846,44.63569],[-123.16443,44.63751],[-123.13555,44.63786],[-123.11952,44.6409],[-123.11253,44.64059],[-123.10868,44.63926],[-123.10413,44.63933],[-123.08082,44.64543],[-123.07723,44.64721],[-123.07357,44.65049],[-123.07364,44.65733],[-123.07484,44.65937],[-123.07813,44.66214],[-123.08418,44.66529],[-123.08617,44.66814],[-123.08834,44.67424],[-123.09491,44.67603],[-123.10064,44.67596],[-123.10553,44.67476],[-123.11174,44.67483],[-123.11689,44.67697],[-123.11921,44.68208],[-123.1213,44.69135],[-123.12621,44.69601],[-123.1366,44.70218],[-123.14332,44.70831],[-123.14673,44.71284],[-123.14751,44.71705],[-123.14903,44.72022],[-123.29609,44.71978],[-123.54132,44.72127],[-123.58097,44.71941],[-123.60261,44.72115],[-123.60282,44.65116],[-123.59693,44.65114],[-123.59717,44.54946],[-123.59591,44.50374],[-123.59613,44.47745],[-123.59723,44.47745],[-123.59763,44.46932],[-123.59768,44.43311],[-123.60811,44.43367],[-123.66875,44.43294],[-123.6791,44.43393],[-123.72007,44.43337],[-123.72014,44.38951],[-123.71587,44.38949],[-123.71554,44.36046],[-123.73515,44.36035],[-123.735,44.34578],[-123.77661,44.34455],[-123.81671,44.34462],[-123.81653,44.3153],[-123.77579,44.31617],[-123.7756,44.28355],[-123.71539,44.28395],[-123.71538,44.28027],[-123.65529,44.27903],[-123.59332,44.27669],[-123.59329,44.28191],[-123.57361,44.2826],[-123.55604,44.2814],[-123.47219,44.28147],[-123.45569,44.28065]]]},"bbox":[-123.81671,44.27669,-123.07357,44.72127],"properties":{"divisionId":"county:41003","divisionType":"county","geoid":"41003","state":"OR","stateName":"Oregon","name":"Benton County","shortName":"Benton","label":"OR • Benton","labelPoint":[-123.408779,44.5130275],"countyAreaSqKm":1756.39,"cameraViewshedAreaSqKm":246.027,"cameraViewshedCoveragePct":14.01}},{"type":"Feature","id":"county:41005","geometry":{"type":"Polygon","coordinates":[[[-122.26394,45.46141],[-122.41399,45.46158],[-122.45466,45.46094],[-122.64158,45.46148],[-122.64125,45.45867],[-122.66098,45.45782],[-122.65261,45.44574],[-122.64767,45.44398],[-122.6465,45.44245],[-122.64627,45.43958],[-122.65115,45.43632],[-122.64872,45.43272],[-122.74407,45.43328],[-122.74374,45.33207],[-122.80547,45.33177],[-122.80555,45.34628],[-122.84643,45.34611],[-122.8465,45.31719],[-122.86789,45.31734],[-122.86807,45.25969],[-122.84987,45.25972],[-122.84588,45.26207],[-122.83793,45.26955],[-122.83458,45.27406],[-122.7849,45.27407],[-122.78485,45.25958],[-122.73899,45.25953],[-122.74144,45.25905],[-122.74112,45.25703],[-122.74324,45.2563],[-122.74307,45.25477],[-122.74445,45.25344],[-122.7436,45.25098],[-122.74498,45.25089],[-122.74603,45.25216],[-122.74783,45.25198],[-122.74723,45.24905],[-122.75091,45.24656],[-122.75117,45.24548],[-122.74971,45.24361],[-122.75198,45.24266],[-122.75026,45.2408],[-122.7512,45.23831],[-122.74867,45.23802],[-122.74752,45.2357],[-122.75061,45.23578],[-122.75017,45.23222],[-122.74737,45.23354],[-122.74526,45.23263],[-122.74615,45.22921],[-122.74811,45.23121],[-122.75196,45.23014],[-122.7526,45.22909],[-122.74989,45.22908],[-122.7488,45.22711],[-122.7469,45.22587],[-122.7472,45.22292],[-122.74657,45.22177],[-122.74809,45.22069],[-122.74708,45.21763],[-122.74532,45.21607],[-122.74871,45.21396],[-122.74736,45.21228],[-122.7478,45.21121],[-122.75339,45.21232],[-122.75389,45.21165],[-122.75229,45.2109],[-122.75253,45.20973],[-122.75907,45.20835],[-122.75696,45.20866],[-122.75567,45.20736],[-122.75907,45.20456],[-122.75896,45.20084],[-122.7574,45.2006],[-122.75639,45.20208],[-122.75322,45.20166],[-122.75453,45.20004],[-122.75038,45.19912],[-122.74979,45.19511],[-122.75137,45.19441],[-122.75145,45.19594],[-122.75483,45.19658],[-122.75386,45.19481],[-122.75147,45.1933],[-122.75276,45.19174],[-122.75669,45.19323],[-122.75549,45.19493],[-122.75594,45.19571],[-122.75999,45.19461],[-122.76042,45.19142],[-122.75977,45.19002],[-122.75517,45.19161],[-122.75335,45.18942],[-122.75672,45.18904],[-122.75401,45.18833],[-122.75312,45.18719],[-122.75414,45.1861],[-122.75786,45.1872],[-122.75803,45.18598],[-122.75583,45.18616],[-122.75494,45.18463],[-122.75883,45.1841],[-122.7605,45.18298],[-122.75249,45.18264],[-122.75196,45.1818],[-122.75286,45.18058],[-122.7577,45.17881],[-122.75593,45.1788],[-122.75411,45.17737],[-122.757,45.17789],[-122.75929,45.17535],[-122.75658,45.17465],[-122.75623,45.17337],[-122.76195,45.17195],[-122.75976,45.17015],[-122.76292,45.1684],[-122.7661,45.16363],[-122.76806,45.16311],[-122.76943,45.16163],[-122.77291,45.16341],[-122.77483,45.16244],[-122.77196,45.15951],[-122.77026,45.15989],[-122.77022,45.1588],[-122.77225,45.15744],[-122.77289,45.15565],[-122.77447,45.15582],[-122.77511,45.15345],[-122.77687,45.1533],[-122.77703,45.15128],[-122.77869,45.15105],[-122.77835,45.14926],[-122.77994,45.14889],[-122.77954,45.14828],[-122.78039,45.14779],[-122.77959,45.14652],[-122.78288,45.14385],[-122.78201,45.14172],[-122.78066,45.14163],[-122.78135,45.14015],[-122.78031,45.14026],[-122.77981,45.13951],[-122.78078,45.13776],[-122.78203,45.13778],[-122.7821,45.1369],[-122.78321,45.13683],[-122.78337,45.1379],[-122.78399,45.13712],[-122.78329,45.13637],[-122.78631,45.13592],[-122.78519,45.13507],[-122.78632,45.13367],[-122.78539,45.13207],[-122.78642,45.13161],[-122.78663,45.13054],[-122.78855,45.13016],[-122.78689,45.12857],[-122.78604,45.12937],[-122.78504,45.12845],[-122.78549,45.12757],[-122.78436,45.12672],[-122.78298,45.12695],[-122.78366,45.12536],[-122.78303,45.12459],[-122.78176,45.12485],[-122.78007,45.12343],[-122.7785,45.124],[-122.77822,45.12343],[-122.7791,45.12314],[-122.77766,45.12245],[-122.7769,45.12267],[-122.77745,45.12365],[-122.77588,45.12338],[-122.77572,45.12245],[-122.77694,45.12197],[-122.77431,45.12008],[-122.77577,45.11868],[-122.77409,45.11931],[-122.77347,45.11777],[-122.77049,45.11821],[-122.76708,45.11591],[-122.76736,45.11452],[-122.76521,45.11575],[-122.76554,45.11465],[-122.7643,45.11419],[-122.76518,45.11328],[-122.76467,45.11245],[-122.76379,45.11247],[-122.76394,45.11355],[-122.76317,45.11385],[-122.76233,45.11265],[-122.76077,45.1128],[-122.76047,45.11162],[-122.75725,45.11185],[-122.75568,45.11041],[-122.75344,45.11014],[-122.75251,45.10702],[-122.74991,45.10779],[-122.74875,45.10546],[-122.7502,45.10392],[-122.74922,45.10224],[-122.74643,45.10286],[-122.74562,45.09976],[-122.74445,45.09909],[-122.74343,45.09639],[-122.74035,45.09591],[-122.73916,45.09398],[-122.73727,45.09419],[-122.73294,45.09217],[-122.73221,45.09059],[-122.7298,45.08861],[-122.72968,45.08717],[-122.72561,45.08565],[-122.72534,45.08292],[-122.72355,45.0831],[-122.72226,45.08196],[-122.72249,45.08113],[-122.71971,45.0797],[-122.72108,45.07806],[-122.72083,45.07606],[-122.71778,45.07403],[-122.71775,45.07291],[-122.71875,45.07236],[-122.71715,45.06994],[-122.71376,45.06896],[-122.71179,45.06704],[-122.70742,45.06492],[-122.70727,45.06222],[-122.70467,45.06131],[-122.70503,45.05897],[-122.70083,45.05749],[-122.69544,45.0543],[-122.68709,45.05283],[-122.68129,45.0504],[-122.68171,45.04796],[-122.67873,45.04637],[-122.67335,45.04707],[-122.66974,45.04659],[-122.66608,45.04368],[-122.66254,45.03864],[-122.6588,45.03601],[-122.65358,45.03546],[-122.65046,45.03602],[-122.64916,45.03241],[-122.6452,45.03395],[-122.64364,45.03347],[-122.64317,45.03213],[-122.63974,45.03145],[-122.63394,45.0338],[-122.63108,45.03218],[-122.62768,45.02863],[-122.61953,45.02745],[-122.6163,45.02502],[-122.61168,45.02435],[-122.60866,45.02165],[-122.60248,45.02185],[-122.59573,45.01992],[-122.59583,45.01779],[-122.59477,45.01613],[-122.59564,45.01391],[-122.59346,45.01187],[-122.59472,45.00932],[-122.59314,45.0039],[-122.59468,45.00092],[-122.59381,44.99996],[-122.59437,44.99642],[-122.593,44.99519],[-122.59549,44.99278],[-122.59495,44.99089],[-122.59247,44.98887],[-122.58887,44.98963],[-122.58175,44.98843],[-122.57986,44.98598],[-122.5714,44.9852],[-122.5688,44.98374],[-122.56679,44.98163],[-122.56634,44.98021],[-122.56721,44.97863],[-122.56572,44.97757],[-122.56601,44.97658],[-122.56471,44.97486],[-122.56507,44.9739],[-122.56286,44.97321],[-122.56115,44.9714],[-122.56167,44.97066],[-122.55894,44.96716],[-122.5597,44.965],[-122.55599,44.96295],[-122.55648,44.96086],[-122.55184,44.95806],[-122.5516,44.9552],[-122.5491,44.95399],[-122.54871,44.9505],[-122.54321,44.94887],[-122.54219,44.94567],[-122.54029,44.94486],[-122.54019,44.94295],[-122.53882,44.94241],[-122.53695,44.93998],[-122.53585,44.93698],[-122.53465,44.93647],[-122.53386,44.9375],[-122.53286,44.93745],[-122.52973,44.93504],[-122.52749,44.93512],[-122.52642,44.93604],[-122.52428,44.93577],[-122.51754,44.9328],[-122.51734,44.93051],[-122.51547,44.92949],[-122.5159,44.92786],[-122.51386,44.92551],[-122.51213,44.92478],[-122.51231,44.92355],[-122.50933,44.92031],[-122.50673,44.91971],[-122.50515,44.91827],[-122.50057,44.91856],[-122.49917,44.91778],[-122.49768,44.91899],[-122.49586,44.91922],[-122.49552,44.92005],[-122.48797,44.92136],[-122.48619,44.92266],[-122.48351,44.92155],[-122.48032,44.92157],[-122.47512,44.91839],[-122.46649,44.91547],[-122.46412,44.91636],[-122.45842,44.91518],[-122.45359,44.91158],[-122.45052,44.91065],[-122.44737,44.90855],[-122.44552,44.90611],[-122.44149,44.90396],[-122.43965,44.90407],[-122.43737,44.90289],[-122.43519,44.9033],[-122.42968,44.90203],[-122.42253,44.90422],[-122.4128,44.90408],[-122.41026,44.90319],[-122.40774,44.90501],[-122.40166,44.9038],[-122.39955,44.90408],[-122.39585,44.90187],[-122.39435,44.89911],[-122.39452,44.89688],[-122.39346,44.89566],[-122.39447,44.89359],[-122.3932,44.8918],[-122.39411,44.89025],[-122.40102,44.88572],[-121.73422,44.88572],[-121.73525,44.88847],[-121.7344,44.88931],[-121.72821,44.89135],[-121.72452,44.89537],[-121.71701,44.89814],[-121.71533,44.90068],[-121.71456,44.90613],[-121.723,44.90631],[-121.72899,44.90481],[-121.7473,44.91464],[-121.7476,44.91668],[-121.74438,44.92035],[-121.74544,44.92304],[-121.74845,44.92754],[-121.75412,44.93204],[-121.76332,44.94171],[-121.76653,44.94172],[-121.77224,44.93984],[-121.77378,44.93821],[-121.77977,44.93515],[-121.7834,44.93564],[-121.79054,44.93471],[-121.79559,44.93603],[-121.79613,44.93743],[-121.78674,44.94522],[-121.78561,44.94741],[-121.78559,44.95038],[-121.78779,44.95477],[-121.79193,44.95734],[-121.79603,44.97049],[-121.7985,44.97317],[-121.79868,44.97496],[-121.80013,44.97645],[-121.80334,44.9771],[-121.80162,44.98274],[-121.80347,44.99217],[-121.80255,44.99539],[-121.80316,44.99961],[-121.80572,45.00673],[-121.80492,45.01238],[-121.79815,45.01615],[-121.79254,45.01746],[-121.78456,45.01513],[-121.78118,45.01572],[-121.7814,45.02082],[-121.7788,45.02624],[-121.77967,45.03165],[-121.78185,45.03403],[-121.77991,45.03514],[-121.77836,45.0376],[-121.76882,45.03989],[-121.75285,45.03653],[-121.75145,45.03484],[-121.74944,45.0341],[-121.74112,45.03444],[-121.73839,45.03348],[-121.73062,45.03618],[-121.71938,45.03707],[-121.71699,45.03821],[-121.7188,45.03949],[-121.71898,45.04232],[-121.72241,45.0441],[-121.72235,45.04602],[-121.71081,45.05591],[-121.69831,45.05931],[-121.69716,45.06215],[-121.6934,45.06365],[-121.6893,45.06675],[-121.68035,45.06811],[-121.65871,45.06636],[-121.66052,45.07006],[-121.66083,45.07526],[-121.65984,45.07919],[-121.65164,45.08755],[-121.6515,45.0906],[-121.65331,45.09858],[-121.65264,45.10199],[-121.65387,45.10285],[-121.6586,45.10351],[-121.66166,45.10543],[-121.66242,45.10759],[-121.66238,45.11335],[-121.66288,45.11446],[-121.66469,45.11517],[-121.66638,45.1203],[-121.68501,45.12369],[-121.68778,45.12247],[-121.69088,45.11806],[-121.69339,45.11693],[-121.69507,45.11739],[-121.69967,45.12179],[-121.69865,45.12379],[-121.70021,45.12707],[-121.70618,45.13159],[-121.70805,45.13406],[-121.7084,45.13727],[-121.71029,45.14039],[-121.7102,45.14873],[-121.7116,45.15282],[-121.71572,45.15404],[-121.71929,45.15719],[-121.72528,45.15934],[-121.72801,45.16311],[-121.72986,45.16981],[-121.73202,45.17091],[-121.7334,45.17491],[-121.73651,45.17631],[-121.73964,45.18164],[-121.74645,45.18635],[-121.74865,45.1918],[-121.74906,45.19756],[-121.74782,45.20557],[-121.74184,45.20676],[-121.73708,45.20635],[-121.73492,45.20896],[-121.72946,45.21177],[-121.71464,45.21123],[-121.71193,45.21375],[-121.71052,45.21847],[-121.70925,45.21998],[-121.70359,45.2233],[-121.69945,45.22405],[-121.69768,45.22739],[-121.69111,45.22956],[-121.68508,45.22841],[-121.68256,45.22893],[-121.68447,45.23037],[-121.68639,45.23429],[-121.6853,45.23587],[-121.68479,45.24007],[-121.68154,45.24349],[-121.68246,45.2472],[-121.6809,45.25058],[-121.68888,45.25112],[-121.69188,45.25414],[-121.69641,45.25536],[-121.69673,45.25615],[-121.69503,45.26386],[-121.69109,45.27047],[-121.69049,45.27585],[-121.68898,45.27626],[-121.68729,45.27971],[-121.68503,45.2818],[-121.68456,45.28626],[-121.68,45.29002],[-121.67989,45.29267],[-121.68087,45.29461],[-121.67923,45.2959],[-121.67908,45.29718],[-121.68795,45.30503],[-121.68726,45.30632],[-121.68877,45.30948],[-121.69088,45.31818],[-121.69381,45.32135],[-121.69847,45.32358],[-121.70326,45.33127],[-121.70218,45.33383],[-121.70296,45.33454],[-121.70359,45.33896],[-121.70449,45.33902],[-121.70479,45.34046],[-121.70425,45.34457],[-121.7033,45.34625],[-121.70355,45.34902],[-121.70196,45.35187],[-121.70123,45.35617],[-121.70214,45.36339],[-121.70084,45.36443],[-121.7007,45.36681],[-121.69915,45.36851],[-121.70011,45.37036],[-121.69756,45.37196],[-121.69693,45.37348],[-121.69811,45.37384],[-121.69999,45.37631],[-121.70114,45.37935],[-121.70553,45.38355],[-121.70858,45.38362],[-121.72071,45.38927],[-121.72419,45.39365],[-121.73507,45.39566],[-121.73951,45.39741],[-121.74462,45.39726],[-121.76224,45.40288],[-121.76614,45.40343],[-121.77291,45.40239],[-121.7763,45.40278],[-121.78563,45.41216],[-121.78933,45.41465],[-121.79302,45.41545],[-121.79354,45.41841],[-121.79463,45.41931],[-121.79408,45.42051],[-121.79462,45.42465],[-121.79589,45.42672],[-121.79968,45.42785],[-121.80229,45.43167],[-121.8069,45.43529],[-121.80694,45.44049],[-121.80791,45.44256],[-121.80651,45.44258],[-121.80559,45.44373],[-121.80758,45.44898],[-121.80754,45.45008],[-121.80598,45.45183],[-121.80684,45.45465],[-121.81171,45.45593],[-121.81547,45.45966],[-121.81959,45.46168],[-121.82196,45.46167],[-121.82196,45.46023],[-121.9826,45.46023],[-121.98315,45.4614],[-122.00419,45.46153],[-122.08598,45.46108],[-122.08598,45.46058],[-122.12654,45.4613],[-122.12654,45.46004],[-122.14721,45.46083],[-122.26394,45.46141]]]},"bbox":[-122.86807,44.88572,-121.6515,45.46168],"properties":{"divisionId":"county:41005","divisionType":"county","geoid":"41005","state":"OR","stateName":"Oregon","name":"Clackamas County","shortName":"Clackamas","label":"OR • Clackamas","labelPoint":[-122.1951274,45.1604934],"countyAreaSqKm":4875.456,"cameraViewshedAreaSqKm":513.705,"cameraViewshedCoveragePct":10.54}},{"type":"Feature","id":"county:41007","geometry":{"type":"Polygon","coordinates":[[[-123.6623,45.77466],[-123.48509,45.77566],[-123.48513,45.78002],[-123.36162,45.77958],[-123.36079,45.80817],[-123.35883,45.83666],[-123.36063,45.86659],[-123.36001,45.92512],[-123.36057,45.95353],[-123.35934,45.9854],[-123.35961,46.03937],[-123.36744,46.03953],[-123.36535,46.08357],[-123.36571,46.09834],[-123.36402,46.12726],[-123.36374,46.14633],[-123.37143,46.14637],[-123.37952,46.15099],[-123.3904,46.15443],[-123.43099,46.18157],[-123.42763,46.22935],[-123.44759,46.24983],[-123.46874,46.26453],[-123.47484,46.26783],[-123.47964,46.26913],[-123.50125,46.27101],[-123.52639,46.2634],[-123.53809,46.26061],[-123.55048,46.25877],[-123.58695,46.25589],[-123.64877,46.2588],[-123.68812,46.2501],[-123.74145,46.26915],[-123.77936,46.25388],[-123.81514,46.24983],[-123.87187,46.23495],[-123.93048,46.23881],[-123.94654,46.24982],[-123.95762,46.26016],[-123.97335,46.2685],[-123.98599,46.27276],[-124.00362,46.27471],[-124.00585,46.27679],[-124.00514,46.27769],[-124.00967,46.28322],[-124.01488,46.29317],[-124.02488,46.2991],[-124.03013,46.29875],[-124.0356,46.29684],[-124.03887,46.28456],[-124.03664,46.28007],[-124.03376,46.27732],[-124.03355,46.27591],[-124.03364,46.2744],[-124.03568,46.27147],[-124.03492,46.26484],[-124.03595,46.26418],[-124.15955,46.26113],[-124.14703,46.22886],[-124.13788,46.21624],[-124.12626,46.2051],[-124.12342,46.20273],[-124.11128,46.1959],[-124.10374,46.19311],[-124.08852,46.18788],[-124.06731,46.18385],[-124.06437,46.17962],[-124.05845,46.17383],[-124.04835,46.16036],[-124.04662,46.15626],[-124.04319,46.1513],[-124.03413,46.13452],[-124.02903,46.12748],[-124.02828,46.12482],[-124.02306,46.11627],[-124.01367,46.09289],[-124.01156,46.08487],[-124.0098,46.08197],[-124.00827,46.07429],[-124.00513,46.05738],[-124.00278,46.02754],[-124.00679,46.01785],[-124.00812,46.00994],[-124.01917,46.00379],[-124.02288,45.99983],[-124.03954,45.98594],[-124.05118,45.98301],[-124.06236,45.97859],[-124.07082,45.97394],[-124.0849,45.96014],[-124.08991,45.9505],[-124.09192,45.94345],[-124.09243,45.93426],[-124.09057,45.92575],[-124.08651,45.91633],[-124.08016,45.90826],[-124.06642,45.89812],[-124.05656,45.89384],[-124.04582,45.8906],[-124.04335,45.88709],[-124.04344,45.88024],[-124.04192,45.87318],[-124.04328,45.86031],[-124.042,45.84855],[-124.0377,45.84161],[-124.05139,45.82684],[-124.05565,45.81649],[-124.05603,45.80657],[-124.05412,45.79753],[-124.06206,45.78974],[-124.06545,45.78305],[-123.71984,45.78322],[-123.72,45.77308],[-123.6623,45.77466]]]},"bbox":[-124.15955,45.77308,-123.35883,46.2991],"properties":{"divisionId":"county:41007","divisionType":"county","geoid":"41007","state":"OR","stateName":"Oregon","name":"Clatsop County","shortName":"Clatsop","label":"OR • Clatsop","labelPoint":[-123.7050366,46.0245094],"countyAreaSqKm":2806.031,"cameraViewshedAreaSqKm":1.017,"cameraViewshedCoveragePct":0.04}},{"type":"Feature","id":"county:41009","geometry":{"type":"Polygon","coordinates":[[[-122.81122,45.91386],[-122.80619,45.93242],[-122.814,45.96098],[-122.83764,45.98082],[-122.85616,46.01447],[-122.87809,46.03128],[-122.88448,46.06028],[-122.90412,46.08373],[-122.96268,46.10482],[-123.00423,46.13382],[-123.00944,46.13604],[-123.02215,46.13911],[-123.03382,46.14434],[-123.0413,46.14635],[-123.05106,46.1536],[-123.10659,46.17831],[-123.1159,46.18527],[-123.16642,46.18898],[-123.21305,46.17254],[-123.22667,46.16584],[-123.24203,46.16097],[-123.25123,46.15645],[-123.25761,46.15484],[-123.26352,46.15134],[-123.28017,46.14484],[-123.30103,46.14463],[-123.33944,46.14623],[-123.3464,46.14506],[-123.36374,46.14633],[-123.36402,46.12726],[-123.36571,46.09834],[-123.36535,46.08357],[-123.36744,46.03953],[-123.35961,46.03937],[-123.35934,45.9854],[-123.36057,45.95353],[-123.36001,45.92512],[-123.36063,45.86659],[-123.35883,45.83666],[-123.36079,45.80817],[-123.36162,45.77958],[-123.3213,45.78021],[-123.12208,45.78015],[-123.03087,45.77916],[-123.03184,45.75142],[-122.99034,45.75084],[-122.99037,45.73646],[-122.9289,45.73569],[-122.92915,45.72148],[-122.78474,45.72095],[-122.78466,45.72865],[-122.76244,45.72866],[-122.76011,45.73441],[-122.76145,45.75916],[-122.76953,45.78058],[-122.79561,45.81],[-122.79596,45.82502],[-122.7857,45.84422],[-122.78496,45.86817],[-122.79809,45.88433],[-122.8115,45.91272],[-122.81122,45.91386]]]},"bbox":[-123.36744,45.72095,-122.76011,46.18898],"properties":{"divisionId":"county:41009","divisionType":"county","geoid":"41009","state":"OR","stateName":"Oregon","name":"Columbia County","shortName":"Columbia","label":"OR • Columbia","labelPoint":[-123.081079,45.941932],"countyAreaSqKm":1784.342,"cameraViewshedAreaSqKm":57.563,"cameraViewshedCoveragePct":3.23}},{"type":"Feature","id":"county:41011","geometry":{"type":"Polygon","coordinates":[[[-124.32871,43.49983],[-124.34384,43.46501],[-124.35147,43.45425],[-124.3558,43.44607],[-124.36032,43.43432],[-124.38027,43.40285],[-124.38755,43.39962],[-124.39219,43.39654],[-124.4078,43.3937],[-124.42564,43.38589],[-124.43194,43.38105],[-124.43805,43.37483],[-124.43954,43.37483],[-124.44108,43.37288],[-124.4467,43.35816],[-124.46142,43.35012],[-124.47164,43.33915],[-124.47695,43.32937],[-124.4779,43.32389],[-124.47709,43.31051],[-124.478,43.30346],[-124.47671,43.29413],[-124.47485,43.28857],[-124.46367,43.27475],[-124.4555,43.26823],[-124.46188,43.26186],[-124.46501,43.25747],[-124.47033,43.2455],[-124.4712,43.23804],[-124.47001,43.22867],[-124.47126,43.21951],[-124.46945,43.20831],[-124.46524,43.20031],[-124.47112,43.19019],[-124.47582,43.17886],[-124.48161,43.15944],[-124.49393,43.15354],[-124.50123,43.14816],[-124.50882,43.13943],[-124.51492,43.12748],[-124.51584,43.12483],[-124.51502,43.1145],[-124.51596,43.11156],[-124.51636,43.10254],[-124.51442,43.09426],[-124.5092,43.08541],[-124.5096,43.08131],[-124.50793,43.0733],[-124.50533,43.06795],[-124.50787,43.06007],[-124.51275,43.05022],[-124.51585,43.0399],[-124.52499,43.01642],[-124.53299,42.99983],[-124.53061,42.99983],[-124.54517,42.97074],[-124.55237,42.95431],[-124.43424,42.95369],[-124.41542,42.95377],[-124.41539,42.95523],[-124.25839,42.95495],[-124.25827,42.95115],[-124.25347,42.95131],[-124.25332,42.94381],[-124.24378,42.9443],[-124.24387,42.94065],[-124.23913,42.94095],[-124.23939,42.93375],[-124.21962,42.93378],[-124.21942,42.91816],[-124.20971,42.91823],[-124.20952,42.91112],[-124.21439,42.91114],[-124.2142,42.90401],[-124.20454,42.90393],[-124.20453,42.90033],[-124.19972,42.90027],[-124.19969,42.89666],[-124.18998,42.8967],[-124.18991,42.89303],[-124.18529,42.89305],[-124.18531,42.88592],[-124.18071,42.886],[-124.1807,42.88245],[-124.16131,42.8835],[-124.16098,42.87664],[-124.16207,42.86973],[-124.15663,42.86964],[-124.15649,42.8658],[-124.15121,42.86581],[-124.15124,42.86207],[-124.14638,42.86208],[-124.14634,42.85051],[-124.14147,42.85059],[-124.14119,42.82848],[-124.16066,42.82829],[-124.16015,42.81776],[-124.16489,42.81783],[-124.16422,42.80404],[-124.16489,42.79001],[-124.16016,42.79009],[-124.15997,42.73995],[-124.13866,42.73996],[-124.13875,42.67111],[-124.13293,42.67112],[-124.13292,42.6667],[-124.12805,42.66668],[-124.12807,42.67112],[-124.11923,42.67113],[-124.1192,42.67834],[-124.08987,42.67821],[-124.08987,42.68545],[-123.99629,42.68565],[-123.9963,42.7001],[-123.97668,42.70012],[-123.97663,42.71456],[-123.95699,42.71457],[-123.95703,42.72905],[-123.93729,42.7291],[-123.93727,42.73967],[-123.92594,42.73971],[-123.92572,42.77451],[-123.86849,42.77484],[-123.86828,42.78192],[-123.84989,42.78182],[-123.84986,42.78899],[-123.81155,42.78884],[-123.81179,42.8241],[-123.82044,42.82411],[-123.8191,42.88011],[-123.8195,42.90966],[-123.82052,42.90968],[-123.82151,42.92448],[-123.82112,42.99629],[-123.76159,42.99632],[-123.76133,43.08316],[-123.70706,43.08346],[-123.70706,43.08707],[-123.70214,43.08708],[-123.70217,43.17059],[-123.70366,43.17058],[-123.70475,43.25774],[-123.76436,43.25805],[-123.7645,43.3448],[-123.76229,43.35142],[-123.76198,43.35875],[-123.7628,43.388],[-123.76153,43.42229],[-123.76488,43.43155],[-123.81761,43.43131],[-123.81666,43.51645],[-123.87563,43.51595],[-123.8757,43.60841],[-124.06297,43.60964],[-124.10077,43.61124],[-124.29024,43.61096],[-124.29677,43.58596],[-124.30303,43.56809],[-124.3296,43.49983],[-124.32871,43.49983]]]},"bbox":[-124.55237,42.66668,-123.70214,43.61124],"properties":{"divisionId":"county:41011","divisionType":"county","geoid":"41011","state":"OR","stateName":"Oregon","name":"Coos County","shortName":"Coos","label":"OR • Coos","labelPoint":[-124.0941335,43.1859095],"countyAreaSqKm":4678.075,"cameraViewshedAreaSqKm":12.781,"cameraViewshedCoveragePct":0.27}},{"type":"Feature","id":"county:41013","geometry":{"type":"Polygon","coordinates":[[[-120.10117,44.43821],[-120.3452,44.43739],[-120.38607,44.43608],[-120.38578,44.47662],[-120.38719,44.47662],[-120.38656,44.56401],[-120.50185,44.56289],[-120.82756,44.56279],[-120.8269,44.4765],[-120.98882,44.47648],[-120.98837,44.39027],[-121.10753,44.3906],[-121.10854,44.21852],[-121.10294,44.21849],[-121.10277,44.13812],[-120.98727,44.13403],[-120.98659,43.96085],[-120.86853,43.95816],[-120.74825,43.95731],[-120.74785,43.87133],[-120.62807,43.87137],[-120.49867,43.87261],[-120.37874,43.87236],[-120.37811,43.78543],[-120.25839,43.7853],[-120.25778,43.69876],[-120.23793,43.69738],[-119.77753,43.69796],[-119.7754,43.95909],[-119.65718,43.95892],[-119.65706,44.18756],[-119.65684,44.22028],[-119.65499,44.22028],[-119.65552,44.30705],[-119.8174,44.30758],[-119.899,44.30662],[-119.8998,44.33638],[-119.89928,44.38957],[-119.99089,44.38888],[-120.02071,44.38969],[-120.02162,44.43879],[-120.10117,44.43821]]]},"bbox":[-121.10854,43.69738,-119.65499,44.56401],"properties":{"divisionId":"county:41013","divisionType":"county","geoid":"41013","state":"OR","stateName":"Oregon","name":"Crook County","shortName":"Crook","label":"OR • Crook","labelPoint":[-120.3715849,44.1630537],"countyAreaSqKm":7736.716,"cameraViewshedAreaSqKm":1093.547,"cameraViewshedCoveragePct":14.13}},{"type":"Feature","id":"county:41015","geometry":{"type":"Polygon","coordinates":[[[-124.70354,42.77037],[-124.70299,42.76173],[-124.70034,42.75253],[-124.69913,42.74983],[-124.69827,42.74983],[-124.69071,42.73825],[-124.68241,42.73019],[-124.67623,42.72599],[-124.66464,42.72048],[-124.65273,42.71726],[-124.64213,42.71611],[-124.6302,42.71629],[-124.62062,42.71766],[-124.60941,42.71654],[-124.60162,42.71663],[-124.58469,42.7193],[-124.57929,42.71207],[-124.57552,42.70929],[-124.57176,42.70361],[-124.56123,42.69276],[-124.5531,42.68771],[-124.54413,42.68382],[-124.54743,42.6724],[-124.54723,42.66507],[-124.54572,42.65717],[-124.54369,42.65402],[-124.54059,42.64449],[-124.53031,42.63228],[-124.51865,42.62483],[-124.51955,42.62483],[-124.50849,42.61956],[-124.49255,42.61541],[-124.47355,42.61473],[-124.47291,42.61075],[-124.47618,42.60336],[-124.4764,42.59907],[-124.47994,42.59148],[-124.48084,42.58158],[-124.47942,42.57395],[-124.47407,42.5628],[-124.46535,42.55303],[-124.46789,42.55082],[-124.47922,42.54764],[-124.48984,42.5429],[-124.50122,42.53539],[-124.51217,42.52434],[-124.5154,42.51926],[-124.51869,42.51108],[-124.53523,42.50491],[-124.54431,42.49983],[-124.54752,42.49983],[-124.55465,42.49414],[-124.56089,42.48759],[-124.56722,42.47779],[-124.57044,42.46338],[-124.56951,42.45459],[-124.56535,42.44356],[-124.56176,42.43828],[-124.55581,42.43249],[-124.54966,42.42206],[-124.5427,42.41525],[-124.52709,42.40555],[-124.51414,42.40086],[-124.50431,42.39917],[-124.49415,42.39609],[-124.4987,42.38645],[-124.50084,42.37483],[-124.49935,42.36095],[-124.49662,42.35219],[-124.49112,42.34298],[-124.48654,42.33828],[-124.4905,42.33325],[-124.49407,42.32588],[-124.49534,42.31565],[-124.49412,42.30177],[-124.49274,42.29601],[-124.49033,42.29065],[-124.48479,42.28324],[-124.47826,42.278],[-124.48217,42.26821],[-124.48588,42.24747],[-124.48426,42.23269],[-124.48203,42.2241],[-124.47136,42.20372],[-124.46331,42.19499],[-124.45712,42.19005],[-124.45196,42.18784],[-124.44737,42.1815],[-124.44123,42.1767],[-124.43663,42.16844],[-124.43351,42.16483],[-124.43452,42.16206],[-124.43533,42.14986],[-124.43438,42.14327],[-124.43293,42.1395],[-124.43342,42.13747],[-124.43246,42.13185],[-124.42886,42.12286],[-124.42599,42.11791],[-124.42441,42.10695],[-124.42065,42.09816],[-124.41975,42.08529],[-124.41627,42.07485],[-124.40931,42.06408],[-124.40481,42.05943],[-124.39725,42.05349],[-124.39035,42.05017],[-124.38619,42.04236],[-124.37505,42.02923],[-124.36092,42.02035],[-124.34917,42.01639],[-124.3466,42.01078],[-124.34288,42.00658],[-124.33866,42.00326],[-124.32883,41.99833],[-124.2116,41.99846],[-124.05771,41.99635],[-123.82204,41.99558],[-123.81816,41.99879],[-123.82872,42.00235],[-123.8293,42.00495],[-123.8275,42.00653],[-123.82662,42.00915],[-123.82973,42.01134],[-123.83329,42.01204],[-123.83859,42.0153],[-123.8401,42.01874],[-123.83754,42.02031],[-123.83653,42.02401],[-123.83757,42.02734],[-123.8361,42.02919],[-123.84172,42.03138],[-123.84447,42.03336],[-123.84474,42.03558],[-123.84776,42.04014],[-123.84915,42.04434],[-123.8485,42.04665],[-123.84315,42.04896],[-123.84068,42.05183],[-123.84012,42.0555],[-123.83857,42.05762],[-123.8413,42.05875],[-123.84137,42.05968],[-123.83648,42.06246],[-123.83414,42.06257],[-123.83417,42.066],[-123.83189,42.06809],[-123.82977,42.06847],[-123.82738,42.07207],[-123.82811,42.07368],[-123.82692,42.0748],[-123.8271,42.07749],[-123.82488,42.08444],[-123.82251,42.08532],[-123.82199,42.0872],[-123.82572,42.09319],[-123.82953,42.09728],[-123.83215,42.10791],[-123.83669,42.10962],[-123.84016,42.11678],[-123.84015,42.11929],[-123.83883,42.12259],[-123.83924,42.12467],[-123.84222,42.1256],[-123.84591,42.12512],[-123.85018,42.12694],[-123.85464,42.13027],[-123.85558,42.13277],[-123.85855,42.13512],[-123.85591,42.13832],[-123.85557,42.14139],[-123.85338,42.1436],[-123.84953,42.14582],[-123.84412,42.14675],[-123.84287,42.14967],[-123.84005,42.15302],[-123.83685,42.15438],[-123.82768,42.15586],[-123.82631,42.15751],[-123.82391,42.15766],[-123.82161,42.16023],[-123.82084,42.16303],[-123.81573,42.16605],[-123.8126,42.16965],[-123.81479,42.17046],[-123.81509,42.17412],[-123.8132,42.17824],[-123.8135,42.18399],[-123.81632,42.18544],[-123.81719,42.18822],[-123.82129,42.18985],[-123.82086,42.19127],[-123.82153,42.19396],[-123.82041,42.1955],[-123.82047,42.19897],[-123.81892,42.2036],[-123.81578,42.20414],[-123.81389,42.20573],[-123.81212,42.21358],[-123.8088,42.21696],[-123.80759,42.21731],[-123.80091,42.21579],[-123.79637,42.22009],[-123.79314,42.22111],[-123.79052,42.2203],[-123.79304,42.22487],[-123.79297,42.22948],[-123.794,42.23116],[-123.79238,42.2341],[-123.79218,42.23763],[-123.79689,42.23758],[-123.79962,42.2402],[-123.80405,42.23951],[-123.80594,42.24118],[-123.80942,42.24149],[-123.81218,42.24379],[-123.81002,42.24811],[-123.81199,42.2535],[-123.81382,42.2548],[-123.81467,42.25674],[-123.81487,42.26242],[-123.817,42.264],[-123.82247,42.26456],[-123.82382,42.26869],[-123.82616,42.27097],[-123.82548,42.27644],[-123.83268,42.28299],[-123.83296,42.28562],[-123.83834,42.28837],[-123.83653,42.29083],[-123.83788,42.29469],[-123.84356,42.29851],[-123.84731,42.29922],[-123.84713,42.30425],[-123.8395,42.3122],[-123.84548,42.31617],[-123.84567,42.31851],[-123.84905,42.31912],[-123.85129,42.32058],[-123.85385,42.32074],[-123.85765,42.31869],[-123.85986,42.31854],[-123.86312,42.32015],[-123.86451,42.32176],[-123.86958,42.3228],[-123.87146,42.3248],[-123.87169,42.32735],[-123.87318,42.32763],[-123.87482,42.32973],[-123.8769,42.33087],[-123.87634,42.33317],[-123.87905,42.33554],[-123.87785,42.34485],[-123.87949,42.34578],[-123.88432,42.34595],[-123.88435,42.3476],[-123.88803,42.35145],[-123.89265,42.35329],[-123.89946,42.34937],[-123.90365,42.34931],[-123.90701,42.34764],[-123.91044,42.34788],[-123.91502,42.34671],[-123.92041,42.34647],[-123.92567,42.35188],[-123.93321,42.35434],[-123.93467,42.35576],[-123.93531,42.35983],[-123.93654,42.36163],[-123.94959,42.35654],[-123.95603,42.35787],[-123.96204,42.35665],[-123.96666,42.35774],[-123.97001,42.35732],[-123.97973,42.35878],[-123.98338,42.35827],[-123.98632,42.35941],[-123.9924,42.35767],[-123.99623,42.35861],[-124.01193,42.35857],[-124.01729,42.3597],[-124.02035,42.36169],[-124.02196,42.36166],[-124.02707,42.35922],[-124.03629,42.37021],[-124.03617,42.37439],[-124.035,42.37588],[-124.03533,42.37761],[-124.03727,42.38052],[-124.03726,42.38267],[-124.04158,42.38591],[-124.04198,42.38766],[-124.03884,42.38884],[-124.03739,42.39156],[-124.0373,42.39391],[-124.03618,42.39495],[-124.03703,42.39583],[-124.0358,42.39637],[-124.03683,42.39873],[-124.03553,42.40217],[-124.03231,42.40328],[-124.02888,42.40311],[-124.026,42.40753],[-124.02199,42.40784],[-124.0206,42.40993],[-124.01766,42.41083],[-124.01614,42.41222],[-124.01306,42.41271],[-124.01167,42.41617],[-124.00863,42.41962],[-124.00922,42.4214],[-124.01121,42.42192],[-124.0129,42.42364],[-124.00942,42.42649],[-124.00926,42.42746],[-124.01366,42.43071],[-124.01478,42.43336],[-124.00932,42.44154],[-124.00289,42.44353],[-124.0018,42.4447],[-124.00185,42.44602],[-124.00377,42.44808],[-124.00448,42.45115],[-124.00154,42.4534],[-124.00116,42.45465],[-124.00544,42.45857],[-124.00575,42.46124],[-124.0024,42.46302],[-124.00098,42.46628],[-124.00289,42.47159],[-124.00147,42.47929],[-124.00225,42.48466],[-124.00686,42.48883],[-124.01154,42.48963],[-124.01051,42.49394],[-124.00862,42.49622],[-124.0012,42.49688],[-123.99749,42.50069],[-123.99541,42.50081],[-123.99327,42.49941],[-123.98883,42.50197],[-123.98769,42.50154],[-123.9862,42.49823],[-123.98144,42.49717],[-123.9777,42.49758],[-123.97259,42.4953],[-123.9693,42.49597],[-123.96767,42.4973],[-123.96313,42.49753],[-123.96118,42.49882],[-123.95745,42.49831],[-123.94444,42.50144],[-123.93709,42.50049],[-123.93395,42.49641],[-123.9297,42.49631],[-123.92851,42.49466],[-123.91932,42.49474],[-123.91781,42.49583],[-123.91544,42.49546],[-123.9108,42.49743],[-123.90773,42.49697],[-123.90372,42.49946],[-123.90061,42.49842],[-123.89582,42.49891],[-123.89407,42.50001],[-123.89056,42.50057],[-123.88898,42.50277],[-123.88575,42.50423],[-123.88626,42.50566],[-123.8849,42.50628],[-123.88527,42.50809],[-123.88014,42.50959],[-123.88031,42.51159],[-123.87945,42.51229],[-123.87516,42.51324],[-123.87702,42.51571],[-123.876,42.51695],[-123.87922,42.52205],[-123.87856,42.52451],[-123.87568,42.52619],[-123.8758,42.52821],[-123.87455,42.52868],[-123.87508,42.53018],[-123.87071,42.5342],[-123.8712,42.53516],[-123.86841,42.53634],[-123.86599,42.53877],[-123.86536,42.54199],[-123.86217,42.54317],[-123.85949,42.54677],[-123.8548,42.54974],[-123.85522,42.55179],[-123.85917,42.55588],[-123.86099,42.56035],[-123.85958,42.56203],[-123.8601,42.56338],[-123.85891,42.56396],[-123.85748,42.56633],[-123.85564,42.56723],[-123.85347,42.56966],[-123.85346,42.57094],[-123.85004,42.57458],[-123.84952,42.57954],[-123.85018,42.58197],[-123.84956,42.58372],[-123.84655,42.58626],[-123.84142,42.58772],[-123.84076,42.58903],[-123.83032,42.59507],[-123.83069,42.5969],[-123.82895,42.60011],[-123.82852,42.60629],[-123.82188,42.60892],[-123.8194,42.61245],[-123.81897,42.61493],[-123.82153,42.61974],[-123.82736,42.62469],[-123.83169,42.6258],[-123.83126,42.63231],[-123.77367,42.70088],[-123.77383,42.70286],[-123.7725,42.70441],[-123.76855,42.70586],[-123.76949,42.70732],[-123.76913,42.70806],[-123.76688,42.70911],[-123.7645,42.71361],[-123.75922,42.71774],[-123.75512,42.72447],[-123.75478,42.72593],[-123.7563,42.72911],[-123.75481,42.73128],[-123.75537,42.73201],[-123.75367,42.73333],[-123.75386,42.73475],[-123.7496,42.74195],[-123.74578,42.7441],[-123.74418,42.74661],[-123.74209,42.74776],[-123.7375,42.75312],[-123.73794,42.75729],[-123.73518,42.76284],[-123.73539,42.76481],[-123.73408,42.76604],[-123.73302,42.76895],[-123.73015,42.77094],[-123.72887,42.77337],[-123.72243,42.77514],[-123.72034,42.77719],[-123.72034,42.78091],[-123.71649,42.78406],[-123.71649,42.78538],[-123.72319,42.78395],[-123.72756,42.78117],[-123.73232,42.78013],[-123.73574,42.78252],[-123.74009,42.78334],[-123.74173,42.78655],[-123.74349,42.78797],[-123.75133,42.78775],[-123.75397,42.78956],[-123.75742,42.79013],[-123.76148,42.79239],[-123.76402,42.79206],[-123.76995,42.79457],[-123.77383,42.79753],[-123.77804,42.79767],[-123.7833,42.79943],[-123.7913,42.79753],[-123.80155,42.7887],[-123.80583,42.78704],[-123.81155,42.78821],[-123.81155,42.78884],[-123.84986,42.78899],[-123.84989,42.78182],[-123.86828,42.78192],[-123.86849,42.77484],[-123.92572,42.77451],[-123.92594,42.73971],[-123.93727,42.73967],[-123.93729,42.7291],[-123.95703,42.72905],[-123.95699,42.71457],[-123.97663,42.71456],[-123.97668,42.70012],[-123.9963,42.7001],[-123.99629,42.68565],[-124.08987,42.68545],[-124.08987,42.67821],[-124.1192,42.67834],[-124.11923,42.67113],[-124.12807,42.67112],[-124.12805,42.66668],[-124.13292,42.6667],[-124.13293,42.67112],[-124.13875,42.67111],[-124.13866,42.73996],[-124.15997,42.73995],[-124.16016,42.79009],[-124.16489,42.79001],[-124.16422,42.80404],[-124.16489,42.81783],[-124.16015,42.81776],[-124.16066,42.82829],[-124.14119,42.82848],[-124.14147,42.85059],[-124.14634,42.85051],[-124.14638,42.86208],[-124.15124,42.86207],[-124.15121,42.86581],[-124.15649,42.8658],[-124.15663,42.86964],[-124.16207,42.86973],[-124.16098,42.87664],[-124.16131,42.8835],[-124.1807,42.88245],[-124.18071,42.886],[-124.18531,42.88592],[-124.18529,42.89305],[-124.18991,42.89303],[-124.18998,42.8967],[-124.19969,42.89666],[-124.19972,42.90027],[-124.20453,42.90033],[-124.20454,42.90393],[-124.2142,42.90401],[-124.21439,42.91114],[-124.20952,42.91112],[-124.20971,42.91823],[-124.21942,42.91816],[-124.21962,42.93378],[-124.23939,42.93375],[-124.23913,42.94095],[-124.24387,42.94065],[-124.24378,42.9443],[-124.25332,42.94381],[-124.25347,42.95131],[-124.25827,42.95115],[-124.25839,42.95495],[-124.41539,42.95523],[-124.41542,42.95377],[-124.43424,42.95369],[-124.55237,42.95431],[-124.55351,42.95171],[-124.55897,42.94556],[-124.56475,42.93302],[-124.56789,42.93039],[-124.57235,42.92251],[-124.59183,42.91471],[-124.60686,42.90352],[-124.61596,42.89288],[-124.62051,42.88302],[-124.62213,42.8772],[-124.62623,42.87579],[-124.6387,42.86742],[-124.64515,42.86189],[-124.65246,42.85069],[-124.65512,42.84002],[-124.66059,42.8365],[-124.67176,42.82558],[-124.67792,42.81432],[-124.67996,42.80905],[-124.68063,42.80425],[-124.69128,42.79635],[-124.69581,42.79113],[-124.70028,42.78403],[-124.70266,42.77674],[-124.70354,42.77037]]]},"bbox":[-124.70354,41.99558,-123.71649,42.95523],"properties":{"divisionId":"county:41015","divisionType":"county","geoid":"41015","state":"OR","stateName":"Oregon","name":"Curry County","shortName":"Curry","label":"OR • Curry","labelPoint":[-124.2109292,42.4664387],"countyAreaSqKm":5151.164,"cameraViewshedAreaSqKm":434.229,"cameraViewshedCoveragePct":8.43}},{"type":"Feature","id":"county:41017","geometry":{"type":"Polygon","coordinates":[[[-121.10279,44.17139],[-121.10294,44.21849],[-121.10854,44.21852],[-121.10753,44.3906],[-121.22929,44.39065],[-121.2293,44.39304],[-121.23451,44.39307],[-121.47329,44.39346],[-121.636,44.39241],[-121.66589,44.39334],[-121.75623,44.39348],[-121.84314,44.39263],[-121.84391,44.39103],[-121.84316,44.38909],[-121.84647,44.38561],[-121.84368,44.38307],[-121.84538,44.37983],[-121.84462,44.37656],[-121.84185,44.37272],[-121.84453,44.37106],[-121.84599,44.36687],[-121.8437,44.36553],[-121.84241,44.36177],[-121.83738,44.35828],[-121.8368,44.35673],[-121.83942,44.35436],[-121.84392,44.34619],[-121.84344,44.34214],[-121.83939,44.33849],[-121.83761,44.33402],[-121.83956,44.32752],[-121.83828,44.32443],[-121.84079,44.3206],[-121.83875,44.31248],[-121.84033,44.31014],[-121.84044,44.30822],[-121.83834,44.30711],[-121.83719,44.30301],[-121.83867,44.30039],[-121.83834,44.29847],[-121.84111,44.28946],[-121.84059,44.28795],[-121.84135,44.28565],[-121.83677,44.28684],[-121.82912,44.28498],[-121.82538,44.28329],[-121.82447,44.27988],[-121.82489,44.27421],[-121.82202,44.27139],[-121.82003,44.26773],[-121.81992,44.26608],[-121.81868,44.26493],[-121.81917,44.26195],[-121.814,44.26024],[-121.80935,44.26046],[-121.8003,44.25938],[-121.79746,44.25461],[-121.78965,44.24933],[-121.78913,44.24774],[-121.79046,44.24546],[-121.78781,44.24076],[-121.78766,44.23498],[-121.78542,44.2309],[-121.78575,44.22924],[-121.78378,44.22582],[-121.78024,44.22461],[-121.77823,44.22148],[-121.77791,44.21888],[-121.77871,44.21754],[-121.78474,44.21527],[-121.78525,44.2126],[-121.78345,44.20943],[-121.78538,44.20884],[-121.78563,44.20781],[-121.78394,44.20559],[-121.78161,44.20533],[-121.78258,44.20301],[-121.78059,44.20182],[-121.78217,44.1985],[-121.78121,44.19654],[-121.78151,44.19481],[-121.7791,44.19425],[-121.77749,44.19204],[-121.77411,44.19049],[-121.77443,44.18763],[-121.77345,44.18537],[-121.77971,44.17536],[-121.77836,44.17258],[-121.7732,44.16949],[-121.77156,44.16716],[-121.77291,44.1648],[-121.77243,44.16353],[-121.77623,44.16005],[-121.77888,44.16074],[-121.78202,44.15976],[-121.78113,44.15831],[-121.78092,44.15538],[-121.78342,44.15432],[-121.78314,44.15175],[-121.78426,44.14809],[-121.78292,44.14642],[-121.77923,44.14507],[-121.77273,44.13983],[-121.77306,44.1335],[-121.77124,44.13084],[-121.77165,44.12676],[-121.77061,44.12554],[-121.77136,44.12342],[-121.76807,44.11524],[-121.76845,44.11205],[-121.77008,44.10848],[-121.76907,44.10159],[-121.77159,44.09902],[-121.77256,44.09086],[-121.77338,44.08969],[-121.77678,44.08854],[-121.77709,44.08514],[-121.77939,44.08235],[-121.77963,44.08023],[-121.78933,44.07489],[-121.78946,44.07261],[-121.79247,44.06968],[-121.7965,44.06166],[-121.80044,44.0587],[-121.80009,44.05774],[-121.80151,44.05684],[-121.80245,44.05237],[-121.81267,44.05315],[-121.81444,44.05282],[-121.8157,44.0512],[-121.81941,44.05162],[-121.82091,44.04855],[-121.8238,44.0456],[-121.82966,44.04154],[-121.83222,44.0416],[-121.83431,44.04015],[-121.83519,44.03702],[-121.83287,44.03575],[-121.83238,44.03291],[-121.8291,44.03074],[-121.82804,44.02916],[-121.82795,44.02621],[-121.82516,44.02261],[-121.82538,44.01943],[-121.82276,44.01576],[-121.82203,44.01166],[-121.8243,44.00807],[-121.82453,44.00422],[-121.8271,43.99759],[-121.8294,43.99431],[-121.8334,43.99142],[-121.83136,43.99057],[-121.83061,43.98934],[-121.82826,43.98888],[-121.83245,43.9873],[-121.83574,43.9871],[-121.83679,43.98598],[-121.83596,43.98475],[-121.83728,43.98265],[-121.84314,43.97907],[-121.84509,43.97624],[-121.84511,43.97502],[-121.84262,43.97287],[-121.83646,43.97144],[-121.84299,43.96888],[-121.84539,43.96718],[-121.85352,43.96658],[-121.85684,43.96536],[-121.85971,43.96153],[-121.85998,43.95851],[-121.85789,43.95474],[-121.85972,43.9532],[-121.85802,43.95125],[-121.85817,43.94878],[-121.85926,43.94706],[-121.85805,43.94532],[-121.86093,43.94305],[-121.86142,43.93876],[-121.86239,43.93732],[-121.86166,43.93542],[-121.86534,43.93232],[-121.86481,43.93001],[-121.86649,43.92579],[-121.86807,43.92405],[-121.87021,43.92353],[-121.86546,43.92022],[-121.86678,43.91688],[-121.86838,43.91584],[-121.86797,43.9148],[-121.86914,43.91206],[-121.8716,43.91168],[-121.8769,43.90784],[-121.89067,43.90837],[-121.89257,43.9109],[-121.89467,43.91085],[-121.89839,43.91227],[-121.90007,43.91502],[-121.90148,43.9159],[-121.90432,43.91486],[-121.90586,43.91336],[-121.90787,43.91388],[-121.91159,43.91233],[-121.91361,43.91292],[-121.9164,43.91231],[-121.9168,43.91149],[-121.9198,43.91138],[-121.92378,43.90848],[-121.92821,43.90918],[-121.93032,43.90635],[-121.93584,43.90404],[-121.93961,43.90094],[-121.93161,43.89914],[-121.9312,43.89783],[-121.93242,43.89421],[-121.94233,43.88626],[-121.94521,43.88206],[-121.95246,43.87786],[-121.95283,43.87678],[-121.95139,43.87555],[-121.95128,43.87428],[-121.95296,43.87168],[-121.95647,43.87008],[-121.9575,43.86855],[-121.95974,43.86801],[-121.96169,43.86506],[-121.96543,43.86576],[-121.96855,43.86455],[-121.97293,43.86116],[-121.97288,43.85935],[-121.97511,43.85757],[-121.97548,43.85203],[-121.9749,43.85124],[-121.97617,43.84848],[-121.97614,43.84625],[-121.97465,43.84391],[-121.9744,43.84128],[-121.97519,43.83999],[-121.97506,43.83621],[-121.97636,43.83429],[-121.97715,43.83121],[-121.97667,43.83048],[-121.9778,43.82853],[-121.97622,43.82755],[-121.97438,43.82935],[-121.97358,43.82906],[-121.97476,43.82122],[-121.97428,43.81742],[-121.97546,43.81177],[-121.96907,43.81309],[-121.96362,43.8095],[-121.96492,43.80731],[-121.9644,43.80395],[-121.96838,43.80098],[-121.96717,43.79368],[-121.96757,43.78823],[-121.96619,43.78471],[-121.96403,43.78263],[-121.96051,43.78124],[-121.96254,43.77872],[-121.9661,43.77736],[-121.96889,43.77475],[-121.96953,43.7685],[-121.96849,43.76682],[-121.96552,43.76518],[-121.96088,43.76392],[-121.96356,43.76252],[-121.96709,43.7597],[-121.96816,43.75777],[-121.97012,43.75683],[-121.97199,43.75298],[-121.96996,43.75103],[-121.97414,43.75036],[-121.97435,43.74855],[-121.97549,43.74715],[-121.98117,43.74337],[-121.97965,43.73908],[-121.97517,43.73584],[-121.97557,43.73358],[-121.97363,43.73115],[-121.97826,43.72445],[-121.977,43.72239],[-121.97582,43.72187],[-121.97313,43.71582],[-121.97463,43.71403],[-121.97514,43.71181],[-121.97461,43.70858],[-121.97228,43.70532],[-121.96778,43.70457],[-121.96688,43.70337],[-121.96783,43.70141],[-121.97291,43.69639],[-121.97349,43.69141],[-121.97612,43.6903],[-121.97822,43.68802],[-121.97957,43.68377],[-121.97932,43.68082],[-121.98083,43.67608],[-121.98076,43.67384],[-121.98448,43.66777],[-121.98452,43.66571],[-121.98572,43.66425],[-121.98627,43.66136],[-121.98572,43.65629],[-121.98707,43.65444],[-121.98563,43.65253],[-121.98244,43.64438],[-121.98062,43.64254],[-121.98051,43.63969],[-121.97847,43.6374],[-121.97406,43.63516],[-121.97294,43.6325],[-121.96952,43.62984],[-121.96836,43.62772],[-121.9657,43.62779],[-121.96492,43.62705],[-121.97804,43.62561],[-121.99065,43.62577],[-121.99636,43.62705],[-121.99914,43.62668],[-122.00046,43.62594],[-122.00162,43.62253],[-122.00236,43.6155],[-120.97497,43.61744],[-120.97496,43.61538],[-120.37775,43.61595],[-120.37771,43.61149],[-119.89658,43.61116],[-119.89743,43.6982],[-120.23793,43.69738],[-120.25778,43.69876],[-120.25839,43.7853],[-120.37811,43.78543],[-120.37874,43.87236],[-120.49867,43.87261],[-120.62807,43.87137],[-120.74785,43.87133],[-120.74825,43.95731],[-120.86853,43.95816],[-120.98659,43.96085],[-120.98727,44.13403],[-121.10277,44.13812],[-121.10279,44.17139]]]},"bbox":[-122.00236,43.61116,-119.89658,44.39348],"properties":{"divisionId":"county:41017","divisionType":"county","geoid":"41017","state":"OR","stateName":"Oregon","name":"Deschutes County","shortName":"Deschutes","label":"OR • Deschutes","labelPoint":[-121.2255751,43.9151181],"countyAreaSqKm":7903.858,"cameraViewshedAreaSqKm":2310.143,"cameraViewshedCoveragePct":29.23}},{"type":"Feature","id":"county:41019","geometry":{"type":"Polygon","coordinates":[[[-122.28262,43.05627],[-122.28259,43.06772],[-122.07626,43.06774],[-122.08045,43.06977],[-122.0835,43.06995],[-122.08581,43.07194],[-122.08936,43.07265],[-122.09349,43.07581],[-122.09349,43.08047],[-122.09174,43.08424],[-122.09213,43.08684],[-122.08905,43.09046],[-122.08696,43.09148],[-122.08868,43.09483],[-122.08639,43.09684],[-122.08679,43.10023],[-122.08296,43.10338],[-122.08345,43.10864],[-122.07988,43.11591],[-122.07716,43.11794],[-122.07566,43.12592],[-122.072,43.12944],[-122.06819,43.13147],[-122.06518,43.1357],[-122.06415,43.14255],[-122.06714,43.1496],[-122.06587,43.1511],[-122.06628,43.15276],[-122.06298,43.15316],[-122.05362,43.15781],[-122.05431,43.16208],[-122.05223,43.16531],[-122.05464,43.16875],[-122.05388,43.1729],[-122.05132,43.17661],[-122.04806,43.17889],[-122.04553,43.1831],[-122.04458,43.18676],[-122.04144,43.18819],[-122.03897,43.19131],[-122.04092,43.1979],[-122.03362,43.20696],[-122.03965,43.2141],[-122.04075,43.21802],[-122.03905,43.21854],[-122.03734,43.2175],[-122.02786,43.22],[-122.02483,43.222],[-122.02323,43.22458],[-122.01927,43.22673],[-122.01588,43.2269],[-122.01376,43.232],[-122.01159,43.2343],[-122.00225,43.23453],[-121.99962,43.23859],[-121.99669,43.24011],[-121.99648,43.24262],[-121.99252,43.24894],[-121.99274,43.25115],[-121.98518,43.25735],[-121.9742,43.26169],[-121.97639,43.2623],[-121.98055,43.26518],[-121.9839,43.27039],[-121.98457,43.27353],[-121.9864,43.27473],[-121.98805,43.27793],[-121.99451,43.28044],[-122.00133,43.2817],[-122.00626,43.28597],[-122.00765,43.28823],[-122.00953,43.29434],[-122.00853,43.29605],[-122.00908,43.29877],[-122.00847,43.30118],[-122.00541,43.30265],[-122.00316,43.30472],[-122.00183,43.30731],[-121.99929,43.30899],[-122.00211,43.31293],[-122.00626,43.31587],[-122.01269,43.31825],[-122.01326,43.32131],[-122.01594,43.32415],[-122.0156,43.32546],[-122.00923,43.33193],[-122.00943,43.33476],[-122.00821,43.33737],[-122.01014,43.34026],[-122.01079,43.34268],[-122.0104,43.3447],[-122.01216,43.34565],[-122.01374,43.34843],[-122.01797,43.35274],[-122.01974,43.35737],[-122.022,43.36009],[-122.0218,43.36204],[-122.02528,43.36191],[-122.03369,43.35665],[-122.02916,43.36315],[-122.02996,43.36456],[-122.03268,43.36607],[-122.03437,43.36888],[-122.04221,43.37224],[-122.04458,43.37526],[-122.04983,43.37813],[-122.05243,43.38061],[-122.05622,43.38146],[-122.05744,43.38436],[-122.05923,43.38622],[-122.05973,43.38934],[-122.06227,43.39268],[-122.06271,43.39478],[-122.05922,43.39856],[-122.0571,43.39965],[-122.06065,43.4009],[-122.06361,43.40633],[-122.07105,43.40852],[-122.08125,43.41447],[-122.08315,43.4184],[-122.08587,43.41951],[-122.08468,43.42258],[-122.08804,43.42365],[-122.09039,43.42558],[-122.09158,43.42882],[-122.09341,43.42928],[-122.09666,43.4253],[-122.09995,43.42594],[-122.1016,43.42508],[-122.10229,43.42581],[-122.10191,43.42836],[-122.10644,43.4298],[-122.11177,43.42909],[-122.11396,43.43135],[-122.11789,43.43223],[-122.12058,43.4354],[-122.12391,43.43466],[-122.13242,43.43627],[-122.13333,43.43729],[-122.13178,43.4394],[-122.13203,43.44022],[-122.27065,43.44001],[-122.27067,43.44163],[-122.49047,43.44148],[-122.50844,43.44127],[-122.50844,43.44023],[-122.62291,43.44026],[-122.62295,43.43846],[-122.74172,43.43739],[-122.74184,43.54465],[-122.78152,43.54391],[-122.84169,43.54493],[-122.89277,43.54488],[-122.9124,43.54389],[-122.93253,43.54436],[-122.98762,43.54099],[-122.98763,43.53899],[-123.10769,43.54001],[-123.10732,43.60589],[-123.13721,43.60591],[-123.13801,43.75061],[-123.13732,43.77967],[-123.34825,43.78017],[-123.3482,43.80921],[-123.38796,43.80887],[-123.41143,43.80988],[-123.47037,43.81006],[-123.47025,43.83118],[-123.52915,43.83006],[-123.52901,43.86833],[-123.57978,43.86829],[-123.57958,43.89113],[-123.61957,43.89167],[-123.61901,43.92112],[-123.65891,43.92167],[-123.65877,43.93647],[-123.70382,43.9374],[-123.7038,43.94432],[-123.75871,43.94388],[-123.827,43.94484],[-123.82704,43.94305],[-123.83198,43.94308],[-123.83212,43.93599],[-123.83707,43.93598],[-123.83714,43.93246],[-123.84206,43.93243],[-123.84214,43.92888],[-123.84706,43.92882],[-123.8474,43.92466],[-123.85227,43.92468],[-123.8526,43.92055],[-123.86238,43.92066],[-123.86269,43.91656],[-123.8724,43.91673],[-123.87267,43.91266],[-123.87749,43.91275],[-123.87775,43.90863],[-123.88255,43.90871],[-123.8828,43.90458],[-123.8972,43.90471],[-123.89741,43.90051],[-123.9022,43.90051],[-123.90239,43.89628],[-123.92592,43.89848],[-123.92548,43.86595],[-123.93471,43.86601],[-123.94653,43.87169],[-123.94629,43.86268],[-123.96592,43.86304],[-123.98581,43.862],[-124.00594,43.863],[-124.02578,43.86222],[-124.06459,43.86228],[-124.06461,43.86421],[-124.10409,43.86329],[-124.23018,43.86372],[-124.24366,43.79166],[-124.26571,43.70156],[-124.27154,43.69684],[-124.27964,43.68715],[-124.2853,43.67273],[-124.28576,43.66412],[-124.28493,43.65987],[-124.28033,43.64839],[-124.29024,43.61096],[-124.10077,43.61124],[-124.06297,43.60964],[-123.8757,43.60841],[-123.87563,43.51595],[-123.81666,43.51645],[-123.81761,43.43131],[-123.76488,43.43155],[-123.76153,43.42229],[-123.7628,43.388],[-123.76198,43.35875],[-123.76229,43.35142],[-123.7645,43.3448],[-123.76436,43.25805],[-123.70475,43.25774],[-123.70366,43.17058],[-123.70217,43.17059],[-123.70214,43.08708],[-123.70706,43.08707],[-123.70706,43.08346],[-123.76133,43.08316],[-123.76159,42.99632],[-123.82112,42.99629],[-123.82151,42.92448],[-123.82052,42.90968],[-123.8195,42.90966],[-123.8191,42.88011],[-123.82044,42.82411],[-123.81179,42.8241],[-123.81155,42.78821],[-123.80698,42.78698],[-123.80373,42.78754],[-123.79511,42.7937],[-123.7913,42.79753],[-123.78259,42.79945],[-123.77804,42.79767],[-123.77383,42.79753],[-123.76995,42.79457],[-123.76402,42.79206],[-123.76148,42.79239],[-123.75742,42.79013],[-123.75397,42.78956],[-123.75172,42.78786],[-123.74349,42.78797],[-123.74173,42.78655],[-123.74009,42.78334],[-123.73574,42.78252],[-123.73232,42.78013],[-123.72756,42.78117],[-123.72319,42.78395],[-123.71649,42.78538],[-123.7165,42.73966],[-123.69684,42.73959],[-123.697,42.75391],[-123.68709,42.75379],[-123.68708,42.75027],[-123.67721,42.75015],[-123.67728,42.73968],[-123.5817,42.73992],[-123.58186,42.73215],[-123.57181,42.7321],[-123.57173,42.73572],[-123.56678,42.73569],[-123.56704,42.72483],[-123.56209,42.7248],[-123.56217,42.71757],[-123.54243,42.71712],[-123.54254,42.70983],[-123.49441,42.70918],[-123.4943,42.70225],[-123.46526,42.70294],[-123.46527,42.6993],[-123.4553,42.69941],[-123.45521,42.70298],[-123.44546,42.70302],[-123.44492,42.71112],[-123.42569,42.71104],[-123.42572,42.71448],[-123.4063,42.71397],[-123.40634,42.71029],[-123.4014,42.7103],[-123.4013,42.72496],[-123.37167,42.72496],[-123.37158,42.73948],[-123.36665,42.73947],[-123.36667,42.73219],[-123.32859,42.73175],[-123.32863,42.72825],[-123.30916,42.72841],[-123.3092,42.73206],[-123.27428,42.73203],[-123.27426,42.72471],[-123.24933,42.7244],[-123.24921,42.70242],[-123.22962,42.70261],[-123.22963,42.70996],[-123.21039,42.70998],[-123.20991,42.71716],[-123.20042,42.71724],[-123.20042,42.72447],[-123.1905,42.72449],[-123.19046,42.7317],[-123.18055,42.73165],[-123.18051,42.73777],[-123.15202,42.73772],[-123.15223,42.75583],[-123.11265,42.75575],[-123.11269,42.75222],[-123.00976,42.75214],[-123.00974,42.75941],[-122.99006,42.75954],[-122.99003,42.76095],[-122.97049,42.76095],[-122.97083,42.76812],[-122.95119,42.76755],[-122.9512,42.77477],[-122.85294,42.7746],[-122.85371,42.78177],[-122.81441,42.78051],[-122.79478,42.77822],[-122.79481,42.79272],[-122.78549,42.79271],[-122.78491,42.80684],[-122.77504,42.80683],[-122.77522,42.8288],[-122.75608,42.82869],[-122.75603,42.82319],[-122.73637,42.8235],[-122.73633,42.83766],[-122.7167,42.83767],[-122.71666,42.85211],[-122.69701,42.8521],[-122.69702,42.86657],[-122.6772,42.8666],[-122.67718,42.88108],[-122.6377,42.88114],[-122.63781,42.89699],[-122.60025,42.89569],[-122.6002,42.91107],[-122.58009,42.9108],[-122.58005,42.92465],[-122.5603,42.92469],[-122.56027,42.93919],[-122.46022,42.93987],[-122.46021,42.95437],[-122.44051,42.95442],[-122.44054,42.96892],[-122.42086,42.96893],[-122.42084,42.98344],[-122.40108,42.98346],[-122.40103,42.99663],[-122.28273,42.9965],[-122.28262,43.05627]]]},"bbox":[-124.29024,42.6993,-121.9742,43.94484],"properties":{"divisionId":"county:41019","divisionType":"county","geoid":"41019","state":"OR","stateName":"Oregon","name":"Douglas County","shortName":"Douglas","label":"OR • Douglas","labelPoint":[-123.154476,43.2863277],"countyAreaSqKm":13295.04,"cameraViewshedAreaSqKm":716.637,"cameraViewshedCoveragePct":5.39}},{"type":"Feature","id":"county:41021","geometry":{"type":"Polygon","coordinates":[[[-120.6535,45.73718],[-120.64937,45.73295],[-120.64937,45.73025],[-120.64617,45.72615],[-120.64637,45.72425],[-120.64367,45.72235],[-120.63937,45.72085],[-120.63587,45.72155],[-120.63167,45.72065],[-120.62447,45.72205],[-120.61857,45.72145],[-120.60997,45.71585],[-120.60547,45.71395],[-120.60347,45.70705],[-120.60377,45.70475],[-120.60197,45.70255],[-120.58607,45.70155],[-120.58337,45.70005],[-120.57667,45.69835],[-120.57427,45.69605],[-120.56946,45.69375],[-120.56746,45.69065],[-120.56657,45.68555],[-120.55826,45.68165],[-120.55646,45.67945],[-120.55206,45.67755],[-120.55116,45.67255],[-120.54736,45.66905],[-120.53667,45.67172],[-120.52981,45.67172],[-120.52092,45.66738],[-120.51019,45.66512],[-120.49981,45.65628],[-120.49713,45.65548],[-120.49385,45.65615],[-120.48934,45.65555],[-120.48862,45.65463],[-120.48935,45.65198],[-120.49219,45.64939],[-120.49152,45.64542],[-120.49223,45.64384],[-120.49005,45.64321],[-120.48516,45.64517],[-120.47947,45.64486],[-120.47834,45.64202],[-120.47876,45.6398],[-120.48352,45.63912],[-120.48619,45.63766],[-120.48645,45.63651],[-120.48396,45.63464],[-120.48104,45.63418],[-120.4793,45.63305],[-120.47787,45.63089],[-120.47748,45.62775],[-120.47028,45.62524],[-120.4701,45.62236],[-120.46828,45.61947],[-120.4657,45.61941],[-120.45746,45.62202],[-120.45216,45.62586],[-120.44959,45.62658],[-120.44422,45.62703],[-120.44054,45.62611],[-120.4383,45.62285],[-120.44461,45.61801],[-120.44652,45.61476],[-120.44425,45.60745],[-120.43889,45.60237],[-120.43269,45.59844],[-120.42678,45.59716],[-120.422,45.5976],[-120.41519,45.5969],[-120.4117,45.59607],[-120.40999,45.59435],[-120.40898,45.58905],[-120.40905,45.58322],[-120.40591,45.57792],[-120.40258,45.5696],[-120.40258,45.56705],[-120.40712,45.5631],[-120.40766,45.55975],[-120.40679,45.55745],[-120.40211,45.55564],[-120.40109,45.55405],[-120.39307,45.552],[-120.38831,45.54872],[-120.38594,45.5465],[-120.38458,45.54153],[-120.38091,45.53833],[-120.37747,45.53754],[-120.36685,45.53761],[-120.36043,45.53562],[-120.35799,45.53398],[-120.3578,45.53146],[-120.35924,45.53036],[-120.36861,45.53142],[-120.37214,45.53064],[-120.37579,45.52838],[-120.38049,45.52373],[-120.38014,45.52045],[-120.37784,45.51817],[-120.36591,45.51472],[-120.36052,45.50945],[-120.3601,45.5068],[-120.36496,45.49725],[-120.36646,45.49595],[-120.37776,45.49295],[-120.38699,45.49686],[-120.40556,45.49745],[-120.42258,45.50051],[-120.42686,45.49795],[-120.42606,45.49395],[-120.42336,45.49195],[-120.42426,45.48605],[-120.42326,45.48365],[-120.42056,45.48285],[-120.41286,45.48255],[-120.41106,45.48185],[-120.41026,45.48055],[-120.40702,45.47315],[-120.40995,45.47033],[-120.42145,45.46802],[-120.42478,45.4701],[-120.43748,45.47487],[-120.44659,45.48369],[-120.45091,45.48538],[-120.45441,45.48519],[-120.46229,45.47881],[-120.47276,45.47615],[-120.47756,45.47265],[-120.48123,45.47198],[-120.48386,45.47025],[-120.49036,45.46895],[-120.49476,45.46625],[-120.49596,45.46475],[-120.49346,45.46265],[-120.48636,45.46175],[-120.48286,45.46005],[-120.48176,45.45815],[-120.48156,45.45655],[-120.48246,45.45585],[-120.48986,45.45365],[-120.49456,45.45125],[-120.49686,45.44695],[-120.49606,45.44405],[-120.48986,45.44315],[-120.4841,45.44048],[-120.48298,45.43897],[-120.48346,45.43605],[-120.48466,45.43485],[-120.48676,45.43435],[-120.50116,45.434],[-120.50586,45.43175],[-120.50616,45.42855],[-120.50496,45.42775],[-120.49406,45.42825],[-120.49056,45.42755],[-120.48596,45.42455],[-120.48296,45.42055],[-120.48926,45.41685],[-120.49576,45.41865],[-120.50116,45.41875],[-120.50266,45.41725],[-120.50626,45.40775],[-120.50796,45.40575],[-120.51376,45.40435],[-120.51986,45.40545],[-120.52506,45.40525],[-120.52756,45.40345],[-120.52866,45.40125],[-120.52866,45.40035],[-120.51966,45.39655],[-120.51846,45.39465],[-120.52346,45.38845],[-120.53016,45.38545],[-120.53206,45.38325],[-120.53236,45.38125],[-120.52976,45.38045],[-120.52166,45.38195],[-120.51516,45.38115],[-120.51306,45.38035],[-120.51266,45.37825],[-120.51316,45.37685],[-120.51496,45.37565],[-120.52306,45.37785],[-120.52406,45.37685],[-120.52386,45.37295],[-120.53446,45.37025],[-120.53466,45.36845],[-120.53186,45.36615],[-120.53066,45.36385],[-120.53366,45.35815],[-120.53356,45.35305],[-120.54146,45.34915],[-120.54306,45.34765],[-120.54336,45.34605],[-120.53246,45.34365],[-120.53046,45.33955],[-120.53126,45.33725],[-120.53116,45.33195],[-120.54026,45.33045],[-120.54126,45.32935],[-120.54076,45.32835],[-120.53846,45.32775],[-120.53006,45.32835],[-120.52866,45.32745],[-120.52736,45.32465],[-120.52786,45.31845],[-120.53916,45.31565],[-120.54086,45.31405],[-120.54076,45.31155],[-120.53946,45.30995],[-120.53186,45.30905],[-120.52556,45.30575],[-120.52406,45.30015],[-120.52776,45.29595],[-120.53286,45.29475],[-120.53706,45.29655],[-120.53856,45.30275],[-120.54036,45.30435],[-120.54286,45.30445],[-120.54606,45.30175],[-120.54816,45.29745],[-120.54426,45.29145],[-120.54256,45.28645],[-120.54486,45.28445],[-120.55336,45.28325],[-120.55556,45.28125],[-120.55376,45.27965],[-120.54786,45.28105],[-120.54156,45.27885],[-120.54029,45.27486],[-120.54186,45.27185],[-120.54636,45.26725],[-120.54706,45.26295],[-120.54466,45.26165],[-120.53896,45.26245],[-120.53636,45.26205],[-120.53386,45.25985],[-120.53376,45.25705],[-120.53576,45.25495],[-120.54066,45.25326],[-120.54407,45.2539],[-120.55446,45.25275],[-120.55606,45.25045],[-120.55186,45.24635],[-120.55066,45.24415],[-120.55114,45.24243],[-120.55036,45.24085],[-120.54726,45.23775],[-120.54416,45.23665],[-120.54166,45.23245],[-120.54536,45.22395],[-120.54386,45.22145],[-120.54146,45.22005],[-120.53926,45.21995],[-120.53456,45.22305],[-120.53006,45.22465],[-120.52596,45.22385],[-120.52385,45.22145],[-120.52445,45.21885],[-120.52836,45.21645],[-120.53306,45.21665],[-120.53756,45.21785],[-120.54026,45.21705],[-120.54306,45.21295],[-120.54175,45.21035],[-120.53306,45.21105],[-120.53135,45.20585],[-120.52906,45.20475],[-120.52536,45.20445],[-120.52155,45.20535],[-120.52046,45.20445],[-120.52115,45.20235],[-120.51935,45.20105],[-120.51605,45.19925],[-120.51085,45.19835],[-120.50595,45.19605],[-120.49865,45.19565],[-120.49355,45.19765],[-120.49045,45.19765],[-120.48215,45.19375],[-120.48095,45.19125],[-120.48135,45.18835],[-120.48295,45.18615],[-120.48755,45.18325],[-120.48765,45.18075],[-120.48455,45.17945],[-120.48015,45.18015],[-120.47475,45.17975],[-120.47265,45.17765],[-120.47365,45.17565],[-120.47615,45.17355],[-120.48255,45.17235],[-120.48425,45.17085],[-120.48125,45.16925],[-120.47595,45.16795],[-120.47295,45.16595],[-120.46955,45.16494],[-120.46855,45.16355],[-120.46895,45.16215],[-120.47155,45.15955],[-120.47625,45.15645],[-120.47625,45.15185],[-120.46725,45.14695],[-120.46499,45.1442],[-120.45425,45.14575],[-120.45225,45.14545],[-120.44886,45.14318],[-120.44935,45.14175],[-120.45174,45.13969],[-120.45985,45.13845],[-120.46597,45.12959],[-120.46379,45.12599],[-120.46015,45.12305],[-120.45835,45.12015],[-120.46105,45.11625],[-120.46055,45.11165],[-120.46125,45.10865],[-120.46365,45.10435],[-120.46255,45.10115],[-120.46325,45.10035],[-120.46455,45.10015],[-120.46745,45.10155],[-120.46845,45.10285],[-120.46885,45.10695],[-120.47685,45.11165],[-120.47925,45.11015],[-120.48235,45.10555],[-120.48365,45.10475],[-120.48805,45.10445],[-120.49385,45.10585],[-120.50115,45.1041],[-120.50365,45.10255],[-120.50807,45.1025],[-120.51005,45.10135],[-120.51455,45.09555],[-120.51465,45.09415],[-120.51025,45.08885],[-120.50825,45.08705],[-120.50455,45.08575],[-120.50345,45.08275],[-120.49455,45.07465],[-120.49575,45.07005],[-120.49516,45.06828],[-120.13193,45.06735],[-120.12866,45.06545],[-120.02878,45.06522],[-119.94554,45.06594],[-119.91054,45.06693],[-119.91054,45.06793],[-119.7907,45.06782],[-119.79083,45.08125],[-119.76073,45.08128],[-119.75976,45.16921],[-119.86215,45.16967],[-119.88391,45.16915],[-119.88244,45.22161],[-119.88235,45.25692],[-120.00656,45.25771],[-120.00457,45.43015],[-120.00478,45.51738],[-119.99924,45.51754],[-119.99813,45.69034],[-119.99937,45.73479],[-119.9995,45.81252],[-120.07024,45.78516],[-120.14148,45.77321],[-120.1706,45.76198],[-120.21077,45.72592],[-120.28343,45.72117],[-120.32633,45.71142],[-120.40365,45.69944],[-120.48261,45.69441],[-120.50574,45.69995],[-120.52273,45.71029],[-120.55929,45.73831],[-120.59114,45.74651],[-120.63505,45.74571],[-120.6535,45.73718]]]},"bbox":[-120.6535,45.06522,-119.75976,45.81252],"properties":{"divisionId":"county:41021","divisionType":"county","geoid":"41021","state":"OR","stateName":"Oregon","name":"Gilliam County","shortName":"Gilliam","label":"OR • Gilliam","labelPoint":[-120.276246,45.382955],"countyAreaSqKm":3166.773,"cameraViewshedAreaSqKm":49.554,"cameraViewshedCoveragePct":1.56}},{"type":"Feature","id":"county:41023","geometry":{"type":"Polygon","coordinates":[[[-119.67223,44.99512],[-119.67153,44.82334],[-119.65243,44.8233],[-119.65325,44.79769],[-119.65354,44.69596],[-119.65405,44.47668],[-119.65341,44.43318],[-119.6537,44.38917],[-119.65511,44.38921],[-119.65499,44.22028],[-119.65684,44.22028],[-119.65695,44.20677],[-119.65718,43.95892],[-119.5776,43.95963],[-119.40593,43.95858],[-119.29624,43.96044],[-118.81693,43.96073],[-118.81689,44.04783],[-118.58717,44.047],[-118.58712,44.04027],[-118.34786,44.04039],[-118.34786,44.03907],[-118.22765,44.03986],[-118.22884,44.21255],[-118.23391,44.21255],[-118.23217,44.25734],[-118.35412,44.25682],[-118.35415,44.25538],[-118.4975,44.25525],[-118.49732,44.27704],[-118.50012,44.27706],[-118.49841,44.27854],[-118.49717,44.28434],[-118.49507,44.28855],[-118.49014,44.28949],[-118.48481,44.3023],[-118.48235,44.30454],[-118.48141,44.30663],[-118.48124,44.30952],[-118.47873,44.31305],[-118.47899,44.31541],[-118.46801,44.32182],[-118.4691,44.32552],[-118.46887,44.33458],[-118.46106,44.33655],[-118.45858,44.34034],[-118.45673,44.34643],[-118.45413,44.34858],[-118.4478,44.35072],[-118.44036,44.35094],[-118.43483,44.35341],[-118.43435,44.3539],[-118.43539,44.35491],[-118.43536,44.35612],[-118.43238,44.36285],[-118.43358,44.36489],[-118.43391,44.36755],[-118.43281,44.36914],[-118.41417,44.37349],[-118.41095,44.37304],[-118.40761,44.37084],[-118.40889,44.37291],[-118.40977,44.37862],[-118.42133,44.38578],[-118.42314,44.38978],[-118.42833,44.39413],[-118.42801,44.39615],[-118.42526,44.39864],[-118.43092,44.39869],[-118.43493,44.39745],[-118.43493,44.39943],[-118.43595,44.40135],[-118.4343,44.40687],[-118.42832,44.41172],[-118.42895,44.41674],[-118.42242,44.42175],[-118.4221,44.4235],[-118.4236,44.42621],[-118.42068,44.42818],[-118.41849,44.43228],[-118.42037,44.43844],[-118.41981,44.43946],[-118.42217,44.44898],[-118.42091,44.45507],[-118.41934,44.45677],[-118.41107,44.45287],[-118.40902,44.45259],[-118.40146,44.45699],[-118.39469,44.45788],[-118.39099,44.45704],[-118.3839,44.45924],[-118.38003,44.46228],[-118.37553,44.45912],[-118.36971,44.46594],[-118.36073,44.4717],[-118.36231,44.47407],[-118.36736,44.47858],[-118.36169,44.48044],[-118.35799,44.4845],[-118.36343,44.48822],[-118.36501,44.49137],[-118.36493,44.49459],[-118.37071,44.50324],[-118.37298,44.50491],[-118.3732,44.5064],[-118.37488,44.50766],[-118.37355,44.50875],[-118.37451,44.51209],[-118.37424,44.51404],[-118.37135,44.51906],[-118.36881,44.52125],[-118.37104,44.52379],[-118.3708,44.52622],[-118.37223,44.52864],[-118.37182,44.53081],[-118.36554,44.53811],[-118.35922,44.53604],[-118.35806,44.53958],[-118.3541,44.54272],[-118.35514,44.54437],[-118.35403,44.54629],[-118.34668,44.55036],[-118.34805,44.5517],[-118.34761,44.55365],[-118.34623,44.55498],[-118.34687,44.55622],[-118.34639,44.5587],[-118.34535,44.55988],[-118.34363,44.56023],[-118.34315,44.56277],[-118.33831,44.5671],[-118.33622,44.5644],[-118.3322,44.56511],[-118.32849,44.56378],[-118.32617,44.56119],[-118.32353,44.56237],[-118.32274,44.56417],[-118.3173,44.5679],[-118.31753,44.56959],[-118.31548,44.57066],[-118.3168,44.57275],[-118.31407,44.57504],[-118.31513,44.57589],[-118.31545,44.57771],[-118.31098,44.58103],[-118.31091,44.5834],[-118.30696,44.58605],[-118.30578,44.58881],[-118.3117,44.59118],[-118.31185,44.59225],[-118.30957,44.59546],[-118.31256,44.59755],[-118.31454,44.60161],[-118.31659,44.60386],[-118.3293,44.60877],[-118.33372,44.60837],[-118.3364,44.61001],[-118.33759,44.6095],[-118.33885,44.61098],[-118.33806,44.61249],[-118.34257,44.6179],[-118.3417,44.61897],[-118.34178,44.62134],[-118.34437,44.62502],[-118.34219,44.62666],[-118.34321,44.6312],[-118.35356,44.6356],[-118.35482,44.63926],[-118.36027,44.63797],[-118.36225,44.63977],[-118.36454,44.63982],[-118.36857,44.64304],[-118.3711,44.64348],[-118.37324,44.64563],[-118.37954,44.64645],[-118.38604,44.64442],[-118.3865,44.64267],[-118.38809,44.64155],[-118.39136,44.6431],[-118.40054,44.64356],[-118.40258,44.64338],[-118.40364,44.64139],[-118.40495,44.64144],[-118.41,44.64279],[-118.41103,44.6443],[-118.41293,44.64474],[-118.41411,44.64654],[-118.41798,44.64773],[-118.42233,44.6528],[-118.42517,44.65484],[-118.42875,44.65425],[-118.43234,44.65259],[-118.43681,44.65438],[-118.43818,44.65321],[-118.44179,44.65245],[-118.4467,44.65002],[-118.4514,44.65286],[-118.45314,44.65308],[-118.45606,44.6554],[-118.46065,44.6563],[-118.46422,44.65558],[-118.47273,44.65663],[-118.47353,44.65873],[-118.47732,44.66142],[-118.48214,44.66187],[-118.48871,44.66448],[-118.49281,44.66349],[-118.49916,44.66592],[-118.50433,44.66527],[-118.50444,44.66993],[-118.50715,44.67388],[-118.50721,44.67568],[-118.51096,44.67913],[-118.51399,44.68853],[-118.51874,44.69102],[-118.51765,44.69275],[-118.5179,44.69496],[-118.51632,44.70222],[-118.51897,44.70376],[-118.51948,44.7054],[-118.51886,44.70626],[-118.51654,44.70477],[-118.51304,44.70626],[-118.51019,44.70603],[-118.50665,44.70935],[-118.49977,44.70905],[-118.49816,44.71096],[-118.49318,44.71373],[-118.48817,44.71094],[-118.47692,44.7092],[-118.47343,44.70529],[-118.47058,44.704],[-118.46828,44.70567],[-118.46153,44.70752],[-118.4608,44.70895],[-118.46189,44.71138],[-118.46049,44.71266],[-118.45945,44.71555],[-118.44406,44.72401],[-118.43771,44.72155],[-118.43182,44.72107],[-118.43182,44.71977],[-118.43027,44.7193],[-118.42509,44.71855],[-118.42261,44.7195],[-118.41938,44.71869],[-118.42012,44.72132],[-118.41831,44.72254],[-118.41894,44.72455],[-118.41742,44.72699],[-118.41365,44.72712],[-118.4041,44.7248],[-118.40025,44.72647],[-118.39584,44.72601],[-118.39376,44.72769],[-118.39405,44.729],[-118.39166,44.7314],[-118.3917,44.73433],[-118.38726,44.73577],[-118.3865,44.73857],[-118.38332,44.73887],[-118.38341,44.74072],[-118.38007,44.74423],[-118.37667,44.74525],[-118.37318,44.74519],[-118.36909,44.74695],[-118.36605,44.74723],[-118.36253,44.74562],[-118.35812,44.74557],[-118.3508,44.744],[-118.34028,44.74417],[-118.33635,44.74261],[-118.3323,44.74247],[-118.32979,44.74358],[-118.32578,44.74162],[-118.32174,44.74151],[-118.31635,44.74399],[-118.30749,44.74495],[-118.30426,44.74757],[-118.30214,44.74751],[-118.30009,44.74603],[-118.2968,44.74696],[-118.29419,44.74656],[-118.29208,44.74739],[-118.28986,44.74987],[-118.28544,44.75097],[-118.28674,44.75432],[-118.28628,44.75712],[-118.28687,44.75979],[-118.29002,44.76508],[-118.28572,44.76774],[-118.28297,44.77176],[-118.28499,44.773],[-118.29015,44.77925],[-118.29212,44.78041],[-118.29409,44.78466],[-118.29339,44.78794],[-118.29426,44.78998],[-118.29952,44.79593],[-118.29836,44.79871],[-118.29646,44.79938],[-118.2978,44.80026],[-118.29815,44.80225],[-118.29667,44.80756],[-118.29478,44.80948],[-118.29575,44.81563],[-118.30181,44.81668],[-118.30457,44.81871],[-118.30746,44.81924],[-118.30733,44.82126],[-118.30895,44.82127],[-118.31129,44.82304],[-118.30892,44.82726],[-118.30828,44.83053],[-118.31554,44.83323],[-118.31872,44.83628],[-118.30925,44.84111],[-118.30682,44.84386],[-118.30676,44.84661],[-118.29357,44.85284],[-118.29486,44.8559],[-118.29461,44.85905],[-118.29615,44.86243],[-118.29011,44.86636],[-118.28274,44.86508],[-118.27464,44.86683],[-118.26779,44.86939],[-118.25824,44.86335],[-118.2538,44.86485],[-118.24477,44.86373],[-118.23727,44.86163],[-118.22818,44.86525],[-118.22746,44.86778],[-118.22798,44.8726],[-118.2249,44.87557],[-118.23022,44.88277],[-118.2324,44.89103],[-118.23146,44.89406],[-118.23628,44.8983],[-118.2348,44.90446],[-118.2374,44.90839],[-118.22942,44.91385],[-118.22779,44.91836],[-118.23149,44.92136],[-118.23213,44.92348],[-118.23134,44.92469],[-118.22768,44.92667],[-118.22637,44.9323],[-118.22345,44.93691],[-118.22966,44.9417],[-118.23386,44.94006],[-118.23756,44.9428],[-118.24161,44.9432],[-118.24456,44.94446],[-118.24501,44.94591],[-118.24364,44.9501],[-118.2446,44.95168],[-118.2435,44.95558],[-118.24466,44.9584],[-118.25163,44.95633],[-118.26045,44.95665],[-118.26289,44.95879],[-118.26475,44.95929],[-118.26794,44.95873],[-118.27044,44.95723],[-118.27458,44.95735],[-118.27667,44.95866],[-118.27791,44.96151],[-118.28197,44.96269],[-118.28225,44.96473],[-118.28574,44.96503],[-118.28747,44.96474],[-118.29019,44.96275],[-118.29254,44.96291],[-118.29621,44.96083],[-118.29903,44.96063],[-118.29954,44.96111],[-118.29889,44.96338],[-118.29982,44.96384],[-118.30228,44.96838],[-118.30846,44.96998],[-118.30857,44.97209],[-118.31257,44.97171],[-118.3193,44.976],[-118.32104,44.97317],[-118.32316,44.97302],[-118.32455,44.97189],[-118.32969,44.97236],[-118.32962,44.97339],[-118.33151,44.97572],[-118.33442,44.97649],[-118.33622,44.97888],[-118.33908,44.97959],[-118.34185,44.9835],[-118.34471,44.98582],[-118.34706,44.98714],[-118.3561,44.9881],[-118.35676,44.99061],[-118.35946,44.9923],[-118.36421,44.99076],[-118.36816,44.98558],[-118.36854,44.98404],[-118.37051,44.98261],[-118.37347,44.9816],[-118.37562,44.98186],[-118.37978,44.9795],[-118.38102,44.98129],[-118.3875,44.98379],[-118.38724,44.97978],[-118.39062,44.97756],[-118.38986,44.9724],[-118.39189,44.97234],[-118.39477,44.97398],[-118.39885,44.97441],[-118.40065,44.97591],[-118.40453,44.97648],[-118.40527,44.97503],[-118.40961,44.97314],[-118.411,44.97125],[-118.42316,44.96544],[-118.42443,44.96408],[-118.43075,44.96389],[-118.4361,44.96242],[-118.43959,44.96666],[-118.43705,44.97138],[-118.43855,44.9766],[-118.4364,44.98298],[-118.43735,44.98478],[-118.44589,44.98677],[-118.44676,44.9887],[-118.44624,44.98989],[-118.44834,44.99081],[-118.45285,44.98929],[-118.45602,44.98951],[-118.45727,44.99033],[-118.46441,44.98985],[-118.46902,44.99174],[-118.46967,44.99344],[-118.46887,44.99518],[-118.67535,44.99766],[-118.8588,44.99822],[-119.04257,44.9959],[-119.54498,44.99569],[-119.59337,44.99531],[-119.60389,44.99453],[-119.67223,44.99512]]]},"bbox":[-119.67223,43.95858,-118.22345,44.99822],"properties":{"divisionId":"county:41023","divisionType":"county","geoid":"41023","state":"OR","stateName":"Oregon","name":"Grant County","shortName":"Grant","label":"OR • Grant","labelPoint":[-119.0140572,44.4963261],"countyAreaSqKm":11727.246,"cameraViewshedAreaSqKm":9.336,"cameraViewshedCoveragePct":0.08}},{"type":"Feature","id":"county:41025","geometry":{"type":"Polygon","coordinates":[[[-119.89743,43.6982],[-119.89658,43.61119],[-119.89497,43.58541],[-119.89697,43.17902],[-119.93261,43.17896],[-119.93159,42.91701],[-119.9435,42.91708],[-119.94378,42.74637],[-119.82482,42.74701],[-119.70601,42.74661],[-119.70586,42.74879],[-119.36534,42.74896],[-119.36393,42.50325],[-119.36451,42.46499],[-119.36357,42.34122],[-119.36358,42.13723],[-119.35945,42.13723],[-119.36012,41.99428],[-118.6765,41.99215],[-118.50101,41.99521],[-118.19737,41.99734],[-118.19704,42.12169],[-118.19573,42.16431],[-118.19528,42.27581],[-118.2147,42.27589],[-118.21473,42.27678],[-118.21461,42.45243],[-118.21683,42.9147],[-118.22879,42.91463],[-118.22807,43.34896],[-118.23201,43.34896],[-118.23179,43.56682],[-118.23239,43.61227],[-118.2321,43.77083],[-118.23173,43.77922],[-118.22811,43.77919],[-118.22765,44.03986],[-118.34786,44.03907],[-118.34786,44.04039],[-118.58712,44.04027],[-118.58717,44.047],[-118.81689,44.04783],[-118.81693,43.96073],[-119.29624,43.96044],[-119.40593,43.95858],[-119.5776,43.95963],[-119.7754,43.95909],[-119.77753,43.69796],[-119.89743,43.6982]]]},"bbox":[-119.94378,41.99215,-118.19528,44.04783],"properties":{"divisionId":"county:41025","divisionType":"county","geoid":"41025","state":"OR","stateName":"Oregon","name":"Harney County","shortName":"Harney","label":"OR • Harney","labelPoint":[-118.9871695,43.0644492],"countyAreaSqKm":26490.165,"cameraViewshedAreaSqKm":2980.075,"cameraViewshedCoveragePct":11.25}},{"type":"Feature","id":"county:41027","geometry":{"type":"Polygon","coordinates":[[[-121.48175,45.50505],[-121.48217,45.5196],[-121.44065,45.51939],[-121.44063,45.56329],[-121.44172,45.59258],[-121.44105,45.6065],[-121.44123,45.69728],[-121.46279,45.70128],[-121.4991,45.72075],[-121.53293,45.7265],[-121.63132,45.7047],[-121.66841,45.70511],[-121.70729,45.69484],[-121.73507,45.694],[-121.81118,45.70671],[-121.86702,45.69339],[-121.90174,45.67067],[-121.90077,45.66202],[-121.90813,45.65456],[-121.92203,45.64921],[-121.92205,45.61076],[-121.91639,45.60754],[-121.91306,45.60145],[-121.91548,45.59791],[-121.91447,45.59389],[-121.91591,45.59161],[-121.9158,45.58968],[-121.91824,45.58706],[-121.91839,45.58548],[-121.91523,45.58228],[-121.91047,45.5812],[-121.91117,45.57684],[-121.91302,45.57517],[-121.91391,45.57116],[-121.9122,45.56771],[-121.90733,45.56672],[-121.90838,45.56532],[-121.90718,45.56255],[-121.90291,45.56112],[-121.90298,45.5576],[-121.90188,45.55619],[-121.9094,45.54963],[-121.92079,45.54737],[-121.92229,45.54638],[-121.91603,45.54271],[-121.91322,45.53727],[-121.9136,45.534],[-121.91144,45.52908],[-121.90917,45.52617],[-121.907,45.52503],[-121.90657,45.52064],[-121.8916,45.5126],[-121.88395,45.51266],[-121.87445,45.5158],[-121.86943,45.51421],[-121.86846,45.50942],[-121.86692,45.50679],[-121.86048,45.50114],[-121.86014,45.49692],[-121.86349,45.49254],[-121.86032,45.48938],[-121.85507,45.48675],[-121.8504,45.4865],[-121.84787,45.48338],[-121.84682,45.48133],[-121.84676,45.47907],[-121.84477,45.47642],[-121.83628,45.47433],[-121.83527,45.47249],[-121.8289,45.46747],[-121.8155,45.45968],[-121.81171,45.45593],[-121.80684,45.45465],[-121.80598,45.45183],[-121.80754,45.45008],[-121.80758,45.44898],[-121.80559,45.44373],[-121.80651,45.44258],[-121.80791,45.44256],[-121.80694,45.44049],[-121.8069,45.43529],[-121.80229,45.43167],[-121.79968,45.42785],[-121.79589,45.42672],[-121.79462,45.42465],[-121.79408,45.42051],[-121.79463,45.41931],[-121.79354,45.41841],[-121.79302,45.41545],[-121.78933,45.41465],[-121.78563,45.41216],[-121.7763,45.40278],[-121.77291,45.40239],[-121.76614,45.40343],[-121.76224,45.40288],[-121.74462,45.39726],[-121.73951,45.39741],[-121.73507,45.39566],[-121.72419,45.39365],[-121.7209,45.3894],[-121.71795,45.38765],[-121.71416,45.38661],[-121.70858,45.38362],[-121.70553,45.38355],[-121.70047,45.37853],[-121.69999,45.37631],[-121.69811,45.37384],[-121.69693,45.37361],[-121.69756,45.37196],[-121.70011,45.37036],[-121.69915,45.36851],[-121.7007,45.36681],[-121.70084,45.36443],[-121.70214,45.36339],[-121.70123,45.35617],[-121.70196,45.35187],[-121.70355,45.34902],[-121.7033,45.34625],[-121.70425,45.34457],[-121.70479,45.34046],[-121.70449,45.33902],[-121.70359,45.33896],[-121.70296,45.33454],[-121.70218,45.33383],[-121.70326,45.33127],[-121.69847,45.32358],[-121.69381,45.32135],[-121.69088,45.31818],[-121.68877,45.30948],[-121.68726,45.30632],[-121.68795,45.30503],[-121.67908,45.29718],[-121.67923,45.2959],[-121.68087,45.29461],[-121.67989,45.29267],[-121.68,45.29002],[-121.68456,45.28626],[-121.68503,45.2818],[-121.68729,45.27971],[-121.68898,45.27626],[-121.69049,45.27585],[-121.69109,45.27047],[-121.69503,45.26386],[-121.69648,45.25792],[-121.63592,45.25806],[-121.61458,45.25738],[-121.48189,45.25813],[-121.48062,45.27271],[-121.48082,45.30134],[-121.48016,45.31554],[-121.48143,45.34487],[-121.48175,45.38136],[-121.48175,45.50505]]]},"bbox":[-121.92229,45.25738,-121.44063,45.7265],"properties":{"divisionId":"county:41027","divisionType":"county","geoid":"41027","state":"OR","stateName":"Oregon","name":"Hood River County","shortName":"Hood River","label":"OR • Hood River","labelPoint":[-121.6559762,45.5117753],"countyAreaSqKm":1381.661,"cameraViewshedAreaSqKm":20.621,"cameraViewshedCoveragePct":1.49}},{"type":"Feature","id":"county:41029","geometry":{"type":"Polygon","coordinates":[[[-122.61534,42.00545],[-122.54999,42.00751],[-122.41664,42.00838],[-122.37805,42.0095],[-122.28975,42.0081],[-122.28934,42.10501],[-122.28997,42.12716],[-122.28747,42.12717],[-122.28743,42.13355],[-122.28782,42.4745],[-122.28469,42.4745],[-122.2836,42.73629],[-122.28268,42.79427],[-122.28382,42.82375],[-122.28379,42.91093],[-122.28271,42.91093],[-122.28273,42.9965],[-122.40103,42.99663],[-122.40108,42.98346],[-122.42084,42.98344],[-122.42086,42.96893],[-122.44054,42.96892],[-122.44051,42.95442],[-122.46021,42.95437],[-122.46022,42.93987],[-122.56027,42.93919],[-122.5603,42.92469],[-122.58005,42.92465],[-122.58009,42.9108],[-122.6002,42.91107],[-122.60025,42.89569],[-122.63781,42.89699],[-122.6377,42.88114],[-122.67718,42.88108],[-122.6772,42.8666],[-122.69702,42.86657],[-122.69701,42.8521],[-122.71666,42.85211],[-122.7167,42.83767],[-122.73633,42.83766],[-122.73637,42.8235],[-122.75603,42.82319],[-122.75608,42.82869],[-122.77522,42.8288],[-122.77504,42.80683],[-122.78491,42.80684],[-122.78549,42.79271],[-122.79481,42.79272],[-122.79478,42.77822],[-122.81441,42.78051],[-122.85371,42.78177],[-122.85294,42.7746],[-122.9512,42.77477],[-122.95119,42.76755],[-122.97083,42.76812],[-122.97049,42.76095],[-122.99003,42.76095],[-122.99006,42.75954],[-123.00974,42.75941],[-123.00976,42.75214],[-123.11269,42.75222],[-123.11265,42.75575],[-123.15223,42.75583],[-123.15202,42.73772],[-123.18051,42.73777],[-123.18055,42.73165],[-123.19046,42.7317],[-123.1905,42.72449],[-123.20042,42.72447],[-123.20042,42.71724],[-123.20991,42.71716],[-123.21039,42.70998],[-123.22963,42.70996],[-123.2292,42.38982],[-123.22986,42.22698],[-123.22917,42.12833],[-123.23109,42.12832],[-123.23111,42.00394],[-123.18392,42.00579],[-123.14574,42.00876],[-123.12516,42.00816],[-123.08094,42.00506],[-123.06288,42.00482],[-123.044,42.00308],[-122.70977,42.00418],[-122.61534,42.00545]]]},"bbox":[-123.23111,42.00308,-122.28268,42.99663],"properties":{"divisionId":"county:41029","divisionType":"county","geoid":"41029","state":"OR","stateName":"Oregon","name":"Jackson County","shortName":"Jackson","label":"OR • Jackson","labelPoint":[-122.6756106,42.4116214],"countyAreaSqKm":7254.981,"cameraViewshedAreaSqKm":779.756,"cameraViewshedCoveragePct":10.75}},{"type":"Feature","id":"county:41031","geometry":{"type":"Polygon","coordinates":[[[-121.29111,44.39289],[-121.2293,44.39304],[-121.22929,44.39065],[-120.98837,44.39027],[-120.98882,44.47648],[-120.8269,44.4765],[-120.82756,44.56279],[-120.50185,44.56289],[-120.38656,44.56401],[-120.38577,44.57861],[-120.3864,44.6505],[-120.38569,44.76117],[-120.38764,44.76198],[-120.38812,44.76323],[-120.38778,44.76987],[-120.39924,44.77793],[-120.39798,44.78073],[-120.39466,44.78288],[-120.39467,44.78604],[-120.40478,44.79324],[-120.40414,44.79544],[-120.39923,44.79984],[-120.39798,44.80275],[-120.39587,44.80397],[-120.39408,44.8035],[-120.39317,44.79701],[-120.39199,44.79594],[-120.38459,44.79675],[-120.38592,44.79756],[-120.38588,44.79847],[-120.38138,44.80072],[-120.37891,44.80588],[-120.38081,44.80735],[-120.38502,44.8071],[-120.38513,44.80932],[-120.38648,44.81037],[-120.38353,44.8119],[-120.37767,44.81212],[-120.37706,44.81483],[-120.38066,44.81829],[-120.37905,44.81936],[-120.37321,44.82014],[-120.3714,44.82177],[-121.08948,44.82327],[-121.0919,44.8251],[-121.32885,44.82452],[-121.72507,44.82552],[-121.72507,44.82992],[-121.75299,44.82992],[-121.7586,44.82608],[-121.76195,44.82512],[-121.76483,44.82027],[-121.78175,44.81896],[-121.78713,44.81547],[-121.79059,44.81531],[-121.79087,44.81388],[-121.79212,44.813],[-121.79641,44.812],[-121.80555,44.81204],[-121.80956,44.81087],[-121.81222,44.81157],[-121.81016,44.80598],[-121.8124,44.8057],[-121.81366,44.80399],[-121.817,44.80317],[-121.82028,44.80013],[-121.81963,44.79621],[-121.82025,44.79466],[-121.81644,44.79255],[-121.8192,44.78951],[-121.81739,44.78681],[-121.81268,44.78347],[-121.81254,44.78172],[-121.80762,44.78216],[-121.8043,44.77908],[-121.80467,44.7775],[-121.80166,44.77931],[-121.79968,44.7786],[-121.79683,44.77667],[-121.79596,44.77285],[-121.79151,44.77231],[-121.78992,44.77333],[-121.78496,44.77186],[-121.77992,44.77554],[-121.77831,44.77555],[-121.77596,44.7741],[-121.77285,44.77575],[-121.77159,44.77214],[-121.76912,44.76999],[-121.76761,44.76727],[-121.76322,44.76729],[-121.76101,44.76529],[-121.76139,44.76418],[-121.75975,44.76193],[-121.762,44.76089],[-121.76884,44.76133],[-121.77232,44.75996],[-121.7725,44.75875],[-121.77346,44.75842],[-121.77568,44.75494],[-121.7744,44.75248],[-121.78257,44.74889],[-121.78813,44.74832],[-121.79161,44.74626],[-121.7923,44.74427],[-121.79507,44.74188],[-121.79722,44.73827],[-121.79995,44.73612],[-121.79945,44.73269],[-121.8046,44.72924],[-121.79811,44.72767],[-121.79439,44.7259],[-121.79595,44.72389],[-121.79524,44.72029],[-121.79611,44.71455],[-121.80211,44.71174],[-121.80297,44.70951],[-121.80048,44.70309],[-121.79657,44.69931],[-121.79708,44.69827],[-121.79422,44.69704],[-121.79333,44.6946],[-121.79151,44.69411],[-121.78894,44.69042],[-121.78739,44.69032],[-121.78718,44.68929],[-121.78886,44.68706],[-121.7946,44.68393],[-121.79956,44.68391],[-121.80043,44.68297],[-121.80093,44.67856],[-121.79971,44.67672],[-121.79921,44.67315],[-121.80034,44.67141],[-121.801,44.66653],[-121.80059,44.66316],[-121.80181,44.65988],[-121.80089,44.65692],[-121.7983,44.65423],[-121.79904,44.65276],[-121.79784,44.65039],[-121.79775,44.64769],[-121.79973,44.64547],[-121.79795,44.64031],[-121.8003,44.63898],[-121.80135,44.63737],[-121.80273,44.63719],[-121.80249,44.63563],[-121.80549,44.63302],[-121.80576,44.63108],[-121.80812,44.62837],[-121.80749,44.62372],[-121.80941,44.62224],[-121.81003,44.61832],[-121.81157,44.61577],[-121.81069,44.61439],[-121.806,44.61344],[-121.80476,44.6116],[-121.80232,44.61044],[-121.80216,44.60841],[-121.79865,44.6052],[-121.80093,44.60315],[-121.80078,44.60094],[-121.79519,44.5977],[-121.79389,44.59406],[-121.79673,44.58936],[-121.79836,44.58215],[-121.80013,44.58091],[-121.79907,44.5791],[-121.80005,44.5764],[-121.79918,44.57319],[-121.80102,44.57176],[-121.80071,44.56783],[-121.80313,44.56493],[-121.80202,44.56159],[-121.80329,44.55532],[-121.80709,44.55185],[-121.80709,44.54739],[-121.81373,44.5434],[-121.8138,44.54174],[-121.81539,44.53999],[-121.81632,44.53738],[-121.81607,44.5346],[-121.81267,44.5295],[-121.81291,44.52423],[-121.81121,44.51983],[-121.80923,44.51713],[-121.80938,44.51442],[-121.81008,44.51375],[-121.8147,44.51333],[-121.81596,44.51202],[-121.81802,44.51303],[-121.8231,44.5112],[-121.82521,44.50744],[-121.82812,44.50478],[-121.8324,44.50299],[-121.83468,44.49932],[-121.84486,44.49175],[-121.84688,44.49109],[-121.84887,44.48671],[-121.84934,44.48441],[-121.84597,44.48337],[-121.84305,44.47904],[-121.84442,44.47542],[-121.84411,44.47144],[-121.84879,44.4694],[-121.8496,44.46733],[-121.84717,44.4633],[-121.84888,44.46145],[-121.8475,44.45474],[-121.84441,44.45139],[-121.84291,44.44729],[-121.84113,44.44491],[-121.84169,44.44166],[-121.84602,44.43543],[-121.84664,44.43358],[-121.84619,44.43179],[-121.84764,44.42957],[-121.84538,44.4254],[-121.84553,44.4213],[-121.8444,44.41787],[-121.84553,44.41463],[-121.84315,44.41339],[-121.84286,44.41123],[-121.84092,44.41078],[-121.84253,44.40939],[-121.84587,44.40867],[-121.84513,44.40711],[-121.84674,44.40325],[-121.84612,44.3985],[-121.84322,44.39546],[-121.84314,44.39263],[-121.75623,44.39348],[-121.66589,44.39334],[-121.636,44.39241],[-121.47329,44.39346],[-121.29111,44.39289]]]},"bbox":[-121.8496,44.39027,-120.3714,44.82992],"properties":{"divisionId":"county:41031","divisionType":"county","geoid":"41031","state":"OR","stateName":"Oregon","name":"Jefferson County","shortName":"Jefferson","label":"OR • Jefferson","labelPoint":[-121.1786315,44.6451505],"countyAreaSqKm":4641.261,"cameraViewshedAreaSqKm":376.031,"cameraViewshedCoveragePct":8.1}},{"type":"Feature","id":"county:41033","geometry":{"type":"Polygon","coordinates":[[[-124.01151,42.48985],[-124.00686,42.48883],[-124.00314,42.48583],[-124.00144,42.48086],[-124.00289,42.47159],[-124.00113,42.46738],[-124.00113,42.46514],[-124.00283,42.46267],[-124.00557,42.46165],[-124.00579,42.45983],[-124.00544,42.45857],[-124.00119,42.45475],[-124.00154,42.4534],[-124.00448,42.45115],[-124.00377,42.44808],[-124.00168,42.44503],[-124.00289,42.44353],[-124.00932,42.44154],[-124.01478,42.43336],[-124.01366,42.43071],[-124.00926,42.42746],[-124.00942,42.42649],[-124.0129,42.42364],[-124.01121,42.42192],[-124.00922,42.4214],[-124.00863,42.41962],[-124.01167,42.41617],[-124.01306,42.41271],[-124.01614,42.41222],[-124.01766,42.41083],[-124.0206,42.40993],[-124.02199,42.40784],[-124.026,42.40753],[-124.02888,42.40311],[-124.03231,42.40328],[-124.03553,42.40217],[-124.03683,42.39873],[-124.0358,42.39637],[-124.03703,42.39583],[-124.03618,42.39495],[-124.0373,42.39391],[-124.03739,42.39156],[-124.03884,42.38884],[-124.04198,42.38766],[-124.04158,42.38591],[-124.03726,42.38267],[-124.03727,42.38052],[-124.03533,42.37761],[-124.035,42.37588],[-124.03617,42.37439],[-124.03629,42.37021],[-124.0302,42.36371],[-124.02871,42.36105],[-124.02695,42.3592],[-124.02196,42.36166],[-124.02035,42.36169],[-124.01729,42.3597],[-124.01193,42.35857],[-123.99623,42.35861],[-123.9924,42.35767],[-123.98632,42.35941],[-123.98338,42.35827],[-123.97973,42.35878],[-123.97001,42.35732],[-123.96666,42.35774],[-123.96204,42.35665],[-123.95603,42.35787],[-123.94959,42.35654],[-123.93654,42.36163],[-123.93531,42.35983],[-123.93467,42.35576],[-123.93321,42.35434],[-123.92567,42.35188],[-123.92041,42.34647],[-123.91502,42.34671],[-123.91044,42.34788],[-123.90701,42.34764],[-123.90365,42.34931],[-123.89946,42.34937],[-123.89265,42.35329],[-123.88803,42.35145],[-123.88435,42.3476],[-123.88432,42.34595],[-123.87949,42.34578],[-123.87785,42.34485],[-123.87905,42.33554],[-123.87634,42.33317],[-123.8769,42.33087],[-123.87482,42.32973],[-123.87318,42.32763],[-123.87169,42.32735],[-123.87146,42.3248],[-123.86958,42.3228],[-123.86451,42.32176],[-123.86312,42.32015],[-123.85986,42.31854],[-123.85765,42.31869],[-123.85385,42.32074],[-123.85129,42.32058],[-123.84905,42.31912],[-123.84567,42.31851],[-123.84548,42.31617],[-123.8395,42.3122],[-123.84713,42.30425],[-123.84731,42.29922],[-123.84356,42.29851],[-123.83788,42.29469],[-123.83653,42.29083],[-123.83834,42.28837],[-123.83296,42.28562],[-123.83268,42.28299],[-123.82548,42.27644],[-123.82616,42.27097],[-123.82382,42.26869],[-123.82247,42.26456],[-123.817,42.264],[-123.81487,42.26242],[-123.81467,42.25674],[-123.81382,42.2548],[-123.81199,42.2535],[-123.81002,42.24811],[-123.81218,42.24379],[-123.80942,42.24149],[-123.80594,42.24118],[-123.80405,42.23951],[-123.79962,42.2402],[-123.79689,42.23758],[-123.79218,42.23763],[-123.79238,42.2341],[-123.794,42.23116],[-123.79297,42.22948],[-123.79304,42.22487],[-123.79052,42.2203],[-123.79314,42.22111],[-123.79637,42.22009],[-123.80091,42.21579],[-123.80759,42.21731],[-123.8088,42.21696],[-123.81212,42.21358],[-123.81389,42.20573],[-123.81578,42.20414],[-123.81892,42.2036],[-123.82047,42.19897],[-123.82041,42.1955],[-123.82153,42.19396],[-123.82086,42.19127],[-123.82129,42.18985],[-123.81719,42.18822],[-123.81632,42.18544],[-123.8135,42.18399],[-123.8132,42.17824],[-123.81509,42.17412],[-123.81479,42.17046],[-123.8126,42.16965],[-123.81573,42.16605],[-123.82084,42.16303],[-123.82161,42.16023],[-123.82391,42.15766],[-123.82631,42.15751],[-123.82768,42.15586],[-123.83685,42.15438],[-123.84005,42.15302],[-123.84287,42.14967],[-123.84412,42.14675],[-123.84953,42.14582],[-123.85338,42.1436],[-123.85557,42.14139],[-123.85591,42.13832],[-123.85855,42.13512],[-123.85558,42.13277],[-123.85464,42.13027],[-123.85018,42.12694],[-123.84591,42.12512],[-123.84222,42.1256],[-123.83924,42.12467],[-123.83883,42.12259],[-123.84015,42.11929],[-123.84016,42.11678],[-123.83669,42.10962],[-123.83215,42.10791],[-123.82953,42.09728],[-123.82572,42.09319],[-123.82199,42.0872],[-123.82251,42.08532],[-123.82488,42.08444],[-123.8271,42.07749],[-123.82692,42.0748],[-123.82811,42.07368],[-123.82738,42.07207],[-123.82977,42.06847],[-123.83189,42.06809],[-123.83417,42.066],[-123.83414,42.06257],[-123.83648,42.06246],[-123.84137,42.05968],[-123.8413,42.05875],[-123.83857,42.05762],[-123.84012,42.0555],[-123.84068,42.05183],[-123.84315,42.04896],[-123.8485,42.04665],[-123.84915,42.04434],[-123.84776,42.04014],[-123.84474,42.03558],[-123.84447,42.03336],[-123.84172,42.03138],[-123.8361,42.02919],[-123.83757,42.02734],[-123.83653,42.02401],[-123.83754,42.02031],[-123.83988,42.01902],[-123.83996,42.01759],[-123.83859,42.0153],[-123.83329,42.01204],[-123.82973,42.01134],[-123.82662,42.00915],[-123.8275,42.00653],[-123.8293,42.00495],[-123.82872,42.00235],[-123.81816,41.99879],[-123.82204,41.99558],[-123.81091,41.99516],[-123.72817,41.99706],[-123.65721,41.99509],[-123.62402,41.99977],[-123.5642,42.00071],[-123.44618,42.00063],[-123.34695,41.99928],[-123.23111,42.00394],[-123.23109,42.12832],[-123.22917,42.12833],[-123.22986,42.22698],[-123.2292,42.38982],[-123.22962,42.70261],[-123.24921,42.70242],[-123.24933,42.7244],[-123.27426,42.72471],[-123.27428,42.73203],[-123.3092,42.73206],[-123.30916,42.72841],[-123.32863,42.72825],[-123.32859,42.73175],[-123.36667,42.73219],[-123.36665,42.73947],[-123.37158,42.73948],[-123.37167,42.72496],[-123.4013,42.72496],[-123.4014,42.7103],[-123.40634,42.71029],[-123.4063,42.71397],[-123.42572,42.71448],[-123.42569,42.71104],[-123.44492,42.71112],[-123.44546,42.70302],[-123.45521,42.70298],[-123.4553,42.69941],[-123.46527,42.6993],[-123.46526,42.70294],[-123.4943,42.70225],[-123.49441,42.70918],[-123.54254,42.70983],[-123.54243,42.71712],[-123.56217,42.71757],[-123.56209,42.7248],[-123.56704,42.72483],[-123.56678,42.73569],[-123.57173,42.73572],[-123.57181,42.7321],[-123.58186,42.73215],[-123.5817,42.73992],[-123.67728,42.73968],[-123.67721,42.75015],[-123.68708,42.75027],[-123.68709,42.75379],[-123.697,42.75391],[-123.69684,42.73959],[-123.7165,42.73966],[-123.71649,42.78406],[-123.71972,42.78191],[-123.72045,42.78023],[-123.72012,42.77747],[-123.72243,42.77514],[-123.72887,42.77337],[-123.73015,42.77094],[-123.73302,42.76895],[-123.73408,42.76604],[-123.73539,42.76481],[-123.73518,42.76284],[-123.73794,42.75729],[-123.7375,42.75312],[-123.74209,42.74776],[-123.74418,42.74661],[-123.74578,42.7441],[-123.7496,42.74195],[-123.75386,42.73475],[-123.75367,42.73333],[-123.75537,42.73201],[-123.75481,42.73128],[-123.7563,42.72911],[-123.75478,42.72593],[-123.75512,42.72447],[-123.75922,42.71774],[-123.7645,42.71361],[-123.76688,42.70911],[-123.76913,42.70806],[-123.76949,42.70732],[-123.76855,42.70586],[-123.7725,42.70441],[-123.77383,42.70286],[-123.77367,42.70088],[-123.83126,42.63231],[-123.83169,42.6258],[-123.82736,42.62469],[-123.82153,42.61974],[-123.81897,42.61493],[-123.8194,42.61245],[-123.82188,42.60892],[-123.82852,42.60629],[-123.82895,42.60011],[-123.83069,42.5969],[-123.83032,42.59507],[-123.84076,42.58903],[-123.84142,42.58772],[-123.84655,42.58626],[-123.84956,42.58372],[-123.85018,42.58197],[-123.84952,42.57954],[-123.85004,42.57458],[-123.85346,42.57094],[-123.85347,42.56966],[-123.85564,42.56723],[-123.85748,42.56633],[-123.85891,42.56396],[-123.8601,42.56338],[-123.85958,42.56203],[-123.86099,42.56035],[-123.85917,42.55588],[-123.85522,42.55179],[-123.8548,42.54974],[-123.85949,42.54677],[-123.86217,42.54317],[-123.86536,42.54199],[-123.86599,42.53877],[-123.86841,42.53634],[-123.8712,42.53516],[-123.87071,42.5342],[-123.87508,42.53018],[-123.87455,42.52868],[-123.8758,42.52821],[-123.87568,42.52619],[-123.87856,42.52451],[-123.87922,42.52205],[-123.876,42.51695],[-123.87702,42.51571],[-123.87516,42.51324],[-123.87945,42.51229],[-123.88031,42.51159],[-123.88014,42.50959],[-123.88527,42.50809],[-123.8849,42.50628],[-123.88626,42.50566],[-123.88575,42.50423],[-123.88898,42.50277],[-123.89056,42.50057],[-123.89407,42.50001],[-123.89582,42.49891],[-123.90061,42.49842],[-123.90372,42.49946],[-123.90773,42.49697],[-123.9108,42.49743],[-123.91544,42.49546],[-123.91781,42.49583],[-123.91921,42.49475],[-123.92851,42.49466],[-123.9297,42.49631],[-123.93395,42.49641],[-123.93709,42.50049],[-123.94444,42.50144],[-123.95745,42.49831],[-123.96118,42.49882],[-123.96313,42.49753],[-123.96767,42.4973],[-123.9693,42.49597],[-123.97268,42.49531],[-123.9777,42.49758],[-123.98144,42.49717],[-123.9862,42.49823],[-123.98769,42.50154],[-123.98883,42.50197],[-123.99327,42.49941],[-123.99541,42.50081],[-123.99749,42.50069],[-124.0012,42.49688],[-124.00847,42.49631],[-124.01051,42.49394],[-124.01151,42.48985]]]},"bbox":[-124.04198,41.99509,-123.22917,42.78406],"properties":{"divisionId":"county:41033","divisionType":"county","geoid":"41033","state":"OR","stateName":"Oregon","name":"Josephine County","shortName":"Josephine","label":"OR • Josephine","labelPoint":[-123.5685908,42.3888576],"countyAreaSqKm":4250.221,"cameraViewshedAreaSqKm":312.745,"cameraViewshedCoveragePct":7.36}},{"type":"Feature","id":"county:41035","geometry":{"type":"Polygon","coordinates":[[[-122.28379,42.91093],[-122.28382,42.82375],[-122.28268,42.79427],[-122.2836,42.73629],[-122.28469,42.4745],[-122.28782,42.4745],[-122.28743,42.13355],[-122.28747,42.12717],[-122.28997,42.12716],[-122.28934,42.10501],[-122.28975,42.0081],[-122.16457,42.00731],[-121.99613,42.00389],[-121.89942,42.00345],[-121.34491,41.99621],[-121.29021,41.99744],[-121.18899,41.99739],[-121.07252,41.99514],[-121.02206,41.9933],[-120.87993,41.99376],[-120.88107,42.33879],[-120.88044,42.48326],[-120.88211,42.48326],[-120.88333,42.74421],[-120.9967,42.74369],[-120.99669,42.74635],[-121.34968,42.74664],[-121.34936,42.83391],[-121.35001,42.83391],[-121.35055,42.91999],[-121.3513,42.91999],[-121.34928,43.05063],[-121.34829,43.23448],[-121.34847,43.35675],[-121.33241,43.35666],[-121.33297,43.61665],[-121.64299,43.61665],[-121.82382,43.61549],[-122.00236,43.6155],[-122.01097,43.60927],[-122.01694,43.60992],[-122.02,43.60661],[-122.03599,43.60176],[-122.03948,43.60153],[-122.04253,43.59921],[-122.04771,43.59788],[-122.04978,43.59458],[-122.06133,43.58972],[-122.06388,43.58752],[-122.07153,43.58775],[-122.07282,43.58548],[-122.07028,43.58162],[-122.07129,43.57958],[-122.07575,43.57982],[-122.07894,43.57768],[-122.08085,43.57733],[-122.08674,43.57958],[-122.09351,43.57922],[-122.09559,43.57492],[-122.10418,43.57414],[-122.10657,43.56927],[-122.1099,43.56744],[-122.11046,43.56536],[-122.11222,43.56549],[-122.11668,43.56245],[-122.12419,43.56213],[-122.12716,43.55829],[-122.13101,43.55728],[-122.13162,43.55495],[-122.13511,43.54953],[-122.13484,43.54756],[-122.13657,43.54541],[-122.13626,43.54466],[-122.13875,43.54316],[-122.14287,43.53697],[-122.14008,43.53078],[-122.14027,43.52941],[-122.14527,43.52836],[-122.14699,43.52551],[-122.14622,43.52362],[-122.14781,43.52302],[-122.14953,43.52069],[-122.14773,43.51546],[-122.14514,43.51358],[-122.13267,43.51062],[-122.13158,43.50732],[-122.1298,43.50569],[-122.13058,43.49977],[-122.12872,43.49689],[-122.13017,43.49216],[-122.13295,43.49178],[-122.13357,43.49065],[-122.13094,43.48506],[-122.13305,43.48281],[-122.13336,43.4797],[-122.13233,43.47818],[-122.13294,43.47572],[-122.13455,43.47356],[-122.13499,43.46887],[-122.13667,43.46751],[-122.13892,43.46751],[-122.14076,43.46635],[-122.13913,43.4619],[-122.13736,43.46178],[-122.13645,43.46081],[-122.1384,43.45923],[-122.13797,43.45854],[-122.13906,43.45742],[-122.13687,43.45622],[-122.13884,43.45506],[-122.14537,43.45489],[-122.14734,43.45265],[-122.1463,43.45092],[-122.15302,43.44757],[-122.14731,43.44248],[-122.14421,43.44283],[-122.14209,43.44477],[-122.13929,43.44473],[-122.13754,43.44317],[-122.13224,43.44099],[-122.13178,43.4394],[-122.13333,43.43729],[-122.13242,43.43627],[-122.12391,43.43466],[-122.12058,43.4354],[-122.11789,43.43223],[-122.11396,43.43135],[-122.11177,43.42909],[-122.10644,43.4298],[-122.10191,43.42836],[-122.10229,43.42581],[-122.1016,43.42508],[-122.09995,43.42594],[-122.09666,43.4253],[-122.09341,43.42928],[-122.09158,43.42882],[-122.09039,43.42558],[-122.08804,43.42365],[-122.08468,43.42258],[-122.08587,43.41951],[-122.08315,43.4184],[-122.08125,43.41447],[-122.07105,43.40852],[-122.06361,43.40633],[-122.06065,43.4009],[-122.0571,43.39965],[-122.05922,43.39856],[-122.06277,43.39438],[-122.06227,43.39268],[-122.06024,43.39057],[-122.05949,43.38678],[-122.05622,43.38146],[-122.05243,43.38061],[-122.04983,43.37813],[-122.04458,43.37526],[-122.04221,43.37224],[-122.03437,43.36888],[-122.03268,43.36607],[-122.02996,43.36456],[-122.02916,43.36315],[-122.03369,43.35665],[-122.02528,43.36191],[-122.02198,43.36221],[-122.022,43.36009],[-122.01974,43.35737],[-122.01797,43.35274],[-122.01374,43.34843],[-122.01216,43.34565],[-122.0104,43.3447],[-122.01079,43.34268],[-122.01014,43.34026],[-122.00821,43.33737],[-122.00943,43.33476],[-122.00923,43.33193],[-122.0156,43.32546],[-122.01594,43.32415],[-122.01326,43.32131],[-122.01269,43.31825],[-122.00626,43.31587],[-122.00211,43.31293],[-121.99929,43.30899],[-122.00183,43.30731],[-122.00316,43.30472],[-122.00541,43.30265],[-122.00847,43.30118],[-122.00908,43.29877],[-122.00853,43.29605],[-122.00953,43.29434],[-122.0065,43.28624],[-122.00133,43.2817],[-121.99451,43.28044],[-121.98805,43.27793],[-121.9864,43.27473],[-121.98457,43.27353],[-121.9839,43.27039],[-121.98055,43.26518],[-121.97639,43.2623],[-121.9742,43.26169],[-121.98518,43.25735],[-121.99274,43.25115],[-121.99252,43.24894],[-121.99648,43.24262],[-121.99669,43.24011],[-121.99962,43.23859],[-122.00225,43.23453],[-122.01159,43.2343],[-122.01376,43.232],[-122.01588,43.2269],[-122.01927,43.22673],[-122.02323,43.22458],[-122.02483,43.222],[-122.02786,43.22],[-122.03734,43.2175],[-122.03905,43.21854],[-122.04075,43.21802],[-122.03965,43.2141],[-122.03362,43.20696],[-122.04092,43.1979],[-122.03897,43.19131],[-122.04144,43.18819],[-122.04458,43.18676],[-122.04553,43.1831],[-122.04806,43.17889],[-122.05132,43.17661],[-122.05388,43.1729],[-122.05464,43.16875],[-122.05223,43.16531],[-122.05431,43.16208],[-122.05362,43.15781],[-122.06298,43.15316],[-122.06628,43.15276],[-122.06587,43.1511],[-122.06714,43.1496],[-122.06415,43.14255],[-122.06518,43.1357],[-122.06819,43.13147],[-122.072,43.12944],[-122.07566,43.12592],[-122.07716,43.11794],[-122.07988,43.11591],[-122.08345,43.10864],[-122.08296,43.10338],[-122.08679,43.10023],[-122.08639,43.09684],[-122.08868,43.09483],[-122.08696,43.09148],[-122.08905,43.09046],[-122.09213,43.08684],[-122.09174,43.08424],[-122.09349,43.08047],[-122.09349,43.07581],[-122.08936,43.07265],[-122.08581,43.07194],[-122.0835,43.06995],[-122.08045,43.06977],[-122.07626,43.06774],[-122.28259,43.06772],[-122.28271,42.91093],[-122.28379,42.91093]]]},"bbox":[-122.28997,41.9933,-120.87993,43.61665],"properties":{"divisionId":"county:41035","divisionType":"county","geoid":"41035","state":"OR","stateName":"Oregon","name":"Klamath County","shortName":"Klamath","label":"OR • Klamath","labelPoint":[-121.6461682,42.6837613],"countyAreaSqKm":15893.6,"cameraViewshedAreaSqKm":1520.951,"cameraViewshedCoveragePct":9.57}},{"type":"Feature","id":"county:41037","geometry":{"type":"Polygon","coordinates":[[[-121.34933,43.0936],[-121.34954,43.01151],[-121.3513,42.91999],[-121.35055,42.91999],[-121.35001,42.83391],[-121.34936,42.83391],[-121.34968,42.74664],[-120.99669,42.74635],[-120.9967,42.74369],[-120.88333,42.74421],[-120.88211,42.48326],[-120.88044,42.48326],[-120.88107,42.33879],[-120.87993,41.99376],[-120.70047,41.99382],[-120.58449,41.99297],[-120.49114,41.99363],[-120.32639,41.99259],[-120.32602,41.99314],[-120.2565,41.99295],[-120.17892,41.99456],[-119.99923,41.99494],[-119.94789,41.99675],[-119.84854,41.99748],[-119.78971,41.99739],[-119.72582,41.9962],[-119.45551,41.99572],[-119.36012,41.99428],[-119.35945,42.13723],[-119.36358,42.13723],[-119.36357,42.34122],[-119.36451,42.46499],[-119.36393,42.50325],[-119.36534,42.74896],[-119.70586,42.74879],[-119.70601,42.74661],[-119.82482,42.74701],[-119.94378,42.74637],[-119.9435,42.91708],[-119.93159,42.91701],[-119.93261,43.17896],[-119.89697,43.17902],[-119.89497,43.58541],[-119.89658,43.61116],[-120.37771,43.61149],[-120.37775,43.61595],[-120.97496,43.61538],[-120.97497,43.61744],[-121.33297,43.61665],[-121.33241,43.35666],[-121.34847,43.35675],[-121.34829,43.23448],[-121.34933,43.0936]]]},"bbox":[-121.3513,41.99259,-119.35945,43.61744],"properties":{"divisionId":"county:41037","divisionType":"county","geoid":"41037","state":"OR","stateName":"Oregon","name":"Lake County","shortName":"Lake","label":"OR • Lake","labelPoint":[-120.3897896,42.7884009],"countyAreaSqKm":21650.681,"cameraViewshedAreaSqKm":2633.898,"cameraViewshedCoveragePct":12.17}},{"type":"Feature","id":"county:41039","geometry":{"type":"Polygon","coordinates":[[[-123.16543,44.20007],[-123.166,44.20188],[-123.16517,44.20364],[-123.16043,44.20799],[-123.15787,44.21161],[-123.15901,44.2148],[-123.15625,44.21933],[-123.15239,44.22269],[-123.15034,44.22663],[-123.15164,44.22945],[-123.15482,44.23242],[-123.15654,44.23327],[-123.15953,44.23308],[-123.1636,44.23531],[-123.16687,44.24011],[-123.16985,44.2465],[-123.17501,44.24842],[-123.17878,44.2516],[-123.17808,44.25511],[-123.17501,44.25951],[-123.17405,44.26661],[-123.17557,44.2766],[-123.18039,44.28372],[-123.37141,44.28372],[-123.37141,44.28102],[-123.45127,44.2805],[-123.47219,44.28147],[-123.55604,44.2814],[-123.57361,44.2826],[-123.59329,44.28191],[-123.59332,44.27669],[-123.65529,44.27903],[-123.71538,44.28027],[-123.71539,44.28395],[-123.86739,44.28265],[-123.94108,44.28295],[-123.94107,44.27737],[-124.06326,44.27718],[-124.0633,44.27509],[-124.08372,44.27612],[-124.18741,44.27687],[-124.18811,44.27097],[-124.18432,44.25798],[-124.18681,44.24816],[-124.18679,44.24466],[-124.18547,44.23709],[-124.18283,44.23095],[-124.1844,44.22747],[-124.18559,44.2216],[-124.18662,44.2043],[-124.18597,44.199],[-124.18823,44.19153],[-124.18853,44.18587],[-124.18676,44.17648],[-124.18886,44.16836],[-124.18901,44.16422],[-124.19555,44.15483],[-124.19984,44.14554],[-124.20098,44.13952],[-124.20085,44.13275],[-124.19917,44.1272],[-124.19997,44.12137],[-124.19932,44.11125],[-124.19855,44.10621],[-124.19538,44.09746],[-124.19741,44.08933],[-124.19907,44.07405],[-124.20177,44.06241],[-124.20233,44.05385],[-124.20447,44.0466],[-124.20517,44.04064],[-124.211,44.03045],[-124.21272,44.02457],[-124.21254,44.01412],[-124.20789,44.00213],[-124.2121,43.97998],[-124.21515,43.95378],[-124.23018,43.86372],[-124.10409,43.86329],[-124.06461,43.86421],[-124.06459,43.86228],[-124.02578,43.86222],[-124.00594,43.863],[-123.98581,43.862],[-123.96592,43.86304],[-123.94629,43.86268],[-123.94653,43.87169],[-123.93471,43.86601],[-123.92548,43.86595],[-123.92592,43.89848],[-123.90239,43.89628],[-123.9022,43.90051],[-123.89741,43.90051],[-123.8972,43.90471],[-123.8828,43.90458],[-123.88255,43.90871],[-123.87775,43.90863],[-123.87749,43.91275],[-123.87267,43.91266],[-123.8724,43.91673],[-123.86269,43.91656],[-123.86238,43.92066],[-123.8526,43.92055],[-123.85227,43.92468],[-123.8474,43.92466],[-123.84706,43.92882],[-123.84214,43.92888],[-123.84206,43.93243],[-123.83714,43.93246],[-123.83707,43.93598],[-123.83212,43.93599],[-123.83198,43.94308],[-123.82704,43.94305],[-123.827,43.94484],[-123.75871,43.94388],[-123.7038,43.94432],[-123.70382,43.9374],[-123.65877,43.93647],[-123.65891,43.92167],[-123.61901,43.92112],[-123.61957,43.89167],[-123.57958,43.89113],[-123.57978,43.86829],[-123.52901,43.86833],[-123.52915,43.83006],[-123.47025,43.83118],[-123.47037,43.81006],[-123.41143,43.80988],[-123.38796,43.80887],[-123.3482,43.80921],[-123.34825,43.78017],[-123.13732,43.77967],[-123.13801,43.75061],[-123.13721,43.60591],[-123.10732,43.60589],[-123.10769,43.54001],[-122.98763,43.53899],[-122.98762,43.54099],[-122.93253,43.54436],[-122.9124,43.54389],[-122.89277,43.54488],[-122.84169,43.54493],[-122.78152,43.54391],[-122.74184,43.54465],[-122.74172,43.43739],[-122.62295,43.43846],[-122.62291,43.44026],[-122.50844,43.44023],[-122.50844,43.44127],[-122.49047,43.44148],[-122.27067,43.44163],[-122.27065,43.44001],[-122.13203,43.44022],[-122.13243,43.44112],[-122.1403,43.44491],[-122.1432,43.4443],[-122.14421,43.44283],[-122.14731,43.44248],[-122.15302,43.44757],[-122.1463,43.45092],[-122.14734,43.45265],[-122.14537,43.45489],[-122.13884,43.45506],[-122.13687,43.45622],[-122.13906,43.45742],[-122.13797,43.45854],[-122.1384,43.45923],[-122.13645,43.46081],[-122.13736,43.46178],[-122.13913,43.4619],[-122.14076,43.46635],[-122.13892,43.46751],[-122.13667,43.46751],[-122.13499,43.46887],[-122.13455,43.47356],[-122.13294,43.47572],[-122.13233,43.47818],[-122.13336,43.4797],[-122.13305,43.48281],[-122.13094,43.48506],[-122.13357,43.49065],[-122.13295,43.49178],[-122.13017,43.49216],[-122.12872,43.49689],[-122.13058,43.49977],[-122.1298,43.50569],[-122.13158,43.50732],[-122.13267,43.51062],[-122.14514,43.51358],[-122.14773,43.51546],[-122.14953,43.52069],[-122.14781,43.52302],[-122.14622,43.52362],[-122.14699,43.52551],[-122.14527,43.52836],[-122.14027,43.52941],[-122.14008,43.53078],[-122.14287,43.53697],[-122.13875,43.54316],[-122.13626,43.54466],[-122.13657,43.54541],[-122.13484,43.54756],[-122.13511,43.54953],[-122.13162,43.55495],[-122.13101,43.55728],[-122.12716,43.55829],[-122.12419,43.56213],[-122.11668,43.56245],[-122.11222,43.56549],[-122.11046,43.56536],[-122.1099,43.56744],[-122.10657,43.56927],[-122.10418,43.57414],[-122.09559,43.57492],[-122.09351,43.57922],[-122.08674,43.57958],[-122.08085,43.57733],[-122.07894,43.57768],[-122.07575,43.57982],[-122.07129,43.57958],[-122.07028,43.58162],[-122.07282,43.58548],[-122.07153,43.58775],[-122.06388,43.58752],[-122.06133,43.58972],[-122.04978,43.59458],[-122.04771,43.59788],[-122.04253,43.59921],[-122.04011,43.60131],[-122.03599,43.60176],[-122.02,43.60661],[-122.01694,43.60992],[-122.01097,43.60927],[-122.00207,43.61586],[-122.00162,43.62253],[-122.00009,43.62636],[-121.99636,43.62705],[-121.99065,43.62577],[-121.97804,43.62561],[-121.96492,43.62705],[-121.9657,43.62779],[-121.96836,43.62772],[-121.96952,43.62984],[-121.97294,43.6325],[-121.97406,43.63516],[-121.97847,43.6374],[-121.98051,43.63969],[-121.98062,43.64254],[-121.98244,43.64438],[-121.98563,43.65253],[-121.98707,43.65444],[-121.98572,43.65629],[-121.98627,43.66136],[-121.98572,43.66425],[-121.98452,43.66571],[-121.98448,43.66777],[-121.98076,43.67384],[-121.98083,43.67608],[-121.97932,43.68082],[-121.97957,43.68377],[-121.97822,43.68802],[-121.97612,43.6903],[-121.97349,43.69141],[-121.97291,43.69639],[-121.96783,43.70141],[-121.96688,43.70337],[-121.96778,43.70457],[-121.97228,43.70532],[-121.97461,43.70858],[-121.97514,43.71181],[-121.97463,43.71403],[-121.97313,43.71582],[-121.97582,43.72187],[-121.977,43.72239],[-121.97826,43.72445],[-121.97363,43.73115],[-121.97557,43.73358],[-121.97517,43.73584],[-121.97965,43.73908],[-121.98117,43.74337],[-121.97549,43.74715],[-121.97435,43.74855],[-121.97414,43.75036],[-121.96996,43.75103],[-121.97199,43.75298],[-121.97012,43.75683],[-121.96816,43.75777],[-121.96709,43.7597],[-121.96356,43.76252],[-121.96088,43.76392],[-121.96552,43.76518],[-121.96849,43.76682],[-121.96953,43.7685],[-121.96889,43.77475],[-121.9661,43.77736],[-121.96254,43.77872],[-121.96051,43.78124],[-121.96403,43.78263],[-121.96619,43.78471],[-121.96757,43.78823],[-121.96717,43.79368],[-121.96838,43.80098],[-121.9644,43.80395],[-121.96492,43.80731],[-121.96362,43.8095],[-121.96907,43.81309],[-121.97546,43.81177],[-121.97428,43.81742],[-121.97476,43.82122],[-121.97358,43.82906],[-121.97438,43.82935],[-121.97622,43.82755],[-121.9778,43.82853],[-121.97667,43.83048],[-121.97715,43.83121],[-121.97636,43.83429],[-121.97506,43.83621],[-121.97519,43.83999],[-121.9744,43.84128],[-121.97465,43.84391],[-121.97614,43.84625],[-121.97617,43.84848],[-121.9749,43.85124],[-121.97548,43.85203],[-121.97511,43.85757],[-121.97288,43.85935],[-121.97293,43.86116],[-121.96855,43.86455],[-121.96543,43.86576],[-121.96169,43.86506],[-121.95974,43.86801],[-121.9575,43.86855],[-121.95647,43.87008],[-121.95296,43.87168],[-121.95128,43.87428],[-121.95139,43.87555],[-121.95283,43.87678],[-121.95246,43.87786],[-121.94521,43.88206],[-121.94233,43.88626],[-121.93242,43.89421],[-121.9312,43.89783],[-121.93161,43.89914],[-121.93961,43.90094],[-121.93584,43.90404],[-121.93032,43.90635],[-121.92821,43.90918],[-121.92378,43.90848],[-121.9198,43.91138],[-121.9168,43.91149],[-121.9164,43.91231],[-121.91361,43.91292],[-121.91159,43.91233],[-121.90787,43.91388],[-121.90586,43.91336],[-121.90432,43.91486],[-121.90148,43.9159],[-121.90007,43.91502],[-121.89839,43.91227],[-121.89467,43.91085],[-121.89257,43.9109],[-121.89067,43.90837],[-121.8769,43.90784],[-121.8716,43.91168],[-121.86914,43.91206],[-121.86797,43.9148],[-121.86838,43.91584],[-121.86678,43.91688],[-121.86546,43.92022],[-121.87021,43.92353],[-121.86807,43.92405],[-121.86649,43.92579],[-121.86481,43.93001],[-121.86534,43.93232],[-121.86166,43.93542],[-121.86239,43.93732],[-121.86142,43.93876],[-121.86093,43.94305],[-121.85805,43.94532],[-121.85926,43.94706],[-121.85817,43.94878],[-121.85802,43.95125],[-121.85972,43.9532],[-121.85789,43.95474],[-121.85998,43.95851],[-121.85971,43.96153],[-121.85684,43.96536],[-121.85352,43.96658],[-121.84539,43.96718],[-121.84299,43.96888],[-121.83646,43.97144],[-121.84262,43.97287],[-121.84511,43.97502],[-121.84509,43.97624],[-121.84314,43.97907],[-121.83728,43.98265],[-121.83596,43.98475],[-121.83679,43.98598],[-121.83574,43.9871],[-121.83245,43.9873],[-121.82826,43.98888],[-121.83061,43.98934],[-121.83136,43.99057],[-121.8334,43.99142],[-121.8294,43.99431],[-121.8271,43.99759],[-121.82453,44.00422],[-121.8243,44.00807],[-121.82203,44.01166],[-121.82276,44.01576],[-121.82538,44.01943],[-121.82516,44.02261],[-121.82795,44.02621],[-121.82804,44.02916],[-121.8291,44.03074],[-121.83238,44.03291],[-121.83287,44.03575],[-121.83519,44.03702],[-121.83431,44.04015],[-121.83222,44.0416],[-121.82966,44.04154],[-121.8238,44.0456],[-121.82091,44.04855],[-121.81941,44.05162],[-121.8157,44.0512],[-121.81444,44.05282],[-121.81267,44.05315],[-121.80245,44.05237],[-121.80151,44.05684],[-121.80009,44.05774],[-121.80044,44.0587],[-121.7965,44.06166],[-121.79247,44.06968],[-121.78946,44.07261],[-121.78933,44.07489],[-121.77963,44.08023],[-121.77939,44.08235],[-121.77709,44.08514],[-121.77678,44.08854],[-121.77338,44.08969],[-121.77256,44.09086],[-121.77159,44.09902],[-121.76907,44.10159],[-121.77008,44.10848],[-121.76802,44.11463],[-121.76954,44.12013],[-121.77136,44.12342],[-121.77061,44.12554],[-121.77165,44.12676],[-121.77124,44.13084],[-121.77306,44.1335],[-121.77273,44.13983],[-121.77923,44.14507],[-121.78292,44.14642],[-121.78426,44.14809],[-121.78314,44.15175],[-121.78342,44.15432],[-121.78092,44.15538],[-121.78113,44.15831],[-121.78202,44.15976],[-121.77888,44.16074],[-121.77623,44.16005],[-121.77243,44.16353],[-121.77291,44.1648],[-121.77156,44.16716],[-121.7732,44.16949],[-121.77836,44.17258],[-121.77971,44.17536],[-121.77345,44.18537],[-121.77443,44.18763],[-121.77411,44.19049],[-121.77749,44.19204],[-121.7791,44.19425],[-121.78151,44.19481],[-121.78121,44.19654],[-121.78217,44.1985],[-121.78059,44.20182],[-121.78258,44.20301],[-121.78161,44.20533],[-121.78394,44.20559],[-121.78563,44.20781],[-121.78538,44.20884],[-121.78345,44.20943],[-121.78525,44.2126],[-121.78474,44.21527],[-121.77871,44.21754],[-121.77791,44.21888],[-121.77807,44.22096],[-121.77975,44.2242],[-121.78378,44.22582],[-121.78575,44.22924],[-121.78542,44.2309],[-121.78766,44.23498],[-121.78781,44.24076],[-121.79046,44.24546],[-121.78913,44.24774],[-121.78965,44.24933],[-121.79746,44.25461],[-121.79943,44.25828],[-121.90959,44.25817],[-122.02802,44.25616],[-122.028,44.25382],[-122.26453,44.25385],[-122.26453,44.25263],[-122.32715,44.25284],[-122.33245,44.24338],[-122.33067,44.23985],[-122.32574,44.23758],[-122.3287,44.23487],[-122.32731,44.23119],[-122.33067,44.22961],[-122.33186,44.22765],[-122.33782,44.22632],[-122.34026,44.22382],[-122.34026,44.22164],[-122.34771,44.22166],[-122.35262,44.22074],[-122.35707,44.2161],[-122.35807,44.21333],[-122.36062,44.21193],[-122.36375,44.21194],[-122.3672,44.20938],[-122.37428,44.21046],[-122.37959,44.20944],[-122.38457,44.21101],[-122.38456,44.21706],[-122.40478,44.21694],[-122.40475,44.22058],[-122.42509,44.22066],[-122.42508,44.2182],[-122.43488,44.22131],[-122.4388,44.21871],[-122.44288,44.21854],[-122.44817,44.2167],[-122.45634,44.21904],[-122.45849,44.22109],[-122.46591,44.22307],[-122.47368,44.22241],[-122.47757,44.21941],[-122.47925,44.21907],[-122.48431,44.22148],[-122.48838,44.22193],[-122.49227,44.21997],[-122.4976,44.22243],[-122.50369,44.22175],[-122.5072,44.22345],[-122.51115,44.22676],[-122.51363,44.23165],[-122.51939,44.23072],[-122.52274,44.2284],[-122.52819,44.2265],[-122.52954,44.22672],[-122.53269,44.2296],[-122.53324,44.23302],[-122.5363,44.23504],[-122.53963,44.23431],[-122.54925,44.2355],[-122.55192,44.2323],[-122.55495,44.23109],[-122.55834,44.23054],[-122.56294,44.23156],[-122.56899,44.22886],[-122.57309,44.22915],[-122.57702,44.22788],[-122.5778,44.22847],[-122.57778,44.22979],[-122.57539,44.2341],[-122.5754,44.23536],[-122.57978,44.2378],[-122.58562,44.23918],[-122.59347,44.24443],[-122.60462,44.24423],[-122.62381,44.25002],[-122.63143,44.24919],[-122.63996,44.2494],[-122.64072,44.2511],[-122.64408,44.25255],[-122.64528,44.25396],[-122.64576,44.25681],[-122.64454,44.26009],[-122.64679,44.26425],[-122.64681,44.26662],[-122.65158,44.26708],[-122.65255,44.26881],[-122.65577,44.26969],[-122.65736,44.27096],[-122.66892,44.2689],[-122.67606,44.27351],[-122.67854,44.27327],[-122.68333,44.27446],[-122.68935,44.27395],[-122.69563,44.27646],[-122.69641,44.27702],[-122.69608,44.27889],[-122.6994,44.27997],[-122.70545,44.27822],[-122.70647,44.27932],[-122.71047,44.27937],[-122.71472,44.2816],[-122.71713,44.28093],[-122.72027,44.28143],[-122.72494,44.28316],[-122.7257,44.28667],[-122.72757,44.28653],[-122.73112,44.28823],[-122.73813,44.28583],[-122.74289,44.28739],[-122.74458,44.28605],[-122.74983,44.28473],[-122.75902,44.29014],[-122.76274,44.29054],[-122.7768,44.28373],[-122.78421,44.28346],[-122.78861,44.28565],[-122.79109,44.28587],[-122.80716,44.28417],[-122.81145,44.28058],[-122.81442,44.27627],[-122.81779,44.27629],[-122.82302,44.27432],[-122.82377,44.27439],[-122.82527,44.27686],[-122.82904,44.27694],[-122.82872,44.27852],[-122.83025,44.28053],[-122.83028,44.28203],[-122.83368,44.28243],[-122.8344,44.28342],[-122.83992,44.28135],[-122.84284,44.28106],[-122.84439,44.28189],[-122.8451,44.2836],[-122.84685,44.28428],[-122.85007,44.28442],[-122.8528,44.28554],[-122.85949,44.28548],[-122.86547,44.28732],[-122.86554,44.25898],[-122.904,44.25913],[-122.90576,44.20074],[-123.16543,44.20007]]]},"bbox":[-124.23018,43.43739,-121.76802,44.29054],"properties":{"divisionId":"county:41039","divisionType":"county","geoid":"41039","state":"OR","stateName":"Oregon","name":"Lane County","shortName":"Lane","label":"OR • Lane","labelPoint":[-122.8948576,43.9276422],"countyAreaSqKm":12230.837,"cameraViewshedAreaSqKm":2023.526,"cameraViewshedCoveragePct":16.54}},{"type":"Feature","id":"county:41041","geometry":{"type":"Polygon","coordinates":[[[-123.72006,44.43233],[-123.72007,44.43337],[-123.6791,44.43393],[-123.66875,44.43294],[-123.60811,44.43367],[-123.59768,44.43311],[-123.59763,44.46932],[-123.59723,44.47745],[-123.59613,44.47745],[-123.59591,44.50374],[-123.59717,44.54946],[-123.59687,44.64765],[-123.59693,44.65114],[-123.60282,44.65116],[-123.60261,44.72115],[-123.70447,44.72115],[-123.70458,44.73898],[-123.725,44.73905],[-123.72558,44.84226],[-123.72497,44.94045],[-123.72423,44.95549],[-123.7246,45.00076],[-123.72577,45.00075],[-123.72466,45.04443],[-123.92445,45.04578],[-123.96718,45.04573],[-123.96719,45.04484],[-123.98669,45.04463],[-124.08786,45.045],[-124.08774,45.04407],[-124.09583,45.04399],[-124.09747,45.0342],[-124.09747,45.02736],[-124.09597,45.02052],[-124.09221,45.01141],[-124.08621,45.00286],[-124.08771,45.00002],[-124.08944,44.98933],[-124.08961,44.98138],[-124.09084,44.97694],[-124.09063,44.96591],[-124.09373,44.95899],[-124.09477,44.95452],[-124.0967,44.95163],[-124.09848,44.94542],[-124.09951,44.9369],[-124.09793,44.92966],[-124.11657,44.86634],[-124.13043,44.85572],[-124.13621,44.84924],[-124.13902,44.84417],[-124.14156,44.83344],[-124.14135,44.82053],[-124.13955,44.81158],[-124.14372,44.80322],[-124.14442,44.7934],[-124.14625,44.78337],[-124.14596,44.78102],[-124.14776,44.77357],[-124.14764,44.76911],[-124.14531,44.75751],[-124.14831,44.74419],[-124.1483,44.7404],[-124.14821,44.73559],[-124.14679,44.73082],[-124.14037,44.71763],[-124.14063,44.71481],[-124.13912,44.71054],[-124.14218,44.70622],[-124.14441,44.69932],[-124.14826,44.69571],[-124.15104,44.69032],[-124.15396,44.67533],[-124.15201,44.6632],[-124.14785,44.65489],[-124.13744,44.641],[-124.14506,44.63168],[-124.14908,44.62484],[-124.15192,44.61597],[-124.15233,44.60934],[-124.15122,44.60291],[-124.14839,44.59835],[-124.14412,44.59237],[-124.13431,44.58318],[-124.13801,44.57764],[-124.14266,44.56327],[-124.14578,44.54624],[-124.14609,44.54022],[-124.15553,44.53102],[-124.15967,44.52341],[-124.16262,44.51291],[-124.16491,44.49483],[-124.16391,44.48841],[-124.15343,44.46504],[-124.15859,44.40608],[-124.16352,44.37484],[-124.17514,44.33451],[-124.17825,44.328],[-124.18165,44.3168],[-124.18187,44.31137],[-124.18058,44.30777],[-124.18228,44.30601],[-124.18765,44.28856],[-124.18767,44.28626],[-124.18652,44.28436],[-124.18741,44.27687],[-124.08372,44.27612],[-124.0633,44.27509],[-124.06326,44.27718],[-123.94107,44.27737],[-123.94108,44.28295],[-123.86739,44.28265],[-123.7756,44.28355],[-123.77579,44.31617],[-123.81653,44.3153],[-123.81671,44.34462],[-123.77661,44.34455],[-123.735,44.34578],[-123.73515,44.36035],[-123.71554,44.36046],[-123.71587,44.38949],[-123.72014,44.38951],[-123.72006,44.43233]]]},"bbox":[-124.18767,44.27509,-123.59591,45.04578],"properties":{"divisionId":"county:41041","divisionType":"county","geoid":"41041","state":"OR","stateName":"Oregon","name":"Lincoln County","shortName":"Lincoln","label":"OR • Lincoln","labelPoint":[-123.9112121,44.6410607],"countyAreaSqKm":3093.827,"cameraViewshedAreaSqKm":231.971,"cameraViewshedCoveragePct":7.5}},{"type":"Feature","id":"county:41043","geometry":{"type":"Polygon","coordinates":[[[-122.89759,44.74495],[-122.8994,44.74379],[-122.90131,44.74032],[-122.90538,44.73919],[-122.90714,44.73728],[-122.90949,44.73632],[-122.91024,44.7321],[-122.91278,44.73005],[-122.91859,44.72772],[-122.91952,44.72691],[-122.91946,44.72493],[-122.92564,44.72185],[-122.92923,44.72183],[-122.92986,44.72095],[-122.92953,44.71905],[-122.93336,44.71606],[-122.93785,44.71489],[-122.94235,44.71529],[-122.95349,44.72026],[-122.9576,44.72103],[-122.9632,44.71517],[-122.96909,44.7131],[-122.97138,44.71036],[-122.97356,44.70612],[-122.97371,44.70014],[-122.97519,44.69794],[-122.97902,44.6966],[-122.98574,44.69639],[-122.99003,44.69348],[-122.99199,44.69405],[-122.99365,44.69606],[-122.99617,44.6957],[-122.99833,44.69387],[-122.99603,44.69029],[-122.9963,44.68902],[-123.00001,44.68692],[-123.00149,44.68876],[-123.00322,44.6888],[-123.00607,44.68671],[-123.0136,44.69166],[-123.01598,44.69412],[-123.0186,44.69877],[-123.01868,44.70035],[-123.01377,44.71397],[-123.01509,44.71976],[-123.01889,44.72466],[-123.02071,44.72562],[-123.024,44.72558],[-123.03257,44.72076],[-123.03475,44.72087],[-123.0406,44.72433],[-123.04243,44.72672],[-123.04248,44.73008],[-123.03945,44.73359],[-123.04081,44.73682],[-123.04659,44.73862],[-123.05082,44.73836],[-123.05534,44.73703],[-123.06011,44.73768],[-123.06206,44.73943],[-123.06072,44.74488],[-123.06112,44.74712],[-123.06215,44.74804],[-123.06682,44.74809],[-123.07561,44.7438],[-123.0789,44.74307],[-123.08209,44.74358],[-123.08572,44.74572],[-123.09189,44.74752],[-123.10009,44.74631],[-123.10587,44.74931],[-123.1063,44.75156],[-123.11031,44.75762],[-123.11302,44.75948],[-123.11797,44.75866],[-123.11994,44.75752],[-123.11983,44.75307],[-123.12147,44.75159],[-123.12508,44.75119],[-123.13469,44.75201],[-123.14056,44.74927],[-123.14384,44.74891],[-123.13511,44.74574],[-123.1327,44.74336],[-123.13244,44.74116],[-123.13353,44.73866],[-123.14658,44.73158],[-123.15043,44.72761],[-123.1503,44.72269],[-123.14751,44.71705],[-123.14749,44.71485],[-123.14598,44.71141],[-123.1366,44.70218],[-123.12621,44.69601],[-123.1213,44.69135],[-123.11921,44.68208],[-123.11597,44.67628],[-123.11174,44.67483],[-123.10688,44.67471],[-123.10064,44.67596],[-123.09251,44.67589],[-123.08834,44.67424],[-123.08617,44.66814],[-123.08418,44.66529],[-123.07813,44.66214],[-123.07412,44.65836],[-123.07321,44.65466],[-123.07357,44.65049],[-123.07723,44.64721],[-123.08082,44.64543],[-123.1004,44.63985],[-123.10707,44.63913],[-123.11253,44.64059],[-123.11952,44.6409],[-123.13555,44.63786],[-123.16552,44.63705],[-123.17056,44.6345],[-123.17138,44.6334],[-123.17212,44.62887],[-123.16967,44.62454],[-123.17011,44.62267],[-123.17163,44.62101],[-123.17423,44.62004],[-123.17992,44.6199],[-123.18182,44.619],[-123.18318,44.61745],[-123.18291,44.61104],[-123.18392,44.60925],[-123.19519,44.60495],[-123.19803,44.60286],[-123.19864,44.60042],[-123.19701,44.59756],[-123.19143,44.5959],[-123.18719,44.59558],[-123.18416,44.59429],[-123.1832,44.59308],[-123.18301,44.59],[-123.18479,44.58745],[-123.19195,44.58581],[-123.2063,44.58603],[-123.22308,44.58435],[-123.25121,44.57463],[-123.25432,44.57148],[-123.25596,44.56641],[-123.26025,44.55935],[-123.26063,44.55581],[-123.24498,44.54937],[-123.24211,44.54732],[-123.24175,44.54592],[-123.24238,44.54362],[-123.24839,44.53697],[-123.25025,44.53243],[-123.25338,44.52887],[-123.25324,44.52797],[-123.25173,44.52649],[-123.24808,44.52595],[-123.23807,44.52797],[-123.23108,44.52262],[-123.22736,44.5154],[-123.22452,44.51194],[-123.21743,44.50988],[-123.21391,44.50691],[-123.21216,44.5039],[-123.21197,44.50122],[-123.21508,44.49419],[-123.21418,44.48943],[-123.21935,44.48696],[-123.22102,44.48475],[-123.22016,44.48258],[-123.21428,44.47965],[-123.21365,44.47836],[-123.21367,44.47492],[-123.21617,44.4717],[-123.21646,44.46847],[-123.21382,44.46062],[-123.21178,44.45714],[-123.21131,44.45027],[-123.20529,44.44404],[-123.20727,44.43778],[-123.20919,44.43524],[-123.2256,44.43407],[-123.22801,44.43238],[-123.22617,44.42712],[-123.21938,44.41944],[-123.21982,44.41571],[-123.22346,44.4171],[-123.2268,44.41726],[-123.22931,44.41507],[-123.22704,44.40471],[-123.22367,44.39651],[-123.22361,44.39345],[-123.23091,44.38715],[-123.23716,44.38495],[-123.24349,44.38516],[-123.24495,44.38414],[-123.24516,44.38225],[-123.24229,44.37772],[-123.23662,44.37319],[-123.22423,44.36941],[-123.21986,44.36442],[-123.21889,44.36101],[-123.22057,44.35964],[-123.22953,44.35985],[-123.23469,44.3574],[-123.2351,44.35462],[-123.23005,44.34751],[-123.22843,44.34401],[-123.22866,44.34219],[-123.23104,44.34027],[-123.24074,44.33779],[-123.24533,44.33363],[-123.24568,44.3321],[-123.24373,44.33045],[-123.23799,44.32895],[-123.22666,44.33127],[-123.22247,44.33068],[-123.21904,44.32829],[-123.21691,44.32495],[-123.21759,44.32066],[-123.2168,44.31727],[-123.2173,44.31312],[-123.21618,44.31081],[-123.2113,44.30922],[-123.19736,44.30857],[-123.1933,44.30649],[-123.19375,44.30335],[-123.19065,44.29939],[-123.18975,44.29589],[-123.19366,44.29227],[-123.19311,44.28976],[-123.18785,44.28556],[-123.183,44.28479],[-123.17993,44.28343],[-123.17526,44.27565],[-123.17405,44.26661],[-123.17501,44.25951],[-123.17808,44.25511],[-123.17878,44.2516],[-123.17501,44.24842],[-123.16985,44.2465],[-123.16687,44.24011],[-123.1636,44.23531],[-123.15953,44.23308],[-123.15654,44.23327],[-123.15482,44.23242],[-123.15164,44.22945],[-123.15034,44.22663],[-123.15239,44.22269],[-123.15625,44.21933],[-123.15901,44.2148],[-123.15787,44.21161],[-123.16043,44.20799],[-123.16517,44.20364],[-123.166,44.20188],[-123.16543,44.20007],[-122.90576,44.20074],[-122.904,44.25913],[-122.86554,44.25898],[-122.86547,44.28732],[-122.85949,44.28548],[-122.8528,44.28554],[-122.85007,44.28442],[-122.84685,44.28428],[-122.8451,44.2836],[-122.84439,44.28189],[-122.84284,44.28106],[-122.83992,44.28135],[-122.8344,44.28342],[-122.83368,44.28243],[-122.83028,44.28203],[-122.83025,44.28053],[-122.82872,44.27852],[-122.82904,44.27694],[-122.82527,44.27686],[-122.82377,44.27439],[-122.82302,44.27432],[-122.81779,44.27629],[-122.81442,44.27627],[-122.81145,44.28058],[-122.80716,44.28417],[-122.79109,44.28587],[-122.78861,44.28565],[-122.78421,44.28346],[-122.7768,44.28373],[-122.76274,44.29054],[-122.75902,44.29014],[-122.74983,44.28473],[-122.74458,44.28605],[-122.74289,44.28739],[-122.73813,44.28583],[-122.73112,44.28823],[-122.72757,44.28653],[-122.7257,44.28667],[-122.72494,44.28316],[-122.72027,44.28143],[-122.71713,44.28093],[-122.71472,44.2816],[-122.71047,44.27937],[-122.70647,44.27932],[-122.70545,44.27822],[-122.6994,44.27997],[-122.69608,44.27889],[-122.69641,44.27702],[-122.69563,44.27646],[-122.68935,44.27395],[-122.68333,44.27446],[-122.67854,44.27327],[-122.67606,44.27351],[-122.66892,44.2689],[-122.65736,44.27096],[-122.65577,44.26969],[-122.65255,44.26881],[-122.65158,44.26708],[-122.64681,44.26662],[-122.64679,44.26425],[-122.64454,44.26009],[-122.64576,44.25681],[-122.64528,44.25396],[-122.64408,44.25255],[-122.64072,44.2511],[-122.63996,44.2494],[-122.63143,44.24919],[-122.62381,44.25002],[-122.60462,44.24423],[-122.59347,44.24443],[-122.58562,44.23918],[-122.57978,44.2378],[-122.5754,44.23536],[-122.57539,44.2341],[-122.57778,44.22979],[-122.5778,44.22847],[-122.57702,44.22788],[-122.57309,44.22915],[-122.56899,44.22886],[-122.56294,44.23156],[-122.55834,44.23054],[-122.55495,44.23109],[-122.55192,44.2323],[-122.54925,44.2355],[-122.53963,44.23431],[-122.5363,44.23504],[-122.53324,44.23302],[-122.53269,44.2296],[-122.52954,44.22672],[-122.52819,44.2265],[-122.52274,44.2284],[-122.51939,44.23072],[-122.51363,44.23165],[-122.51115,44.22676],[-122.5072,44.22345],[-122.50369,44.22175],[-122.4976,44.22243],[-122.49227,44.21997],[-122.48838,44.22193],[-122.48431,44.22148],[-122.47925,44.21907],[-122.47757,44.21941],[-122.47368,44.22241],[-122.46591,44.22307],[-122.45849,44.22109],[-122.45634,44.21904],[-122.44817,44.2167],[-122.44288,44.21854],[-122.4388,44.21871],[-122.43488,44.22131],[-122.42508,44.2182],[-122.42509,44.22066],[-122.40475,44.22058],[-122.40478,44.21694],[-122.38456,44.21706],[-122.38457,44.21101],[-122.37959,44.20944],[-122.37428,44.21046],[-122.3672,44.20938],[-122.36375,44.21194],[-122.36062,44.21193],[-122.35807,44.21333],[-122.35707,44.2161],[-122.35262,44.22074],[-122.34771,44.22166],[-122.34026,44.22164],[-122.34026,44.22382],[-122.33782,44.22632],[-122.33186,44.22765],[-122.33067,44.22961],[-122.32731,44.23119],[-122.3287,44.23487],[-122.32574,44.23758],[-122.33067,44.23985],[-122.33245,44.24338],[-122.32715,44.25284],[-122.26453,44.25263],[-122.26453,44.25385],[-122.028,44.25382],[-122.02802,44.25616],[-121.90959,44.25817],[-121.79943,44.25828],[-121.80087,44.25955],[-121.814,44.26024],[-121.81898,44.26179],[-121.81947,44.26254],[-121.81868,44.26493],[-121.81992,44.26608],[-121.82003,44.26773],[-121.82202,44.27139],[-121.82489,44.27421],[-121.82494,44.28289],[-121.82912,44.28498],[-121.83677,44.28684],[-121.84135,44.28565],[-121.84059,44.28795],[-121.84111,44.28946],[-121.83834,44.29847],[-121.83867,44.30039],[-121.83719,44.30301],[-121.83834,44.30711],[-121.84044,44.30822],[-121.84033,44.31014],[-121.83875,44.31248],[-121.84079,44.3206],[-121.83828,44.32443],[-121.83956,44.32752],[-121.83761,44.33402],[-121.83939,44.33849],[-121.84344,44.34214],[-121.84392,44.34619],[-121.83942,44.35436],[-121.8368,44.35673],[-121.83738,44.35828],[-121.84241,44.36177],[-121.8437,44.36553],[-121.84599,44.36687],[-121.84453,44.37106],[-121.84185,44.37272],[-121.84462,44.37656],[-121.84538,44.37983],[-121.84368,44.38307],[-121.84647,44.38561],[-121.84316,44.38909],[-121.84391,44.39103],[-121.84293,44.39359],[-121.84322,44.39546],[-121.84612,44.3985],[-121.84674,44.40325],[-121.84513,44.40711],[-121.84587,44.40867],[-121.84253,44.40939],[-121.84092,44.41078],[-121.84286,44.41123],[-121.84315,44.41339],[-121.84553,44.41463],[-121.8444,44.41787],[-121.84553,44.4213],[-121.84538,44.4254],[-121.84756,44.42875],[-121.8476,44.43034],[-121.84619,44.43179],[-121.84662,44.43388],[-121.84583,44.4358],[-121.84154,44.44197],[-121.84113,44.44491],[-121.84291,44.44729],[-121.84441,44.45139],[-121.8475,44.45474],[-121.84888,44.46145],[-121.84717,44.4633],[-121.8496,44.46733],[-121.84879,44.4694],[-121.84411,44.47144],[-121.84442,44.47542],[-121.84305,44.47904],[-121.84597,44.48337],[-121.84938,44.48452],[-121.84688,44.49109],[-121.84486,44.49175],[-121.83468,44.49932],[-121.8324,44.50299],[-121.82812,44.50478],[-121.82521,44.50744],[-121.8231,44.5112],[-121.81802,44.51303],[-121.81596,44.51202],[-121.81428,44.51348],[-121.80987,44.51381],[-121.8092,44.51495],[-121.80923,44.51713],[-121.81121,44.51983],[-121.81291,44.52423],[-121.81267,44.5295],[-121.81607,44.5346],[-121.81632,44.53738],[-121.81539,44.53999],[-121.8138,44.54174],[-121.81373,44.5434],[-121.80709,44.54739],[-121.80709,44.55185],[-121.80329,44.55532],[-121.80202,44.56159],[-121.80313,44.56493],[-121.80071,44.56783],[-121.80102,44.57176],[-121.79918,44.57319],[-121.80005,44.5764],[-121.79907,44.5791],[-121.80013,44.58091],[-121.79836,44.58215],[-121.79673,44.58936],[-121.79389,44.59406],[-121.79519,44.5977],[-121.80078,44.60094],[-121.80093,44.60315],[-121.79865,44.6052],[-121.80216,44.60841],[-121.80232,44.61044],[-121.80476,44.6116],[-121.806,44.61344],[-121.81069,44.61439],[-121.81157,44.61577],[-121.81003,44.61832],[-121.80941,44.62224],[-121.80749,44.62372],[-121.80812,44.62837],[-121.80576,44.63108],[-121.80549,44.63302],[-121.80249,44.63563],[-121.80273,44.63719],[-121.80135,44.63737],[-121.8003,44.63898],[-121.79795,44.64031],[-121.79973,44.64547],[-121.79775,44.64769],[-121.79784,44.65039],[-121.79904,44.65276],[-121.7983,44.65423],[-121.80089,44.65692],[-121.80181,44.65988],[-121.80059,44.66316],[-121.801,44.66653],[-121.80034,44.67141],[-121.79921,44.67315],[-121.79971,44.67672],[-121.80093,44.67856],[-121.80047,44.68279],[-121.79956,44.68391],[-121.96418,44.68384],[-121.96637,44.68556],[-121.96796,44.68579],[-121.97131,44.68905],[-121.97262,44.68922],[-121.9735,44.69193],[-121.97718,44.69107],[-121.98101,44.6938],[-121.99206,44.68978],[-121.99621,44.69041],[-122.00037,44.68749],[-122.00159,44.68768],[-122.00242,44.689],[-122.00389,44.68909],[-122.0097,44.6868],[-122.0125,44.68769],[-122.01572,44.69058],[-122.01755,44.69094],[-122.02085,44.68999],[-122.02779,44.6896],[-122.0334,44.6856],[-122.03635,44.68748],[-122.04581,44.68843],[-122.04703,44.69229],[-122.05555,44.69318],[-122.05974,44.69747],[-122.06607,44.69648],[-122.07043,44.69769],[-122.0754,44.70073],[-122.08212,44.69879],[-122.08412,44.69947],[-122.08624,44.70215],[-122.09326,44.70399],[-122.10033,44.70715],[-122.10872,44.70717],[-122.11344,44.71011],[-122.1187,44.71098],[-122.11983,44.71193],[-122.11998,44.71341],[-122.12425,44.71715],[-122.13097,44.718],[-122.13268,44.72114],[-122.1357,44.72336],[-122.1387,44.72518],[-122.14285,44.72633],[-122.14922,44.72613],[-122.15179,44.72512],[-122.15277,44.72425],[-122.15433,44.71964],[-122.15629,44.71767],[-122.16112,44.71704],[-122.16728,44.71346],[-122.17151,44.71331],[-122.17425,44.71024],[-122.17868,44.70873],[-122.18085,44.7065],[-122.18456,44.70582],[-122.1894,44.70368],[-122.19673,44.70322],[-122.19933,44.69617],[-122.20442,44.69719],[-122.20631,44.69615],[-122.21066,44.69624],[-122.21841,44.69324],[-122.22337,44.69665],[-122.22783,44.69709],[-122.23144,44.69846],[-122.23292,44.70099],[-122.23726,44.70478],[-122.23706,44.70642],[-122.23821,44.70826],[-122.24519,44.71596],[-122.24758,44.72074],[-122.25438,44.72298],[-122.25571,44.72606],[-122.26401,44.73159],[-122.27189,44.7342],[-122.27343,44.73635],[-122.27376,44.74101],[-122.27668,44.74614],[-122.28287,44.75063],[-122.28984,44.75341],[-122.31157,44.75621],[-122.31954,44.75929],[-122.32574,44.75876],[-122.32781,44.75694],[-122.33337,44.75632],[-122.33484,44.7554],[-122.34955,44.75804],[-122.36979,44.7566],[-122.37618,44.75288],[-122.37976,44.75186],[-122.39138,44.75503],[-122.39474,44.75296],[-122.39799,44.75232],[-122.40223,44.7549],[-122.40466,44.75514],[-122.4107,44.75425],[-122.41099,44.75275],[-122.41235,44.75201],[-122.41864,44.75362],[-122.42315,44.7514],[-122.42672,44.75203],[-122.43489,44.75614],[-122.44122,44.75327],[-122.44376,44.75499],[-122.46124,44.75556],[-122.47512,44.75187],[-122.47602,44.75234],[-122.47556,44.75387],[-122.47826,44.75546],[-122.48076,44.75579],[-122.49746,44.75074],[-122.50446,44.74979],[-122.51161,44.75269],[-122.52054,44.75401],[-122.52259,44.76033],[-122.52007,44.76241],[-122.52246,44.76425],[-122.53125,44.76683],[-122.5365,44.76627],[-122.53962,44.76474],[-122.54667,44.76736],[-122.5548,44.76826],[-122.5644,44.76807],[-122.56766,44.77043],[-122.5686,44.77413],[-122.56976,44.77467],[-122.58207,44.77714],[-122.59908,44.77805],[-122.60346,44.78246],[-122.6087,44.78436],[-122.61524,44.78827],[-122.62046,44.78921],[-122.62683,44.78785],[-122.63774,44.78753],[-122.63982,44.78653],[-122.64086,44.78461],[-122.64583,44.7824],[-122.66033,44.78028],[-122.66985,44.77772],[-122.67749,44.77792],[-122.68355,44.77609],[-122.69161,44.77538],[-122.69444,44.77586],[-122.69683,44.77736],[-122.70053,44.77725],[-122.71378,44.7802],[-122.71577,44.78189],[-122.72017,44.78998],[-122.72297,44.79217],[-122.7257,44.79315],[-122.72741,44.79283],[-122.72867,44.79029],[-122.73007,44.78945],[-122.73682,44.78955],[-122.74597,44.78764],[-122.74903,44.78794],[-122.75279,44.78956],[-122.75919,44.79025],[-122.76451,44.79307],[-122.77445,44.79347],[-122.77887,44.79253],[-122.78346,44.79442],[-122.78937,44.79327],[-122.79333,44.79156],[-122.80221,44.79104],[-122.80344,44.78853],[-122.80664,44.78607],[-122.8131,44.78464],[-122.8144,44.7787],[-122.81687,44.77777],[-122.81946,44.77819],[-122.82252,44.7744],[-122.82701,44.77097],[-122.8328,44.7703],[-122.83914,44.77062],[-122.84248,44.77419],[-122.84646,44.77447],[-122.84853,44.77249],[-122.84699,44.76957],[-122.8471,44.76754],[-122.84916,44.76294],[-122.85073,44.76164],[-122.85636,44.75911],[-122.86068,44.75813],[-122.87038,44.75782],[-122.87322,44.75506],[-122.87367,44.75145],[-122.88456,44.75068],[-122.89113,44.7481],[-122.89341,44.7443],[-122.89518,44.74398],[-122.89759,44.74495]]]},"bbox":[-123.26063,44.20007,-121.79389,44.79442],"properties":{"divisionId":"county:41043","divisionType":"county","geoid":"41043","state":"OR","stateName":"Oregon","name":"Linn County","shortName":"Linn","label":"OR • Linn","labelPoint":[-122.5372084,44.4888982],"countyAreaSqKm":5979.45,"cameraViewshedAreaSqKm":1338.705,"cameraViewshedCoveragePct":22.39}},{"type":"Feature","id":"county:41045","geometry":{"type":"Polygon","coordinates":[[[-117.02164,43.85639],[-117.01934,43.85942],[-117.01152,43.86245],[-116.99739,43.86487],[-116.99142,43.86386],[-116.98294,43.86771],[-116.98221,43.87123],[-116.98387,43.87675],[-116.98386,43.8808],[-116.97603,43.89555],[-116.97735,43.90582],[-116.98114,43.91369],[-116.97958,43.91525],[-116.97439,43.91639],[-116.96461,43.91695],[-116.96154,43.91839],[-116.95933,43.92932],[-116.96102,43.93237],[-116.96764,43.93479],[-116.96914,43.93886],[-116.96821,43.94188],[-116.96429,43.94429],[-116.96254,43.94699],[-116.96204,43.95148],[-116.96048,43.9551],[-116.96126,43.956],[-116.97157,43.95696],[-116.97243,43.95799],[-116.97049,43.95976],[-116.95981,43.96381],[-116.95921,43.96636],[-116.96168,43.96817],[-116.96441,43.96881],[-116.97088,43.9683],[-116.97168,43.97098],[-116.97553,43.97309],[-116.97604,43.97506],[-116.97293,43.97752],[-116.96641,43.9773],[-116.96291,43.98178],[-116.96083,43.98282],[-116.95648,43.98365],[-116.95141,43.98322],[-116.94904,43.9844],[-116.94002,43.98444],[-116.93633,43.98655],[-116.9353,43.98862],[-116.93629,43.9916],[-116.94494,44.00278],[-116.94488,44.00359],[-116.93686,44.0105],[-116.93675,44.01484],[-116.9345,44.02122],[-116.93613,44.02714],[-116.942,44.0346],[-116.95293,44.04002],[-116.95513,44.04146],[-116.95668,44.04415],[-116.97319,44.04943],[-116.97402,44.05366],[-116.97329,44.05817],[-116.97545,44.06487],[-116.97493,44.07297],[-116.97596,44.07542],[-116.97596,44.0829],[-116.97735,44.08536],[-116.97425,44.0883],[-116.9672,44.09094],[-116.95776,44.09154],[-116.94313,44.09406],[-116.9337,44.10004],[-116.9283,44.10733],[-116.92787,44.11031],[-116.92953,44.11306],[-116.92856,44.11516],[-116.92564,44.11893],[-116.91797,44.12385],[-116.91424,44.1273],[-116.91122,44.13999],[-116.90241,44.14517],[-116.9015,44.14926],[-116.89593,44.15429],[-116.89431,44.15811],[-116.8942,44.16232],[-116.89576,44.17127],[-116.9001,44.17685],[-116.90361,44.17999],[-116.91487,44.18269],[-116.92189,44.18664],[-116.92403,44.18844],[-116.92539,44.19154],[-116.93544,44.19396],[-116.94053,44.19371],[-116.94759,44.19126],[-116.9655,44.19413],[-116.97167,44.19726],[-116.9737,44.20802],[-116.9726,44.2132],[-116.97022,44.21749],[-116.97025,44.22084],[-116.97339,44.22472],[-116.97432,44.22861],[-116.97199,44.23465],[-116.97222,44.23718],[-116.97538,44.24239],[-116.97697,44.24321],[-116.98684,44.24547],[-117.00098,44.24538],[-117.00596,44.2465],[-117.01692,44.24539],[-117.02023,44.24606],[-117.02528,44.2485],[-117.03186,44.24864],[-117.04228,44.24278],[-117.04551,44.23201],[-117.04706,44.22974],[-117.05006,44.22883],[-117.05303,44.22908],[-117.05651,44.23087],[-117.05935,44.23724],[-117.06333,44.23995],[-117.06728,44.24401],[-117.07835,44.24989],[-117.0895,44.25823],[-117.09093,44.26031],[-117.09457,44.27098],[-117.09853,44.27553],[-117.10421,44.27994],[-117.11162,44.28067],[-117.12104,44.27759],[-117.13087,44.26949],[-117.13399,44.26297],[-117.13849,44.25938],[-117.14359,44.25823],[-117.15705,44.25749],[-117.17034,44.25889],[-117.17983,44.26482],[-117.19815,44.27383],[-117.2047,44.2793],[-117.20751,44.28272],[-117.21697,44.28836],[-117.22265,44.29758],[-117.22245,44.29896],[-117.22005,44.3014],[-117.48701,44.30032],[-117.48674,44.38725],[-117.50921,44.38714],[-117.5092,44.40146],[-117.52941,44.40133],[-117.52936,44.41572],[-117.56966,44.41568],[-117.56962,44.43006],[-117.59086,44.43013],[-117.59085,44.44457],[-117.87228,44.44351],[-117.97179,44.44385],[-117.97195,44.4293],[-118.0114,44.42961],[-118.01149,44.41517],[-118.03167,44.41519],[-118.03181,44.38995],[-118.05196,44.39003],[-118.0519,44.372],[-118.07192,44.37201],[-118.07188,44.35756],[-118.08702,44.35765],[-118.08704,44.34318],[-118.09209,44.34321],[-118.09212,44.32873],[-118.11207,44.32875],[-118.11209,44.31427],[-118.13235,44.31431],[-118.13214,44.29948],[-118.15246,44.29951],[-118.15294,44.27068],[-118.1934,44.27071],[-118.19335,44.2562],[-118.23221,44.25613],[-118.23391,44.21255],[-118.22884,44.21255],[-118.22756,44.05439],[-118.22811,43.77919],[-118.23173,43.77922],[-118.2321,43.77083],[-118.23239,43.61227],[-118.23179,43.56682],[-118.23201,43.34896],[-118.22807,43.34896],[-118.22879,42.91463],[-118.21683,42.9147],[-118.21461,42.45243],[-118.21473,42.27678],[-118.2147,42.27589],[-118.19528,42.27581],[-118.19573,42.16431],[-118.19704,42.12169],[-118.19737,41.99734],[-117.81025,41.99843],[-117.62602,41.9981],[-117.50097,41.99946],[-117.19802,42.00038],[-117.0262,41.99989],[-117.02683,43.73367],[-117.02663,43.80811],[-117.02208,43.81586],[-117.02155,43.8194],[-117.02222,43.82214],[-117.02358,43.82381],[-117.03229,43.82877],[-117.03258,43.83018],[-117.03134,43.83194],[-117.03189,43.83416],[-117.02605,43.84078],[-117.0232,43.84189],[-117.01683,43.83996],[-117.01283,43.84],[-117.01158,43.84104],[-117.01012,43.84745],[-117.0107,43.84975],[-117.01265,43.8513],[-117.02012,43.85396],[-117.02164,43.85639]]]},"bbox":[-118.23391,41.99734,-116.8942,44.44457],"properties":{"divisionId":"county:41045","divisionType":"county","geoid":"41045","state":"OR","stateName":"Oregon","name":"Malheur County","shortName":"Malheur","label":"OR • Malheur","labelPoint":[-117.6031915,43.1886252],"countyAreaSqKm":25714.689,"cameraViewshedAreaSqKm":1858.708,"cameraViewshedCoveragePct":7.23}},{"type":"Feature","id":"county:41047","geometry":{"type":"Polygon","coordinates":[[[-122.86496,44.7583],[-122.86124,44.75805],[-122.85655,44.75905],[-122.8497,44.76229],[-122.84705,44.7678],[-122.84699,44.76957],[-122.84849,44.77264],[-122.84646,44.77447],[-122.84248,44.77419],[-122.83914,44.77062],[-122.8328,44.7703],[-122.82701,44.77097],[-122.82252,44.7744],[-122.81946,44.77819],[-122.81687,44.77777],[-122.8144,44.7787],[-122.8131,44.78464],[-122.80664,44.78607],[-122.80344,44.78853],[-122.80221,44.79104],[-122.79333,44.79156],[-122.78937,44.79327],[-122.78346,44.79442],[-122.77887,44.79253],[-122.77445,44.79347],[-122.76451,44.79307],[-122.75919,44.79025],[-122.75279,44.78956],[-122.74903,44.78794],[-122.74597,44.78764],[-122.73682,44.78955],[-122.73007,44.78945],[-122.72867,44.79029],[-122.72741,44.79283],[-122.7257,44.79315],[-122.72297,44.79217],[-122.72017,44.78998],[-122.71577,44.78189],[-122.71378,44.7802],[-122.70053,44.77725],[-122.69683,44.77736],[-122.69444,44.77586],[-122.69161,44.77538],[-122.68355,44.77609],[-122.67749,44.77792],[-122.66985,44.77772],[-122.66033,44.78028],[-122.64583,44.7824],[-122.64086,44.78461],[-122.63982,44.78653],[-122.63774,44.78753],[-122.62683,44.78785],[-122.62046,44.78921],[-122.61524,44.78827],[-122.6087,44.78436],[-122.60346,44.78246],[-122.59908,44.77805],[-122.58207,44.77714],[-122.56976,44.77467],[-122.5686,44.77413],[-122.56766,44.77043],[-122.5644,44.76807],[-122.5548,44.76826],[-122.54667,44.76736],[-122.53962,44.76474],[-122.5365,44.76627],[-122.53125,44.76683],[-122.52246,44.76425],[-122.52007,44.76241],[-122.52259,44.76033],[-122.52054,44.75401],[-122.51161,44.75269],[-122.50446,44.74979],[-122.49746,44.75074],[-122.48076,44.75579],[-122.47826,44.75546],[-122.47556,44.75387],[-122.47602,44.75234],[-122.47512,44.75187],[-122.46124,44.75556],[-122.44376,44.75499],[-122.44122,44.75327],[-122.43489,44.75614],[-122.42672,44.75203],[-122.42315,44.7514],[-122.41864,44.75362],[-122.41235,44.75201],[-122.41099,44.75275],[-122.4107,44.75425],[-122.40466,44.75514],[-122.40223,44.7549],[-122.39799,44.75232],[-122.39474,44.75296],[-122.39138,44.75503],[-122.37976,44.75186],[-122.37618,44.75288],[-122.36979,44.7566],[-122.34955,44.75804],[-122.33484,44.7554],[-122.33337,44.75632],[-122.32781,44.75694],[-122.32574,44.75876],[-122.31954,44.75929],[-122.31157,44.75621],[-122.28984,44.75341],[-122.28287,44.75063],[-122.27668,44.74614],[-122.27376,44.74101],[-122.27343,44.73635],[-122.27189,44.7342],[-122.26401,44.73159],[-122.25571,44.72606],[-122.25438,44.72298],[-122.24758,44.72074],[-122.24519,44.71596],[-122.23821,44.70826],[-122.23706,44.70642],[-122.23726,44.70478],[-122.23292,44.70099],[-122.23144,44.69846],[-122.22783,44.69709],[-122.22337,44.69665],[-122.21841,44.69324],[-122.21066,44.69624],[-122.20631,44.69615],[-122.20442,44.69719],[-122.19933,44.69617],[-122.19673,44.70322],[-122.1894,44.70368],[-122.18456,44.70582],[-122.18085,44.7065],[-122.17868,44.70873],[-122.17425,44.71024],[-122.17151,44.71331],[-122.16728,44.71346],[-122.16112,44.71704],[-122.15629,44.71767],[-122.15433,44.71964],[-122.15277,44.72425],[-122.15179,44.72512],[-122.14922,44.72613],[-122.14285,44.72633],[-122.1387,44.72518],[-122.1357,44.72336],[-122.13268,44.72114],[-122.13097,44.718],[-122.12425,44.71715],[-122.11998,44.71341],[-122.11983,44.71193],[-122.1187,44.71098],[-122.11344,44.71011],[-122.10872,44.70717],[-122.10033,44.70715],[-122.09326,44.70399],[-122.08624,44.70215],[-122.08412,44.69947],[-122.08212,44.69879],[-122.0754,44.70073],[-122.07043,44.69769],[-122.06607,44.69648],[-122.05974,44.69747],[-122.05555,44.69318],[-122.04703,44.69229],[-122.04581,44.68843],[-122.03635,44.68748],[-122.0334,44.6856],[-122.02779,44.6896],[-122.02085,44.68999],[-122.01755,44.69094],[-122.01572,44.69058],[-122.0125,44.68769],[-122.0097,44.6868],[-122.00389,44.68909],[-122.00242,44.689],[-122.00159,44.68768],[-122.00037,44.68749],[-121.99621,44.69041],[-121.99206,44.68978],[-121.98101,44.6938],[-121.97718,44.69107],[-121.9735,44.69193],[-121.97262,44.68922],[-121.97131,44.68905],[-121.96796,44.68579],[-121.96637,44.68556],[-121.96418,44.68384],[-121.7946,44.68393],[-121.78886,44.68706],[-121.78718,44.68929],[-121.78739,44.69032],[-121.78894,44.69042],[-121.79002,44.6928],[-121.79333,44.6946],[-121.79416,44.69698],[-121.79708,44.69827],[-121.79649,44.69905],[-121.79768,44.70096],[-121.80096,44.70386],[-121.80304,44.71012],[-121.80152,44.71215],[-121.79611,44.71455],[-121.79524,44.72029],[-121.79595,44.72389],[-121.79439,44.7259],[-121.79811,44.72767],[-121.8046,44.72924],[-121.79945,44.73269],[-121.79995,44.73612],[-121.79722,44.73827],[-121.79507,44.74188],[-121.7923,44.74427],[-121.79161,44.74626],[-121.78813,44.74832],[-121.78257,44.74889],[-121.7744,44.75248],[-121.77568,44.75494],[-121.77346,44.75842],[-121.7725,44.75875],[-121.77232,44.75996],[-121.76884,44.76133],[-121.762,44.76089],[-121.75975,44.76193],[-121.76139,44.76418],[-121.76101,44.76529],[-121.76322,44.76729],[-121.76761,44.76727],[-121.76912,44.76999],[-121.77159,44.77214],[-121.77285,44.77575],[-121.77596,44.7741],[-121.77831,44.77555],[-121.77992,44.77554],[-121.78496,44.77186],[-121.78992,44.77333],[-121.79151,44.77231],[-121.79596,44.77285],[-121.79683,44.77667],[-121.79968,44.7786],[-121.80166,44.77931],[-121.80467,44.7775],[-121.8043,44.77908],[-121.80762,44.78216],[-121.81241,44.78159],[-121.81268,44.78347],[-121.81739,44.78681],[-121.8192,44.78951],[-121.81644,44.79255],[-121.82025,44.79466],[-121.81963,44.79621],[-121.82022,44.80035],[-121.817,44.80317],[-121.81366,44.80399],[-121.81306,44.80541],[-121.81016,44.80598],[-121.81222,44.81157],[-121.80956,44.81087],[-121.80555,44.81204],[-121.79641,44.812],[-121.79212,44.813],[-121.79087,44.81388],[-121.79059,44.81531],[-121.78713,44.81547],[-121.78175,44.81896],[-121.76483,44.82027],[-121.76195,44.82512],[-121.75928,44.82572],[-121.75359,44.82891],[-121.74667,44.83739],[-121.74186,44.8474],[-121.74242,44.85336],[-121.74859,44.85516],[-121.75107,44.85671],[-121.75325,44.86107],[-121.75003,44.86457],[-121.74787,44.86957],[-121.74671,44.87492],[-121.73992,44.87667],[-121.73328,44.88262],[-121.73422,44.88572],[-122.40102,44.88572],[-122.39411,44.89025],[-122.3932,44.8918],[-122.39447,44.89359],[-122.39346,44.89566],[-122.39452,44.89688],[-122.39435,44.89911],[-122.39585,44.90187],[-122.39955,44.90408],[-122.40166,44.9038],[-122.40774,44.90501],[-122.41026,44.90319],[-122.4128,44.90408],[-122.42253,44.90422],[-122.42968,44.90203],[-122.43519,44.9033],[-122.43737,44.90289],[-122.43965,44.90407],[-122.44149,44.90396],[-122.44552,44.90611],[-122.44737,44.90855],[-122.45052,44.91065],[-122.45359,44.91158],[-122.45842,44.91518],[-122.46412,44.91636],[-122.46649,44.91547],[-122.47512,44.91839],[-122.48032,44.92157],[-122.48351,44.92155],[-122.48619,44.92266],[-122.48797,44.92136],[-122.49552,44.92005],[-122.49586,44.91922],[-122.49768,44.91899],[-122.49917,44.91778],[-122.50057,44.91856],[-122.50515,44.91827],[-122.50673,44.91971],[-122.50933,44.92031],[-122.51231,44.92355],[-122.51213,44.92478],[-122.51386,44.92551],[-122.5159,44.92786],[-122.51547,44.92949],[-122.51734,44.93051],[-122.51754,44.9328],[-122.52428,44.93577],[-122.52642,44.93604],[-122.52749,44.93512],[-122.52973,44.93504],[-122.53286,44.93745],[-122.53386,44.9375],[-122.53465,44.93647],[-122.53585,44.93698],[-122.53695,44.93998],[-122.53882,44.94241],[-122.54019,44.94295],[-122.54029,44.94486],[-122.54219,44.94567],[-122.54321,44.94887],[-122.54871,44.9505],[-122.5491,44.95399],[-122.5516,44.9552],[-122.55184,44.95806],[-122.55648,44.96086],[-122.55599,44.96295],[-122.5597,44.965],[-122.55894,44.96716],[-122.56167,44.97066],[-122.56115,44.9714],[-122.56286,44.97321],[-122.56507,44.9739],[-122.56471,44.97486],[-122.56601,44.97658],[-122.56572,44.97757],[-122.56721,44.97863],[-122.56634,44.98021],[-122.56679,44.98163],[-122.5688,44.98374],[-122.5714,44.9852],[-122.57986,44.98598],[-122.58175,44.98843],[-122.58887,44.98963],[-122.59247,44.98887],[-122.59495,44.99089],[-122.59549,44.99278],[-122.593,44.99519],[-122.59437,44.99642],[-122.59381,44.99996],[-122.59468,45.00092],[-122.59314,45.0039],[-122.59472,45.00932],[-122.59346,45.01187],[-122.59564,45.01391],[-122.59477,45.01613],[-122.59583,45.01779],[-122.59573,45.01992],[-122.60248,45.02185],[-122.60866,45.02165],[-122.61168,45.02435],[-122.6163,45.02502],[-122.61953,45.02745],[-122.62768,45.02863],[-122.63108,45.03218],[-122.63394,45.0338],[-122.63974,45.03145],[-122.64317,45.03213],[-122.64364,45.03347],[-122.6452,45.03395],[-122.64916,45.03241],[-122.65046,45.03602],[-122.65358,45.03546],[-122.6588,45.03601],[-122.66254,45.03864],[-122.66608,45.04368],[-122.66974,45.04659],[-122.67335,45.04707],[-122.67873,45.04637],[-122.68171,45.04796],[-122.68129,45.0504],[-122.68709,45.05283],[-122.69544,45.0543],[-122.70083,45.05749],[-122.70503,45.05897],[-122.70467,45.06131],[-122.70727,45.06222],[-122.70742,45.06492],[-122.71179,45.06704],[-122.71376,45.06896],[-122.71715,45.06994],[-122.71875,45.07236],[-122.71775,45.07291],[-122.71778,45.07403],[-122.72083,45.07606],[-122.72108,45.07806],[-122.71971,45.0797],[-122.72249,45.08113],[-122.72226,45.08196],[-122.72355,45.0831],[-122.72534,45.08292],[-122.72561,45.08565],[-122.72968,45.08717],[-122.7298,45.08861],[-122.73221,45.09059],[-122.73294,45.09217],[-122.73727,45.09419],[-122.73916,45.09398],[-122.74035,45.09591],[-122.74343,45.09639],[-122.74445,45.09909],[-122.74562,45.09976],[-122.74643,45.10286],[-122.74922,45.10224],[-122.7502,45.10392],[-122.74875,45.10546],[-122.74991,45.10779],[-122.75251,45.10702],[-122.75344,45.11014],[-122.75568,45.11041],[-122.75725,45.11185],[-122.76047,45.11162],[-122.76077,45.1128],[-122.76233,45.11265],[-122.76317,45.11385],[-122.76394,45.11355],[-122.76379,45.11247],[-122.76467,45.11245],[-122.76518,45.11328],[-122.7643,45.11419],[-122.76554,45.11465],[-122.76521,45.11575],[-122.76736,45.11452],[-122.76708,45.11591],[-122.77049,45.11821],[-122.77347,45.11777],[-122.77409,45.11931],[-122.77577,45.11868],[-122.77431,45.12008],[-122.77694,45.12197],[-122.77572,45.12245],[-122.77588,45.12338],[-122.77745,45.12365],[-122.7769,45.12267],[-122.77766,45.12245],[-122.7791,45.12314],[-122.77822,45.12343],[-122.7785,45.124],[-122.78007,45.12343],[-122.78176,45.12485],[-122.78303,45.12459],[-122.78366,45.12536],[-122.78298,45.12695],[-122.78436,45.12672],[-122.78549,45.12757],[-122.78504,45.12845],[-122.78604,45.12937],[-122.78689,45.12857],[-122.78855,45.13016],[-122.78663,45.13054],[-122.78642,45.13161],[-122.78539,45.13207],[-122.78632,45.13367],[-122.78519,45.13507],[-122.78631,45.13592],[-122.78329,45.13637],[-122.78399,45.13712],[-122.78337,45.1379],[-122.78321,45.13683],[-122.7821,45.1369],[-122.78203,45.13778],[-122.78078,45.13776],[-122.77981,45.13951],[-122.78031,45.14026],[-122.78135,45.14015],[-122.78066,45.14163],[-122.78201,45.14172],[-122.78288,45.14385],[-122.77959,45.14652],[-122.78039,45.14779],[-122.77954,45.14828],[-122.77994,45.14889],[-122.77835,45.14926],[-122.77869,45.15105],[-122.77703,45.15128],[-122.77687,45.1533],[-122.77511,45.15345],[-122.77447,45.15582],[-122.77289,45.15565],[-122.77225,45.15744],[-122.77022,45.1588],[-122.77026,45.15989],[-122.77196,45.15951],[-122.77483,45.16244],[-122.77291,45.16341],[-122.76943,45.16163],[-122.76806,45.16311],[-122.7661,45.16363],[-122.76292,45.1684],[-122.75976,45.17015],[-122.76195,45.17195],[-122.75623,45.17337],[-122.75658,45.17465],[-122.75929,45.17535],[-122.757,45.17789],[-122.75411,45.17737],[-122.75593,45.1788],[-122.7577,45.17881],[-122.75286,45.18058],[-122.75196,45.1818],[-122.75249,45.18264],[-122.7605,45.18298],[-122.75883,45.1841],[-122.75494,45.18463],[-122.75583,45.18616],[-122.75803,45.18598],[-122.75786,45.1872],[-122.75414,45.1861],[-122.75312,45.18719],[-122.75401,45.18833],[-122.75672,45.18904],[-122.75335,45.18942],[-122.75517,45.19161],[-122.75977,45.19002],[-122.76042,45.19142],[-122.75999,45.19461],[-122.75594,45.19571],[-122.75549,45.19493],[-122.75669,45.19323],[-122.75276,45.19174],[-122.75147,45.1933],[-122.75386,45.19481],[-122.75483,45.19658],[-122.75145,45.19594],[-122.75137,45.19441],[-122.74979,45.19511],[-122.75038,45.19912],[-122.75453,45.20004],[-122.75322,45.20166],[-122.75639,45.20208],[-122.7574,45.2006],[-122.75896,45.20084],[-122.75907,45.20456],[-122.75567,45.20736],[-122.75696,45.20866],[-122.75907,45.20835],[-122.75253,45.20973],[-122.75229,45.2109],[-122.75389,45.21165],[-122.75339,45.21232],[-122.7478,45.21121],[-122.74736,45.21228],[-122.74871,45.21396],[-122.74532,45.21607],[-122.74708,45.21763],[-122.74809,45.22069],[-122.74657,45.22177],[-122.7472,45.22292],[-122.7469,45.22587],[-122.7488,45.22711],[-122.74989,45.22908],[-122.7526,45.22909],[-122.75196,45.23014],[-122.74811,45.23121],[-122.74615,45.22921],[-122.74526,45.23263],[-122.74737,45.23354],[-122.75017,45.23222],[-122.75061,45.23578],[-122.74752,45.2357],[-122.74867,45.23802],[-122.7512,45.23831],[-122.75026,45.2408],[-122.75198,45.24266],[-122.74971,45.24361],[-122.75117,45.24548],[-122.75091,45.24656],[-122.74723,45.24905],[-122.74783,45.25198],[-122.74603,45.25216],[-122.74498,45.25089],[-122.7436,45.25098],[-122.74445,45.25344],[-122.74307,45.25477],[-122.74324,45.2563],[-122.74112,45.25703],[-122.74144,45.25905],[-122.73899,45.25953],[-122.78485,45.25958],[-122.7849,45.27407],[-122.83458,45.27406],[-122.83793,45.26955],[-122.84674,45.26139],[-122.85987,45.25423],[-122.86305,45.25315],[-122.86718,45.25297],[-122.88,45.2546],[-122.89162,45.25819],[-122.89953,45.25672],[-122.90422,45.25943],[-122.91262,45.2662],[-122.91911,45.26807],[-122.92765,45.26865],[-122.94566,45.26746],[-122.94868,45.26784],[-122.95307,45.27157],[-122.95727,45.2787],[-122.96026,45.28217],[-122.96371,45.28479],[-122.96741,45.28512],[-122.97085,45.28358],[-122.97392,45.28107],[-122.97486,45.27944],[-122.97507,45.27601],[-122.97735,45.27307],[-122.99459,45.26582],[-122.99827,45.26276],[-123.00079,45.25935],[-123.00153,45.25488],[-122.9991,45.24313],[-122.99537,45.23662],[-122.99622,45.2307],[-122.99955,45.22379],[-123.00387,45.22217],[-123.02513,45.22322],[-123.03763,45.22254],[-123.04063,45.22119],[-123.04771,45.21594],[-123.05111,45.2113],[-123.05047,45.20834],[-123.04701,45.20474],[-123.04578,45.20087],[-123.04359,45.19936],[-123.03701,45.19936],[-123.02645,45.2022],[-123.0225,45.20127],[-123.01971,45.19866],[-123.01878,45.19584],[-123.01901,45.18977],[-123.01521,45.17669],[-123.01171,45.17342],[-123.00159,45.16714],[-123.00073,45.16452],[-123.00357,45.16132],[-123.00735,45.1595],[-123.01019,45.15978],[-123.01919,45.16299],[-123.02302,45.1629],[-123.02768,45.16162],[-123.03088,45.15867],[-123.03285,45.15498],[-123.03329,45.15082],[-123.03264,45.14692],[-123.03044,45.14331],[-123.02814,45.14131],[-123.01468,45.13652],[-123.01223,45.13377],[-123.00961,45.12886],[-123.00093,45.12315],[-122.99754,45.1201],[-122.99642,45.11798],[-122.99904,45.11469],[-123.00556,45.11109],[-123.0091,45.10627],[-123.01482,45.10182],[-123.01812,45.10096],[-123.02855,45.10042],[-123.03456,45.09848],[-123.04058,45.09487],[-123.04612,45.0892],[-123.06225,45.08267],[-123.06685,45.07958],[-123.06857,45.07747],[-123.06602,45.0674],[-123.06875,45.04794],[-123.06898,45.04149],[-123.07348,45.03157],[-123.07558,45.01451],[-123.07198,45.0089],[-123.06847,44.99778],[-123.06471,44.99003],[-123.06042,44.98916],[-123.046,44.99096],[-123.04144,44.9892],[-123.03857,44.9859],[-123.03739,44.98139],[-123.03781,44.97584],[-123.03696,44.96768],[-123.03892,44.96115],[-123.03792,44.95891],[-123.03817,44.95615],[-123.04111,44.94886],[-123.04431,44.94429],[-123.05847,44.93884],[-123.06748,44.93221],[-123.06993,44.92905],[-123.07349,44.92748],[-123.08163,44.92687],[-123.09301,44.93054],[-123.10908,44.93097],[-123.11175,44.92997],[-123.11285,44.92855],[-123.1128,44.92703],[-123.11113,44.92446],[-123.10742,44.92158],[-123.10757,44.91887],[-123.11352,44.91462],[-123.1228,44.91114],[-123.12616,44.90825],[-123.13017,44.90073],[-123.13384,44.89012],[-123.14104,44.88427],[-123.1446,44.87812],[-123.14806,44.86655],[-123.14844,44.86201],[-123.15074,44.86058],[-123.15544,44.86001],[-123.17089,44.86446],[-123.17389,44.86368],[-123.18008,44.85897],[-123.18094,44.8556],[-123.18009,44.85129],[-123.17968,44.8366],[-123.1761,44.83176],[-123.17103,44.82935],[-123.16647,44.82873],[-123.15643,44.83037],[-123.15308,44.82971],[-123.14987,44.82673],[-123.14432,44.82545],[-123.13173,44.82648],[-123.12625,44.82608],[-123.11922,44.823],[-123.11214,44.82193],[-123.10357,44.81885],[-123.09399,44.81446],[-123.09168,44.81209],[-123.09199,44.80664],[-123.09518,44.80149],[-123.09771,44.7991],[-123.10163,44.79765],[-123.12206,44.79377],[-123.12732,44.79065],[-123.13153,44.78524],[-123.13363,44.77874],[-123.1384,44.77473],[-123.14581,44.77023],[-123.14833,44.76058],[-123.14834,44.75396],[-123.14737,44.75076],[-123.14302,44.74874],[-123.13469,44.75201],[-123.12233,44.75135],[-123.11983,44.75307],[-123.12025,44.75692],[-123.11938,44.75802],[-123.11302,44.75948],[-123.11031,44.75762],[-123.1063,44.75156],[-123.10587,44.74931],[-123.10009,44.74631],[-123.09189,44.74752],[-123.08572,44.74572],[-123.08209,44.74358],[-123.0789,44.74307],[-123.07561,44.7438],[-123.06682,44.74809],[-123.06215,44.74804],[-123.06112,44.74712],[-123.06072,44.74488],[-123.06206,44.73943],[-123.06011,44.73768],[-123.05534,44.73703],[-123.05082,44.73836],[-123.04659,44.73862],[-123.04081,44.73682],[-123.03945,44.73359],[-123.04248,44.73008],[-123.04243,44.72672],[-123.0406,44.72433],[-123.03475,44.72087],[-123.03257,44.72076],[-123.024,44.72558],[-123.02071,44.72562],[-123.01889,44.72466],[-123.01509,44.71976],[-123.01377,44.71397],[-123.01868,44.70035],[-123.0186,44.69877],[-123.01598,44.69412],[-123.0136,44.69166],[-123.00634,44.68672],[-123.00322,44.6888],[-123.00149,44.68876],[-123.00001,44.68692],[-122.9963,44.68902],[-122.99603,44.69029],[-122.99833,44.69387],[-122.99617,44.6957],[-122.99365,44.69606],[-122.99199,44.69405],[-122.99003,44.69348],[-122.98574,44.69639],[-122.97902,44.6966],[-122.97519,44.69794],[-122.97371,44.70014],[-122.97356,44.70612],[-122.97138,44.71036],[-122.96909,44.7131],[-122.9632,44.71517],[-122.9576,44.72103],[-122.95349,44.72026],[-122.94235,44.71529],[-122.93785,44.71489],[-122.93372,44.71588],[-122.92953,44.71905],[-122.92986,44.72095],[-122.92923,44.72183],[-122.92564,44.72185],[-122.91946,44.72493],[-122.91952,44.72691],[-122.91859,44.72772],[-122.91278,44.73005],[-122.91024,44.7321],[-122.90949,44.73632],[-122.90714,44.73728],[-122.90538,44.73919],[-122.90131,44.74032],[-122.89822,44.74468],[-122.89341,44.7443],[-122.89113,44.7481],[-122.88456,44.75068],[-122.87423,44.75121],[-122.87324,44.75229],[-122.87334,44.7548],[-122.87158,44.75726],[-122.86885,44.75822],[-122.86496,44.7583]]]},"bbox":[-123.18094,44.68384,-121.73328,45.28512],"properties":{"divisionId":"county:41047","divisionType":"county","geoid":"41047","state":"OR","stateName":"Oregon","name":"Marion County","shortName":"Marion","label":"OR • Marion","labelPoint":[-122.5762602,44.9008984],"countyAreaSqKm":3086.779,"cameraViewshedAreaSqKm":215.783,"cameraViewshedCoveragePct":6.99}},{"type":"Feature","id":"county:41049","geometry":{"type":"Polygon","coordinates":[[[-119.99952,45.80831],[-119.99937,45.73479],[-119.99813,45.69034],[-119.99924,45.51754],[-120.00478,45.51738],[-120.00457,45.43015],[-120.00656,45.25771],[-119.88235,45.25692],[-119.88244,45.22161],[-119.88391,45.16915],[-119.86215,45.16967],[-119.75976,45.16921],[-119.76073,45.08128],[-119.79083,45.08125],[-119.79116,44.99476],[-119.67223,44.99512],[-119.60389,44.99453],[-119.59337,44.99531],[-119.54498,44.99569],[-119.16297,44.99624],[-119.16304,45.08294],[-119.14642,45.08294],[-119.14726,45.25594],[-119.14824,45.25594],[-119.1463,45.29954],[-119.14563,45.34231],[-119.14587,45.44377],[-119.14514,45.51591],[-119.24821,45.51608],[-119.24855,45.60194],[-119.43464,45.60299],[-119.43502,45.82621],[-119.43467,45.86489],[-119.43205,45.86489],[-119.43215,45.91827],[-119.4504,45.91738],[-119.48808,45.90636],[-119.52452,45.90857],[-119.5716,45.92548],[-119.60066,45.91951],[-119.62363,45.9056],[-119.66997,45.85691],[-119.77285,45.84573],[-119.80271,45.84763],[-119.84934,45.84018],[-119.90724,45.82818],[-119.96577,45.82438],[-119.9995,45.81252],[-119.99952,45.80831]]]},"bbox":[-120.00656,44.99453,-119.14514,45.92548],"properties":{"divisionId":"county:41049","divisionType":"county","geoid":"41049","state":"OR","stateName":"Oregon","name":"Morrow County","shortName":"Morrow","label":"OR • Morrow","labelPoint":[-119.6023111,45.4254956],"countyAreaSqKm":5301.954,"cameraViewshedAreaSqKm":418.69,"cameraViewshedCoveragePct":7.9}},{"type":"Feature","id":"county:41051","geometry":{"type":"Polygon","coordinates":[[[-122.47994,45.46118],[-122.20891,45.46134],[-122.12654,45.46004],[-122.12654,45.4613],[-122.08598,45.46058],[-122.08598,45.46108],[-122.00419,45.46153],[-121.98315,45.4614],[-121.9826,45.46023],[-121.82196,45.46023],[-121.82196,45.46167],[-121.81959,45.46168],[-121.83001,45.46831],[-121.83527,45.47249],[-121.83628,45.47433],[-121.84477,45.47642],[-121.84676,45.47907],[-121.84682,45.48133],[-121.84787,45.48338],[-121.8504,45.4865],[-121.85541,45.48687],[-121.86032,45.48938],[-121.86349,45.49254],[-121.86071,45.49575],[-121.85983,45.49917],[-121.86087,45.50181],[-121.86581,45.50551],[-121.86819,45.50872],[-121.86961,45.51433],[-121.87445,45.5158],[-121.88395,45.51266],[-121.8916,45.5126],[-121.90641,45.52049],[-121.907,45.52503],[-121.91032,45.52746],[-121.91309,45.53257],[-121.91376,45.53533],[-121.91322,45.53727],[-121.91603,45.54271],[-121.92226,45.54631],[-121.92079,45.54737],[-121.9094,45.54963],[-121.90188,45.55619],[-121.90298,45.5576],[-121.90291,45.56112],[-121.90718,45.56255],[-121.90838,45.56532],[-121.90733,45.56672],[-121.9122,45.56771],[-121.91391,45.57116],[-121.91302,45.57517],[-121.91117,45.57684],[-121.91047,45.5812],[-121.91523,45.58228],[-121.91839,45.58548],[-121.91824,45.58706],[-121.9158,45.58968],[-121.91591,45.59161],[-121.91447,45.59389],[-121.91548,45.59791],[-121.91306,45.60145],[-121.91639,45.60754],[-121.92205,45.61076],[-121.92203,45.64921],[-121.93499,45.64423],[-121.95169,45.64484],[-121.95578,45.64359],[-121.96308,45.63289],[-121.98301,45.62289],[-122.00355,45.61595],[-122.02105,45.61478],[-122.0443,45.60954],[-122.10175,45.58317],[-122.11232,45.58134],[-122.14161,45.584],[-122.18286,45.57678],[-122.20079,45.56511],[-122.24135,45.55074],[-122.24922,45.54865],[-122.24899,45.54775],[-122.2667,45.54384],[-122.2966,45.54364],[-122.3315,45.54824],[-122.3528,45.56944],[-122.3803,45.57594],[-122.3918,45.57454],[-122.41071,45.56763],[-122.43867,45.56358],[-122.45389,45.56731],[-122.47466,45.5783],[-122.47931,45.57976],[-122.49226,45.58328],[-122.52367,45.58963],[-122.55033,45.59727],[-122.60261,45.60764],[-122.64391,45.60974],[-122.675,45.61803],[-122.69101,45.62474],[-122.71331,45.63744],[-122.73811,45.64414],[-122.76381,45.65714],[-122.77451,45.68044],[-122.77251,45.69964],[-122.76244,45.72866],[-122.78466,45.72865],[-122.78474,45.72095],[-122.92915,45.72148],[-122.92913,45.63531],[-122.90908,45.63523],[-122.90899,45.62076],[-122.88784,45.62047],[-122.88796,45.60635],[-122.86749,45.60623],[-122.86759,45.59188],[-122.84685,45.59184],[-122.84698,45.57752],[-122.82634,45.57752],[-122.82619,45.56304],[-122.80548,45.56291],[-122.80543,45.55569],[-122.79606,45.55569],[-122.79582,45.55183],[-122.7923,45.54984],[-122.79414,45.5495],[-122.79511,45.54843],[-122.78477,45.5484],[-122.78486,45.53399],[-122.76441,45.53386],[-122.76446,45.51955],[-122.74386,45.51951],[-122.74372,45.43329],[-122.64872,45.43272],[-122.65115,45.43632],[-122.64627,45.43958],[-122.6465,45.44245],[-122.64767,45.44398],[-122.65261,45.44574],[-122.66098,45.45782],[-122.64125,45.45867],[-122.64158,45.46148],[-122.47994,45.46118]]]},"bbox":[-122.92915,45.43272,-121.81959,45.72866],"properties":{"divisionId":"county:41051","divisionType":"county","geoid":"41051","state":"OR","stateName":"Oregon","name":"Multnomah County","shortName":"Multnomah","label":"OR • Multnomah","labelPoint":[-122.4140031,45.5471676],"countyAreaSqKm":1204.397,"cameraViewshedAreaSqKm":289.493,"cameraViewshedCoveragePct":24.04}},{"type":"Feature","id":"county:41053","geometry":{"type":"Polygon","coordinates":[[[-123.30188,44.71984],[-123.14903,44.72022],[-123.15076,44.72578],[-123.1495,44.72878],[-123.14658,44.73158],[-123.13353,44.73866],[-123.13244,44.74116],[-123.1327,44.74336],[-123.13378,44.7447],[-123.13776,44.74706],[-123.14546,44.74952],[-123.14783,44.75145],[-123.14833,44.76058],[-123.14581,44.77023],[-123.1384,44.77473],[-123.13363,44.77874],[-123.13133,44.78559],[-123.12478,44.79267],[-123.11023,44.79652],[-123.10082,44.79785],[-123.09722,44.79946],[-123.09199,44.80664],[-123.09168,44.81209],[-123.09399,44.81446],[-123.10357,44.81885],[-123.11214,44.82193],[-123.11922,44.823],[-123.1256,44.82594],[-123.13173,44.82648],[-123.14413,44.82543],[-123.15049,44.827],[-123.15285,44.82954],[-123.15454,44.83022],[-123.16799,44.82874],[-123.17436,44.83066],[-123.17778,44.83333],[-123.17962,44.83636],[-123.18091,44.85684],[-123.17927,44.85999],[-123.1726,44.86425],[-123.16781,44.86402],[-123.15544,44.86001],[-123.15074,44.86058],[-123.14844,44.86201],[-123.14806,44.86655],[-123.1446,44.87812],[-123.14104,44.88427],[-123.13384,44.89012],[-123.13017,44.90073],[-123.12616,44.90825],[-123.1228,44.91114],[-123.11352,44.91462],[-123.10757,44.91887],[-123.10742,44.92158],[-123.11113,44.92446],[-123.1128,44.92703],[-123.11285,44.92855],[-123.11147,44.93016],[-123.10908,44.93097],[-123.09301,44.93054],[-123.08163,44.92687],[-123.0737,44.92742],[-123.06993,44.92905],[-123.06748,44.93221],[-123.05847,44.93884],[-123.04431,44.94429],[-123.04148,44.94811],[-123.03817,44.95615],[-123.03792,44.95891],[-123.03892,44.96115],[-123.03696,44.96768],[-123.03781,44.97584],[-123.03739,44.98139],[-123.03857,44.9859],[-123.04144,44.9892],[-123.046,44.99096],[-123.06042,44.98916],[-123.06471,44.99003],[-123.06847,44.99778],[-123.07198,45.0089],[-123.07558,45.01451],[-123.07348,45.03157],[-123.07012,45.03778],[-123.06891,45.0419],[-123.06875,45.04794],[-123.06597,45.06804],[-123.06827,45.07486],[-123.32178,45.07553],[-123.52019,45.07506],[-123.57656,45.07598],[-123.72437,45.07623],[-123.72577,45.00075],[-123.7246,45.00076],[-123.72423,44.95549],[-123.72497,44.94045],[-123.72558,44.84226],[-123.725,44.73905],[-123.70458,44.73898],[-123.70447,44.72115],[-123.60261,44.72115],[-123.58097,44.71941],[-123.54132,44.72127],[-123.30188,44.71984]]]},"bbox":[-123.72577,44.71941,-123.03696,45.07623],"properties":{"divisionId":"county:41053","divisionType":"county","geoid":"41053","state":"OR","stateName":"Oregon","name":"Polk County","shortName":"Polk","label":"OR • Polk","labelPoint":[-123.3989072,44.9005156],"countyAreaSqKm":1927.439,"cameraViewshedAreaSqKm":0.0,"cameraViewshedCoveragePct":0.0}},{"type":"Feature","id":"county:41055","geometry":{"type":"Polygon","coordinates":[[[-120.91585,45.6412],[-120.91428,45.63469],[-120.90598,45.62485],[-120.90398,45.61815],[-120.90438,45.61574],[-120.91128,45.60884],[-120.91197,45.60585],[-120.90928,45.60245],[-120.89945,45.59722],[-120.89514,45.58904],[-120.89567,45.58668],[-120.90245,45.57975],[-120.90482,45.57607],[-120.90567,45.57365],[-120.90621,45.56643],[-120.9082,45.5645],[-120.90938,45.56115],[-120.90846,45.55824],[-120.89936,45.54926],[-120.89807,45.54359],[-120.89634,45.54245],[-120.89026,45.54161],[-120.88498,45.53933],[-120.88478,45.53169],[-120.88432,45.52943],[-120.88266,45.52756],[-120.87489,45.52694],[-120.86884,45.52858],[-120.86407,45.52875],[-120.85607,45.52455],[-120.85367,45.52185],[-120.83877,45.51595],[-120.82639,45.51498],[-120.82553,45.51323],[-120.82601,45.51173],[-120.83618,45.50674],[-120.83888,45.50244],[-120.83318,45.49465],[-120.83338,45.49305],[-120.83817,45.48564],[-120.83917,45.48245],[-120.83917,45.47955],[-120.83557,45.47125],[-120.83567,45.46975],[-120.83797,45.46735],[-120.84687,45.46215],[-120.85557,45.46175],[-120.85837,45.46075],[-120.86097,45.45625],[-120.86227,45.44925],[-120.86577,45.44505],[-120.86537,45.44135],[-120.86397,45.43905],[-120.85897,45.43555],[-120.85047,45.43295],[-120.84937,45.43035],[-120.84987,45.42855],[-120.85227,45.42714],[-120.85487,45.42694],[-120.86007,45.42884],[-120.86209,45.42841],[-120.86287,45.42735],[-120.86157,45.42205],[-120.86647,45.41315],[-120.86607,45.40935],[-120.86857,45.40115],[-120.86824,45.39788],[-120.86586,45.39253],[-120.86576,45.39123],[-120.86696,45.38922],[-120.86857,45.38842],[-120.87248,45.38822],[-120.87834,45.39212],[-120.88106,45.39255],[-120.88231,45.3919],[-120.88344,45.38728],[-120.88907,45.38315],[-120.89817,45.37444],[-120.89977,45.37024],[-120.89937,45.36425],[-120.90107,45.3616],[-120.90467,45.36074],[-120.91437,45.36265],[-120.91867,45.36134],[-120.92037,45.35934],[-120.91977,45.35165],[-120.92047,45.34924],[-120.92177,45.34805],[-120.92367,45.34734],[-120.93417,45.34774],[-120.93897,45.34664],[-120.93963,45.34559],[-120.93957,45.34205],[-120.93427,45.33904],[-120.93217,45.33644],[-120.93237,45.33244],[-120.93377,45.33134],[-120.93847,45.33135],[-120.94637,45.33675],[-120.94947,45.33765],[-120.95367,45.33724],[-120.95537,45.33444],[-120.94647,45.33135],[-120.94607,45.32505],[-120.95417,45.31675],[-120.95647,45.31035],[-120.95817,45.30875],[-120.96367,45.30685],[-120.96958,45.30744],[-120.97218,45.30864],[-120.97438,45.31294],[-120.97387,45.31664],[-120.97259,45.31903],[-120.97309,45.32031],[-120.98098,45.32262],[-120.9855,45.32026],[-120.98947,45.31104],[-120.99297,45.30744],[-120.99767,45.30654],[-121.00746,45.31006],[-121.01569,45.30715],[-121.01743,45.30514],[-121.01859,45.3015],[-121.01848,45.29702],[-121.01981,45.29468],[-121.02437,45.28972],[-121.0312,45.28586],[-121.03044,45.28481],[-121.02842,45.28433],[-121.02002,45.28618],[-121.01777,45.28474],[-121.01743,45.28197],[-121.02488,45.27518],[-121.02362,45.27177],[-121.01947,45.27048],[-121.01892,45.26867],[-121.02119,45.26549],[-121.02403,45.26411],[-121.02264,45.261],[-121.02334,45.25139],[-121.02259,45.24984],[-121.02267,45.24664],[-121.0217,45.2455],[-121.02521,45.23856],[-121.02289,45.23776],[-121.02239,45.23633],[-121.02063,45.23557],[-121.02429,45.2322],[-121.02264,45.23054],[-121.02018,45.22968],[-121.0191,45.22781],[-121.02369,45.22522],[-121.02287,45.22345],[-121.02078,45.22281],[-121.02416,45.22006],[-121.02388,45.21829],[-121.01787,45.21761],[-121.0177,45.21652],[-121.01933,45.21533],[-121.01927,45.21298],[-121.01782,45.21239],[-121.01525,45.21331],[-121.01339,45.213],[-121.01276,45.21213],[-121.01343,45.21014],[-121.01251,45.20906],[-121.00824,45.21124],[-121.00485,45.20822],[-121.00164,45.20903],[-120.99801,45.20837],[-120.99517,45.20351],[-120.9906,45.20426],[-120.98736,45.19892],[-120.98445,45.19779],[-120.9829,45.20007],[-120.98137,45.20008],[-120.9795,45.19871],[-120.97648,45.20049],[-120.96929,45.20006],[-120.96596,45.19821],[-120.96282,45.19837],[-120.96064,45.19703],[-120.95377,45.19623],[-120.95294,45.19659],[-120.95254,45.19913],[-120.95513,45.2004],[-120.95345,45.20145],[-120.94971,45.202],[-120.94882,45.20043],[-120.94694,45.20003],[-120.94429,45.20073],[-120.94214,45.19827],[-120.9404,45.19815],[-120.93852,45.20046],[-120.9348,45.20011],[-120.93122,45.20356],[-120.93039,45.20291],[-120.93008,45.20072],[-120.92853,45.19977],[-120.9191,45.20274],[-120.91826,45.20134],[-120.92122,45.19874],[-120.91964,45.19768],[-120.9079,45.20034],[-120.90681,45.20306],[-120.90034,45.20341],[-120.89653,45.20317],[-120.89344,45.20066],[-120.88967,45.20236],[-120.88535,45.19976],[-120.88275,45.20069],[-120.88046,45.1994],[-120.8741,45.19814],[-120.86989,45.19899],[-120.86379,45.19493],[-120.85827,45.19511],[-120.85698,45.19346],[-120.85503,45.19307],[-120.85189,45.18957],[-120.84956,45.19018],[-120.84672,45.18779],[-120.84019,45.1854],[-120.83819,45.184],[-120.83707,45.181],[-120.8339,45.17921],[-120.83104,45.17905],[-120.82801,45.17625],[-120.82389,45.17688],[-120.82114,45.17592],[-120.81749,45.17238],[-120.8141,45.17264],[-120.81034,45.17097],[-120.80752,45.16726],[-120.80482,45.1683],[-120.8026,45.16793],[-120.79951,45.16542],[-120.79774,45.16547],[-120.79622,45.16448],[-120.79188,45.16488],[-120.79071,45.1633],[-120.78948,45.16309],[-120.7848,45.16418],[-120.78111,45.16263],[-120.77875,45.16328],[-120.77614,45.16237],[-120.77121,45.16248],[-120.77004,45.16049],[-120.76728,45.15883],[-120.76781,45.15725],[-120.76938,45.15651],[-120.76897,45.1553],[-120.76599,45.15315],[-120.76428,45.15025],[-120.76099,45.14927],[-120.76185,45.14653],[-120.76154,45.14457],[-120.75306,45.14402],[-120.75128,45.14248],[-120.74927,45.14227],[-120.74434,45.13645],[-120.73805,45.13439],[-120.7332,45.13508],[-120.731,45.13305],[-120.72317,45.13052],[-120.72437,45.12958],[-120.72327,45.12837],[-120.72414,45.12609],[-120.72278,45.12485],[-120.72203,45.12176],[-120.71865,45.11963],[-120.71902,45.11462],[-120.7181,45.11106],[-120.71965,45.10691],[-120.72177,45.10635],[-120.7253,45.10362],[-120.72645,45.10042],[-120.72838,45.09847],[-120.72846,45.09733],[-120.72704,45.09568],[-120.72739,45.09302],[-120.72631,45.09117],[-120.72949,45.08877],[-120.72929,45.08687],[-120.73024,45.08571],[-120.72979,45.08373],[-120.50373,45.08348],[-120.50445,45.08565],[-120.50855,45.08725],[-120.51485,45.09465],[-120.51005,45.10135],[-120.50807,45.1025],[-120.50365,45.10255],[-120.50115,45.1041],[-120.49385,45.10585],[-120.48805,45.10445],[-120.48365,45.10475],[-120.48235,45.10555],[-120.47925,45.11015],[-120.47685,45.11165],[-120.46885,45.10695],[-120.46845,45.10285],[-120.46745,45.10155],[-120.46455,45.10015],[-120.46325,45.10035],[-120.46255,45.10115],[-120.46365,45.10435],[-120.46125,45.10865],[-120.46055,45.11165],[-120.46105,45.11625],[-120.45835,45.12015],[-120.46015,45.12305],[-120.46379,45.12599],[-120.46597,45.12959],[-120.46045,45.13795],[-120.45865,45.13885],[-120.45174,45.13969],[-120.44882,45.14255],[-120.44915,45.14375],[-120.45425,45.14575],[-120.46499,45.1442],[-120.46725,45.14695],[-120.47625,45.15185],[-120.47625,45.15645],[-120.47155,45.15955],[-120.46895,45.16215],[-120.46855,45.16355],[-120.46955,45.16494],[-120.47295,45.16595],[-120.47595,45.16795],[-120.48125,45.16925],[-120.48425,45.17085],[-120.48255,45.17235],[-120.47615,45.17355],[-120.47365,45.17565],[-120.47265,45.17765],[-120.47475,45.17975],[-120.48015,45.18015],[-120.48455,45.17945],[-120.48765,45.18075],[-120.48755,45.18325],[-120.48295,45.18615],[-120.48135,45.18835],[-120.48095,45.19125],[-120.48215,45.19375],[-120.49045,45.19765],[-120.49355,45.19765],[-120.49865,45.19565],[-120.50595,45.19605],[-120.51085,45.19835],[-120.51605,45.19925],[-120.51935,45.20105],[-120.52115,45.20235],[-120.52046,45.20445],[-120.52155,45.20535],[-120.52536,45.20445],[-120.52906,45.20475],[-120.53135,45.20585],[-120.53306,45.21105],[-120.54155,45.21015],[-120.54306,45.21295],[-120.54026,45.21705],[-120.53756,45.21785],[-120.53306,45.21665],[-120.52836,45.21645],[-120.52445,45.21885],[-120.52385,45.22145],[-120.52596,45.22385],[-120.53006,45.22465],[-120.53456,45.22305],[-120.53926,45.21995],[-120.54146,45.22005],[-120.54386,45.22145],[-120.54536,45.22395],[-120.54166,45.23245],[-120.54416,45.23665],[-120.54726,45.23775],[-120.55036,45.24085],[-120.55114,45.24243],[-120.55066,45.24415],[-120.55186,45.24635],[-120.55606,45.25045],[-120.55446,45.25275],[-120.54407,45.2539],[-120.54066,45.25326],[-120.53576,45.25495],[-120.53376,45.25705],[-120.53386,45.25985],[-120.53636,45.26205],[-120.53896,45.26245],[-120.54466,45.26165],[-120.54706,45.26295],[-120.54636,45.26725],[-120.54186,45.27185],[-120.54029,45.27486],[-120.54156,45.27885],[-120.54786,45.28105],[-120.55376,45.27965],[-120.55556,45.28125],[-120.55336,45.28325],[-120.54486,45.28445],[-120.54256,45.28645],[-120.54426,45.29145],[-120.54816,45.29745],[-120.54606,45.30175],[-120.54286,45.30445],[-120.54036,45.30435],[-120.53856,45.30275],[-120.53706,45.29655],[-120.53286,45.29475],[-120.52776,45.29595],[-120.52406,45.30015],[-120.52556,45.30575],[-120.53186,45.30905],[-120.53946,45.30995],[-120.54076,45.31155],[-120.54086,45.31405],[-120.53916,45.31565],[-120.52786,45.31845],[-120.52736,45.32465],[-120.52866,45.32745],[-120.53006,45.32835],[-120.53846,45.32775],[-120.54076,45.32835],[-120.54126,45.32935],[-120.54026,45.33045],[-120.53116,45.33195],[-120.53126,45.33725],[-120.53046,45.33955],[-120.53246,45.34365],[-120.54146,45.34525],[-120.54336,45.34605],[-120.54336,45.34675],[-120.54116,45.34935],[-120.53356,45.35305],[-120.53366,45.35815],[-120.53066,45.36385],[-120.53186,45.36615],[-120.53466,45.36845],[-120.53446,45.37025],[-120.52386,45.37295],[-120.52406,45.37685],[-120.52306,45.37785],[-120.51496,45.37565],[-120.51316,45.37685],[-120.51266,45.37825],[-120.51306,45.38035],[-120.51516,45.38115],[-120.52166,45.38195],[-120.52976,45.38045],[-120.53256,45.38155],[-120.53016,45.38545],[-120.52346,45.38845],[-120.51846,45.39465],[-120.51966,45.39655],[-120.52866,45.40035],[-120.52756,45.40345],[-120.52506,45.40525],[-120.51986,45.40545],[-120.51376,45.40435],[-120.50896,45.40525],[-120.50626,45.40775],[-120.50266,45.41725],[-120.50116,45.41875],[-120.49576,45.41865],[-120.48926,45.41685],[-120.48296,45.42055],[-120.48596,45.42455],[-120.49056,45.42755],[-120.49406,45.42825],[-120.50496,45.42775],[-120.50616,45.42855],[-120.50586,45.43175],[-120.50116,45.434],[-120.48676,45.43435],[-120.48466,45.43485],[-120.48346,45.43605],[-120.48298,45.43897],[-120.4841,45.44048],[-120.48986,45.44315],[-120.49606,45.44405],[-120.49686,45.44695],[-120.49516,45.45055],[-120.49366,45.45185],[-120.48176,45.45625],[-120.48206,45.45895],[-120.48636,45.46175],[-120.49266,45.46225],[-120.49606,45.46515],[-120.49036,45.46895],[-120.48386,45.47025],[-120.48123,45.47198],[-120.47756,45.47265],[-120.47276,45.47615],[-120.46229,45.47881],[-120.45441,45.48519],[-120.45041,45.48538],[-120.44774,45.48446],[-120.43798,45.47517],[-120.42478,45.4701],[-120.42145,45.46802],[-120.40995,45.47033],[-120.40702,45.47315],[-120.41026,45.48055],[-120.41106,45.48185],[-120.41286,45.48255],[-120.42056,45.48285],[-120.42326,45.48365],[-120.42426,45.48605],[-120.42336,45.49195],[-120.42606,45.49395],[-120.42686,45.49795],[-120.42258,45.50051],[-120.40556,45.49745],[-120.38699,45.49686],[-120.37776,45.49295],[-120.36646,45.49595],[-120.36496,45.49725],[-120.3601,45.5068],[-120.36052,45.50945],[-120.36591,45.51472],[-120.37784,45.51817],[-120.38014,45.52045],[-120.38049,45.52373],[-120.37579,45.52838],[-120.37063,45.53117],[-120.35924,45.53036],[-120.3578,45.53146],[-120.35813,45.53424],[-120.36685,45.53761],[-120.37747,45.53754],[-120.38091,45.53833],[-120.38458,45.54153],[-120.38594,45.5465],[-120.38831,45.54872],[-120.39307,45.552],[-120.40109,45.55405],[-120.40211,45.55564],[-120.40679,45.55745],[-120.40766,45.55975],[-120.40712,45.5631],[-120.40258,45.56705],[-120.40258,45.5696],[-120.40591,45.57792],[-120.40905,45.58322],[-120.40898,45.58905],[-120.40999,45.59435],[-120.4117,45.59607],[-120.41519,45.5969],[-120.422,45.5976],[-120.42678,45.59716],[-120.43269,45.59844],[-120.43889,45.60237],[-120.44425,45.60745],[-120.44652,45.61476],[-120.44461,45.61801],[-120.4383,45.62285],[-120.44054,45.62611],[-120.44422,45.62703],[-120.44959,45.62658],[-120.45216,45.62586],[-120.45746,45.62202],[-120.4657,45.61941],[-120.46828,45.61947],[-120.4701,45.62236],[-120.47028,45.62524],[-120.47748,45.62775],[-120.47787,45.63089],[-120.4793,45.63305],[-120.48104,45.63418],[-120.48396,45.63464],[-120.48645,45.63651],[-120.48619,45.63766],[-120.48352,45.63912],[-120.47876,45.6398],[-120.47834,45.64202],[-120.47947,45.64486],[-120.48516,45.64517],[-120.49005,45.64321],[-120.49223,45.64384],[-120.49152,45.64542],[-120.49219,45.64939],[-120.48935,45.65198],[-120.48862,45.65463],[-120.48934,45.65555],[-120.49385,45.65615],[-120.49713,45.65548],[-120.49981,45.65628],[-120.51019,45.66512],[-120.52092,45.66738],[-120.52981,45.67172],[-120.53667,45.67172],[-120.54736,45.66905],[-120.55116,45.67255],[-120.55206,45.67755],[-120.55646,45.67945],[-120.55826,45.68165],[-120.56657,45.68555],[-120.56746,45.69065],[-120.56946,45.69375],[-120.57427,45.69605],[-120.57667,45.69835],[-120.58337,45.70005],[-120.58607,45.70155],[-120.60197,45.70255],[-120.60377,45.70475],[-120.60347,45.70705],[-120.60547,45.71395],[-120.60997,45.71585],[-120.61857,45.72145],[-120.62447,45.72205],[-120.63167,45.72065],[-120.63587,45.72155],[-120.63937,45.72085],[-120.64367,45.72235],[-120.64637,45.72425],[-120.64617,45.72615],[-120.64937,45.73025],[-120.64937,45.73295],[-120.6535,45.73718],[-120.66928,45.72988],[-120.68954,45.71573],[-120.72863,45.70532],[-120.78857,45.68642],[-120.85541,45.67173],[-120.89582,45.64292],[-120.91361,45.63999],[-120.91585,45.6412]]]},"bbox":[-121.0312,45.08348,-120.3578,45.73718],"properties":{"divisionId":"county:41055","divisionType":"county","geoid":"41055","state":"OR","stateName":"Oregon","name":"Sherman County","shortName":"Sherman","label":"OR • Sherman","labelPoint":[-120.6785124,45.3992158],"countyAreaSqKm":2152.675,"cameraViewshedAreaSqKm":334.717,"cameraViewshedCoveragePct":15.55}},{"type":"Feature","id":"county:41057","geometry":{"type":"Polygon","coordinates":[[[-124.07019,45.76419],[-124.06797,45.75032],[-124.06002,45.73954],[-124.0438,45.72731],[-124.03045,45.72099],[-124.0248,45.72023],[-124.01912,45.71273],[-124.01081,45.70828],[-124.01166,45.67672],[-124.01348,45.67274],[-124.01587,45.66096],[-124.01665,45.63212],[-124.01907,45.62603],[-124.02134,45.62482],[-124.02932,45.61246],[-124.03107,45.60192],[-124.03037,45.59249],[-124.03554,45.58072],[-124.03711,45.57172],[-124.03623,45.56303],[-124.03228,45.55452],[-124.02693,45.54601],[-124.02666,45.53788],[-124.0391,45.53024],[-124.04594,45.52377],[-124.05311,45.51422],[-124.05643,45.50215],[-124.0564,45.49467],[-124.05478,45.4887],[-124.05937,45.48121],[-124.06455,45.46757],[-124.06488,45.46047],[-124.06395,45.45151],[-124.05895,45.44201],[-124.05316,45.43574],[-124.04346,45.42669],[-124.03582,45.42205],[-124.0365,45.41334],[-124.04017,45.40013],[-124.04331,45.38406],[-124.05816,45.37641],[-124.06649,45.36697],[-124.07278,45.35598],[-124.07698,45.34185],[-124.07698,45.33007],[-124.07383,45.31751],[-124.06124,45.30416],[-124.04655,45.29317],[-124.04236,45.28218],[-124.04026,45.26883],[-124.0413,45.25627],[-124.04301,45.24982],[-124.04332,45.24517],[-124.04436,45.24272],[-124.05484,45.2302],[-124.05821,45.22253],[-124.05983,45.2156],[-124.05949,45.20665],[-124.05704,45.19884],[-124.05113,45.18711],[-124.04508,45.1798],[-124.04444,45.1774],[-124.04579,45.16991],[-124.04479,45.166],[-124.04779,45.15618],[-124.05013,45.14069],[-124.05581,45.12483],[-124.06524,45.10767],[-124.07333,45.09959],[-124.08142,45.08546],[-124.09356,45.05417],[-124.09583,45.04399],[-124.08774,45.04407],[-124.08786,45.045],[-123.98669,45.04463],[-123.96719,45.04484],[-123.96718,45.04573],[-123.92445,45.04578],[-123.72466,45.04443],[-123.72436,45.07678],[-123.78422,45.07665],[-123.78416,45.14469],[-123.78557,45.15971],[-123.78421,45.17338],[-123.78454,45.21629],[-123.6857,45.21625],[-123.62403,45.21712],[-123.46352,45.21631],[-123.46232,45.33849],[-123.46573,45.41739],[-123.46488,45.43333],[-123.48608,45.4332],[-123.48544,45.44714],[-123.46388,45.44726],[-123.46196,45.46211],[-123.46118,45.49156],[-123.44112,45.49127],[-123.44074,45.50533],[-123.44272,45.52111],[-123.42197,45.52141],[-123.42193,45.53538],[-123.40215,45.53565],[-123.40205,45.55007],[-123.36115,45.5499],[-123.36113,45.57878],[-123.32,45.57868],[-123.32021,45.59298],[-123.29926,45.59302],[-123.29942,45.60689],[-123.34033,45.60746],[-123.3405,45.6222],[-123.38066,45.62198],[-123.38022,45.63575],[-123.42327,45.63618],[-123.423,45.65062],[-123.44385,45.65068],[-123.44375,45.66513],[-123.46409,45.66514],[-123.46436,45.67927],[-123.48512,45.67925],[-123.48473,45.70876],[-123.36103,45.7087],[-123.36162,45.77958],[-123.48513,45.78002],[-123.48509,45.77566],[-123.62389,45.7746],[-123.65364,45.77503],[-123.6829,45.77367],[-123.72,45.77308],[-123.71984,45.78322],[-124.06545,45.78305],[-124.06737,45.77927],[-124.07019,45.76419]]]},"bbox":[-124.09583,45.04399,-123.29926,45.78322],"properties":{"divisionId":"county:41057","divisionType":"county","geoid":"41057","state":"OR","stateName":"Oregon","name":"Tillamook County","shortName":"Tillamook","label":"OR • Tillamook","labelPoint":[-123.7609632,45.4577352],"countyAreaSqKm":3450.477,"cameraViewshedAreaSqKm":4.021,"cameraViewshedCoveragePct":0.12}},{"type":"Feature","id":"county:41059","geometry":{"type":"Polygon","coordinates":[[[-118.06651,45.73757],[-118.06651,45.77346],[-118.0451,45.77349],[-118.045,45.81707],[-117.97295,45.8169],[-117.97298,45.86059],[-117.97764,45.8606],[-117.97766,46.00052],[-118.72524,46.00116],[-118.97629,46.00042],[-118.98726,45.99985],[-119.00865,45.97922],[-119.02721,45.96911],[-119.0615,45.95854],[-119.09329,45.94272],[-119.12632,45.93278],[-119.16919,45.9277],[-119.19552,45.9279],[-119.22563,45.9328],[-119.25707,45.93987],[-119.28606,45.93742],[-119.32257,45.93307],[-119.3645,45.92155],[-119.43215,45.91827],[-119.43205,45.86489],[-119.43467,45.86489],[-119.43502,45.82621],[-119.43464,45.60299],[-119.24855,45.60194],[-119.24821,45.51608],[-119.14514,45.51591],[-119.14587,45.44377],[-119.14563,45.34231],[-119.1463,45.29954],[-119.14824,45.25594],[-119.14726,45.25594],[-119.14642,45.08294],[-119.16304,45.08294],[-119.16297,44.99624],[-119.04257,44.9959],[-118.8588,44.99822],[-118.67535,44.99766],[-118.51869,44.99588],[-118.51869,45.08069],[-118.54765,45.08075],[-118.54663,45.1969],[-118.65599,45.19693],[-118.6561,45.25773],[-118.69699,45.25761],[-118.69777,45.34565],[-118.65625,45.34515],[-118.65627,45.34034],[-118.61324,45.33988],[-118.61311,45.35516],[-118.53686,45.35451],[-118.42833,45.35519],[-118.42854,45.42908],[-118.40481,45.42901],[-118.40485,45.44255],[-118.38422,45.44258],[-118.38412,45.43525],[-118.36652,45.43531],[-118.36633,45.42895],[-118.2592,45.42904],[-118.24166,45.42884],[-118.24167,45.42739],[-118.19788,45.4272],[-118.19795,45.4704],[-118.1365,45.47011],[-118.11646,45.47073],[-118.11631,45.51465],[-118.11836,45.51466],[-118.1168,45.60165],[-118.11719,45.68861],[-118.06638,45.68839],[-118.06651,45.73757]]]},"bbox":[-119.43502,44.99588,-117.97295,46.00116],"properties":{"divisionId":"county:41059","divisionType":"county","geoid":"41059","state":"OR","stateName":"Oregon","name":"Umatilla County","shortName":"Umatilla","label":"OR • Umatilla","labelPoint":[-118.7338795,45.5911997],"countyAreaSqKm":8373.216,"cameraViewshedAreaSqKm":0.0,"cameraViewshedCoveragePct":0.0}},{"type":"Feature","id":"county:41061","geometry":{"type":"Polygon","coordinates":[[[-118.13655,45.0408],[-118.13031,45.04512],[-118.12041,45.04451],[-118.10927,45.04696],[-118.10804,45.0462],[-118.10266,45.0456],[-118.10066,45.04435],[-118.09882,45.04489],[-118.09651,45.042],[-118.09405,45.04233],[-118.09213,45.04124],[-118.09129,45.03857],[-118.08967,45.03688],[-118.08898,45.03372],[-118.08383,45.0299],[-118.0813,45.02636],[-118.078,45.02472],[-118.07454,45.0208],[-118.0717,45.0196],[-118.06955,45.01687],[-118.0644,45.01518],[-118.06364,45.01409],[-118.05802,45.01256],[-118.05151,45.01269],[-118.04628,45.00991],[-118.04423,45.00687],[-118.0418,45.00692],[-118.03712,45.00401],[-118.02828,45.0034],[-118.01623,45.0006],[-118.01011,44.99768],[-118.00734,44.99741],[-118.00433,44.99494],[-117.99501,44.99437],[-117.99143,44.9945],[-117.99018,44.99525],[-117.98563,44.99459],[-117.98234,44.99544],[-117.9789,44.99467],[-117.97548,44.99587],[-117.96856,44.99594],[-117.95604,45.00099],[-117.95076,45.005],[-117.9477,45.00658],[-117.94498,45.00667],[-117.94067,45.00921],[-117.9373,45.01277],[-117.936,45.01254],[-117.93393,45.01408],[-117.9316,45.01362],[-117.92957,45.01436],[-117.92723,45.01679],[-117.9218,45.019],[-117.92209,45.02089],[-117.9186,45.02448],[-117.91236,45.02826],[-117.91133,45.02804],[-117.91045,45.02909],[-117.9062,45.03018],[-117.90052,45.03555],[-117.9005,45.03632],[-117.89649,45.03781],[-117.89703,45.03847],[-117.89613,45.03915],[-117.89728,45.04002],[-117.89544,45.04078],[-117.89404,45.0439],[-117.89471,45.04524],[-117.89052,45.04757],[-117.89042,45.04859],[-117.88605,45.04974],[-117.88755,45.05051],[-117.8857,45.05133],[-117.88841,45.0571],[-117.88555,45.05646],[-117.88527,45.05825],[-117.88362,45.06021],[-117.88035,45.05966],[-117.87253,45.06117],[-117.87322,45.06402],[-117.87448,45.06512],[-117.87373,45.06564],[-117.87189,45.0647],[-117.86929,45.05811],[-117.86259,45.0544],[-117.85983,45.05571],[-117.85813,45.05975],[-117.85379,45.06044],[-117.85107,45.0605],[-117.84971,45.05957],[-117.84296,45.0583],[-117.84207,45.05703],[-117.84433,45.05606],[-117.84505,45.0551],[-117.84456,45.05464],[-117.84173,45.0541],[-117.84018,45.05509],[-117.83775,45.05514],[-117.83724,45.05282],[-117.8408,45.05149],[-117.84069,45.05024],[-117.83872,45.04865],[-117.83402,45.04211],[-117.82783,45.03637],[-117.82778,45.03331],[-117.81806,45.02591],[-117.81451,45.02449],[-117.81202,45.02451],[-117.81003,45.02626],[-117.81239,45.02742],[-117.81083,45.0285],[-117.81315,45.03041],[-117.81296,45.03205],[-117.80997,45.03248],[-117.80711,45.03166],[-117.80512,45.03288],[-117.80394,45.03185],[-117.80617,45.02967],[-117.80361,45.0305],[-117.80244,45.03013],[-117.80278,45.02936],[-117.80453,45.02894],[-117.80398,45.02752],[-117.80264,45.02722],[-117.80159,45.02915],[-117.79947,45.02935],[-117.79811,45.02816],[-117.79886,45.02626],[-117.79671,45.02663],[-117.79652,45.02533],[-117.79521,45.02627],[-117.79374,45.02612],[-117.79355,45.02518],[-117.79461,45.02396],[-117.79718,45.02392],[-117.79581,45.02278],[-117.7944,45.02331],[-117.79344,45.02261],[-117.79562,45.02165],[-117.79578,45.02074],[-117.79482,45.02013],[-117.79598,45.01849],[-117.79323,45.0187],[-117.79418,45.01668],[-117.79174,45.01632],[-117.79021,45.0153],[-117.79038,45.01466],[-117.78182,45.01358],[-117.77871,45.01007],[-117.77826,45.00762],[-117.77883,45.00668],[-117.78429,45.00371],[-117.78422,44.99967],[-117.78492,44.99832],[-117.78438,44.99568],[-117.77955,44.99524],[-117.7775,44.99216],[-117.56403,44.99287],[-117.56349,45.07945],[-117.26601,45.08057],[-117.26601,45.16654],[-117.47668,45.16654],[-117.47676,45.20997],[-117.52094,45.20977],[-117.52067,45.22401],[-117.52231,45.25346],[-117.52225,45.26773],[-117.54222,45.26742],[-117.54206,45.29596],[-117.56197,45.29588],[-117.56221,45.31022],[-117.58217,45.31018],[-117.58234,45.3381],[-117.6228,45.33817],[-117.62278,45.33679],[-117.64349,45.33687],[-117.64348,45.36532],[-117.66339,45.36575],[-117.66415,45.42834],[-117.68379,45.42837],[-117.68399,45.51523],[-117.72723,45.51478],[-117.72775,45.54564],[-117.72722,45.61699],[-117.74596,45.61664],[-117.74614,45.66074],[-117.76706,45.66023],[-117.76686,45.6896],[-117.78762,45.68957],[-117.7884,45.77351],[-117.74765,45.77362],[-117.74733,45.86107],[-117.97298,45.86059],[-117.97295,45.8169],[-118.045,45.81707],[-118.0451,45.77349],[-118.06651,45.77346],[-118.06638,45.68839],[-118.11719,45.68861],[-118.1168,45.60165],[-118.11836,45.51466],[-118.11631,45.51465],[-118.11646,45.47073],[-118.1365,45.47011],[-118.19795,45.4704],[-118.19788,45.4272],[-118.24167,45.42739],[-118.24166,45.42884],[-118.2592,45.42904],[-118.36633,45.42895],[-118.36652,45.43531],[-118.38412,45.43525],[-118.38422,45.44258],[-118.40485,45.44255],[-118.40481,45.42901],[-118.42854,45.42908],[-118.42833,45.35519],[-118.53686,45.35451],[-118.61311,45.35516],[-118.61324,45.33988],[-118.65627,45.34034],[-118.65625,45.34515],[-118.69777,45.34565],[-118.69699,45.25761],[-118.6561,45.25773],[-118.65599,45.19693],[-118.54663,45.1969],[-118.54765,45.08075],[-118.51869,45.08069],[-118.51869,44.99588],[-118.46887,44.99518],[-118.46967,44.99344],[-118.46902,44.99174],[-118.46441,44.98985],[-118.45727,44.99033],[-118.45602,44.98951],[-118.45285,44.98929],[-118.44899,44.99082],[-118.44631,44.99002],[-118.44676,44.9887],[-118.44605,44.98686],[-118.44421,44.98675],[-118.44126,44.98518],[-118.43742,44.98483],[-118.4364,44.98298],[-118.43855,44.97685],[-118.43707,44.97124],[-118.43959,44.96666],[-118.4361,44.96242],[-118.43075,44.96389],[-118.42443,44.96408],[-118.42316,44.96544],[-118.411,44.97125],[-118.40961,44.97314],[-118.40527,44.97503],[-118.40453,44.97648],[-118.40065,44.97591],[-118.39885,44.97441],[-118.39477,44.97398],[-118.39189,44.97234],[-118.38986,44.9724],[-118.39062,44.97756],[-118.38724,44.97978],[-118.3875,44.98379],[-118.38102,44.98129],[-118.37978,44.9795],[-118.37562,44.98186],[-118.37347,44.9816],[-118.37051,44.98261],[-118.36854,44.98404],[-118.36816,44.98558],[-118.36421,44.99076],[-118.35946,44.9923],[-118.35676,44.99061],[-118.3561,44.9881],[-118.34706,44.98714],[-118.34471,44.98582],[-118.34185,44.9835],[-118.33908,44.97959],[-118.33622,44.97888],[-118.33442,44.97649],[-118.33151,44.97572],[-118.32962,44.97339],[-118.32969,44.97236],[-118.32455,44.97189],[-118.32316,44.97302],[-118.32104,44.97317],[-118.3193,44.976],[-118.31257,44.97171],[-118.30857,44.97209],[-118.30846,44.96998],[-118.30228,44.96838],[-118.29982,44.96384],[-118.29889,44.96338],[-118.29928,44.96071],[-118.29639,44.96077],[-118.29254,44.96291],[-118.29019,44.96275],[-118.28672,44.96498],[-118.28225,44.96473],[-118.28197,44.96269],[-118.27791,44.96151],[-118.27667,44.95866],[-118.27482,44.9574],[-118.27044,44.95723],[-118.26794,44.95873],[-118.26475,44.95929],[-118.26289,44.95879],[-118.26045,44.95665],[-118.25133,44.95635],[-118.24466,44.9584],[-118.24514,44.96069],[-118.2322,44.96069],[-118.23243,44.96288],[-118.23134,44.96445],[-118.23274,44.96664],[-118.23157,44.97031],[-118.22805,44.97348],[-118.22742,44.97665],[-118.22562,44.97732],[-118.22515,44.97854],[-118.22374,44.97916],[-118.22421,44.97994],[-118.22319,44.98155],[-118.22053,44.98339],[-118.22076,44.98489],[-118.21982,44.98684],[-118.21363,44.98978],[-118.21473,44.99134],[-118.21277,44.99479],[-118.21356,44.99935],[-118.21246,45.00108],[-118.21262,45.00336],[-118.2134,45.00392],[-118.21246,45.00564],[-118.21426,45.0062],[-118.21418,45.00742],[-118.20219,45.01265],[-118.20023,45.0151],[-118.19592,45.01588],[-118.19459,45.01755],[-118.18643,45.01916],[-118.18353,45.01939],[-118.1793,45.01794],[-118.17687,45.01939],[-118.17522,45.01939],[-118.17272,45.01733],[-118.16864,45.01638],[-118.16448,45.01666],[-118.16143,45.01566],[-118.15915,45.01649],[-118.15508,45.01877],[-118.15578,45.02044],[-118.15468,45.02122],[-118.15492,45.02228],[-118.14942,45.02617],[-118.1419,45.02806],[-118.14048,45.0314],[-118.14118,45.03384],[-118.14009,45.0354],[-118.13836,45.03618],[-118.13773,45.04002],[-118.13655,45.0408]]]},"bbox":[-118.69777,44.95635,-117.26601,45.86107],"properties":{"divisionId":"county:41061","divisionType":"county","geoid":"41061","state":"OR","stateName":"Oregon","name":"Union County","shortName":"Union","label":"OR • Union","labelPoint":[-117.9991488,45.3040809],"countyAreaSqKm":5280.433,"cameraViewshedAreaSqKm":0.0,"cameraViewshedCoveragePct":0.0}},{"type":"Feature","id":"county:41063","geometry":{"type":"Polygon","coordinates":[[[-117.26602,45.08286],[-117.26601,45.08057],[-117.17639,45.08066],[-117.02267,45.07973],[-117.02267,45.07917],[-116.78383,45.07826],[-116.78428,45.08637],[-116.78354,45.09361],[-116.77485,45.10554],[-116.75464,45.11397],[-116.75284,45.12177],[-116.74856,45.12295],[-116.74686,45.12422],[-116.74554,45.13304],[-116.74246,45.13526],[-116.7333,45.13849],[-116.72961,45.14209],[-116.72876,45.14438],[-116.72802,45.15424],[-116.72518,45.15922],[-116.72419,45.16292],[-116.7242,45.1715],[-116.70954,45.20302],[-116.70855,45.20736],[-116.70975,45.21724],[-116.70819,45.22209],[-116.70411,45.22815],[-116.7037,45.23609],[-116.70271,45.23791],[-116.7037,45.2401],[-116.69876,45.24518],[-116.6981,45.24878],[-116.69616,45.25205],[-116.69605,45.25468],[-116.69139,45.26374],[-116.68777,45.2664],[-116.68711,45.26782],[-116.67873,45.27227],[-116.67449,45.27635],[-116.67231,45.2852],[-116.67216,45.28894],[-116.67417,45.30886],[-116.67365,45.31031],[-116.67465,45.31434],[-116.67379,45.32151],[-116.67106,45.32383],[-116.65526,45.34886],[-116.64493,45.36135],[-116.64214,45.36513],[-116.64125,45.36779],[-116.63234,45.37742],[-116.62939,45.38166],[-116.62663,45.38804],[-116.62305,45.39194],[-116.62376,45.39309],[-116.62339,45.39396],[-116.62071,45.39536],[-116.61906,45.39821],[-116.59745,45.41277],[-116.59304,45.42504],[-116.58819,45.44292],[-116.58422,45.44536],[-116.58138,45.44898],[-116.57681,45.45202],[-116.56825,45.45582],[-116.56397,45.46023],[-116.55483,45.46293],[-116.55498,45.4728],[-116.55881,45.48119],[-116.55309,45.49621],[-116.55347,45.49911],[-116.55713,45.50202],[-116.55746,45.50417],[-116.55549,45.50747],[-116.54868,45.51039],[-116.54384,45.51419],[-116.54127,45.51784],[-116.5404,45.52093],[-116.53548,45.52508],[-116.53313,45.52954],[-116.53313,45.53277],[-116.53173,45.53668],[-116.52721,45.5407],[-116.52658,45.54449],[-116.52344,45.54656],[-116.52417,45.54856],[-116.52857,45.55015],[-116.52832,45.55151],[-116.52515,45.55422],[-116.52074,45.5562],[-116.51747,45.55679],[-116.51175,45.55645],[-116.50697,45.55843],[-116.50345,45.56169],[-116.50373,45.5651],[-116.50276,45.56661],[-116.49028,45.5745],[-116.48297,45.57701],[-116.48119,45.57994],[-116.48362,45.58296],[-116.48216,45.58668],[-116.47997,45.58842],[-116.47652,45.58967],[-116.47474,45.59177],[-116.47168,45.59361],[-116.46363,45.60279],[-116.4635,45.61579],[-116.46517,45.61799],[-116.46981,45.6206],[-116.47288,45.62488],[-116.47124,45.62767],[-116.4721,45.6292],[-116.47506,45.6314],[-116.48102,45.63215],[-116.48281,45.6336],[-116.48249,45.63992],[-116.48349,45.64179],[-116.48773,45.64396],[-116.48726,45.64781],[-116.48882,45.6508],[-116.49683,45.65725],[-116.50543,45.66191],[-116.50618,45.66365],[-116.50991,45.66649],[-116.51233,45.67022],[-116.51767,45.67504],[-116.52396,45.67764],[-116.52827,45.68147],[-116.53013,45.68552],[-116.5354,45.69173],[-116.5382,45.71616],[-116.5368,45.72463],[-116.53704,45.7282],[-116.53591,45.73037],[-116.5357,45.73423],[-116.54177,45.74445],[-116.54629,45.74947],[-116.54664,45.75097],[-116.54908,45.75273],[-116.55944,45.75519],[-116.56734,45.763],[-116.57513,45.76586],[-116.59421,45.77908],[-116.61694,45.78246],[-116.62374,45.78181],[-116.62697,45.78413],[-116.63203,45.78498],[-116.63964,45.78127],[-116.64634,45.77982],[-116.65963,45.78002],[-116.66527,45.78206],[-116.68082,45.79439],[-116.68555,45.80238],[-116.68546,45.80364],[-116.68701,45.80632],[-116.69342,45.81164],[-116.69481,45.81663],[-116.69719,45.82013],[-116.70342,45.8217],[-116.70975,45.82573],[-116.71553,45.82677],[-116.72152,45.82574],[-116.72532,45.82656],[-116.73578,45.82636],[-116.74934,45.81926],[-116.75979,45.81617],[-116.7634,45.81658],[-116.77422,45.82337],[-116.78214,45.82512],[-116.78907,45.83347],[-116.78892,45.83674],[-116.78752,45.8402],[-116.78779,45.84427],[-116.79015,45.84985],[-116.79598,45.85809],[-116.79646,45.86122],[-116.8049,45.86582],[-116.80979,45.87279],[-116.81592,45.879],[-116.83,45.88641],[-116.84355,45.89227],[-116.84842,45.89816],[-116.85725,45.90416],[-116.86503,45.9145],[-116.86966,45.9238],[-116.87048,45.93241],[-116.87512,45.9422],[-116.87571,45.94501],[-116.87576,45.94837],[-116.87487,45.95025],[-116.87598,45.95477],[-116.88051,45.95851],[-116.88684,45.95862],[-116.8913,45.96033],[-116.89491,45.96892],[-116.89293,45.9744],[-116.89361,45.97758],[-116.9005,45.9828],[-116.9043,45.9842],[-116.91147,45.98905],[-116.91607,45.99536],[-116.98423,45.99677],[-117.15509,45.99804],[-117.33791,45.99857],[-117.35595,45.99657],[-117.4058,45.99848],[-117.47975,45.99778],[-117.68214,45.99979],[-117.97766,46.00052],[-117.97764,45.8606],[-117.74733,45.86107],[-117.74765,45.77362],[-117.7884,45.77351],[-117.78762,45.68957],[-117.76686,45.6896],[-117.76706,45.66023],[-117.74614,45.66074],[-117.74596,45.61664],[-117.72722,45.61699],[-117.72775,45.54564],[-117.72723,45.51478],[-117.68399,45.51523],[-117.68379,45.42837],[-117.66415,45.42834],[-117.66339,45.36575],[-117.64348,45.36532],[-117.64349,45.33687],[-117.62278,45.33679],[-117.6228,45.33817],[-117.58234,45.3381],[-117.58217,45.31018],[-117.56221,45.31022],[-117.56197,45.29588],[-117.54206,45.29596],[-117.54222,45.26742],[-117.52225,45.26773],[-117.52231,45.25346],[-117.52067,45.22401],[-117.52094,45.20977],[-117.47676,45.20997],[-117.47668,45.16654],[-117.26601,45.16654],[-117.26602,45.08286]]]},"bbox":[-117.97766,45.07826,-116.4635,46.00052],"properties":{"divisionId":"county:41063","divisionType":"county","geoid":"41063","state":"OR","stateName":"Oregon","name":"Wallowa County","shortName":"Wallowa","label":"OR • Wallowa","labelPoint":[-117.1855796,45.593753],"countyAreaSqKm":8162.035,"cameraViewshedAreaSqKm":0.0,"cameraViewshedCoveragePct":0.0}},{"type":"Feature","id":"county:41065","geometry":{"type":"Polygon","coordinates":[[[-121.48217,45.5196],[-121.48143,45.34487],[-121.48016,45.31554],[-121.48082,45.30134],[-121.48062,45.27271],[-121.48189,45.25813],[-121.61458,45.25738],[-121.63592,45.25806],[-121.69648,45.25792],[-121.69641,45.25536],[-121.69188,45.25414],[-121.68888,45.25112],[-121.6809,45.25058],[-121.68246,45.2472],[-121.68154,45.24349],[-121.68479,45.24007],[-121.6853,45.23587],[-121.68639,45.23429],[-121.68569,45.23213],[-121.68273,45.22857],[-121.69111,45.22956],[-121.69768,45.22739],[-121.69945,45.22405],[-121.70359,45.2233],[-121.70925,45.21998],[-121.71052,45.21847],[-121.71193,45.21375],[-121.71464,45.21123],[-121.72946,45.21177],[-121.73492,45.20896],[-121.73708,45.20635],[-121.74184,45.20676],[-121.74687,45.206],[-121.74825,45.2051],[-121.74906,45.19756],[-121.74865,45.1918],[-121.74645,45.18635],[-121.73964,45.18164],[-121.73651,45.17631],[-121.7334,45.17491],[-121.73202,45.17091],[-121.72986,45.16981],[-121.72801,45.16311],[-121.72528,45.15934],[-121.71929,45.15719],[-121.71572,45.15404],[-121.7116,45.15282],[-121.7102,45.14873],[-121.71029,45.14039],[-121.7084,45.13727],[-121.70805,45.13406],[-121.70618,45.13159],[-121.70021,45.12707],[-121.69865,45.12379],[-121.69967,45.12179],[-121.69507,45.11739],[-121.69339,45.11693],[-121.69088,45.11806],[-121.68778,45.12247],[-121.68501,45.12369],[-121.66638,45.1203],[-121.66469,45.11517],[-121.66288,45.11446],[-121.66238,45.11335],[-121.66242,45.10759],[-121.66166,45.10543],[-121.6586,45.10351],[-121.65387,45.10285],[-121.65264,45.10199],[-121.65331,45.09858],[-121.65139,45.0888],[-121.65202,45.08671],[-121.65984,45.07919],[-121.66083,45.07526],[-121.66052,45.07006],[-121.65871,45.06636],[-121.68035,45.06811],[-121.6893,45.06675],[-121.6934,45.06365],[-121.69716,45.06215],[-121.69831,45.05931],[-121.71081,45.05591],[-121.72235,45.04602],[-121.72241,45.0441],[-121.71898,45.04232],[-121.7188,45.03949],[-121.71699,45.03821],[-121.71938,45.03707],[-121.73062,45.03618],[-121.73839,45.03348],[-121.74112,45.03444],[-121.74944,45.0341],[-121.75145,45.03484],[-121.75285,45.03653],[-121.76882,45.03989],[-121.77836,45.0376],[-121.77991,45.03514],[-121.78185,45.03403],[-121.77967,45.03165],[-121.7788,45.02624],[-121.7814,45.02082],[-121.78147,45.01541],[-121.78565,45.01531],[-121.79322,45.01747],[-121.80044,45.01518],[-121.80443,45.01288],[-121.80527,45.0115],[-121.80567,45.00612],[-121.80316,44.99961],[-121.80257,44.99443],[-121.80347,44.99217],[-121.80162,44.98274],[-121.80334,44.9771],[-121.80013,44.97645],[-121.79868,44.97496],[-121.7985,44.97317],[-121.79603,44.97049],[-121.79193,44.95734],[-121.78779,44.95477],[-121.78559,44.95038],[-121.78561,44.94741],[-121.78674,44.94522],[-121.79613,44.93743],[-121.79559,44.93603],[-121.79054,44.93471],[-121.7834,44.93564],[-121.77977,44.93515],[-121.77378,44.93821],[-121.77224,44.93984],[-121.76653,44.94172],[-121.76332,44.94171],[-121.75412,44.93204],[-121.74845,44.92754],[-121.74544,44.92304],[-121.74438,44.92035],[-121.7476,44.91668],[-121.7473,44.91464],[-121.72899,44.90481],[-121.723,44.90631],[-121.7144,44.9059],[-121.71533,44.90068],[-121.71718,44.89798],[-121.72301,44.89617],[-121.72821,44.89135],[-121.73489,44.88895],[-121.73516,44.8877],[-121.73353,44.88206],[-121.73992,44.87667],[-121.74671,44.87492],[-121.74787,44.86957],[-121.75003,44.86457],[-121.75325,44.86107],[-121.75107,44.85671],[-121.74859,44.85516],[-121.74242,44.85336],[-121.74186,44.8474],[-121.74667,44.83739],[-121.75299,44.82992],[-121.72507,44.82992],[-121.72507,44.82552],[-121.32885,44.82452],[-121.0919,44.8251],[-121.08948,44.82327],[-120.37144,44.82177],[-120.37869,44.82688],[-120.38935,44.82962],[-120.3942,44.8292],[-120.4005,44.83011],[-120.40528,44.83415],[-120.40521,44.83909],[-120.41006,44.84038],[-120.41223,44.85167],[-120.413,44.85249],[-120.41846,44.85376],[-120.42755,44.85369],[-120.43347,44.85675],[-120.43628,44.86232],[-120.43873,44.86336],[-120.44309,44.86385],[-120.44575,44.86306],[-120.45454,44.86516],[-120.45539,44.86605],[-120.45416,44.86967],[-120.45471,44.87261],[-120.4562,44.87387],[-120.45843,44.87379],[-120.45989,44.87483],[-120.46013,44.87822],[-120.45852,44.88157],[-120.45126,44.88421],[-120.44599,44.88478],[-120.44055,44.8867],[-120.43878,44.88801],[-120.43614,44.89406],[-120.43862,44.89851],[-120.44255,44.90268],[-120.45099,44.90866],[-120.45349,44.90832],[-120.45698,44.90408],[-120.45968,44.90374],[-120.46494,44.90681],[-120.47328,44.90804],[-120.47418,44.90914],[-120.46871,44.91385],[-120.47107,44.91691],[-120.47138,44.91845],[-120.47013,44.92213],[-120.47049,44.9245],[-120.47278,44.92737],[-120.47662,44.92949],[-120.47711,44.93097],[-120.47669,44.93284],[-120.4749,44.93334],[-120.47288,44.93546],[-120.47552,44.93806],[-120.47735,44.94134],[-120.48029,44.94314],[-120.48168,44.94551],[-120.47965,44.94677],[-120.47979,44.94801],[-120.48823,44.95068],[-120.48923,44.95164],[-120.48758,44.95297],[-120.48657,44.95577],[-120.48489,44.95678],[-120.48492,44.95969],[-120.48598,44.96168],[-120.48559,44.96335],[-120.48202,44.96519],[-120.47971,44.96519],[-120.47729,44.96634],[-120.47662,44.96794],[-120.47771,44.97228],[-120.48396,44.97303],[-120.48377,44.97543],[-120.4809,44.97868],[-120.47751,44.98037],[-120.47717,44.98188],[-120.47968,44.9851],[-120.47869,44.98854],[-120.48005,44.98976],[-120.48377,45.00011],[-120.48765,45.00235],[-120.48654,45.00615],[-120.48107,45.00852],[-120.48175,45.01105],[-120.47934,45.01735],[-120.48095,45.02115],[-120.48805,45.02595],[-120.48905,45.02795],[-120.48895,45.02915],[-120.48345,45.03415],[-120.48085,45.03845],[-120.48805,45.04315],[-120.48975,45.04715],[-120.48425,45.05265],[-120.48245,45.05585],[-120.48335,45.05695],[-120.48905,45.05815],[-120.49025,45.06295],[-120.49555,45.06355],[-120.49505,45.06705],[-120.49575,45.07005],[-120.49455,45.07465],[-120.50373,45.08348],[-120.72979,45.08373],[-120.73024,45.08571],[-120.72929,45.08687],[-120.72949,45.08877],[-120.72631,45.09117],[-120.72739,45.09302],[-120.72704,45.09568],[-120.72846,45.09733],[-120.72838,45.09847],[-120.72645,45.10042],[-120.7253,45.10362],[-120.72177,45.10635],[-120.71965,45.10691],[-120.7181,45.11106],[-120.71902,45.11462],[-120.71865,45.11963],[-120.72203,45.12176],[-120.72278,45.12485],[-120.72414,45.12609],[-120.72327,45.12837],[-120.72437,45.12958],[-120.72317,45.13052],[-120.731,45.13305],[-120.7332,45.13508],[-120.73805,45.13439],[-120.74434,45.13645],[-120.74927,45.14227],[-120.75128,45.14248],[-120.75306,45.14402],[-120.76154,45.14457],[-120.76185,45.14653],[-120.76099,45.14927],[-120.76428,45.15025],[-120.76599,45.15315],[-120.76897,45.1553],[-120.76938,45.15651],[-120.76781,45.15725],[-120.76728,45.15883],[-120.77004,45.16049],[-120.77121,45.16248],[-120.77614,45.16237],[-120.77875,45.16328],[-120.78111,45.16263],[-120.7848,45.16418],[-120.78948,45.16309],[-120.79071,45.1633],[-120.79188,45.16488],[-120.79622,45.16448],[-120.79774,45.16547],[-120.79951,45.16542],[-120.8026,45.16793],[-120.80482,45.1683],[-120.80752,45.16726],[-120.81034,45.17097],[-120.8141,45.17264],[-120.81749,45.17238],[-120.82114,45.17592],[-120.82389,45.17688],[-120.82801,45.17625],[-120.83104,45.17905],[-120.8339,45.17921],[-120.83707,45.181],[-120.83819,45.184],[-120.84019,45.1854],[-120.84672,45.18779],[-120.84956,45.19018],[-120.85189,45.18957],[-120.85503,45.19307],[-120.85698,45.19346],[-120.85827,45.19511],[-120.86379,45.19493],[-120.86989,45.19899],[-120.8741,45.19814],[-120.88046,45.1994],[-120.88275,45.20069],[-120.88535,45.19976],[-120.88967,45.20236],[-120.89344,45.20066],[-120.89653,45.20317],[-120.90034,45.20341],[-120.90681,45.20306],[-120.9079,45.20034],[-120.91964,45.19768],[-120.92122,45.19874],[-120.91826,45.20134],[-120.9191,45.20274],[-120.92853,45.19977],[-120.93008,45.20072],[-120.93039,45.20291],[-120.93122,45.20356],[-120.9348,45.20011],[-120.93852,45.20046],[-120.9404,45.19815],[-120.94214,45.19827],[-120.94429,45.20073],[-120.94694,45.20003],[-120.94882,45.20043],[-120.94971,45.202],[-120.95345,45.20145],[-120.95513,45.2004],[-120.95254,45.19913],[-120.95294,45.19659],[-120.95377,45.19623],[-120.96064,45.19703],[-120.96282,45.19837],[-120.96596,45.19821],[-120.96929,45.20006],[-120.97648,45.20049],[-120.9795,45.19871],[-120.98137,45.20008],[-120.9829,45.20007],[-120.98445,45.19779],[-120.98736,45.19892],[-120.9906,45.20426],[-120.99517,45.20351],[-120.99801,45.20837],[-121.00164,45.20903],[-121.00485,45.20822],[-121.00824,45.21124],[-121.01251,45.20906],[-121.01343,45.21014],[-121.01276,45.21213],[-121.01339,45.213],[-121.01525,45.21331],[-121.01782,45.21239],[-121.01927,45.21298],[-121.01933,45.21533],[-121.0177,45.21652],[-121.01787,45.21761],[-121.024,45.21845],[-121.02416,45.22006],[-121.02078,45.22281],[-121.02287,45.22345],[-121.02369,45.22522],[-121.0191,45.22781],[-121.02018,45.22968],[-121.02264,45.23054],[-121.02429,45.2322],[-121.02063,45.23557],[-121.02239,45.23633],[-121.02289,45.23776],[-121.02521,45.23856],[-121.0217,45.2455],[-121.02267,45.24664],[-121.02259,45.24984],[-121.02334,45.25139],[-121.02264,45.261],[-121.02403,45.26411],[-121.02119,45.26549],[-121.01892,45.26867],[-121.01947,45.27048],[-121.02362,45.27177],[-121.02488,45.27518],[-121.01743,45.28197],[-121.01777,45.28474],[-121.02002,45.28618],[-121.02842,45.28433],[-121.03044,45.28481],[-121.0312,45.28586],[-121.02437,45.28972],[-121.01981,45.29468],[-121.01848,45.29702],[-121.01859,45.3015],[-121.01743,45.30514],[-121.01569,45.30715],[-121.00746,45.31006],[-120.99767,45.30654],[-120.99297,45.30744],[-120.98947,45.31104],[-120.9855,45.32026],[-120.98098,45.32262],[-120.97309,45.32031],[-120.97259,45.31903],[-120.97387,45.31664],[-120.97438,45.31294],[-120.97218,45.30864],[-120.96958,45.30744],[-120.96367,45.30685],[-120.95817,45.30875],[-120.95647,45.31035],[-120.95417,45.31675],[-120.94607,45.32505],[-120.94647,45.33135],[-120.95537,45.33444],[-120.95367,45.33724],[-120.94947,45.33765],[-120.94637,45.33675],[-120.93847,45.33135],[-120.93377,45.33134],[-120.93237,45.33244],[-120.93217,45.33644],[-120.93427,45.33904],[-120.93957,45.34205],[-120.93963,45.34559],[-120.93897,45.34664],[-120.93417,45.34774],[-120.92367,45.34734],[-120.92177,45.34805],[-120.92047,45.34924],[-120.91977,45.35165],[-120.92037,45.35934],[-120.91867,45.36134],[-120.91437,45.36265],[-120.90467,45.36074],[-120.90107,45.3616],[-120.89937,45.36425],[-120.89977,45.37024],[-120.89817,45.37444],[-120.88907,45.38315],[-120.88344,45.38728],[-120.88231,45.3919],[-120.88106,45.39255],[-120.87834,45.39212],[-120.87248,45.38822],[-120.86857,45.38842],[-120.86696,45.38922],[-120.86576,45.39123],[-120.86586,45.39253],[-120.86824,45.39788],[-120.86857,45.40115],[-120.86607,45.40935],[-120.86647,45.41315],[-120.86157,45.42205],[-120.86287,45.42735],[-120.86209,45.42841],[-120.86007,45.42884],[-120.85487,45.42694],[-120.85227,45.42714],[-120.84987,45.42855],[-120.84937,45.43035],[-120.85047,45.43295],[-120.85897,45.43555],[-120.86397,45.43905],[-120.86537,45.44135],[-120.86577,45.44505],[-120.86227,45.44925],[-120.86097,45.45625],[-120.85837,45.46075],[-120.85557,45.46175],[-120.84687,45.46215],[-120.83797,45.46735],[-120.83567,45.46975],[-120.83557,45.47125],[-120.83917,45.47955],[-120.83917,45.48245],[-120.83817,45.48564],[-120.83338,45.49305],[-120.83318,45.49465],[-120.83888,45.50244],[-120.83618,45.50674],[-120.82601,45.51173],[-120.82553,45.51323],[-120.82639,45.51498],[-120.83877,45.51595],[-120.85367,45.52185],[-120.85607,45.52455],[-120.86407,45.52875],[-120.86884,45.52858],[-120.87489,45.52694],[-120.88266,45.52756],[-120.88432,45.52943],[-120.88478,45.53169],[-120.88498,45.53933],[-120.89026,45.54161],[-120.89634,45.54245],[-120.89807,45.54359],[-120.89936,45.54926],[-120.90846,45.55824],[-120.90938,45.56115],[-120.9082,45.5645],[-120.90621,45.56643],[-120.90567,45.57365],[-120.90482,45.57607],[-120.90245,45.57975],[-120.89567,45.58668],[-120.89514,45.58904],[-120.89945,45.59722],[-120.90928,45.60245],[-120.91197,45.60585],[-120.91128,45.60884],[-120.90438,45.61574],[-120.90398,45.61815],[-120.90598,45.62485],[-120.91428,45.63469],[-120.91585,45.6412],[-120.94402,45.65639],[-120.95312,45.65674],[-120.97782,45.6494],[-120.98349,45.64836],[-121.00737,45.6532],[-121.03382,45.65096],[-121.06446,45.65249],[-121.08493,45.64789],[-121.12011,45.62317],[-121.11718,45.6182],[-121.12241,45.61607],[-121.13183,45.60975],[-121.13939,45.61204],[-121.14558,45.60794],[-121.16785,45.6061],[-121.18368,45.60645],[-121.19646,45.61661],[-121.19518,45.62956],[-121.20035,45.64984],[-121.21577,45.67123],[-121.24896,45.67776],[-121.2873,45.68687],[-121.3123,45.69984],[-121.33771,45.70484],[-121.37257,45.70303],[-121.40174,45.69289],[-121.42396,45.69407],[-121.44123,45.69728],[-121.44105,45.6065],[-121.44172,45.59258],[-121.44063,45.56329],[-121.44065,45.51939],[-121.48217,45.5196]]]},"bbox":[-121.80567,44.82177,-120.37144,45.70484],"properties":{"divisionId":"county:41065","divisionType":"county","geoid":"41065","state":"OR","stateName":"Oregon","name":"Wasco County","shortName":"Wasco","label":"OR • Wasco","labelPoint":[-121.1650693,45.1645359],"countyAreaSqKm":6201.242,"cameraViewshedAreaSqKm":798.767,"cameraViewshedCoveragePct":12.88}},{"type":"Feature","id":"county:41067","geometry":{"type":"Polygon","coordinates":[[[-122.8683,45.60622],[-122.88796,45.60635],[-122.88784,45.62047],[-122.90899,45.62076],[-122.90908,45.63523],[-122.92913,45.63531],[-122.9289,45.73569],[-122.99037,45.73646],[-122.99034,45.75084],[-123.03184,45.75142],[-123.03087,45.77916],[-123.12208,45.78015],[-123.3213,45.78021],[-123.36162,45.77958],[-123.36103,45.7087],[-123.48473,45.70876],[-123.48512,45.67925],[-123.46436,45.67927],[-123.46409,45.66514],[-123.44375,45.66513],[-123.44385,45.65068],[-123.423,45.65062],[-123.42327,45.63618],[-123.38022,45.63575],[-123.38066,45.62198],[-123.3405,45.6222],[-123.34033,45.60746],[-123.29944,45.60725],[-123.29926,45.59302],[-123.32021,45.59298],[-123.32,45.57868],[-123.36113,45.57878],[-123.36115,45.5499],[-123.40205,45.55007],[-123.40215,45.53565],[-123.42193,45.53538],[-123.42197,45.52141],[-123.44272,45.52111],[-123.44074,45.50533],[-123.44112,45.49127],[-123.46118,45.49156],[-123.46196,45.46211],[-123.46388,45.44726],[-123.48544,45.44714],[-123.48608,45.4332],[-123.36077,45.43393],[-123.13543,45.43346],[-123.13511,45.41894],[-123.1147,45.41896],[-123.11464,45.40438],[-123.03216,45.40496],[-123.03236,45.39089],[-123.01128,45.39103],[-123.01165,45.37635],[-122.99139,45.37547],[-122.9914,45.3611],[-122.9703,45.36077],[-122.97023,45.34645],[-122.9088,45.34618],[-122.90887,45.31748],[-122.8465,45.31719],[-122.84624,45.34618],[-122.80555,45.34628],[-122.80547,45.33177],[-122.74374,45.33207],[-122.74386,45.51951],[-122.76446,45.51955],[-122.76441,45.53386],[-122.78486,45.53399],[-122.78477,45.5484],[-122.79511,45.54843],[-122.79414,45.5495],[-122.7923,45.54984],[-122.79582,45.55183],[-122.79606,45.55569],[-122.80543,45.55569],[-122.80548,45.56291],[-122.82619,45.56304],[-122.82634,45.57752],[-122.84698,45.57752],[-122.84685,45.59184],[-122.86759,45.59188],[-122.86749,45.60623],[-122.8683,45.60622]]]},"bbox":[-123.48608,45.31719,-122.74374,45.78021],"properties":{"divisionId":"county:41067","divisionType":"county","geoid":"41067","state":"OR","stateName":"Oregon","name":"Washington County","shortName":"Washington","label":"OR • Washington","labelPoint":[-123.0976146,45.5535419],"countyAreaSqKm":1882.467,"cameraViewshedAreaSqKm":545.303,"cameraViewshedCoveragePct":28.97}},{"type":"Feature","id":"county:41069","geometry":{"type":"Polygon","coordinates":[[[-120.49565,45.06435],[-120.49475,45.06305],[-120.49025,45.06295],[-120.48905,45.05815],[-120.48335,45.05695],[-120.48245,45.05585],[-120.48425,45.05265],[-120.48975,45.04715],[-120.48805,45.04315],[-120.48085,45.03845],[-120.48345,45.03415],[-120.48895,45.02915],[-120.48905,45.02795],[-120.48805,45.02595],[-120.48095,45.02115],[-120.47934,45.01735],[-120.48175,45.01105],[-120.48107,45.00852],[-120.48654,45.00615],[-120.48765,45.00235],[-120.48377,45.00011],[-120.48005,44.98976],[-120.47869,44.98854],[-120.47968,44.9851],[-120.47717,44.98188],[-120.47751,44.98037],[-120.48171,44.97799],[-120.48377,44.97543],[-120.48415,44.97372],[-120.48367,44.97285],[-120.47929,44.97294],[-120.47771,44.97228],[-120.47677,44.97009],[-120.47678,44.96746],[-120.4789,44.96554],[-120.48202,44.96519],[-120.48559,44.96335],[-120.48598,44.96168],[-120.48492,44.95969],[-120.48489,44.95678],[-120.48657,44.95577],[-120.48758,44.95297],[-120.48912,44.95216],[-120.48913,44.9513],[-120.47979,44.94801],[-120.47965,44.94677],[-120.48168,44.94551],[-120.48029,44.94314],[-120.47735,44.94134],[-120.47552,44.93806],[-120.47288,44.93546],[-120.4749,44.93334],[-120.47669,44.93284],[-120.47711,44.93097],[-120.47662,44.92949],[-120.47278,44.92737],[-120.47049,44.9245],[-120.47013,44.92213],[-120.47138,44.91845],[-120.47107,44.91691],[-120.46871,44.91385],[-120.47414,44.90966],[-120.4739,44.9085],[-120.46623,44.90724],[-120.4606,44.90387],[-120.45826,44.90374],[-120.4563,44.90452],[-120.45349,44.90832],[-120.45099,44.90866],[-120.44255,44.90268],[-120.43862,44.89851],[-120.43614,44.89406],[-120.43878,44.88801],[-120.44055,44.8867],[-120.44599,44.88478],[-120.45126,44.88421],[-120.45852,44.88157],[-120.46035,44.87611],[-120.45959,44.87428],[-120.4562,44.87387],[-120.45471,44.87261],[-120.45416,44.86967],[-120.4552,44.86561],[-120.44575,44.86306],[-120.44309,44.86385],[-120.43956,44.86361],[-120.43628,44.86232],[-120.43347,44.85675],[-120.42755,44.85369],[-120.41846,44.85376],[-120.413,44.85249],[-120.41223,44.85167],[-120.41006,44.84038],[-120.40521,44.83909],[-120.40528,44.83415],[-120.40159,44.83084],[-120.39728,44.82938],[-120.38709,44.82926],[-120.37869,44.82688],[-120.3714,44.82177],[-120.37321,44.82014],[-120.37905,44.81936],[-120.38066,44.81829],[-120.37706,44.81483],[-120.37767,44.81212],[-120.38353,44.8119],[-120.38648,44.81037],[-120.38513,44.80932],[-120.38502,44.8071],[-120.38081,44.80735],[-120.37891,44.80588],[-120.38138,44.80072],[-120.38588,44.79847],[-120.38592,44.79756],[-120.38459,44.79675],[-120.39199,44.79594],[-120.39317,44.79701],[-120.39408,44.8035],[-120.39587,44.80397],[-120.39798,44.80275],[-120.39923,44.79984],[-120.40414,44.79544],[-120.40478,44.79324],[-120.39467,44.78604],[-120.39466,44.78288],[-120.39798,44.78073],[-120.39924,44.77793],[-120.38778,44.76987],[-120.38812,44.76323],[-120.38764,44.76198],[-120.38569,44.76117],[-120.3864,44.6505],[-120.38577,44.57861],[-120.38656,44.56401],[-120.38719,44.47662],[-120.38578,44.47662],[-120.38607,44.43608],[-120.3452,44.43739],[-120.18197,44.43836],[-120.14336,44.43775],[-120.02162,44.43879],[-120.02071,44.38969],[-119.99089,44.38888],[-119.89928,44.38957],[-119.8998,44.33638],[-119.899,44.30662],[-119.8174,44.30758],[-119.65552,44.30705],[-119.65511,44.38921],[-119.6537,44.38917],[-119.65341,44.43318],[-119.65405,44.47668],[-119.65354,44.69596],[-119.65325,44.79769],[-119.65243,44.8233],[-119.67153,44.82334],[-119.67223,44.99512],[-119.79116,44.99476],[-119.7907,45.06782],[-119.91054,45.06793],[-119.91054,45.06693],[-119.94554,45.06594],[-120.02878,45.06522],[-120.12866,45.06545],[-120.13193,45.06735],[-120.48331,45.06844],[-120.49516,45.06828],[-120.49565,45.06435]]]},"bbox":[-120.49565,44.30662,-119.65243,45.06844],"properties":{"divisionId":"county:41069","divisionType":"county","geoid":"41069","state":"OR","stateName":"Oregon","name":"Wheeler County","shortName":"Wheeler","label":"OR • Wheeler","labelPoint":[-120.0268608,44.7364146],"countyAreaSqKm":4445.885,"cameraViewshedAreaSqKm":0.0,"cameraViewshedCoveragePct":0.0}},{"type":"Feature","id":"county:41071","geometry":{"type":"Polygon","coordinates":[[[-122.99981,45.26085],[-122.99459,45.26582],[-122.9778,45.27274],[-122.97507,45.27601],[-122.97486,45.27944],[-122.97392,45.28107],[-122.96993,45.28413],[-122.96634,45.28521],[-122.96342,45.28465],[-122.96003,45.28195],[-122.95307,45.27157],[-122.94969,45.26826],[-122.94566,45.26746],[-122.92822,45.26864],[-122.91876,45.26799],[-122.91262,45.2662],[-122.90422,45.25943],[-122.89953,45.25672],[-122.89162,45.25819],[-122.87914,45.25443],[-122.86352,45.25308],[-122.85882,45.25472],[-122.84993,45.2597],[-122.86807,45.25969],[-122.86789,45.31734],[-122.90887,45.31748],[-122.9088,45.34618],[-122.97023,45.34645],[-122.9703,45.36077],[-122.9914,45.3611],[-122.99139,45.37547],[-123.01165,45.37635],[-123.01128,45.39103],[-123.03236,45.39089],[-123.03216,45.40496],[-123.11464,45.40438],[-123.1147,45.41896],[-123.13511,45.41894],[-123.13543,45.43346],[-123.36077,45.43393],[-123.46488,45.43333],[-123.46573,45.41739],[-123.46232,45.33849],[-123.46352,45.21631],[-123.62403,45.21712],[-123.6857,45.21625],[-123.78454,45.21629],[-123.78421,45.17338],[-123.78557,45.15971],[-123.78416,45.14469],[-123.78422,45.07665],[-123.57656,45.07598],[-123.52019,45.07506],[-123.32178,45.07553],[-123.06827,45.07486],[-123.06839,45.07793],[-123.06556,45.08057],[-123.06085,45.08335],[-123.0529,45.08594],[-123.04612,45.0892],[-123.04082,45.09468],[-123.03584,45.09787],[-123.02873,45.10038],[-123.01812,45.10096],[-123.01457,45.10197],[-123.0091,45.10627],[-123.00556,45.11109],[-122.99904,45.11469],[-122.99652,45.1174],[-122.99678,45.11902],[-122.99853,45.12109],[-123.00961,45.12886],[-123.01446,45.13635],[-123.02814,45.14131],[-123.03044,45.14331],[-123.03264,45.14692],[-123.03329,45.15082],[-123.03285,45.15498],[-123.03088,45.15867],[-123.02768,45.16162],[-123.02302,45.1629],[-123.01919,45.16299],[-123.01019,45.15978],[-123.00735,45.1595],[-123.00357,45.16132],[-123.00073,45.16452],[-123.00159,45.16714],[-123.01171,45.17342],[-123.01521,45.17669],[-123.01901,45.18977],[-123.01878,45.19584],[-123.01971,45.19866],[-123.0225,45.20127],[-123.02645,45.2022],[-123.03701,45.19936],[-123.04359,45.19936],[-123.04578,45.20087],[-123.04688,45.20452],[-123.05028,45.20803],[-123.05114,45.21068],[-123.04828,45.21545],[-123.04063,45.22119],[-123.03778,45.2225],[-123.02513,45.22322],[-123.00387,45.22217],[-122.99945,45.22389],[-122.99622,45.2307],[-122.99537,45.23662],[-122.99898,45.24273],[-123.00135,45.25358],[-123.0015,45.25728],[-122.99981,45.26085]]]},"bbox":[-123.78557,45.07486,-122.84993,45.43393],"properties":{"divisionId":"county:41071","divisionType":"county","geoid":"41071","state":"OR","stateName":"Oregon","name":"Yamhill County","shortName":"Yamhill","label":"OR • Yamhill","labelPoint":[-123.3163993,45.2478274],"countyAreaSqKm":1860.416,"cameraViewshedAreaSqKm":7.801,"cameraViewshedCoveragePct":0.42}},{"type":"Feature","id":"county:53001","geometry":{"type":"Polygon","coordinates":[[[-119.36951,46.78115],[-119.36943,46.73769],[-119.24388,46.73829],[-119.09131,46.73785],[-118.98436,46.73652],[-118.77232,46.73539],[-118.48426,46.73681],[-118.35888,46.73662],[-118.28242,46.73863],[-118.21024,46.73883],[-118.20524,46.73986],[-118.19932,46.74687],[-118.19306,46.75049],[-118.18992,46.75147],[-118.18505,46.74829],[-118.18207,46.7473],[-118.16218,46.74673],[-118.15505,46.75338],[-118.1566,46.75597],[-118.15602,46.75947],[-118.14895,46.7585],[-118.14483,46.76019],[-118.13508,46.76012],[-118.1261,46.76139],[-118.11747,46.76465],[-118.11644,46.7662],[-118.11182,46.76871],[-118.10961,46.77221],[-118.1058,46.77348],[-118.10213,46.77247],[-118.10041,46.7728],[-118.09518,46.77907],[-118.09245,46.77763],[-118.08556,46.7766],[-118.08329,46.77508],[-118.07341,46.7764],[-118.07237,46.77572],[-118.07253,46.77372],[-118.07031,46.77245],[-118.04659,46.76835],[-118.04187,46.77116],[-118.0412,46.77638],[-118.03625,46.78482],[-118.02949,46.78667],[-118.02693,46.78818],[-118.02423,46.7868],[-118.02098,46.78296],[-118.01763,46.78368],[-118.01493,46.78578],[-118.0146,46.78907],[-118.01244,46.79078],[-118.01322,46.79257],[-118.01566,46.7938],[-118.01704,46.79601],[-118.01791,46.79912],[-118.01637,46.80414],[-118.01988,46.81215],[-118.01964,46.81417],[-118.01824,46.81539],[-118.01157,46.81481],[-118.0076,46.81712],[-118.00559,46.81932],[-118.00108,46.82057],[-117.99752,46.82254],[-117.99905,46.82517],[-117.99861,46.8269],[-117.99692,46.82973],[-117.99205,46.83242],[-117.99369,46.83524],[-117.99171,46.83673],[-117.99169,46.83758],[-118.00339,46.83881],[-118.00506,46.84359],[-118.00406,46.84561],[-118.00471,46.8479],[-117.99933,46.84986],[-117.99318,46.85336],[-117.98886,46.85733],[-117.98804,46.86143],[-117.98711,46.86203],[-117.97664,46.86329],[-117.97091,46.86722],[-117.96925,46.89797],[-117.9671,46.91483],[-117.95933,46.91481],[-117.96027,47.23583],[-117.96093,47.26057],[-118.04648,47.26001],[-118.1502,47.26118],[-118.83613,47.26095],[-118.97978,47.26171],[-118.98265,46.91134],[-119.36866,46.91256],[-119.36951,46.78115]]]},"bbox":[-119.36951,46.73539,-117.95933,47.26171],"properties":{"divisionId":"county:53001","divisionType":"county","geoid":"53001","state":"WA","stateName":"Washington","name":"Adams County","shortName":"Adams","label":"WA • Adams","labelPoint":[-118.4879651,47.0202205],"countyAreaSqKm":5000.169,"cameraViewshedAreaSqKm":0.0,"cameraViewshedCoveragePct":0.0}},{"type":"Feature","id":"county:53003","geometry":{"type":"Polygon","coordinates":[[[-117.42077,46.33866],[-117.42075,46.29416],[-117.41956,46.29416],[-117.41943,46.27929],[-117.41948,46.12196],[-117.47999,46.12199],[-117.47993,45.9978],[-117.4058,45.99848],[-117.35401,45.99656],[-117.33791,45.99857],[-117.16299,45.99808],[-116.98423,45.99677],[-116.91607,45.99536],[-116.91925,45.99939],[-116.91866,46.00262],[-116.92009,46.00619],[-116.92226,46.01724],[-116.92412,46.01937],[-116.92759,46.0204],[-116.92994,46.02365],[-116.93069,46.03006],[-116.92966,46.03496],[-116.93163,46.03963],[-116.93525,46.04321],[-116.93844,46.04435],[-116.94229,46.05097],[-116.94345,46.05516],[-116.94279,46.06112],[-116.94929,46.06841],[-116.95787,46.07546],[-116.9604,46.07629],[-116.96324,46.07575],[-116.96711,46.07621],[-116.97843,46.07973],[-116.98195,46.08485],[-116.98259,46.09008],[-116.98146,46.09361],[-116.97807,46.09631],[-116.97404,46.09766],[-116.96032,46.09886],[-116.95542,46.10186],[-116.95402,46.10718],[-116.95134,46.11089],[-116.95112,46.11863],[-116.94961,46.12107],[-116.95037,46.12337],[-116.94985,46.12449],[-116.94382,46.1287],[-116.94056,46.13265],[-116.93473,46.13729],[-116.93409,46.13904],[-116.93562,46.1424],[-116.93585,46.14527],[-116.93499,46.15353],[-116.93019,46.15718],[-116.92316,46.16036],[-116.92135,46.16451],[-116.92234,46.16877],[-116.92377,46.17075],[-116.92747,46.17329],[-116.93273,46.17324],[-116.93596,46.17523],[-116.93984,46.17974],[-116.93984,46.18188],[-116.94143,46.18468],[-116.9445,46.18643],[-116.94963,46.19168],[-116.9623,46.19934],[-116.96538,46.20312],[-116.96662,46.20735],[-116.96631,46.20919],[-116.95737,46.22356],[-116.95548,46.23098],[-116.95743,46.23413],[-116.95774,46.2392],[-116.95924,46.24317],[-116.96302,46.24901],[-116.96447,46.25376],[-116.9678,46.25847],[-116.97481,46.2655],[-116.98656,46.27237],[-116.9912,46.27696],[-116.99087,46.28086],[-116.98503,46.29033],[-116.9848,46.29309],[-116.98679,46.2967],[-116.98965,46.2995],[-116.99555,46.30227],[-117.00738,46.30524],[-117.02058,46.31479],[-117.02307,46.31986],[-117.02292,46.33463],[-117.027,46.3383],[-117.03348,46.34124],[-117.04809,46.34277],[-117.0537,46.34458],[-117.05987,46.34792],[-117.06252,46.35253],[-117.06278,46.36518],[-117.05927,46.37],[-117.04823,46.37768],[-117.04689,46.37962],[-117.04215,46.39126],[-117.0419,46.39492],[-117.03951,46.40041],[-117.03857,46.40548],[-117.03645,46.40779],[-117.0354,46.41033],[-117.03488,46.41888],[-117.03701,46.42327],[-117.03977,46.42589],[-117.04832,46.42915],[-117.05292,46.43001],[-117.05791,46.42973],[-117.06754,46.42699],[-117.08615,46.41735],[-117.08946,46.41678],[-117.09622,46.41771],[-117.10182,46.4198],[-117.11703,46.42112],[-117.13609,46.42824],[-117.14446,46.43022],[-117.15159,46.43056],[-117.16167,46.42849],[-117.18298,46.42135],[-117.19986,46.42018],[-117.21071,46.42479],[-117.21356,46.42772],[-117.21449,46.43037],[-117.21451,46.43224],[-117.21289,46.43602],[-117.2087,46.44315],[-117.20609,46.44605],[-117.20579,46.44749],[-117.20653,46.44887],[-117.21542,46.45718],[-117.22173,46.4603],[-117.22812,46.46224],[-117.2288,46.41131],[-117.35598,46.41219],[-117.35576,46.39765],[-117.39843,46.398],[-117.39834,46.38346],[-117.41933,46.38314],[-117.42077,46.33866]]]},"bbox":[-117.47999,45.99536,-116.91607,46.46224],"properties":{"divisionId":"county:53003","divisionType":"county","geoid":"53003","state":"WA","stateName":"Washington","name":"Asotin County","shortName":"Asotin","label":"WA • Asotin","labelPoint":[-117.2277813,46.1818612],"countyAreaSqKm":1659.106,"cameraViewshedAreaSqKm":0.0,"cameraViewshedCoveragePct":0.0}},{"type":"Feature","id":"county:53005","geometry":{"type":"Polygon","coordinates":[[[-119.80052,46.63055],[-119.82243,46.62608],[-119.83478,46.6255],[-119.86671,46.62662],[-119.87434,46.62837],[-119.87508,46.57728],[-119.87673,46.56273],[-119.87422,46.56276],[-119.87453,46.48932],[-119.87283,46.36101],[-119.87366,46.30956],[-119.87356,46.21461],[-119.86654,46.21458],[-119.86559,46.12715],[-119.86583,46.04086],[-119.86719,46.02578],[-119.86767,45.84417],[-119.86831,45.8362],[-119.84934,45.84018],[-119.80271,45.84763],[-119.77285,45.84573],[-119.66997,45.85691],[-119.62363,45.9056],[-119.60066,45.91951],[-119.5716,45.92548],[-119.52452,45.90857],[-119.48808,45.90636],[-119.4504,45.91738],[-119.3645,45.92155],[-119.32257,45.93307],[-119.28606,45.93742],[-119.25707,45.93987],[-119.22563,45.9328],[-119.19552,45.9279],[-119.16919,45.9277],[-119.12632,45.93278],[-119.09329,45.94272],[-119.0615,45.95854],[-119.02721,45.96911],[-119.00865,45.97922],[-118.98726,45.99985],[-118.9617,46.01933],[-118.94166,46.02698],[-118.94121,46.03002],[-118.9441,46.03863],[-118.94705,46.04363],[-118.94774,46.04754],[-118.94719,46.05144],[-118.94195,46.06533],[-118.94231,46.07442],[-118.94735,46.08429],[-118.95807,46.09894],[-118.96259,46.10787],[-118.96866,46.11715],[-118.96887,46.11947],[-118.96711,46.1228],[-118.96659,46.12564],[-118.96805,46.13083],[-118.98104,46.14655],[-118.98615,46.15049],[-118.99676,46.16099],[-119.00806,46.16986],[-119.0153,46.17705],[-119.02791,46.18532],[-119.04832,46.19651],[-119.08952,46.21113],[-119.1012,46.21712],[-119.11324,46.22156],[-119.12604,46.22455],[-119.13937,46.22625],[-119.168,46.22741],[-119.18713,46.2328],[-119.19884,46.23427],[-119.20502,46.23594],[-119.21045,46.23893],[-119.23823,46.26208],[-119.24704,46.26636],[-119.25998,46.26935],[-119.26585,46.27399],[-119.2676,46.27775],[-119.26662,46.28658],[-119.26374,46.29217],[-119.25723,46.29961],[-119.25249,46.30704],[-119.2502,46.315],[-119.2529,46.33132],[-119.25632,46.34382],[-119.25827,46.34734],[-119.26381,46.35275],[-119.26954,46.37131],[-119.26945,46.37423],[-119.26644,46.37856],[-119.26541,46.38312],[-119.26499,46.39225],[-119.26686,46.40159],[-119.2667,46.40444],[-119.26548,46.41019],[-119.26331,46.41455],[-119.25907,46.43475],[-119.26182,46.44289],[-119.26333,46.45213],[-119.26108,46.46756],[-119.26406,46.47985],[-119.26319,46.4817],[-119.25934,46.48522],[-119.25843,46.48946],[-119.25985,46.49655],[-119.26904,46.51917],[-119.27139,46.52235],[-119.27628,46.52598],[-119.30458,46.53887],[-119.31592,46.55317],[-119.32673,46.56325],[-119.33123,46.56603],[-119.3485,46.57219],[-119.36208,46.57908],[-119.36736,46.58266],[-119.37904,46.59384],[-119.40029,46.61042],[-119.40467,46.61494],[-119.40682,46.61968],[-119.40812,46.62856],[-119.40712,46.63786],[-119.40741,46.64247],[-119.40878,46.64688],[-119.41282,46.65239],[-119.41877,46.65657],[-119.43326,46.66052],[-119.44293,46.66425],[-119.45677,46.67166],[-119.45746,46.6731],[-119.45729,46.67565],[-119.45092,46.68149],[-119.44973,46.68478],[-119.45054,46.68727],[-119.45229,46.6892],[-119.46209,46.69497],[-119.46959,46.70059],[-119.48148,46.71066],[-119.48711,46.71681],[-119.50112,46.72471],[-119.50502,46.72616],[-119.51139,46.72769],[-119.51658,46.72764],[-119.51846,46.72678],[-119.52613,46.72116],[-119.5293,46.71792],[-119.53468,46.70964],[-119.53947,46.70671],[-119.56243,46.68812],[-119.58168,46.66991],[-119.60114,46.65731],[-119.61848,46.64758],[-119.62771,46.644],[-119.6478,46.64035],[-119.65704,46.64016],[-119.66893,46.6423],[-119.68112,46.6465],[-119.69423,46.64844],[-119.71106,46.64882],[-119.72045,46.64707],[-119.74297,46.63794],[-119.75097,46.63566],[-119.7636,46.63532],[-119.78124,46.63358],[-119.80052,46.63055]]]},"bbox":[-119.87673,45.8362,-118.94121,46.72769],"properties":{"divisionId":"county:53005","divisionType":"county","geoid":"53005","state":"WA","stateName":"Washington","name":"Benton County","shortName":"Benton","label":"WA • Benton","labelPoint":[-119.5166594,46.2281252],"countyAreaSqKm":4557.665,"cameraViewshedAreaSqKm":52.651,"cameraViewshedCoveragePct":1.16}},{"type":"Feature","id":"county:53007","geometry":{"type":"Polygon","coordinates":[[[-120.06632,47.96637],[-120.07009,47.96837],[-120.07011,47.97014],[-120.06305,47.97881],[-120.06378,47.98147],[-120.06836,47.98329],[-120.08105,47.99303],[-120.07986,47.9967],[-120.08006,47.99859],[-120.07807,47.99978],[-120.0801,48.00372],[-120.08243,48.00489],[-120.08183,48.00622],[-120.08283,48.01067],[-120.08712,48.01345],[-120.09018,48.01801],[-120.09538,48.02067],[-120.10226,48.0214],[-120.11945,48.02701],[-120.12179,48.03218],[-120.1344,48.03328],[-120.14639,48.03734],[-120.14715,48.04124],[-120.14674,48.04277],[-120.15011,48.0445],[-120.15011,48.04651],[-120.14719,48.04896],[-120.14901,48.05223],[-120.14736,48.05313],[-120.13976,48.0542],[-120.135,48.05244],[-120.13167,48.05459],[-120.13284,48.05722],[-120.1415,48.06158],[-120.14342,48.06523],[-120.1466,48.06545],[-120.14874,48.06469],[-120.15002,48.06613],[-120.15575,48.0657],[-120.1589,48.06906],[-120.1638,48.06805],[-120.16685,48.06954],[-120.17026,48.06971],[-120.183,48.07387],[-120.18416,48.07714],[-120.18647,48.07842],[-120.19709,48.07688],[-120.2029,48.07716],[-120.21306,48.07904],[-120.2163,48.08126],[-120.21889,48.08451],[-120.22369,48.0839],[-120.2292,48.08856],[-120.23475,48.08866],[-120.23574,48.0939],[-120.24147,48.0971],[-120.24447,48.10102],[-120.25069,48.10318],[-120.25221,48.1051],[-120.25569,48.10661],[-120.2587,48.11054],[-120.26581,48.11077],[-120.26814,48.1133],[-120.27221,48.11557],[-120.27347,48.11877],[-120.2786,48.12147],[-120.2801,48.12345],[-120.28539,48.12385],[-120.28825,48.12511],[-120.29104,48.12958],[-120.29861,48.12973],[-120.30129,48.12723],[-120.30962,48.12699],[-120.3167,48.12446],[-120.31961,48.12442],[-120.32696,48.12904],[-120.32633,48.13181],[-120.32884,48.13336],[-120.33382,48.13884],[-120.3416,48.14294],[-120.34858,48.14428],[-120.35256,48.14832],[-120.35349,48.15114],[-120.35326,48.15395],[-120.35429,48.15535],[-120.36129,48.15757],[-120.36226,48.16475],[-120.361,48.17251],[-120.35672,48.17614],[-120.35692,48.17955],[-120.35561,48.18324],[-120.35318,48.18495],[-120.3519,48.18727],[-120.35078,48.1932],[-120.34719,48.19771],[-120.34628,48.19999],[-120.34792,48.20521],[-120.35421,48.21338],[-120.35397,48.21692],[-120.35554,48.21842],[-120.3574,48.21942],[-120.36007,48.21959],[-120.36225,48.21867],[-120.37349,48.2178],[-120.37869,48.2183],[-120.3829,48.21985],[-120.38428,48.22094],[-120.38655,48.2253],[-120.39006,48.22622],[-120.39141,48.2288],[-120.38495,48.23317],[-120.38691,48.23805],[-120.39229,48.24269],[-120.40372,48.24474],[-120.41225,48.24827],[-120.42314,48.25009],[-120.42894,48.25297],[-120.42972,48.25492],[-120.43877,48.25802],[-120.4427,48.2602],[-120.44621,48.25994],[-120.45115,48.26098],[-120.46136,48.26651],[-120.46556,48.26701],[-120.46912,48.26898],[-120.46772,48.27059],[-120.46316,48.27254],[-120.46449,48.2749],[-120.47635,48.27836],[-120.48234,48.28401],[-120.48862,48.2874],[-120.49427,48.29282],[-120.49883,48.29507],[-120.50397,48.30238],[-120.50821,48.31034],[-120.51029,48.3113],[-120.51521,48.31221],[-120.5191,48.31135],[-120.52731,48.3066],[-120.5472,48.30671],[-120.55288,48.31119],[-120.55694,48.31239],[-120.56052,48.31568],[-120.56525,48.31759],[-120.58317,48.31913],[-120.58682,48.32032],[-120.58848,48.32348],[-120.58466,48.32631],[-120.58398,48.32777],[-120.58599,48.33681],[-120.58567,48.33918],[-120.58398,48.34161],[-120.57872,48.34422],[-120.57745,48.34613],[-120.56972,48.34888],[-120.56691,48.35746],[-120.56178,48.35923],[-120.56021,48.36105],[-120.56227,48.36449],[-120.56319,48.37085],[-120.56635,48.37284],[-120.56733,48.37552],[-120.58422,48.38004],[-120.58871,48.38423],[-120.59951,48.3857],[-120.60417,48.3885],[-120.61046,48.39431],[-120.6211,48.39877],[-120.62521,48.39759],[-120.64006,48.39708],[-120.64993,48.39814],[-120.64991,48.39928],[-120.64503,48.4061],[-120.64111,48.40854],[-120.64165,48.41112],[-120.64778,48.41242],[-120.65025,48.41479],[-120.65197,48.42333],[-120.65474,48.42691],[-120.65523,48.43009],[-120.65152,48.43232],[-120.6509,48.43472],[-120.65278,48.43795],[-120.65898,48.44144],[-120.66288,48.44263],[-120.66661,48.44611],[-120.66882,48.44973],[-120.66659,48.45145],[-120.65477,48.45318],[-120.65083,48.46073],[-120.64101,48.46662],[-120.63241,48.46877],[-120.63347,48.47081],[-120.63787,48.47352],[-120.6426,48.47435],[-120.65135,48.4777],[-120.65354,48.48078],[-120.65324,48.48523],[-120.65133,48.48554],[-120.64896,48.48957],[-120.64163,48.49256],[-120.63975,48.49552],[-120.63848,48.49631],[-120.63,48.49567],[-120.62841,48.4969],[-120.63001,48.4995],[-120.6406,48.50237],[-120.64768,48.50522],[-120.6572,48.50731],[-120.65726,48.50888],[-120.65575,48.51175],[-120.65783,48.51556],[-120.65662,48.51742],[-120.65664,48.5211],[-120.65576,48.52259],[-120.64901,48.52692],[-120.64899,48.53284],[-120.65077,48.53446],[-120.65131,48.53622],[-120.65228,48.53694],[-120.656,48.5371],[-120.65705,48.53566],[-120.66896,48.53286],[-120.67309,48.53273],[-120.67748,48.53096],[-120.68762,48.53053],[-120.69139,48.53211],[-120.69591,48.53252],[-120.70181,48.5317],[-120.70359,48.53033],[-120.70305,48.5278],[-120.70356,48.5264],[-120.70534,48.52619],[-120.70948,48.52334],[-120.71835,48.52273],[-120.73087,48.51786],[-120.74184,48.51811],[-120.74655,48.5174],[-120.75021,48.51554],[-120.75191,48.5129],[-120.76563,48.50887],[-120.78793,48.5071],[-120.80183,48.51045],[-120.81679,48.5196],[-120.8176,48.52215],[-120.80931,48.52863],[-120.8104,48.53058],[-120.81636,48.53522],[-120.81705,48.53774],[-120.82434,48.54021],[-120.82649,48.54199],[-120.82395,48.54503],[-120.82637,48.54652],[-120.8371,48.54916],[-120.83864,48.55084],[-120.84227,48.55009],[-120.84466,48.55055],[-120.8509,48.54842],[-120.85386,48.54907],[-120.85872,48.54664],[-120.86073,48.54421],[-120.86087,48.54206],[-120.85772,48.53741],[-120.85794,48.53567],[-120.86146,48.53353],[-120.86195,48.53088],[-120.86321,48.53007],[-120.87183,48.53105],[-120.87673,48.5355],[-120.8854,48.53819],[-120.88998,48.53592],[-120.89432,48.53588],[-120.8981,48.5328],[-120.89968,48.53258],[-120.90211,48.53378],[-120.90396,48.5334],[-120.90429,48.53012],[-120.90258,48.52727],[-120.90313,48.52476],[-120.9046,48.52365],[-120.92275,48.52521],[-120.93842,48.52989],[-120.9505,48.52958],[-120.95084,48.52645],[-120.95429,48.52237],[-120.95222,48.51812],[-120.95039,48.51634],[-120.95058,48.51196],[-120.94894,48.51022],[-120.94947,48.50613],[-120.94887,48.50511],[-120.95107,48.49964],[-120.95283,48.49898],[-120.9572,48.50044],[-120.96455,48.49858],[-120.96883,48.50011],[-120.97425,48.49995],[-120.97469,48.49929],[-120.97694,48.50007],[-120.97853,48.49908],[-120.9824,48.4995],[-120.98523,48.4978],[-120.99158,48.49937],[-120.99714,48.49704],[-120.99811,48.49504],[-121.00109,48.4942],[-121.01559,48.49431],[-121.02363,48.49544],[-121.03623,48.4953],[-121.03908,48.49189],[-121.04257,48.49058],[-121.04971,48.4854],[-121.05653,48.47637],[-121.05675,48.47141],[-121.06004,48.46719],[-121.06056,48.46267],[-121.06323,48.45979],[-121.06126,48.45821],[-121.06002,48.45337],[-121.05615,48.45157],[-121.05554,48.45018],[-121.04896,48.44744],[-121.04507,48.44794],[-121.04099,48.44574],[-121.04067,48.44287],[-121.03827,48.43808],[-121.03882,48.43533],[-121.03713,48.43303],[-121.03797,48.43185],[-121.04253,48.43059],[-121.04375,48.4237],[-121.04625,48.41889],[-121.04159,48.41127],[-121.04704,48.41045],[-121.05392,48.41255],[-121.05646,48.41214],[-121.05705,48.41064],[-121.06199,48.40602],[-121.06228,48.40163],[-121.06502,48.39925],[-121.06472,48.39645],[-121.06643,48.39354],[-121.06576,48.39179],[-121.05987,48.38786],[-121.05896,48.3857],[-121.05882,48.3824],[-121.06177,48.37936],[-121.05287,48.3739],[-121.04916,48.37026],[-121.04673,48.36636],[-121.04307,48.36343],[-121.04084,48.35641],[-121.04233,48.35372],[-121.0419,48.35086],[-121.04068,48.35011],[-121.04051,48.34847],[-121.04303,48.34573],[-121.05336,48.34495],[-121.05779,48.34639],[-121.06069,48.34648],[-121.06394,48.34358],[-121.06535,48.33845],[-121.0695,48.33896],[-121.06992,48.33389],[-121.07111,48.33232],[-121.07005,48.33041],[-121.06721,48.32995],[-121.06592,48.32806],[-121.06579,48.32627],[-121.06852,48.32311],[-121.06887,48.31998],[-121.07159,48.3178],[-121.06721,48.31513],[-121.0604,48.31648],[-121.05804,48.31617],[-121.04573,48.3089],[-121.04091,48.3096],[-121.03668,48.31155],[-121.03462,48.31148],[-121.02889,48.30762],[-121.02936,48.30605],[-121.02853,48.30388],[-121.02652,48.30248],[-121.02078,48.30283],[-121.01777,48.30158],[-121.00312,48.29897],[-121.00271,48.29695],[-121.00068,48.29448],[-121.00065,48.29053],[-121.00298,48.28689],[-121.0025,48.28626],[-121.01155,48.2835],[-121.01209,48.27991],[-121.01126,48.27819],[-121.00611,48.2743],[-121.00449,48.2739],[-121.0057,48.27221],[-121.00466,48.27116],[-121.00564,48.27008],[-120.99992,48.26294],[-120.99514,48.26039],[-120.99041,48.25563],[-120.98249,48.25134],[-120.98124,48.24666],[-120.97436,48.23876],[-120.97314,48.2353],[-120.96501,48.23065],[-120.96273,48.23017],[-120.95985,48.22777],[-120.96208,48.225],[-120.96186,48.22372],[-120.96359,48.22009],[-120.96575,48.21779],[-120.96477,48.21133],[-120.96094,48.2099],[-120.95873,48.2103],[-120.95231,48.20911],[-120.94703,48.20105],[-120.93532,48.19827],[-120.93266,48.19714],[-120.92554,48.19178],[-120.92132,48.19153],[-120.91927,48.19039],[-120.92059,48.18731],[-120.91736,48.17975],[-120.91054,48.17359],[-120.90982,48.17015],[-120.9074,48.16563],[-120.90742,48.16318],[-120.91276,48.16174],[-120.91524,48.15968],[-120.93194,48.16162],[-120.93425,48.1595],[-120.93322,48.15677],[-120.93827,48.15507],[-120.94842,48.15503],[-120.95557,48.15198],[-120.95524,48.14844],[-120.95595,48.1477],[-120.96442,48.14298],[-120.96562,48.14033],[-120.96375,48.13545],[-120.96522,48.13396],[-120.96313,48.13141],[-120.95828,48.1292],[-120.95572,48.12521],[-120.95673,48.12264],[-120.95539,48.12026],[-120.95344,48.11901],[-120.95263,48.11722],[-120.94631,48.11518],[-120.9471,48.11333],[-120.94876,48.11209],[-120.95295,48.11128],[-120.95473,48.10868],[-120.95616,48.10807],[-120.96374,48.10972],[-120.97248,48.10853],[-120.9714,48.10616],[-120.97221,48.10405],[-120.97779,48.10113],[-120.9804,48.0981],[-120.98045,48.09519],[-120.98131,48.09438],[-120.98476,48.09327],[-120.98733,48.09386],[-120.993,48.08993],[-120.99553,48.08917],[-120.99936,48.08972],[-120.99882,48.08826],[-121.00467,48.08143],[-121.0067,48.08018],[-121.01116,48.07918],[-121.01594,48.0748],[-121.02516,48.07817],[-121.03277,48.07781],[-121.03622,48.07684],[-121.04125,48.0727],[-121.04246,48.07287],[-121.04863,48.07022],[-121.06459,48.07015],[-121.067,48.06941],[-121.07209,48.06768],[-121.08138,48.06175],[-121.08462,48.06193],[-121.09014,48.06494],[-121.09703,48.0644],[-121.1016,48.06267],[-121.1052,48.05777],[-121.10985,48.05668],[-121.11598,48.05796],[-121.11751,48.05697],[-121.12043,48.05229],[-121.12898,48.04762],[-121.13163,48.04441],[-121.13827,48.04426],[-121.14314,48.04251],[-121.15028,48.04202],[-121.15323,48.04074],[-121.15326,48.03969],[-121.14897,48.03416],[-121.14819,48.0301],[-121.13601,48.02396],[-121.13394,48.02184],[-121.1311,48.02162],[-121.12968,48.02056],[-121.1287,48.01405],[-121.1264,48.01297],[-121.12543,48.01052],[-121.12302,48.00869],[-121.11793,48.00628],[-121.11897,48.00314],[-121.11772,47.9988],[-121.11818,47.9971],[-121.12129,47.99628],[-121.12481,47.99372],[-121.13057,47.9868],[-121.13488,47.98521],[-121.13594,47.98283],[-121.14114,47.98349],[-121.14728,47.9814],[-121.14876,47.97825],[-121.14855,47.97043],[-121.15205,47.96798],[-121.15323,47.96418],[-121.15751,47.96087],[-121.15812,47.95958],[-121.16295,47.95815],[-121.16482,47.9567],[-121.16497,47.9545],[-121.162,47.94897],[-121.16192,47.94468],[-121.16595,47.93862],[-121.17114,47.93642],[-121.17279,47.9337],[-121.17274,47.92967],[-121.17049,47.9244],[-121.17359,47.92325],[-121.17951,47.91878],[-121.17876,47.917],[-121.17368,47.91535],[-121.17127,47.91272],[-121.17368,47.90826],[-121.17735,47.90546],[-121.17732,47.90387],[-121.1808,47.89849],[-121.17895,47.89627],[-121.17666,47.89536],[-121.17626,47.88906],[-121.17519,47.88562],[-121.16955,47.88315],[-121.1668,47.87959],[-121.16294,47.87942],[-121.15702,47.88222],[-121.15826,47.87636],[-121.15232,47.86895],[-121.15098,47.86384],[-121.14723,47.85753],[-121.15323,47.85105],[-121.15351,47.84531],[-121.1469,47.84346],[-121.13434,47.84304],[-121.13341,47.83975],[-121.12372,47.8384],[-121.12128,47.83663],[-121.12124,47.83272],[-121.11881,47.831],[-121.11189,47.82946],[-121.10693,47.82897],[-121.09807,47.83127],[-121.09581,47.83269],[-121.08768,47.83253],[-121.08022,47.83412],[-121.07803,47.83356],[-121.07668,47.83164],[-121.07087,47.83018],[-121.07069,47.82662],[-121.07336,47.82497],[-121.07451,47.82284],[-121.08174,47.81601],[-121.0847,47.80771],[-121.09238,47.80513],[-121.09257,47.80073],[-121.09988,47.79713],[-121.10516,47.7957],[-121.10935,47.79277],[-121.1094,47.78972],[-121.11171,47.78776],[-121.11642,47.78684],[-121.12031,47.78428],[-121.1207,47.7826],[-121.1187,47.77801],[-121.11964,47.77602],[-121.11428,47.77169],[-121.11391,47.77025],[-121.10922,47.76676],[-121.1077,47.76668],[-121.1105,47.7616],[-121.11051,47.75783],[-121.10646,47.75681],[-121.10128,47.75714],[-121.0988,47.75911],[-121.09402,47.75818],[-121.08991,47.74632],[-121.08706,47.74453],[-121.08213,47.74302],[-121.079,47.73919],[-121.08077,47.73703],[-121.08152,47.73447],[-121.08494,47.7323],[-121.08478,47.72991],[-121.08735,47.72863],[-121.08395,47.72307],[-121.07826,47.72001],[-121.06997,47.71783],[-121.06601,47.7136],[-121.06594,47.70928],[-121.06712,47.70627],[-121.07734,47.70357],[-121.07937,47.70196],[-121.09029,47.70283],[-121.09143,47.70132],[-121.09089,47.69907],[-121.09461,47.69503],[-121.10551,47.68881],[-121.10828,47.68908],[-121.11262,47.68663],[-121.11412,47.68699],[-121.11895,47.68532],[-121.12158,47.68521],[-121.12274,47.68391],[-121.12368,47.68021],[-121.12882,47.67618],[-121.12891,47.67216],[-121.1274,47.6712],[-121.12318,47.66333],[-121.12382,47.6617],[-121.12481,47.66133],[-121.12468,47.6592],[-121.12563,47.65716],[-121.12857,47.6557],[-121.13188,47.65566],[-121.13101,47.65312],[-121.13273,47.6498],[-121.13252,47.64823],[-121.1337,47.64561],[-121.13132,47.64447],[-121.12869,47.63983],[-121.12597,47.6374],[-121.12787,47.6321],[-121.12677,47.63143],[-121.12471,47.62743],[-121.11878,47.62698],[-121.11754,47.62487],[-121.11373,47.62162],[-121.11329,47.61846],[-121.12007,47.61568],[-121.12029,47.61289],[-121.11791,47.60721],[-121.11586,47.60443],[-121.11312,47.60343],[-121.11146,47.60182],[-121.11116,47.59959],[-121.11362,47.59723],[-121.1108,47.59489],[-121.11078,47.5932],[-121.10984,47.59223],[-121.10827,47.59244],[-121.10422,47.58961],[-121.10004,47.59049],[-121.09691,47.58967],[-121.09288,47.58635],[-121.0921,47.58509],[-121.09233,47.58187],[-121.09063,47.58094],[-121.09107,47.57921],[-121.08823,47.57658],[-121.08727,47.57427],[-121.08585,47.57402],[-121.08924,47.5721],[-121.0901,47.56984],[-121.08775,47.56647],[-121.07878,47.55939],[-121.07782,47.55558],[-121.07504,47.55094],[-121.07093,47.55095],[-121.06586,47.54863],[-121.06455,47.547],[-121.06078,47.54534],[-121.05995,47.54368],[-121.06053,47.54185],[-121.05887,47.54225],[-121.0544,47.53834],[-121.04864,47.53568],[-121.04718,47.53413],[-121.04557,47.53527],[-121.04037,47.5356],[-121.03082,47.53155],[-121.02587,47.52894],[-121.0251,47.52531],[-121.02346,47.52376],[-121.01718,47.52189],[-121.007,47.52118],[-120.9965,47.5185],[-120.99602,47.51581],[-120.99369,47.51439],[-120.99128,47.51104],[-120.99215,47.50893],[-120.9946,47.50721],[-120.99488,47.50471],[-120.99208,47.50284],[-120.9914,47.50094],[-120.98637,47.49687],[-120.9862,47.49583],[-120.98322,47.49294],[-120.97908,47.49027],[-120.9775,47.49047],[-120.97267,47.48841],[-120.96855,47.48818],[-120.96222,47.48482],[-120.95911,47.48448],[-120.95821,47.4832],[-120.95895,47.48111],[-120.95691,47.47999],[-120.95473,47.47706],[-120.95056,47.47599],[-120.94657,47.47265],[-120.95152,47.46712],[-120.95208,47.46369],[-120.95312,47.46266],[-120.94819,47.46099],[-120.93351,47.45933],[-120.93057,47.45769],[-120.93069,47.45317],[-120.92594,47.44938],[-120.92255,47.44827],[-120.92476,47.44302],[-120.9238,47.44171],[-120.92442,47.43942],[-120.92418,47.43352],[-120.91786,47.42932],[-120.91315,47.42806],[-120.90756,47.42525],[-120.90219,47.42701],[-120.8946,47.42607],[-120.89136,47.42773],[-120.88745,47.42552],[-120.88493,47.42255],[-120.87865,47.41991],[-120.87603,47.41744],[-120.87202,47.4153],[-120.86806,47.41622],[-120.86648,47.41824],[-120.86147,47.42064],[-120.84989,47.41378],[-120.84327,47.4116],[-120.83777,47.4147],[-120.83676,47.41816],[-120.82865,47.42388],[-120.8135,47.41968],[-120.80697,47.42081],[-120.80333,47.42305],[-120.79904,47.41701],[-120.79433,47.41394],[-120.7936,47.4085],[-120.79141,47.40646],[-120.78706,47.40475],[-120.78525,47.4013],[-120.78326,47.39958],[-120.77573,47.40005],[-120.77232,47.39897],[-120.7688,47.39968],[-120.76406,47.39807],[-120.75718,47.39774],[-120.75492,47.39572],[-120.7476,47.39379],[-120.73437,47.39375],[-120.73228,47.39246],[-120.73174,47.39113],[-120.72658,47.38806],[-120.72789,47.38447],[-120.7267,47.38344],[-120.72725,47.38076],[-120.72448,47.37746],[-120.72323,47.37283],[-120.72174,47.37169],[-120.72119,47.37005],[-120.71838,47.36884],[-120.71155,47.36772],[-120.71014,47.3659],[-120.70844,47.36531],[-120.70028,47.36523],[-120.69327,47.36135],[-120.69105,47.35713],[-120.68267,47.35255],[-120.68187,47.35036],[-120.6796,47.34955],[-120.6764,47.35141],[-120.67174,47.34693],[-120.66437,47.34331],[-120.65799,47.34423],[-120.65551,47.34223],[-120.64977,47.34185],[-120.6428,47.34358],[-120.63921,47.34358],[-120.63633,47.34336],[-120.63208,47.3417],[-120.62922,47.34253],[-120.62718,47.34214],[-120.62425,47.34364],[-120.62174,47.34358],[-120.61912,47.3454],[-120.61739,47.34533],[-120.60845,47.34216],[-120.60659,47.33936],[-120.60303,47.33909],[-120.59872,47.34092],[-120.59572,47.33959],[-120.59143,47.33995],[-120.58595,47.33808],[-120.57897,47.33738],[-120.57809,47.33621],[-120.57876,47.33218],[-120.5766,47.32903],[-120.57691,47.32626],[-120.57054,47.32229],[-120.56872,47.31859],[-120.56851,47.31573],[-120.5701,47.31459],[-120.57054,47.31107],[-120.56443,47.30822],[-120.55799,47.30658],[-120.55328,47.30875],[-120.54735,47.30754],[-120.5475,47.31196],[-120.53077,47.31542],[-120.52818,47.31666],[-120.52861,47.31864],[-120.53058,47.32119],[-120.53029,47.32574],[-120.53206,47.32954],[-120.5302,47.33241],[-120.5305,47.33433],[-120.52417,47.33316],[-120.52146,47.33193],[-120.52351,47.33069],[-120.51944,47.32767],[-120.51917,47.3258],[-120.51533,47.32015],[-120.50849,47.31781],[-120.50262,47.31777],[-120.5006,47.31696],[-120.49758,47.31758],[-120.48765,47.31108],[-120.48837,47.30807],[-120.48789,47.30735],[-120.4843,47.30723],[-120.48095,47.30459],[-120.48023,47.30601],[-120.47817,47.30719],[-120.47619,47.30714],[-120.4704,47.30397],[-120.46774,47.30338],[-120.4652,47.30107],[-120.46229,47.30009],[-120.4599,47.30031],[-120.44934,47.29415],[-120.44882,47.29112],[-120.44697,47.2892],[-120.44718,47.28855],[-120.43532,47.28146],[-120.43354,47.27878],[-120.42679,47.27439],[-120.41814,47.27519],[-120.41475,47.27415],[-120.40604,47.27407],[-120.39978,47.26951],[-120.39779,47.26884],[-120.39347,47.26368],[-120.39071,47.26262],[-120.3892,47.26094],[-120.28106,47.26111],[-120.21821,47.26229],[-120.09446,47.26216],[-120.09332,47.26437],[-120.09263,47.27479],[-120.08992,47.27712],[-120.08913,47.2905],[-120.08605,47.3003],[-120.08784,47.30858],[-120.08739,47.31464],[-120.0903,47.31925],[-120.08927,47.32215],[-120.08734,47.32384],[-120.08462,47.33191],[-120.08327,47.33369],[-120.08631,47.33894],[-120.08964,47.34135],[-120.10117,47.34315],[-120.10357,47.34525],[-120.10527,47.34815],[-120.11407,47.35645],[-120.12957,47.36625],[-120.14337,47.36715],[-120.14917,47.36625],[-120.16558,47.36771],[-120.17308,47.37141],[-120.1787,47.37151],[-120.20161,47.3765],[-120.21466,47.37726],[-120.22604,47.37938],[-120.23648,47.37875],[-120.25308,47.38164],[-120.28653,47.39311],[-120.29317,47.40077],[-120.29485,47.40509],[-120.2964,47.41314],[-120.3006,47.42037],[-120.30201,47.4244],[-120.30898,47.43335],[-120.31188,47.44525],[-120.31618,47.45075],[-120.31808,47.45865],[-120.31648,47.47205],[-120.31428,47.47605],[-120.31458,47.47985],[-120.30978,47.49095],[-120.30772,47.50411],[-120.30576,47.5067],[-120.30214,47.5219],[-120.30001,47.5237],[-120.29473,47.53237],[-120.29428,47.5356],[-120.29161,47.53942],[-120.28592,47.54465],[-120.27584,47.55148],[-120.25944,47.55849],[-120.25833,47.55965],[-120.2536,47.57257],[-120.24323,47.57996],[-120.2396,47.58419],[-120.23843,47.58631],[-120.23718,47.5933],[-120.23358,47.59763],[-120.23594,47.60315],[-120.23649,47.607],[-120.23481,47.61979],[-120.23509,47.62119],[-120.23804,47.62485],[-120.23693,47.63178],[-120.22881,47.64571],[-120.22741,47.64728],[-120.22377,47.64801],[-120.22086,47.65029],[-120.22021,47.65811],[-120.21678,47.66368],[-120.20456,47.67158],[-120.20314,47.67361],[-120.20249,47.67677],[-120.19905,47.68228],[-120.19974,47.68805],[-120.20201,47.69241],[-120.20326,47.69883],[-120.20437,47.70083],[-120.21235,47.70846],[-120.21585,47.71485],[-120.22116,47.71902],[-120.22286,47.72331],[-120.22198,47.72825],[-120.21925,47.73518],[-120.21567,47.74091],[-120.2094,47.74836],[-120.20211,47.75387],[-120.18937,47.76031],[-120.1617,47.76787],[-120.14307,47.77419],[-120.13091,47.7766],[-120.1174,47.77494],[-120.11083,47.77158],[-120.10714,47.77102],[-120.10156,47.76845],[-120.09423,47.76358],[-120.08731,47.76321],[-120.0695,47.76665],[-120.06291,47.76923],[-120.04604,47.77288],[-120.03825,47.77595],[-120.03292,47.77656],[-120.02783,47.77822],[-120.02089,47.77931],[-120.01603,47.77878],[-120.01061,47.78025],[-120.00213,47.77916],[-119.99495,47.78135],[-119.99268,47.78315],[-119.98685,47.79254],[-119.98424,47.79386],[-119.97806,47.80129],[-119.97539,47.81179],[-119.97275,47.81415],[-119.9639,47.82803],[-119.96205,47.83969],[-119.96013,47.84581],[-119.95704,47.84782],[-119.92935,47.85606],[-119.92457,47.85971],[-119.91929,47.86232],[-119.91501,47.86769],[-119.90843,47.87941],[-119.90908,47.88381],[-119.91361,47.89192],[-119.91568,47.89741],[-119.91556,47.90026],[-119.91257,47.90449],[-119.90507,47.9103],[-119.88932,47.91716],[-119.8825,47.92295],[-119.88159,47.92519],[-119.87617,47.92748],[-119.86714,47.93378],[-119.86339,47.93703],[-119.85973,47.94194],[-119.8615,47.94703],[-119.86809,47.9587],[-119.8706,47.96046],[-120.04865,47.96063],[-120.05134,47.96201],[-120.05468,47.96202],[-120.06122,47.9665],[-120.06632,47.96637]]]},"bbox":[-121.1808,47.26094,-119.85973,48.55084],"properties":{"divisionId":"county:53007","divisionType":"county","geoid":"53007","state":"WA","stateName":"Washington","name":"Chelan County","shortName":"Chelan","label":"WA • Chelan","labelPoint":[-120.619041,47.8609739],"countyAreaSqKm":7755.296,"cameraViewshedAreaSqKm":284.818,"cameraViewshedCoveragePct":3.67}},{"type":"Feature","id":"county:53009","geometry":{"type":"Polygon","coordinates":[[[-124.84897,48.18137],[-124.84854,48.174],[-124.847,48.16772],[-124.84313,48.15843],[-124.83918,48.15289],[-124.83267,48.14772],[-124.83159,48.14265],[-124.82405,48.12931],[-124.81626,48.12176],[-124.8039,48.11429],[-124.80034,48.10486],[-124.79492,48.09697],[-124.7897,48.09087],[-124.78519,48.08711],[-124.78705,48.08329],[-124.788,48.07597],[-124.78775,48.06831],[-124.7861,48.06133],[-124.79253,48.05528],[-124.79664,48.04947],[-124.79925,48.04412],[-124.80115,48.03781],[-124.79885,48.02361],[-124.797,48.01794],[-124.79906,48.01485],[-124.80091,48.00846],[-124.80106,48.00393],[-124.80276,47.99979],[-124.80339,47.98866],[-124.80143,47.97918],[-124.79904,47.97254],[-124.79274,47.96338],[-124.78755,47.95888],[-124.77687,47.95208],[-124.75819,47.94398],[-124.76016,47.93405],[-124.76061,47.92729],[-124.75805,47.91804],[-124.75379,47.91052],[-124.73966,47.89755],[-124.72596,47.88998],[-124.72086,47.8883],[-124.71502,47.87986],[-124.57922,47.8807],[-124.52341,47.88235],[-124.43846,47.88313],[-124.41651,47.88195],[-124.36509,47.88108],[-124.27028,47.88161],[-123.50592,47.88108],[-123.50592,47.8669],[-122.94917,47.86682],[-122.94818,47.88139],[-122.94886,47.89529],[-122.95068,47.91042],[-122.95126,47.92502],[-122.95087,47.9543],[-122.9515,47.95429],[-122.94952,47.9693],[-122.94987,47.98369],[-122.94873,47.99807],[-122.9489,48.01248],[-122.94688,48.02675],[-122.94929,48.04298],[-122.94918,48.06515],[-122.89697,48.06515],[-122.9058,48.07089],[-122.90728,48.07292],[-122.9072,48.07455],[-122.89913,48.09105],[-122.89898,48.09529],[-122.89996,48.09886],[-122.90584,48.10693],[-122.90926,48.10942],[-122.91741,48.11097],[-122.93894,48.10862],[-122.95211,48.10851],[-122.9531,48.24982],[-122.95239,48.34971],[-123.00129,48.33981],[-123.24844,48.28402],[-123.54122,48.22455],[-123.67906,48.24],[-124.01206,48.29667],[-124.35663,48.39222],[-124.74974,48.49978],[-124.76303,48.49978],[-124.76837,48.4954],[-124.77208,48.48612],[-124.77226,48.47381],[-124.76922,48.4668],[-124.76528,48.46056],[-124.76033,48.45543],[-124.75136,48.44862],[-124.74584,48.44566],[-124.76495,48.44154],[-124.77358,48.43852],[-124.78856,48.43217],[-124.7939,48.42843],[-124.80117,48.42324],[-124.80919,48.4155],[-124.81482,48.40592],[-124.81793,48.39442],[-124.81699,48.38548],[-124.8101,48.36999],[-124.80339,48.36299],[-124.80377,48.35694],[-124.80053,48.34998],[-124.79664,48.34413],[-124.78614,48.33188],[-124.77044,48.32354],[-124.77123,48.31604],[-124.76727,48.30514],[-124.76139,48.29569],[-124.77691,48.28359],[-124.78641,48.27229],[-124.78874,48.26637],[-124.79086,48.25302],[-124.79024,48.24635],[-124.7805,48.22858],[-124.7867,48.22821],[-124.80501,48.22432],[-124.82145,48.21759],[-124.82768,48.21383],[-124.83821,48.20402],[-124.84567,48.19489],[-124.84825,48.1882],[-124.84897,48.18137]]]},"bbox":[-124.84897,47.86682,-122.89697,48.49978],"properties":{"divisionId":"county:53009","divisionType":"county","geoid":"53009","state":"WA","stateName":"Washington","name":"Clallam County","shortName":"Clallam","label":"WA • Clallam","labelPoint":[-123.8881189,48.1091332],"countyAreaSqKm":6908.664,"cameraViewshedAreaSqKm":0.0,"cameraViewshedCoveragePct":0.0}},{"type":"Feature","id":"county:53011","geometry":{"type":"Polygon","coordinates":[[[-122.24984,45.81894],[-122.24914,45.83636],[-122.2498,45.86663],[-122.24452,45.86656],[-122.24518,45.93853],[-122.24666,45.98059],[-122.24665,46.01134],[-122.24555,46.03258],[-122.24586,46.05385],[-122.25147,46.05402],[-122.25202,46.05601],[-122.2692,46.05963],[-122.27653,46.05824],[-122.28343,46.05141],[-122.28574,46.05021],[-122.29444,46.04919],[-122.29524,46.04681],[-122.29471,46.03797],[-122.29596,46.03607],[-122.30236,46.03324],[-122.30535,46.0298],[-122.31171,46.02879],[-122.31519,46.02158],[-122.31373,46.01919],[-122.31371,46.01699],[-122.31747,46.01266],[-122.31923,46.01173],[-122.32543,46.01256],[-122.32829,46.0115],[-122.32888,46.01005],[-122.32401,46.00634],[-122.32515,46.0039],[-122.325,45.99983],[-122.3225,45.99642],[-122.31559,45.99318],[-122.3148,45.99083],[-122.31748,45.98829],[-122.31836,45.98536],[-122.32501,45.98322],[-122.32583,45.97973],[-122.32438,45.97614],[-122.33266,45.96506],[-122.34348,45.95955],[-122.35039,45.95828],[-122.35213,45.95878],[-122.35631,45.95685],[-122.36199,45.95854],[-122.36306,45.95978],[-122.36318,45.96271],[-122.36689,45.96272],[-122.3689,45.96131],[-122.37414,45.9602],[-122.37729,45.96057],[-122.37983,45.96165],[-122.38293,45.96484],[-122.39027,45.96691],[-122.39852,45.9725],[-122.40282,45.97214],[-122.40902,45.97376],[-122.41836,45.97401],[-122.41849,45.97672],[-122.42241,45.97739],[-122.42891,45.97688],[-122.43353,45.97504],[-122.4392,45.97637],[-122.44221,45.97585],[-122.44474,45.97777],[-122.44482,45.9812],[-122.44558,45.98246],[-122.45244,45.98496],[-122.46357,45.98666],[-122.46849,45.987],[-122.47013,45.98636],[-122.47793,45.98811],[-122.4833,45.98635],[-122.48466,45.98362],[-122.48896,45.98329],[-122.49388,45.98678],[-122.49599,45.98727],[-122.4984,45.98635],[-122.49826,45.98472],[-122.49656,45.98246],[-122.49748,45.98047],[-122.5064,45.98033],[-122.50828,45.98169],[-122.50893,45.98425],[-122.51067,45.98493],[-122.51791,45.98283],[-122.52089,45.98417],[-122.52301,45.98409],[-122.5345,45.97922],[-122.53484,45.977],[-122.53195,45.97357],[-122.53828,45.97016],[-122.54687,45.96696],[-122.5498,45.96265],[-122.55458,45.95982],[-122.55842,45.95302],[-122.56458,45.95167],[-122.57205,45.95257],[-122.57803,45.9547],[-122.58026,45.95467],[-122.58545,45.95279],[-122.59028,45.94837],[-122.60003,45.94533],[-122.60602,45.93999],[-122.61488,45.93578],[-122.62004,45.93685],[-122.62865,45.93564],[-122.64175,45.93809],[-122.64511,45.93764],[-122.65233,45.93318],[-122.65486,45.92878],[-122.65638,45.92796],[-122.65873,45.92881],[-122.6622,45.93341],[-122.66926,45.93699],[-122.68148,45.93876],[-122.69088,45.94158],[-122.69468,45.94091],[-122.69488,45.9377],[-122.68862,45.93438],[-122.688,45.93211],[-122.68926,45.92911],[-122.69087,45.92817],[-122.69323,45.92803],[-122.69697,45.92916],[-122.69911,45.93098],[-122.70644,45.93048],[-122.71256,45.93137],[-122.71781,45.93373],[-122.71971,45.93326],[-122.72091,45.93189],[-122.71853,45.92615],[-122.71876,45.92477],[-122.72207,45.92099],[-122.72382,45.91765],[-122.72668,45.91533],[-122.73162,45.91405],[-122.739,45.91529],[-122.74013,45.91475],[-122.73953,45.9108],[-122.73738,45.90705],[-122.73737,45.90222],[-122.74017,45.90061],[-122.74716,45.89972],[-122.74846,45.89881],[-122.74945,45.89627],[-122.74706,45.89349],[-122.74452,45.89264],[-122.73314,45.89525],[-122.73241,45.89424],[-122.73433,45.88893],[-122.7342,45.88576],[-122.72868,45.87739],[-122.71992,45.87112],[-122.71928,45.86908],[-122.71975,45.86761],[-122.72296,45.86666],[-122.73586,45.87059],[-122.74139,45.87051],[-122.74473,45.86933],[-122.74965,45.86454],[-122.76152,45.86159],[-122.77325,45.85743],[-122.77853,45.85213],[-122.78552,45.85054],[-122.7857,45.84422],[-122.79596,45.82502],[-122.79561,45.81],[-122.76953,45.78058],[-122.76145,45.75916],[-122.76011,45.73441],[-122.77251,45.69964],[-122.77451,45.68044],[-122.76381,45.65714],[-122.73811,45.64414],[-122.71331,45.63744],[-122.69101,45.62474],[-122.675,45.61803],[-122.64391,45.60974],[-122.60261,45.60764],[-122.55033,45.59727],[-122.52367,45.58963],[-122.49226,45.58328],[-122.47931,45.57976],[-122.47466,45.5783],[-122.45389,45.56731],[-122.43867,45.56358],[-122.41071,45.56763],[-122.3918,45.57454],[-122.3803,45.57594],[-122.3528,45.56944],[-122.3315,45.54824],[-122.2949,45.54354],[-122.2667,45.54384],[-122.24899,45.54775],[-122.24894,45.62315],[-122.24987,45.66476],[-122.24923,45.67189],[-122.24925,45.72215],[-122.24946,45.7441],[-122.25021,45.75087],[-122.24984,45.81894]]]},"bbox":[-122.79596,45.54354,-122.24452,46.05963],"properties":{"divisionId":"county:53011","divisionType":"county","geoid":"53011","state":"WA","stateName":"Washington","name":"Clark County","shortName":"Clark","label":"WA • Clark","labelPoint":[-122.4861074,45.7716842],"countyAreaSqKm":1698.167,"cameraViewshedAreaSqKm":82.16,"cameraViewshedCoveragePct":4.84}},{"type":"Feature","id":"county:53013","geometry":{"type":"Polygon","coordinates":[[[-118.24264,46.55975],[-118.24125,46.46962],[-118.24205,46.4407],[-118.24187,46.29506],[-118.11612,46.29546],[-118.11662,46.20805],[-117.99148,46.2077],[-117.99268,46.07064],[-117.99327,46.06356],[-117.99215,46.03827],[-117.99311,46.03379],[-117.99311,46.01972],[-117.9955,46.01289],[-117.99697,46.00056],[-117.68214,45.99979],[-117.60342,45.99895],[-117.6033,46.12131],[-117.6126,46.12132],[-117.61271,46.29417],[-117.6119,46.33848],[-117.67495,46.33765],[-117.67395,46.38328],[-117.69494,46.38325],[-117.69509,46.39768],[-117.71645,46.39761],[-117.71663,46.4418],[-117.73742,46.44199],[-117.7373,46.47145],[-117.86335,46.47067],[-117.86159,46.56023],[-117.85317,46.56019],[-117.85185,46.62478],[-117.86165,46.62307],[-117.86645,46.62117],[-117.87255,46.61717],[-117.87895,46.60707],[-117.88098,46.59535],[-117.8831,46.58984],[-117.88762,46.58632],[-117.89186,46.58538],[-117.90905,46.58477],[-117.91545,46.58547],[-117.95285,46.59207],[-117.95805,46.59177],[-117.98525,46.58687],[-117.98896,46.58677],[-117.99876,46.58837],[-118.01211,46.58793],[-118.03516,46.58516],[-118.04827,46.57931],[-118.05599,46.57707],[-118.06909,46.57468],[-118.09289,46.57453],[-118.09664,46.57312],[-118.10005,46.57025],[-118.10246,46.56413],[-118.1044,46.56157],[-118.11387,46.55736],[-118.12607,46.55674],[-118.14313,46.55778],[-118.1618,46.55472],[-118.17255,46.55695],[-118.17884,46.56054],[-118.18336,46.5661],[-118.19297,46.57184],[-118.2111,46.58759],[-118.22447,46.59102],[-118.22864,46.59336],[-118.22801,46.56041],[-118.24142,46.56049],[-118.24264,46.55975]]]},"bbox":[-118.24264,45.99895,-117.6033,46.62478],"properties":{"divisionId":"county:53013","divisionType":"county","geoid":"53013","state":"WA","stateName":"Washington","name":"Columbia County","shortName":"Columbia","label":"WA • Columbia","labelPoint":[-117.8962098,46.2941896],"countyAreaSqKm":2261.849,"cameraViewshedAreaSqKm":0.0,"cameraViewshedCoveragePct":0.0}},{"type":"Feature","id":"county:53015","geometry":{"type":"Polygon","coordinates":[[[-123.21831,46.37004],[-123.21708,46.35586],[-123.21751,46.34155],[-123.21492,46.29798],[-123.21672,46.23141],[-123.21592,46.2134],[-123.21383,46.21344],[-123.21305,46.17254],[-123.16642,46.18898],[-123.1159,46.18527],[-123.10659,46.17831],[-123.05106,46.1536],[-123.0413,46.14635],[-123.03382,46.14434],[-123.02215,46.13911],[-123.00944,46.13604],[-123.00423,46.13382],[-122.96268,46.10482],[-122.90412,46.08373],[-122.88448,46.06028],[-122.87809,46.03128],[-122.85616,46.01447],[-122.83764,45.98082],[-122.814,45.96098],[-122.80619,45.93242],[-122.8115,45.91272],[-122.79809,45.88433],[-122.78496,45.86817],[-122.78552,45.85054],[-122.77853,45.85213],[-122.77325,45.85743],[-122.76152,45.86159],[-122.74965,45.86454],[-122.74704,45.86765],[-122.7432,45.87012],[-122.73586,45.87059],[-122.72296,45.86666],[-122.71975,45.86761],[-122.71928,45.86908],[-122.71992,45.87112],[-122.72868,45.87739],[-122.7342,45.88576],[-122.73433,45.88893],[-122.73241,45.89424],[-122.73314,45.89525],[-122.74452,45.89264],[-122.74706,45.89349],[-122.74945,45.89627],[-122.74846,45.89881],[-122.74716,45.89972],[-122.74017,45.90061],[-122.73737,45.90222],[-122.73738,45.90705],[-122.73953,45.9108],[-122.74013,45.91475],[-122.739,45.91529],[-122.73162,45.91405],[-122.72668,45.91533],[-122.72382,45.91765],[-122.72207,45.92099],[-122.71876,45.92477],[-122.71853,45.92615],[-122.72091,45.93189],[-122.71971,45.93326],[-122.71781,45.93373],[-122.71256,45.93137],[-122.70644,45.93048],[-122.69911,45.93098],[-122.69697,45.92916],[-122.69323,45.92803],[-122.69087,45.92817],[-122.68926,45.92911],[-122.688,45.93211],[-122.68862,45.93438],[-122.69488,45.9377],[-122.69468,45.94091],[-122.69088,45.94158],[-122.68148,45.93876],[-122.66926,45.93699],[-122.6622,45.93341],[-122.65873,45.92881],[-122.65638,45.92796],[-122.65486,45.92878],[-122.65233,45.93318],[-122.64511,45.93764],[-122.64175,45.93809],[-122.62865,45.93564],[-122.62004,45.93685],[-122.61488,45.93578],[-122.60602,45.93999],[-122.60003,45.94533],[-122.59028,45.94837],[-122.58545,45.95279],[-122.58026,45.95467],[-122.57803,45.9547],[-122.57205,45.95257],[-122.56458,45.95167],[-122.55842,45.95302],[-122.55458,45.95982],[-122.5498,45.96265],[-122.54687,45.96696],[-122.53828,45.97016],[-122.53195,45.97357],[-122.53484,45.977],[-122.5345,45.97922],[-122.52301,45.98409],[-122.52089,45.98417],[-122.51791,45.98283],[-122.51067,45.98493],[-122.50893,45.98425],[-122.50828,45.98169],[-122.5064,45.98033],[-122.49748,45.98047],[-122.49656,45.98246],[-122.49826,45.98472],[-122.4984,45.98635],[-122.49599,45.98727],[-122.49388,45.98678],[-122.48896,45.98329],[-122.48466,45.98362],[-122.4833,45.98635],[-122.47793,45.98811],[-122.47013,45.98636],[-122.46849,45.987],[-122.46357,45.98666],[-122.45244,45.98496],[-122.44558,45.98246],[-122.44482,45.9812],[-122.44474,45.97777],[-122.44221,45.97585],[-122.4392,45.97637],[-122.43353,45.97504],[-122.42891,45.97688],[-122.42241,45.97739],[-122.41849,45.97672],[-122.41836,45.97401],[-122.40902,45.97376],[-122.40282,45.97214],[-122.39852,45.9725],[-122.39027,45.96691],[-122.38293,45.96484],[-122.37983,45.96165],[-122.37729,45.96057],[-122.37414,45.9602],[-122.3689,45.96131],[-122.36689,45.96272],[-122.36318,45.96271],[-122.36306,45.95978],[-122.36199,45.95854],[-122.35631,45.95685],[-122.35213,45.95878],[-122.35039,45.95828],[-122.34348,45.95955],[-122.33266,45.96506],[-122.32438,45.97614],[-122.32583,45.97973],[-122.32501,45.98322],[-122.31836,45.98536],[-122.31748,45.98829],[-122.3148,45.99083],[-122.31559,45.99318],[-122.3225,45.99642],[-122.325,45.99983],[-122.32515,46.0039],[-122.32401,46.00634],[-122.32836,46.00946],[-122.32877,46.01081],[-122.32543,46.01256],[-122.31923,46.01173],[-122.31747,46.01266],[-122.31371,46.01699],[-122.31373,46.01919],[-122.31519,46.02158],[-122.31171,46.02879],[-122.30535,46.0298],[-122.30236,46.03324],[-122.29596,46.03607],[-122.29471,46.03797],[-122.29524,46.04681],[-122.29444,46.04919],[-122.29256,46.04984],[-122.28862,46.04938],[-122.28415,46.0509],[-122.27653,46.05824],[-122.27155,46.05957],[-122.26432,46.05897],[-122.25536,46.05624],[-122.25202,46.05601],[-122.25147,46.05402],[-122.24586,46.05385],[-122.24668,46.20057],[-122.24542,46.21171],[-122.24201,46.21162],[-122.24108,46.32666],[-122.23948,46.38542],[-122.34567,46.38562],[-122.36365,46.38623],[-122.36371,46.38734],[-122.99365,46.38738],[-123.11423,46.38804],[-123.17651,46.38523],[-123.21795,46.38562],[-123.21831,46.37004]]]},"bbox":[-123.21831,45.85054,-122.23948,46.38804],"properties":{"divisionId":"county:53015","divisionType":"county","geoid":"53015","state":"WA","stateName":"Washington","name":"Cowlitz County","shortName":"Cowlitz","label":"WA • Cowlitz","labelPoint":[-122.6784596,46.1967854],"countyAreaSqKm":3021.895,"cameraViewshedAreaSqKm":0.0,"cameraViewshedCoveragePct":0.0}},{"type":"Feature","id":"county:53017","geometry":{"type":"Polygon","coordinates":[[[-120.00476,47.3093],[-120.0047,47.31999],[-119.98313,47.32043],[-119.98323,47.33462],[-119.96182,47.33495],[-119.96134,47.34878],[-119.94044,47.34943],[-119.94024,47.36436],[-119.91892,47.36447],[-119.91875,47.39345],[-119.89738,47.39347],[-119.89717,47.40797],[-119.87582,47.4083],[-119.87576,47.43749],[-119.61906,47.44138],[-119.53312,47.44121],[-119.53289,47.52776],[-119.51169,47.52763],[-119.51209,47.54204],[-119.49047,47.54202],[-119.4901,47.55654],[-119.46917,47.55661],[-119.4691,47.57076],[-119.44768,47.57046],[-119.4478,47.5849],[-119.42684,47.58478],[-119.42677,47.59906],[-119.40532,47.59901],[-119.4052,47.61264],[-119.34177,47.61239],[-119.34148,47.62675],[-119.3203,47.6268],[-119.32014,47.67023],[-119.29884,47.6704],[-119.29865,47.72833],[-119.27724,47.72824],[-119.27717,47.7426],[-119.25578,47.74251],[-119.25586,47.77169],[-119.23417,47.77198],[-119.2339,47.80066],[-119.21241,47.80069],[-119.21222,47.88771],[-119.19063,47.88781],[-119.19055,47.90247],[-119.1474,47.90265],[-119.1474,47.91739],[-119.1259,47.9173],[-119.12558,47.9468],[-119.10397,47.94669],[-119.10387,47.96176],[-118.98223,47.96202],[-118.98243,47.96912],[-118.97855,47.97302],[-118.96959,47.97946],[-118.96392,47.98592],[-118.96094,47.99249],[-118.96071,47.9988],[-118.95541,48.0035],[-118.95232,48.00856],[-118.95069,48.01605],[-118.95123,48.01965],[-118.95726,48.02452],[-118.96725,48.02938],[-118.97886,48.03687],[-118.99865,48.04144],[-119.00319,48.04326],[-119.006,48.04556],[-119.01013,48.05163],[-119.01522,48.0651],[-119.01879,48.06978],[-119.02278,48.08274],[-119.02233,48.09189],[-119.02464,48.10312],[-119.02886,48.11313],[-119.03189,48.11683],[-119.03948,48.12187],[-119.04965,48.13042],[-119.05492,48.13592],[-119.05841,48.13749],[-119.07008,48.1404],[-119.07729,48.13997],[-119.08835,48.13731],[-119.10007,48.13798],[-119.10727,48.14043],[-119.12237,48.14915],[-119.13096,48.15119],[-119.13531,48.15075],[-119.14245,48.14749],[-119.15312,48.14535],[-119.16543,48.13724],[-119.17141,48.13154],[-119.17702,48.12829],[-119.18169,48.12803],[-119.18795,48.12938],[-119.19162,48.12885],[-119.20019,48.1252],[-119.20837,48.11812],[-119.21166,48.11622],[-119.2153,48.11531],[-119.22189,48.1165],[-119.23254,48.11347],[-119.23757,48.10939],[-119.25255,48.10259],[-119.26016,48.10211],[-119.26942,48.10456],[-119.28856,48.11399],[-119.29208,48.11497],[-119.29859,48.11549],[-119.30729,48.11178],[-119.31713,48.10602],[-119.32469,48.10013],[-119.32752,48.09666],[-119.32982,48.0822],[-119.32836,48.07711],[-119.32793,48.07027],[-119.33311,48.05604],[-119.33706,48.05188],[-119.34201,48.04966],[-119.36669,48.0528],[-119.39416,48.04983],[-119.40223,48.05042],[-119.40511,48.05144],[-119.40881,48.05474],[-119.41599,48.058],[-119.42325,48.06256],[-119.43394,48.07487],[-119.44073,48.07867],[-119.44515,48.0792],[-119.44988,48.07814],[-119.46439,48.08035],[-119.4669,48.08029],[-119.47285,48.0782],[-119.48417,48.0787],[-119.49368,48.08222],[-119.50099,48.08243],[-119.50937,48.07901],[-119.51611,48.07478],[-119.51591,48.07173],[-119.51757,48.06261],[-119.52413,48.05704],[-119.53039,48.05402],[-119.53903,48.05279],[-119.54581,48.04973],[-119.5547,48.04437],[-119.55962,48.03906],[-119.5644,48.03547],[-119.5951,48.02086],[-119.60611,48.0123],[-119.61552,47.99903],[-119.62166,47.99662],[-119.63105,47.99628],[-119.63783,47.99695],[-119.65176,48.00001],[-119.65683,48.00182],[-119.66013,48.00376],[-119.66571,48.009],[-119.68456,48.01978],[-119.68868,48.02273],[-119.69205,48.0267],[-119.69349,48.02963],[-119.69327,48.03306],[-119.68109,48.04815],[-119.6783,48.0551],[-119.67137,48.06607],[-119.66986,48.07008],[-119.66971,48.07523],[-119.67053,48.07786],[-119.67679,48.08589],[-119.68429,48.09325],[-119.68874,48.09162],[-119.69818,48.0854],[-119.70349,48.08314],[-119.71974,48.08206],[-119.72351,48.08297],[-119.72671,48.08503],[-119.73112,48.08998],[-119.73556,48.09707],[-119.7425,48.10124],[-119.75124,48.10324],[-119.76657,48.10475],[-119.77344,48.10447],[-119.7764,48.10265],[-119.77419,48.09534],[-119.7746,48.09196],[-119.77605,48.08969],[-119.77955,48.08741],[-119.78988,48.08572],[-119.80844,48.08686],[-119.8133,48.08629],[-119.82584,48.07983],[-119.83877,48.07825],[-119.84983,48.0748],[-119.8637,48.0661],[-119.88402,48.05908],[-119.89059,48.0558],[-119.89251,48.05414],[-119.89343,48.05142],[-119.89535,48.05004],[-119.89501,48.04809],[-119.89323,48.0446],[-119.88515,48.03499],[-119.88322,48.03162],[-119.86954,48.01885],[-119.86707,48.0076],[-119.86876,48.00036],[-119.87245,47.99314],[-119.87787,47.98945],[-119.88136,47.985],[-119.88394,47.97296],[-119.88102,47.96877],[-119.86809,47.9587],[-119.86068,47.94505],[-119.85971,47.94239],[-119.86057,47.94045],[-119.86714,47.93378],[-119.87617,47.92748],[-119.88159,47.92519],[-119.8825,47.92295],[-119.88932,47.91716],[-119.90507,47.9103],[-119.91257,47.90449],[-119.91556,47.90026],[-119.91568,47.89741],[-119.91361,47.89192],[-119.90908,47.88381],[-119.90843,47.87941],[-119.91501,47.86769],[-119.91929,47.86232],[-119.92457,47.85971],[-119.92935,47.85606],[-119.95704,47.84782],[-119.96013,47.84581],[-119.96205,47.83969],[-119.9639,47.82803],[-119.97275,47.81415],[-119.97539,47.81179],[-119.97806,47.80129],[-119.98424,47.79386],[-119.98685,47.79254],[-119.99268,47.78315],[-119.99495,47.78135],[-120.00213,47.77916],[-120.01061,47.78025],[-120.01603,47.77878],[-120.02089,47.77931],[-120.02783,47.77822],[-120.03292,47.77656],[-120.03825,47.77595],[-120.04604,47.77288],[-120.06291,47.76923],[-120.0695,47.76665],[-120.08731,47.76321],[-120.09423,47.76358],[-120.10156,47.76845],[-120.10714,47.77102],[-120.11083,47.77158],[-120.1174,47.77494],[-120.13091,47.7766],[-120.14307,47.77419],[-120.1617,47.76787],[-120.18937,47.76031],[-120.20211,47.75387],[-120.2094,47.74836],[-120.21567,47.74091],[-120.21925,47.73518],[-120.22198,47.72825],[-120.22286,47.72331],[-120.22116,47.71902],[-120.21585,47.71485],[-120.21235,47.70846],[-120.20437,47.70083],[-120.20326,47.69883],[-120.20201,47.69241],[-120.19974,47.68805],[-120.19905,47.68228],[-120.20249,47.67677],[-120.20314,47.67361],[-120.20456,47.67158],[-120.21678,47.66368],[-120.22021,47.65811],[-120.22086,47.65029],[-120.22377,47.64801],[-120.22741,47.64728],[-120.22881,47.64571],[-120.23693,47.63178],[-120.23804,47.62485],[-120.23509,47.62119],[-120.23481,47.61979],[-120.23649,47.607],[-120.23594,47.60315],[-120.23358,47.59763],[-120.23718,47.5933],[-120.23843,47.58631],[-120.2396,47.58419],[-120.24323,47.57996],[-120.2536,47.57257],[-120.25833,47.55965],[-120.25944,47.55849],[-120.27584,47.55148],[-120.28592,47.54465],[-120.29281,47.53817],[-120.29428,47.5356],[-120.29473,47.53237],[-120.30293,47.52006],[-120.30576,47.5067],[-120.30772,47.50411],[-120.30978,47.49095],[-120.31458,47.47985],[-120.31428,47.47605],[-120.31678,47.47055],[-120.31808,47.45775],[-120.31618,47.45075],[-120.31188,47.44525],[-120.30848,47.43235],[-120.30201,47.4244],[-120.3006,47.42037],[-120.2964,47.41314],[-120.29485,47.40509],[-120.29317,47.40077],[-120.28653,47.39311],[-120.25308,47.38164],[-120.23648,47.37875],[-120.22604,47.37938],[-120.21466,47.37726],[-120.20161,47.3765],[-120.1787,47.37151],[-120.17308,47.37141],[-120.16558,47.36771],[-120.14917,47.36625],[-120.14337,47.36715],[-120.12957,47.36625],[-120.11407,47.35645],[-120.10527,47.34815],[-120.10357,47.34525],[-120.10117,47.34315],[-120.08964,47.34135],[-120.08631,47.33894],[-120.08327,47.33369],[-120.08462,47.33191],[-120.08734,47.32384],[-120.08927,47.32215],[-120.0903,47.31925],[-120.08739,47.31464],[-120.08784,47.30858],[-120.08605,47.3003],[-120.08913,47.2905],[-120.08992,47.27712],[-120.09263,47.27479],[-120.09332,47.26437],[-120.09632,47.25461],[-120.09257,47.24325],[-120.09061,47.23969],[-120.0878,47.23658],[-120.08189,47.23216],[-120.07597,47.2259],[-120.0681,47.22406],[-120.05875,47.22391],[-120.04477,47.22585],[-120.01909,47.22665],[-120.01396,47.2253],[-120.00707,47.22013],[-120.0049,47.22108],[-120.00439,47.24596],[-120.00291,47.26232],[-120.0044,47.2623],[-120.00476,47.3093]]]},"bbox":[-120.31808,47.22013,-118.95069,48.15119],"properties":{"divisionId":"county:53017","divisionType":"county","geoid":"53017","state":"WA","stateName":"Washington","name":"Douglas County","shortName":"Douglas","label":"WA • Douglas","labelPoint":[-119.6946219,47.7417625],"countyAreaSqKm":4787.832,"cameraViewshedAreaSqKm":313.125,"cameraViewshedCoveragePct":6.54}},{"type":"Feature","id":"county:53019","geometry":{"type":"Polygon","coordinates":[[[-118.83721,48.90102],[-118.83641,48.72595],[-118.83701,48.65387],[-118.86963,48.65383],[-118.86952,48.48163],[-118.84389,48.48174],[-118.84351,48.46904],[-118.84448,48.42951],[-118.84504,48.30993],[-118.8458,48.30991],[-118.84578,47.96348],[-118.85167,47.96343],[-118.85197,47.95769],[-118.84669,47.9577],[-118.84171,47.95643],[-118.83486,47.95321],[-118.83304,47.95047],[-118.8294,47.93314],[-118.82314,47.92623],[-118.81555,47.92205],[-118.81188,47.92028],[-118.80213,47.91787],[-118.78322,47.91572],[-118.76989,47.9129],[-118.75568,47.90855],[-118.75112,47.90565],[-118.744,47.90269],[-118.73548,47.90046],[-118.73032,47.90017],[-118.71493,47.90204],[-118.71168,47.90335],[-118.7104,47.90594],[-118.71004,47.90976],[-118.71111,47.91921],[-118.7085,47.93204],[-118.70763,47.93358],[-118.7038,47.93655],[-118.69746,47.94052],[-118.6926,47.94215],[-118.68839,47.94272],[-118.66195,47.93741],[-118.65199,47.92711],[-118.64737,47.92556],[-118.64145,47.92605],[-118.63749,47.92929],[-118.63428,47.92989],[-118.62478,47.92755],[-118.61379,47.92889],[-118.61064,47.92847],[-118.60705,47.93123],[-118.59805,47.92919],[-118.58458,47.93255],[-118.5704,47.93232],[-118.56344,47.92763],[-118.55605,47.92596],[-118.55337,47.9241],[-118.54104,47.92041],[-118.53666,47.91792],[-118.5335,47.91488],[-118.53211,47.9105],[-118.53459,47.90121],[-118.54217,47.89263],[-118.54398,47.88858],[-118.54409,47.88397],[-118.54258,47.88057],[-118.53922,47.87765],[-118.5313,47.87488],[-118.50789,47.87526],[-118.49924,47.87385],[-118.4901,47.87567],[-118.47574,47.87715],[-118.46698,47.88239],[-118.46423,47.8819],[-118.46091,47.88033],[-118.4581,47.87741],[-118.45698,47.87488],[-118.45689,47.86546],[-118.4578,47.85953],[-118.45616,47.85447],[-118.45295,47.85084],[-118.44582,47.8455],[-118.43344,47.83983],[-118.42411,47.8385],[-118.41649,47.83502],[-118.40174,47.83289],[-118.39266,47.83068],[-118.38345,47.83036],[-118.37484,47.83306],[-118.3717,47.83234],[-118.36815,47.833],[-118.36038,47.83839],[-118.35707,47.8416],[-118.35623,47.84417],[-118.35692,47.84679],[-118.35645,47.85178],[-118.35502,47.8578],[-118.35561,47.86026],[-118.35407,47.86493],[-118.34817,47.87488],[-118.34806,47.87705],[-118.34991,47.88257],[-118.34745,47.88701],[-118.34124,47.89243],[-118.34,47.90018],[-118.35018,47.91629],[-118.35609,47.92932],[-118.34874,47.97178],[-118.35214,47.97476],[-118.37065,47.98557],[-118.37535,47.99988],[-118.37971,48.00478],[-118.38871,48.01168],[-118.40111,48.02288],[-118.40241,48.02498],[-118.40221,48.02688],[-118.39661,48.03168],[-118.37971,48.03938],[-118.36946,48.04262],[-118.3589,48.04943],[-118.34708,48.05049],[-118.33947,48.04976],[-118.3161,48.04165],[-118.27548,48.04057],[-118.2704,48.0429],[-118.2672,48.04706],[-118.26565,48.05128],[-118.26665,48.05673],[-118.26447,48.05828],[-118.25789,48.05978],[-118.25604,48.05932],[-118.25,48.05498],[-118.2452,48.05468],[-118.2414,48.05618],[-118.236,48.05998],[-118.234,48.06249],[-118.2332,48.06529],[-118.2336,48.07038],[-118.2353,48.07548],[-118.2352,48.07808],[-118.2341,48.08118],[-118.2313,48.08478],[-118.2313,48.08948],[-118.2375,48.10479],[-118.2418,48.10769],[-118.2511,48.11079],[-118.25359,48.11298],[-118.25468,48.11736],[-118.25358,48.12085],[-118.25439,48.12853],[-118.2511,48.13275],[-118.24661,48.13496],[-118.2426,48.13548],[-118.2333,48.13469],[-118.2212,48.13809],[-118.2057,48.13859],[-118.2005,48.14119],[-118.1974,48.14409],[-118.194,48.14919],[-118.1913,48.15859],[-118.1923,48.16709],[-118.196,48.17909],[-118.1966,48.19059],[-118.1943,48.19399],[-118.1884,48.19659],[-118.1876,48.19909],[-118.1901,48.20879],[-118.1951,48.21209],[-118.1895,48.21669],[-118.1653,48.23039],[-118.1516,48.24069],[-118.148,48.24539],[-118.1441,48.25544],[-118.14148,48.25995],[-118.13979,48.26731],[-118.14413,48.27513],[-118.14833,48.27776],[-118.15075,48.28225],[-118.15286,48.2918],[-118.1563,48.29869],[-118.1587,48.30099],[-118.1649,48.30449],[-118.1681,48.31129],[-118.1756,48.31949],[-118.17597,48.32636],[-118.1802,48.33569],[-118.1794,48.34259],[-118.1801,48.34799],[-118.1796,48.35289],[-118.1802,48.36369],[-118.1816,48.37179],[-118.1832,48.37519],[-118.1858,48.37819],[-118.1876,48.38739],[-118.1893,48.39089],[-118.2005,48.40339],[-118.2026,48.40679],[-118.20351,48.40969],[-118.20313,48.41541],[-118.20041,48.4263],[-118.20341,48.43309],[-118.20291,48.4422],[-118.20481,48.44489],[-118.21191,48.44969],[-118.21251,48.45499],[-118.21051,48.464],[-118.20651,48.4703],[-118.18921,48.4816],[-118.18091,48.4994],[-118.1818,48.50091],[-118.18127,48.50643],[-118.17875,48.51486],[-118.17921,48.51649],[-118.17583,48.52044],[-118.17372,48.52203],[-118.16915,48.52322],[-118.15672,48.52058],[-118.14971,48.52057],[-118.14705,48.52166],[-118.14098,48.52832],[-118.13993,48.53143],[-118.1423,48.53691],[-118.14203,48.54081],[-118.14332,48.54511],[-118.1431,48.54823],[-118.14025,48.55129],[-118.13848,48.5586],[-118.13792,48.56553],[-118.13569,48.57133],[-118.12544,48.58451],[-118.12755,48.59048],[-118.12722,48.60068],[-118.12844,48.60482],[-118.12765,48.60946],[-118.1261,48.60996],[-118.12732,48.61218],[-118.12507,48.61659],[-118.12053,48.61976],[-118.11794,48.62313],[-118.11829,48.62695],[-118.12011,48.63035],[-118.11663,48.63079],[-118.11637,48.63557],[-118.11517,48.63815],[-118.10829,48.64017],[-118.10663,48.64153],[-118.10452,48.64602],[-118.1046,48.65032],[-118.10615,48.65763],[-118.10872,48.66227],[-118.10896,48.66631],[-118.11071,48.67259],[-118.11189,48.67411],[-118.11639,48.674],[-118.11736,48.67474],[-118.11733,48.67714],[-118.11846,48.67979],[-118.11573,48.67996],[-118.1152,48.68378],[-118.11426,48.6839],[-118.11695,48.69262],[-118.11985,48.69736],[-118.12096,48.70227],[-118.12019,48.70519],[-118.1182,48.70834],[-118.12039,48.71139],[-118.12066,48.71297],[-118.11934,48.71887],[-118.12582,48.72468],[-118.12633,48.72673],[-118.1261,48.72775],[-118.11785,48.73445],[-118.11755,48.73593],[-118.11845,48.73764],[-118.12484,48.7367],[-118.12875,48.73993],[-118.12997,48.74467],[-118.12267,48.74581],[-118.12231,48.7499],[-118.12611,48.75372],[-118.1323,48.75627],[-118.13384,48.75799],[-118.13303,48.75968],[-118.13135,48.76048],[-118.12611,48.761],[-118.12515,48.76278],[-118.12611,48.76486],[-118.13068,48.76493],[-118.13325,48.76636],[-118.13462,48.77408],[-118.13425,48.77525],[-118.13277,48.77694],[-118.12906,48.77761],[-118.12363,48.77446],[-118.12235,48.7763],[-118.1224,48.78016],[-118.12683,48.78619],[-118.13579,48.783],[-118.13853,48.77977],[-118.14321,48.77929],[-118.14525,48.78087],[-118.14616,48.78596],[-118.14806,48.78814],[-118.15634,48.79049],[-118.16022,48.79332],[-118.16086,48.79487],[-118.15878,48.80001],[-118.15982,48.80096],[-118.15976,48.80471],[-118.16063,48.80569],[-118.16092,48.80896],[-118.1671,48.81609],[-118.17015,48.82423],[-118.17056,48.82724],[-118.1759,48.83085],[-118.17932,48.83764],[-118.18748,48.83826],[-118.19551,48.84072],[-118.19607,48.84255],[-118.19381,48.84878],[-118.19421,48.85154],[-118.20168,48.85816],[-118.19848,48.86727],[-118.20285,48.86956],[-118.20819,48.87076],[-118.21011,48.87229],[-118.21061,48.8744],[-118.21275,48.87608],[-118.21364,48.87797],[-118.2138,48.88018],[-118.21233,48.88439],[-118.21448,48.88816],[-118.21201,48.8906],[-118.20932,48.89521],[-118.20913,48.89705],[-118.21011,48.89924],[-118.20194,48.90235],[-118.19897,48.90983],[-118.19595,48.91326],[-118.19693,48.91445],[-118.20117,48.91482],[-118.20401,48.91632],[-118.20572,48.91868],[-118.21269,48.92309],[-118.21784,48.92875],[-118.22167,48.9371],[-118.2206,48.9391],[-118.22083,48.94078],[-118.21864,48.9433],[-118.21463,48.95328],[-118.21073,48.95699],[-118.21138,48.95902],[-118.2108,48.95997],[-118.20836,48.96122],[-118.20724,48.96308],[-118.21122,48.96698],[-118.21417,48.96841],[-118.2169,48.96767],[-118.21988,48.96835],[-118.22166,48.9705],[-118.21779,48.97347],[-118.21645,48.97567],[-118.21617,48.98424],[-118.21459,48.98602],[-118.21003,48.98563],[-118.20589,48.98764],[-118.207,48.98971],[-118.21113,48.99027],[-118.21903,48.99496],[-118.21995,48.99741],[-118.20993,48.99746],[-118.20771,48.99704],[-118.20381,48.9947],[-118.19815,48.99357],[-118.19483,48.99693],[-118.19737,49.00007],[-118.83661,49.00008],[-118.83721,48.90102]]]},"bbox":[-118.86963,47.83036,-118.10452,49.00008],"properties":{"divisionId":"county:53019","divisionType":"county","geoid":"53019","state":"WA","stateName":"Washington","name":"Ferry County","shortName":"Ferry","label":"WA • Ferry","labelPoint":[-118.5335894,48.4732563],"countyAreaSqKm":5848.125,"cameraViewshedAreaSqKm":0.0,"cameraViewshedCoveragePct":0.0}},{"type":"Feature","id":"county:53021","geometry":{"type":"Polygon","coordinates":[[[-119.45748,46.67475],[-119.45677,46.67166],[-119.44793,46.66663],[-119.43326,46.66052],[-119.41877,46.65657],[-119.41305,46.65263],[-119.40878,46.64688],[-119.40741,46.64247],[-119.40801,46.62677],[-119.40682,46.61968],[-119.40467,46.61494],[-119.39795,46.60834],[-119.37904,46.59384],[-119.36736,46.58266],[-119.35411,46.57481],[-119.32833,46.5644],[-119.31592,46.55317],[-119.30523,46.53936],[-119.27628,46.52598],[-119.27139,46.52235],[-119.26904,46.51917],[-119.25985,46.49655],[-119.25843,46.48946],[-119.25934,46.48522],[-119.26319,46.4817],[-119.26406,46.47985],[-119.26108,46.46756],[-119.26333,46.45213],[-119.26182,46.44289],[-119.25907,46.43475],[-119.26331,46.41455],[-119.26548,46.41019],[-119.2667,46.40444],[-119.26686,46.40159],[-119.26499,46.39225],[-119.26541,46.38312],[-119.26644,46.37856],[-119.26945,46.37423],[-119.26954,46.37131],[-119.26381,46.35275],[-119.25827,46.34734],[-119.25632,46.34382],[-119.2529,46.33132],[-119.2502,46.315],[-119.25249,46.30704],[-119.25723,46.29961],[-119.26374,46.29217],[-119.26662,46.28658],[-119.2676,46.27775],[-119.26585,46.27399],[-119.25998,46.26935],[-119.24704,46.26636],[-119.23823,46.26208],[-119.21045,46.23893],[-119.20414,46.23561],[-119.18713,46.2328],[-119.168,46.22741],[-119.13937,46.22625],[-119.12604,46.22455],[-119.11621,46.22239],[-119.10372,46.21819],[-119.08952,46.21113],[-119.0497,46.19707],[-119.0415,46.19267],[-119.03992,46.19626],[-119.03722,46.19806],[-119.03192,46.20746],[-119.02342,46.21666],[-119.01012,46.22074],[-119.00117,46.22542],[-118.9903,46.22927],[-118.97649,46.23755],[-118.97137,46.23885],[-118.9467,46.23981],[-118.91473,46.24399],[-118.88289,46.24986],[-118.86346,46.25139],[-118.85649,46.25496],[-118.85161,46.25863],[-118.84884,46.26488],[-118.84641,46.26768],[-118.83438,46.27326],[-118.83209,46.27629],[-118.83007,46.28162],[-118.82407,46.28488],[-118.81324,46.28859],[-118.80115,46.29059],[-118.79516,46.29073],[-118.78315,46.28938],[-118.77914,46.28974],[-118.7742,46.2913],[-118.76951,46.294],[-118.76712,46.2971],[-118.76662,46.30358],[-118.76872,46.30773],[-118.77432,46.31314],[-118.77416,46.31712],[-118.77326,46.31853],[-118.76425,46.32345],[-118.76138,46.32621],[-118.76039,46.3284],[-118.75828,46.34155],[-118.7462,46.35951],[-118.74243,46.36085],[-118.72087,46.36128],[-118.7049,46.35959],[-118.7009,46.36004],[-118.6971,46.3633],[-118.69535,46.37599],[-118.69276,46.3799],[-118.68862,46.38212],[-118.67454,46.38525],[-118.67002,46.3881],[-118.66535,46.39434],[-118.66242,46.40038],[-118.65813,46.40437],[-118.63739,46.41067],[-118.63441,46.41259],[-118.63383,46.41402],[-118.63416,46.42197],[-118.6377,46.43031],[-118.63768,46.43539],[-118.6313,46.44703],[-118.63244,46.45151],[-118.63195,46.45432],[-118.61899,46.47436],[-118.61836,46.47861],[-118.62057,46.49037],[-118.61793,46.50116],[-118.61559,46.50454],[-118.59683,46.52062],[-118.59241,46.52586],[-118.58821,46.5287],[-118.58209,46.53111],[-118.5654,46.53496],[-118.56304,46.53668],[-118.56028,46.53922],[-118.55151,46.5524],[-118.54801,46.55593],[-118.53,46.56558],[-118.52799,46.56766],[-118.49652,46.57553],[-118.48438,46.58523],[-118.47949,46.59221],[-118.47593,46.59514],[-118.46734,46.59858],[-118.46236,46.59865],[-118.45264,46.59697],[-118.44456,46.5925],[-118.42318,46.58374],[-118.40442,46.58084],[-118.38973,46.5806],[-118.38565,46.58256],[-118.37267,46.59214],[-118.36172,46.59801],[-118.32639,46.60631],[-118.31408,46.60672],[-118.30568,46.60548],[-118.29138,46.59708],[-118.28339,46.59371],[-118.27863,46.59324],[-118.27386,46.59382],[-118.25775,46.59964],[-118.24856,46.60111],[-118.24426,46.60073],[-118.22447,46.59102],[-118.21566,46.58892],[-118.21502,46.59124],[-118.21138,46.59458],[-118.21085,46.59663],[-118.2114,46.59797],[-118.21388,46.59821],[-118.21437,46.59893],[-118.2111,46.60076],[-118.20978,46.604],[-118.20781,46.60501],[-118.20828,46.60972],[-118.20641,46.61034],[-118.20403,46.60998],[-118.20008,46.6076],[-118.19826,46.61172],[-118.19973,46.61759],[-118.19831,46.61891],[-118.1983,46.62196],[-118.19908,46.62329],[-118.20906,46.62953],[-118.21541,46.6321],[-118.21667,46.63438],[-118.21464,46.63869],[-118.21529,46.63954],[-118.22027,46.64114],[-118.22188,46.64277],[-118.22241,46.64529],[-118.22568,46.64674],[-118.228,46.65093],[-118.22757,46.65334],[-118.23073,46.65644],[-118.22832,46.65883],[-118.22721,46.66251],[-118.22368,46.66371],[-118.22495,46.66626],[-118.22353,46.6667],[-118.2244,46.6693],[-118.22399,46.67198],[-118.22248,46.67247],[-118.22366,46.67395],[-118.21795,46.67706],[-118.21754,46.67928],[-118.22085,46.68419],[-118.22286,46.6896],[-118.22937,46.69995],[-118.233,46.70371],[-118.23406,46.70754],[-118.24111,46.71878],[-118.24602,46.72876],[-118.24939,46.73347],[-118.24865,46.73433],[-118.24447,46.73509],[-118.23989,46.73811],[-118.23609,46.73459],[-118.2335,46.73387],[-118.2307,46.73446],[-118.22724,46.73657],[-118.22025,46.73677],[-118.21024,46.73883],[-118.28242,46.73863],[-118.35888,46.73662],[-118.48426,46.73681],[-118.77232,46.73539],[-118.98436,46.73652],[-119.09131,46.73785],[-119.24388,46.73829],[-119.36943,46.73769],[-119.36916,46.67818],[-119.41133,46.67817],[-119.45319,46.67924],[-119.45661,46.67668],[-119.45748,46.67475]]]},"bbox":[-119.45748,46.19267,-118.19826,46.73883],"properties":{"divisionId":"county:53021","divisionType":"county","geoid":"53021","state":"WA","stateName":"Washington","name":"Franklin County","shortName":"Franklin","label":"WA • Franklin","labelPoint":[-118.9038912,46.5375019],"countyAreaSqKm":3276.05,"cameraViewshedAreaSqKm":0.0,"cameraViewshedCoveragePct":0.0}},{"type":"Feature","id":"county:53023","geometry":{"type":"Polygon","coordinates":[[[-117.86331,46.47435],[-117.86335,46.47067],[-117.7373,46.47145],[-117.73742,46.44199],[-117.71663,46.4418],[-117.71645,46.39761],[-117.69509,46.39768],[-117.69494,46.38325],[-117.67395,46.38328],[-117.67495,46.33765],[-117.6119,46.33848],[-117.61271,46.29417],[-117.6126,46.12132],[-117.6033,46.12131],[-117.60342,45.99895],[-117.47993,45.9978],[-117.47999,46.12199],[-117.41948,46.12196],[-117.41943,46.27929],[-117.41956,46.29416],[-117.42075,46.29416],[-117.42077,46.33866],[-117.41933,46.38314],[-117.39834,46.38346],[-117.39843,46.398],[-117.35576,46.39765],[-117.35598,46.41219],[-117.2288,46.41131],[-117.22812,46.46224],[-117.23293,46.46398],[-117.237,46.46831],[-117.23927,46.476],[-117.23859,46.48175],[-117.23375,46.49085],[-117.23134,46.50058],[-117.23274,46.50562],[-117.23632,46.50963],[-117.24126,46.51846],[-117.24491,46.52275],[-117.24648,46.53035],[-117.24991,46.53573],[-117.25057,46.53883],[-117.25353,46.54426],[-117.26117,46.55044],[-117.26791,46.55448],[-117.28297,46.56129],[-117.29295,46.57201],[-117.30137,46.57749],[-117.31287,46.58095],[-117.32681,46.58078],[-117.33754,46.58197],[-117.34255,46.58368],[-117.34896,46.58767],[-117.3526,46.59174],[-117.35621,46.59938],[-117.35907,46.60227],[-117.37101,46.60904],[-117.3786,46.61198],[-117.38274,46.61468],[-117.38621,46.61888],[-117.38879,46.62658],[-117.38854,46.63051],[-117.38514,46.6409],[-117.3852,46.64788],[-117.38618,46.6497],[-117.39026,46.65278],[-117.39635,46.6548],[-117.41042,46.65653],[-117.4222,46.65531],[-117.4283,46.65711],[-117.43274,46.65945],[-117.44181,46.66651],[-117.447,46.67273],[-117.45247,46.68493],[-117.45437,46.69153],[-117.46241,46.69859],[-117.46744,46.70005],[-117.47756,46.7],[-117.49,46.69537],[-117.49696,46.68993],[-117.49843,46.68434],[-117.50065,46.68205],[-117.50697,46.67928],[-117.51442,46.67729],[-117.53042,46.67738],[-117.54416,46.68014],[-117.54962,46.6803],[-117.59779,46.67254],[-117.61109,46.67321],[-117.62061,46.67612],[-117.62868,46.68109],[-117.63939,46.69339],[-117.64536,46.69843],[-117.65173,46.7008],[-117.65793,46.70198],[-117.68428,46.7031],[-117.6961,46.69958],[-117.71923,46.69709],[-117.7329,46.69379],[-117.74087,46.69458],[-117.74939,46.69085],[-117.75447,46.68654],[-117.75889,46.67983],[-117.76338,46.65959],[-117.76692,46.65256],[-117.77598,46.64186],[-117.7923,46.62952],[-117.80292,46.62505],[-117.82215,46.62206],[-117.82909,46.62205],[-117.85185,46.62467],[-117.85317,46.56019],[-117.86159,46.56023],[-117.86331,46.47435]]]},"bbox":[-117.86335,45.9978,-117.22812,46.7031],"properties":{"divisionId":"county:53023","divisionType":"county","geoid":"53023","state":"WA","stateName":"Washington","name":"Garfield County","shortName":"Garfield","label":"WA • Garfield","labelPoint":[-117.5367052,46.4293176],"countyAreaSqKm":1860.484,"cameraViewshedAreaSqKm":0.0,"cameraViewshedCoveragePct":0.0}},{"type":"Feature","id":"county:53025","geometry":{"type":"Polygon","coordinates":[[[-119.23735,46.91223],[-118.98265,46.91134],[-118.98115,47.14496],[-118.9799,47.2034],[-118.9791,47.30979],[-118.97952,47.34953],[-118.9788,47.36316],[-118.9793,47.36435],[-118.97753,47.49515],[-118.97777,47.59717],[-118.97559,47.72698],[-118.97396,47.93281],[-118.97282,47.941],[-118.9735,47.94357],[-118.98006,47.94657],[-118.98275,47.94978],[-118.98177,47.95799],[-118.98223,47.96202],[-119.10387,47.96176],[-119.10397,47.94669],[-119.12558,47.9468],[-119.1259,47.9173],[-119.1474,47.91739],[-119.1474,47.90265],[-119.19055,47.90247],[-119.19063,47.88781],[-119.21222,47.88771],[-119.21241,47.80069],[-119.2339,47.80066],[-119.23417,47.77198],[-119.25586,47.77169],[-119.25578,47.74251],[-119.27717,47.7426],[-119.27724,47.72824],[-119.29865,47.72833],[-119.29884,47.6704],[-119.32014,47.67023],[-119.3203,47.6268],[-119.34148,47.62675],[-119.34177,47.61239],[-119.4052,47.61264],[-119.40532,47.59901],[-119.42677,47.59906],[-119.42684,47.58478],[-119.4478,47.5849],[-119.44768,47.57046],[-119.4691,47.57076],[-119.46917,47.55661],[-119.4901,47.55654],[-119.49047,47.54202],[-119.51209,47.54204],[-119.51169,47.52763],[-119.53289,47.52776],[-119.53312,47.44121],[-119.61906,47.44138],[-119.87576,47.43749],[-119.87582,47.4083],[-119.89717,47.40797],[-119.89738,47.39347],[-119.91875,47.39345],[-119.91892,47.36447],[-119.94024,47.36436],[-119.94044,47.34943],[-119.96134,47.34878],[-119.96182,47.33495],[-119.98323,47.33462],[-119.98313,47.32043],[-120.0047,47.31999],[-120.0044,47.2623],[-120.00291,47.26232],[-120.00439,47.24596],[-120.0049,47.22108],[-120.00707,47.22013],[-120.00394,47.21604],[-120.00244,47.20999],[-120.00581,47.20098],[-120.00549,47.19378],[-120.00369,47.18438],[-120.01049,47.17227],[-120.01115,47.16745],[-120.00969,47.15855],[-120.00117,47.14593],[-120.00005,47.13522],[-120.00206,47.12615],[-120.00887,47.11765],[-120.01027,47.11355],[-120.01197,47.11185],[-120.01767,47.11075],[-120.02267,47.10855],[-120.02757,47.10525],[-120.03447,47.09355],[-120.04007,47.08215],[-120.04227,47.07625],[-120.04277,47.07155],[-120.04007,47.06295],[-120.03557,47.05665],[-120.03047,47.05245],[-120.01297,47.04075],[-120.00856,47.03625],[-120.00707,47.03245],[-120.00727,47.02855],[-120.00626,47.02495],[-120.00577,47.01625],[-120.00186,47.01015],[-120.00137,47.00815],[-120.00246,46.99985],[-120.00112,46.99364],[-119.98282,46.96616],[-119.97839,46.96106],[-119.96961,46.94746],[-119.9658,46.94328],[-119.96412,46.93498],[-119.96533,46.92744],[-119.96397,46.92431],[-119.96319,46.91882],[-119.9658,46.88929],[-119.96458,46.8572],[-119.96275,46.85406],[-119.9523,46.84267],[-119.94402,46.83552],[-119.93363,46.82471],[-119.92754,46.81709],[-119.92589,46.81309],[-119.92744,46.79845],[-119.94133,46.77683],[-119.94962,46.76885],[-119.96182,46.76189],[-119.96998,46.75497],[-119.9708,46.75274],[-119.97092,46.74545],[-119.97304,46.73713],[-119.97361,46.72945],[-119.97271,46.72324],[-119.9687,46.71443],[-119.95675,46.69352],[-119.94901,46.6822],[-119.94644,46.67593],[-119.94422,46.67324],[-119.93046,46.66255],[-119.91983,46.65763],[-119.91581,46.6535],[-119.91449,46.64973],[-119.90861,46.64269],[-119.90148,46.6356],[-119.89758,46.63327],[-119.88155,46.63063],[-119.86671,46.62662],[-119.83478,46.6255],[-119.82243,46.62608],[-119.80546,46.62989],[-119.7827,46.63342],[-119.7636,46.63532],[-119.75097,46.63566],[-119.74297,46.63794],[-119.72045,46.64707],[-119.71106,46.64882],[-119.69423,46.64844],[-119.68112,46.6465],[-119.66893,46.6423],[-119.65704,46.64016],[-119.6478,46.64035],[-119.63003,46.64342],[-119.61848,46.64758],[-119.60114,46.65731],[-119.58168,46.66991],[-119.56243,46.68812],[-119.53947,46.70671],[-119.53468,46.70964],[-119.5293,46.71792],[-119.52613,46.72116],[-119.51658,46.72764],[-119.51139,46.72769],[-119.50502,46.72616],[-119.50112,46.72471],[-119.48711,46.71681],[-119.48148,46.71066],[-119.46959,46.70059],[-119.45141,46.68836],[-119.44973,46.68474],[-119.45092,46.68149],[-119.45319,46.67924],[-119.41133,46.67817],[-119.36916,46.67818],[-119.36951,46.78115],[-119.36866,46.91256],[-119.23735,46.91223]]]},"bbox":[-120.04277,46.6255,-118.97282,47.96202],"properties":{"divisionId":"county:53025","divisionType":"county","geoid":"53025","state":"WA","stateName":"Washington","name":"Grant County","shortName":"Grant","label":"WA • Grant","labelPoint":[-119.467788,47.2136328],"countyAreaSqKm":7230.358,"cameraViewshedAreaSqKm":0.0,"cameraViewshedCoveragePct":0.0}},{"type":"Feature","id":"county:53027","geometry":{"type":"Polygon","coordinates":[[[-123.53228,46.79403],[-123.48293,46.79288],[-123.40163,46.7928],[-123.36089,46.79186],[-123.35139,46.79351],[-123.2258,46.7934],[-123.20286,46.79443],[-123.16059,46.79338],[-123.16022,46.80107],[-123.16064,46.90968],[-123.15944,46.98137],[-123.15836,46.99587],[-123.2031,46.99697],[-123.20089,47.01041],[-123.20101,47.01467],[-123.20004,47.01479],[-123.20101,47.01475],[-123.20133,47.0247],[-123.20082,47.05346],[-123.20189,47.08506],[-123.2653,47.08504],[-123.3687,47.08245],[-123.40964,47.08329],[-123.474,47.08226],[-123.48894,47.08265],[-123.48973,47.08992],[-123.48917,47.11127],[-123.48999,47.1258],[-123.48971,47.15486],[-123.49121,47.1626],[-123.49004,47.16926],[-123.48978,47.18383],[-123.49081,47.25821],[-123.50502,47.25854],[-123.50559,47.31451],[-123.50505,47.34477],[-123.50601,47.35912],[-123.50592,47.51772],[-124.03019,47.51816],[-124.04674,47.51853],[-124.0465,47.53367],[-124.31032,47.53368],[-124.42955,47.53295],[-124.41706,47.48154],[-124.41706,47.47884],[-124.42056,47.47545],[-124.42173,47.46868],[-124.42056,47.45597],[-124.40654,47.42802],[-124.41939,47.41447],[-124.42173,47.40685],[-124.42173,47.39329],[-124.41939,47.38398],[-124.41355,47.36873],[-124.39953,47.34078],[-124.39135,47.32977],[-124.35964,47.30934],[-124.35999,47.30297],[-124.35907,47.29279],[-124.35593,47.28465],[-124.3513,47.27639],[-124.33605,47.26161],[-124.31522,47.25152],[-124.3087,47.24981],[-124.30637,47.24808],[-124.29585,47.21251],[-124.2795,47.17439],[-124.27366,47.16507],[-124.27249,47.16084],[-124.27366,47.15491],[-124.27366,47.14813],[-124.26548,47.1278],[-124.25964,47.11679],[-124.25129,47.09665],[-124.24931,47.08451],[-124.24939,47.07864],[-124.24832,47.07085],[-124.24413,47.05865],[-124.24401,47.01886],[-124.24214,46.99981],[-124.24154,46.99981],[-124.2429,46.98982],[-124.24562,46.97897],[-124.24698,46.96812],[-124.2497,46.95629],[-124.2497,46.94643],[-124.24664,46.91781],[-124.24392,46.90894],[-124.23984,46.90006],[-124.23439,46.89119],[-124.20947,46.87481],[-124.20683,46.87072],[-124.19458,46.84409],[-124.1812,46.79374],[-124.08165,46.79424],[-124.01815,46.79279],[-123.88662,46.79289],[-123.85649,46.79092],[-123.85651,46.79157],[-123.77769,46.79284],[-123.53228,46.79403]]]},"bbox":[-124.42955,46.79092,-123.15836,47.53368],"properties":{"divisionId":"county:53027","divisionType":"county","geoid":"53027","state":"WA","stateName":"Washington","name":"Grays Harbor County","shortName":"Grays Harbor","label":"WA • Grays Harbor","labelPoint":[-123.8269039,47.1117231],"countyAreaSqKm":5759.883,"cameraViewshedAreaSqKm":0.0,"cameraViewshedCoveragePct":0.0}},{"type":"Feature","id":"county:53029","geometry":{"type":"Polygon","coordinates":[[[-122.86308,48.37036],[-122.86268,48.24366],[-122.85209,48.22646],[-122.83197,48.20766],[-122.81833,48.19883],[-122.76604,48.17329],[-122.75381,48.16524],[-122.73001,48.15252],[-122.7033,48.13442],[-122.69519,48.13204],[-122.67394,48.1305],[-122.66505,48.12903],[-122.65782,48.1259],[-122.65244,48.12068],[-122.64823,48.1138],[-122.64302,48.09913],[-122.64012,48.04608],[-122.63617,48.02186],[-122.63265,48.00719],[-122.63,47.99981],[-122.62627,47.9932],[-122.61291,47.97796],[-122.59061,47.96034],[-122.58467,47.95613],[-122.57772,47.95252],[-122.56474,47.94761],[-122.51065,47.93367],[-122.50181,47.92971],[-122.49487,47.92335],[-122.49218,47.91956],[-122.48978,47.915],[-122.48545,47.90199],[-122.48158,47.89307],[-122.47287,47.88049],[-122.44443,47.8555],[-122.43358,47.84362],[-122.42962,47.8281],[-122.42295,47.83852],[-122.41205,47.85062],[-122.39805,47.86162],[-122.37625,47.87628],[-122.36682,47.88411],[-122.35635,47.89432],[-122.35135,47.90282],[-122.34885,47.91472],[-122.33585,47.92872],[-122.33335,47.93322],[-122.33045,47.94772],[-122.32846,47.96376],[-122.33048,47.97322],[-122.33428,47.98172],[-122.34749,48.00176],[-122.3521,48.01338],[-122.35065,48.0224],[-122.34309,48.03653],[-122.34044,48.04302],[-122.33938,48.04948],[-122.34017,48.05429],[-122.34357,48.06604],[-122.35209,48.08292],[-122.36302,48.09646],[-122.37712,48.10815],[-122.40317,48.13759],[-122.4097,48.14691],[-122.41412,48.15514],[-122.41791,48.17062],[-122.41767,48.18592],[-122.41644,48.19339],[-122.41379,48.201],[-122.40563,48.21188],[-122.39641,48.22646],[-122.39468,48.22982],[-122.39298,48.23743],[-122.39368,48.23876],[-122.39945,48.24242],[-122.40083,48.24467],[-122.40083,48.24633],[-122.40313,48.24794],[-122.41071,48.25918],[-122.42848,48.2786],[-122.44197,48.28964],[-122.45282,48.29563],[-122.48057,48.30394],[-122.49724,48.31153],[-122.50788,48.32095],[-122.52727,48.33252],[-122.53956,48.34094],[-122.54786,48.34937],[-122.55392,48.35429],[-122.55699,48.35918],[-122.55813,48.36284],[-122.56069,48.36573],[-122.56087,48.36798],[-122.56427,48.37008],[-122.56571,48.37203],[-122.56993,48.37378],[-122.57089,48.37738],[-122.57477,48.38133],[-122.57709,48.39122],[-122.5807,48.39618],[-122.58022,48.39889],[-122.57715,48.40229],[-122.57734,48.40603],[-122.58451,48.41114],[-122.58576,48.41612],[-122.58936,48.41735],[-122.59318,48.41785],[-122.59701,48.4172],[-122.60296,48.41461],[-122.60883,48.41383],[-122.62164,48.40917],[-122.63059,48.4099],[-122.64031,48.40606],[-122.64814,48.40633],[-122.65525,48.40468],[-122.66081,48.40596],[-122.66385,48.41139],[-122.66738,48.41257],[-122.67076,48.41262],[-122.73974,48.40551],[-122.74287,48.39144],[-122.7446,48.38733],[-122.74953,48.38025],[-122.75673,48.37482],[-122.76394,48.37155],[-122.77134,48.36988],[-122.78341,48.36892],[-122.80099,48.36904],[-122.84994,48.37148],[-122.86308,48.37036]]]},"bbox":[-122.86308,47.8281,-122.32846,48.41785],"properties":{"divisionId":"county:53029","divisionType":"county","geoid":"53029","state":"WA","stateName":"Washington","name":"Island County","shortName":"Island","label":"WA • Island","labelPoint":[-122.6706492,48.1585538],"countyAreaSqKm":1339.921,"cameraViewshedAreaSqKm":0.0,"cameraViewshedCoveragePct":0.0}},{"type":"Feature","id":"county:53031","geometry":{"type":"Polygon","coordinates":[[[-122.95295,48.2698],[-122.95211,48.10851],[-122.93894,48.10862],[-122.91741,48.11097],[-122.90926,48.10942],[-122.90584,48.10693],[-122.89996,48.09886],[-122.89898,48.09529],[-122.89913,48.09105],[-122.9072,48.07455],[-122.90728,48.07292],[-122.9058,48.07089],[-122.89697,48.06515],[-122.94918,48.06515],[-122.94929,48.04298],[-122.94688,48.02675],[-122.9489,48.01248],[-122.94873,47.99807],[-122.94987,47.98369],[-122.94952,47.9693],[-122.9515,47.95429],[-122.95087,47.9543],[-122.95126,47.92502],[-122.95068,47.91042],[-122.94886,47.89529],[-122.94818,47.88139],[-122.94917,47.86682],[-123.50592,47.8669],[-123.50592,47.88108],[-124.27028,47.88161],[-124.36509,47.88108],[-124.41651,47.88195],[-124.43846,47.88313],[-124.52341,47.88235],[-124.57922,47.8807],[-124.71502,47.87986],[-124.7144,47.87902],[-124.71715,47.879],[-124.71126,47.86403],[-124.70686,47.85772],[-124.70197,47.85259],[-124.69529,47.84726],[-124.6886,47.84315],[-124.66539,47.83363],[-124.65406,47.82528],[-124.64184,47.81942],[-124.63818,47.8129],[-124.63321,47.80679],[-124.62318,47.79842],[-124.61689,47.79157],[-124.60809,47.78485],[-124.60448,47.77829],[-124.59905,47.77164],[-124.58928,47.76354],[-124.5759,47.75642],[-124.57113,47.74902],[-124.56422,47.74184],[-124.56087,47.73525],[-124.55619,47.72903],[-124.54862,47.72198],[-124.5403,47.71645],[-124.54819,47.70955],[-124.55941,47.69578],[-124.56364,47.68872],[-124.56655,47.68024],[-124.56724,47.67154],[-124.56554,47.66185],[-124.56127,47.65272],[-124.55463,47.64443],[-124.54612,47.63716],[-124.53758,47.63185],[-124.52678,47.62712],[-124.51492,47.62371],[-124.50109,47.62162],[-124.48696,47.6212],[-124.47417,47.62227],[-124.4614,47.62496],[-124.4596,47.61575],[-124.45512,47.60661],[-124.45572,47.59791],[-124.4538,47.58842],[-124.44822,47.57787],[-124.44002,47.56904],[-124.43097,47.53294],[-124.31032,47.53368],[-124.0465,47.53367],[-124.04674,47.51853],[-124.03019,47.51816],[-123.50592,47.51772],[-123.50592,47.60462],[-123.37701,47.60462],[-123.37701,47.60691],[-123.36703,47.60746],[-123.09926,47.60737],[-122.95062,47.60631],[-122.94393,47.61075],[-122.93805,47.62076],[-122.93163,47.62639],[-122.92225,47.63062],[-122.90527,47.63529],[-122.8969,47.63846],[-122.87259,47.65542],[-122.85878,47.66295],[-122.84972,47.66604],[-122.82978,47.66963],[-122.81239,47.67093],[-122.79586,47.67104],[-122.78324,47.67275],[-122.775,47.67527],[-122.76651,47.67991],[-122.76005,47.68623],[-122.75749,47.69236],[-122.75774,47.69519],[-122.76462,47.7051],[-122.76589,47.70994],[-122.76578,47.71606],[-122.76339,47.72341],[-122.75836,47.73164],[-122.75277,47.73825],[-122.74645,47.74343],[-122.74169,47.74982],[-122.73871,47.75522],[-122.73325,47.76949],[-122.72197,47.78767],[-122.71449,47.79564],[-122.68651,47.81637],[-122.62626,47.85838],[-122.59936,47.87481],[-122.59727,47.87738],[-122.5954,47.88399],[-122.59659,47.88958],[-122.60084,47.89517],[-122.60678,47.89892],[-122.61809,47.90326],[-122.62626,47.90883],[-122.63072,47.91514],[-122.63384,47.92195],[-122.63487,47.92619],[-122.63709,47.93565],[-122.63741,47.9417],[-122.63449,47.95131],[-122.63207,47.9555],[-122.62778,47.96045],[-122.61844,47.96745],[-122.60676,47.97295],[-122.61586,47.98079],[-122.62627,47.9932],[-122.63,47.99981],[-122.63265,48.00719],[-122.63617,48.02186],[-122.64012,48.04608],[-122.64302,48.09913],[-122.64655,48.10987],[-122.65019,48.11742],[-122.65651,48.12482],[-122.66259,48.1283],[-122.67199,48.13028],[-122.69519,48.13204],[-122.7033,48.13442],[-122.73001,48.15252],[-122.75381,48.16524],[-122.76604,48.17329],[-122.81833,48.19883],[-122.83197,48.20766],[-122.85209,48.22646],[-122.86268,48.24366],[-122.86308,48.37036],[-122.95239,48.34971],[-122.95295,48.2698]]]},"bbox":[-124.71715,47.51772,-122.5954,48.37036],"properties":{"divisionId":"county:53031","divisionType":"county","geoid":"53031","state":"WA","stateName":"Washington","name":"Jefferson County","shortName":"Jefferson","label":"WA • Jefferson","labelPoint":[-123.5270572,47.8057075],"countyAreaSqKm":5668.376,"cameraViewshedAreaSqKm":0.0,"cameraViewshedCoveragePct":0.0}},{"type":"Feature","id":"county:53033","geometry":{"type":"Polygon","coordinates":[[[-122.00035,47.77539],[-122.33532,47.77777],[-122.43809,47.77781],[-122.42943,47.76242],[-122.42739,47.75395],[-122.42715,47.74536],[-122.42992,47.73528],[-122.43346,47.72891],[-122.43746,47.71305],[-122.44431,47.70765],[-122.44692,47.70448],[-122.45761,47.68517],[-122.4597,47.67579],[-122.45938,47.66916],[-122.45441,47.65325],[-122.45281,47.6438],[-122.45284,47.63609],[-122.45491,47.62656],[-122.44867,47.61651],[-122.4465,47.61149],[-122.44606,47.608],[-122.44757,47.59331],[-122.45358,47.58124],[-122.45477,47.57368],[-122.45337,47.5696],[-122.44572,47.55883],[-122.4443,47.55557],[-122.44386,47.5518],[-122.44485,47.54333],[-122.44702,47.54004],[-122.45832,47.53273],[-122.47405,47.52662],[-122.48002,47.52174],[-122.48333,47.51742],[-122.48489,47.51304],[-122.4856,47.50627],[-122.48791,47.50191],[-122.49173,47.4976],[-122.49556,47.49158],[-122.51162,47.47342],[-122.51654,47.46674],[-122.51924,47.46163],[-122.52318,47.44701],[-122.52334,47.43044],[-122.5245,47.42387],[-122.52792,47.41614],[-122.5364,47.40465],[-122.53976,47.39655],[-122.53927,47.39246],[-122.53111,47.38316],[-122.52836,47.37704],[-122.52907,47.37296],[-122.538,47.35988],[-122.54139,47.35133],[-122.54094,47.34482],[-122.53759,47.33734],[-122.53478,47.33344],[-122.5273,47.32648],[-122.51734,47.32158],[-122.50386,47.3182],[-122.49148,47.31729],[-122.47155,47.31862],[-122.46318,47.3208],[-122.45174,47.32546],[-122.43725,47.33372],[-122.33483,47.26311],[-122.33491,47.25737],[-122.14398,47.25753],[-122.1437,47.2566],[-122.13675,47.25437],[-122.13833,47.25065],[-122.13732,47.24894],[-122.13758,47.24682],[-122.1355,47.2466],[-122.13426,47.24399],[-122.12297,47.23913],[-122.12251,47.23724],[-122.12385,47.23514],[-122.12587,47.23403],[-122.12546,47.23232],[-122.12055,47.23083],[-122.11575,47.23134],[-122.11609,47.2302],[-122.11486,47.22897],[-122.11757,47.22659],[-122.11751,47.22586],[-122.11304,47.22363],[-122.11569,47.22069],[-122.11324,47.21779],[-122.1156,47.21683],[-122.11576,47.21598],[-122.11092,47.21253],[-122.1103,47.20994],[-122.10702,47.20763],[-122.10071,47.20007],[-122.09683,47.19958],[-122.09483,47.1982],[-122.09393,47.19673],[-122.09516,47.19564],[-122.09476,47.19498],[-122.08634,47.19373],[-122.08349,47.19251],[-122.08134,47.19022],[-122.07016,47.18764],[-122.06751,47.1877],[-122.06338,47.18588],[-122.05843,47.17991],[-122.0543,47.1786],[-122.05368,47.17572],[-122.04749,47.17123],[-122.04488,47.17129],[-122.04146,47.17272],[-122.03643,47.17279],[-122.03193,47.17501],[-122.02231,47.17397],[-122.01272,47.17605],[-122.00976,47.1754],[-122.0067,47.17288],[-122.00677,47.17096],[-122.00453,47.1702],[-122.0006,47.1702],[-121.99745,47.17219],[-121.99393,47.17257],[-121.9938,47.16829],[-121.99145,47.16324],[-121.98852,47.16298],[-121.98427,47.1646],[-121.98058,47.16456],[-121.97317,47.16071],[-121.97134,47.15739],[-121.96951,47.15628],[-121.96467,47.15599],[-121.95867,47.15724],[-121.95419,47.15567],[-121.95157,47.15401],[-121.94994,47.15095],[-121.95064,47.14559],[-121.95007,47.14454],[-121.94382,47.14005],[-121.93643,47.13846],[-121.93365,47.13831],[-121.93191,47.13928],[-121.93091,47.1427],[-121.92786,47.14482],[-121.92789,47.14771],[-121.92089,47.14996],[-121.90942,47.15054],[-121.90154,47.15574],[-121.89141,47.15466],[-121.88619,47.15295],[-121.87847,47.15394],[-121.87522,47.15123],[-121.87294,47.15053],[-121.86548,47.1526],[-121.86085,47.15065],[-121.8611,47.14745],[-121.86041,47.1466],[-121.85524,47.14755],[-121.84945,47.14726],[-121.84612,47.14439],[-121.84243,47.14332],[-121.83946,47.1434],[-121.83169,47.14848],[-121.83217,47.15089],[-121.8313,47.15193],[-121.82707,47.15268],[-121.8193,47.1588],[-121.81331,47.1595],[-121.8104,47.16387],[-121.8053,47.16583],[-121.80333,47.16925],[-121.79943,47.16983],[-121.79646,47.17306],[-121.78336,47.17222],[-121.77756,47.17338],[-121.77691,47.17282],[-121.77769,47.17046],[-121.77335,47.16649],[-121.7693,47.16542],[-121.76685,47.16678],[-121.76246,47.16751],[-121.74949,47.16207],[-121.74643,47.16269],[-121.74457,47.16464],[-121.74309,47.16454],[-121.73802,47.16037],[-121.72802,47.15763],[-121.7249,47.15439],[-121.71914,47.15112],[-121.70507,47.152],[-121.70209,47.15125],[-121.6971,47.15146],[-121.68825,47.14956],[-121.68417,47.14979],[-121.68079,47.15257],[-121.67499,47.15493],[-121.66865,47.15587],[-121.66452,47.15956],[-121.6622,47.16004],[-121.6582,47.15838],[-121.65585,47.15861],[-121.64852,47.15493],[-121.64382,47.15559],[-121.63755,47.15331],[-121.62953,47.15343],[-121.62831,47.152],[-121.62706,47.15239],[-121.62436,47.15127],[-121.62339,47.14996],[-121.62079,47.1494],[-121.62105,47.14781],[-121.61723,47.14648],[-121.61802,47.14529],[-121.61761,47.14468],[-121.61147,47.14299],[-121.60965,47.13838],[-121.60624,47.13742],[-121.60579,47.1349],[-121.60099,47.13165],[-121.60064,47.12994],[-121.59868,47.12863],[-121.59722,47.12591],[-121.5952,47.12526],[-121.59446,47.12223],[-121.58196,47.11866],[-121.57364,47.12027],[-121.57043,47.11919],[-121.56271,47.12007],[-121.56036,47.11954],[-121.55454,47.12234],[-121.55123,47.12292],[-121.53588,47.12255],[-121.53151,47.12458],[-121.52335,47.12394],[-121.51593,47.12156],[-121.51372,47.12297],[-121.50975,47.1225],[-121.50653,47.12014],[-121.50685,47.11883],[-121.50526,47.11798],[-121.50374,47.11865],[-121.49965,47.11828],[-121.49723,47.11644],[-121.49321,47.1159],[-121.49114,47.1169],[-121.48978,47.11637],[-121.48571,47.11197],[-121.48068,47.11064],[-121.47994,47.10848],[-121.47802,47.10798],[-121.47618,47.10582],[-121.47603,47.10366],[-121.47393,47.10237],[-121.47188,47.09974],[-121.4682,47.09849],[-121.46383,47.09468],[-121.45855,47.09267],[-121.45474,47.08935],[-121.44986,47.08841],[-121.44743,47.08702],[-121.44708,47.08604],[-121.4409,47.08435],[-121.43834,47.0855],[-121.42823,47.08735],[-121.41803,47.08822],[-121.41647,47.0896],[-121.41197,47.0907],[-121.40665,47.08859],[-121.39227,47.08888],[-121.38664,47.08727],[-121.38231,47.08825],[-121.37996,47.08725],[-121.37677,47.0887],[-121.37689,47.08988],[-121.38046,47.091],[-121.38341,47.09508],[-121.3869,47.09434],[-121.39105,47.09212],[-121.393,47.09202],[-121.39567,47.09485],[-121.40291,47.09858],[-121.40183,47.10045],[-121.39976,47.10172],[-121.39906,47.1046],[-121.40281,47.10644],[-121.40432,47.10864],[-121.40808,47.1181],[-121.40624,47.12072],[-121.4027,47.12177],[-121.40134,47.12294],[-121.39972,47.12454],[-121.39915,47.12657],[-121.39487,47.12867],[-121.39397,47.13276],[-121.38858,47.13354],[-121.38132,47.13725],[-121.37656,47.13749],[-121.36822,47.13959],[-121.36468,47.14176],[-121.3576,47.13999],[-121.3539,47.14054],[-121.34974,47.1376],[-121.34778,47.13801],[-121.34458,47.13717],[-121.34311,47.1359],[-121.3399,47.1357],[-121.3351,47.13268],[-121.32592,47.1336],[-121.32076,47.13529],[-121.31553,47.13384],[-121.30335,47.13894],[-121.30124,47.14519],[-121.29755,47.14867],[-121.29933,47.14985],[-121.29936,47.1518],[-121.30601,47.162],[-121.3119,47.16404],[-121.31782,47.17339],[-121.31767,47.17446],[-121.31505,47.17722],[-121.31185,47.17954],[-121.31012,47.18243],[-121.30996,47.18526],[-121.30824,47.18584],[-121.30612,47.18802],[-121.30647,47.19276],[-121.30838,47.19612],[-121.31176,47.19968],[-121.30912,47.20298],[-121.3097,47.20444],[-121.31163,47.20557],[-121.3112,47.20766],[-121.31417,47.20883],[-121.31685,47.21177],[-121.32118,47.213],[-121.32518,47.21609],[-121.33523,47.21918],[-121.33888,47.21805],[-121.34594,47.21862],[-121.35102,47.2206],[-121.35389,47.22056],[-121.35577,47.22212],[-121.36507,47.22438],[-121.3657,47.22646],[-121.35843,47.23423],[-121.35849,47.23757],[-121.36075,47.24053],[-121.3525,47.24229],[-121.35058,47.24424],[-121.34654,47.24643],[-121.33983,47.24715],[-121.33755,47.2529],[-121.33403,47.25421],[-121.33203,47.25729],[-121.33194,47.25877],[-121.33589,47.26063],[-121.33542,47.26354],[-121.33721,47.26509],[-121.33767,47.26737],[-121.33875,47.26832],[-121.33817,47.27026],[-121.33925,47.27336],[-121.33835,47.27597],[-121.34132,47.27798],[-121.3412,47.28126],[-121.3437,47.28265],[-121.34973,47.28313],[-121.35133,47.2846],[-121.35417,47.28383],[-121.35968,47.28553],[-121.36053,47.28642],[-121.36037,47.29084],[-121.36178,47.29193],[-121.36699,47.29093],[-121.37077,47.28833],[-121.36934,47.28668],[-121.3699,47.28559],[-121.3726,47.28497],[-121.3788,47.28633],[-121.38458,47.28508],[-121.38715,47.28602],[-121.39056,47.28604],[-121.3942,47.28877],[-121.40334,47.28846],[-121.40753,47.28966],[-121.40978,47.28922],[-121.4163,47.2935],[-121.41913,47.29084],[-121.41942,47.28673],[-121.42749,47.28908],[-121.43285,47.29383],[-121.43067,47.29644],[-121.43207,47.29892],[-121.43268,47.30496],[-121.4346,47.30543],[-121.43621,47.30693],[-121.44053,47.3069],[-121.44361,47.3079],[-121.44533,47.30982],[-121.44087,47.31601],[-121.43845,47.31754],[-121.43993,47.3217],[-121.43933,47.32355],[-121.43743,47.32536],[-121.43608,47.32859],[-121.43157,47.32983],[-121.43051,47.33449],[-121.43347,47.33844],[-121.43776,47.34204],[-121.43842,47.34373],[-121.44383,47.34339],[-121.44827,47.34596],[-121.44975,47.34792],[-121.45607,47.34961],[-121.4603,47.35273],[-121.46406,47.35382],[-121.46312,47.35699],[-121.46138,47.3593],[-121.46126,47.36134],[-121.46346,47.36292],[-121.46579,47.36633],[-121.46595,47.36798],[-121.46419,47.37052],[-121.46215,47.3708],[-121.46077,47.37264],[-121.45898,47.37312],[-121.453,47.3718],[-121.44394,47.37382],[-121.44113,47.37194],[-121.43777,47.37185],[-121.44012,47.3749],[-121.44025,47.37788],[-121.44148,47.38059],[-121.44051,47.38577],[-121.43001,47.38698],[-121.4261,47.38985],[-121.4261,47.39197],[-121.42732,47.39296],[-121.42736,47.39574],[-121.43382,47.39911],[-121.43267,47.39957],[-121.43253,47.40105],[-121.43036,47.40317],[-121.42748,47.40257],[-121.42282,47.40599],[-121.42206,47.40891],[-121.42283,47.41075],[-121.4223,47.41297],[-121.4242,47.41576],[-121.42838,47.41623],[-121.42725,47.42085],[-121.42321,47.42225],[-121.4111,47.42338],[-121.40848,47.42794],[-121.40107,47.43202],[-121.397,47.43187],[-121.39232,47.43386],[-121.38748,47.43362],[-121.38525,47.43439],[-121.38145,47.43845],[-121.3847,47.44279],[-121.38527,47.44498],[-121.38071,47.44812],[-121.3791,47.45046],[-121.37854,47.45212],[-121.37926,47.4543],[-121.37489,47.45641],[-121.37061,47.46047],[-121.3647,47.46351],[-121.36392,47.46483],[-121.35888,47.46543],[-121.35152,47.46451],[-121.34812,47.46524],[-121.34332,47.47056],[-121.3416,47.47461],[-121.33867,47.47639],[-121.33199,47.47369],[-121.32555,47.47781],[-121.32455,47.47942],[-121.32065,47.47973],[-121.31937,47.47881],[-121.31622,47.47984],[-121.31468,47.47788],[-121.31204,47.47917],[-121.31117,47.48293],[-121.30849,47.48333],[-121.30666,47.485],[-121.3027,47.48631],[-121.30035,47.49584],[-121.29657,47.49985],[-121.29222,47.50209],[-121.29,47.5076],[-121.28847,47.50933],[-121.28865,47.51069],[-121.29131,47.51173],[-121.29195,47.51355],[-121.28651,47.5132],[-121.28339,47.51487],[-121.2852,47.51597],[-121.28553,47.51703],[-121.2832,47.51933],[-121.28091,47.52027],[-121.279,47.52294],[-121.26228,47.5236],[-121.26071,47.52474],[-121.26062,47.52669],[-121.25696,47.5292],[-121.25719,47.53154],[-121.25562,47.53348],[-121.25439,47.53393],[-121.2516,47.53205],[-121.24607,47.53553],[-121.24264,47.536],[-121.24305,47.53831],[-121.24147,47.53894],[-121.24312,47.54049],[-121.24347,47.54296],[-121.23539,47.54465],[-121.23458,47.54564],[-121.23433,47.54679],[-121.2357,47.54847],[-121.23336,47.55057],[-121.23419,47.552],[-121.23406,47.55594],[-121.23203,47.55795],[-121.23302,47.56062],[-121.23207,47.56235],[-121.23024,47.56297],[-121.2289,47.5656],[-121.21685,47.56977],[-121.21295,47.56882],[-121.20854,47.56596],[-121.1947,47.56613],[-121.18831,47.56873],[-121.18276,47.56536],[-121.17985,47.56498],[-121.17663,47.5668],[-121.17702,47.56962],[-121.1751,47.57237],[-121.17178,47.57432],[-121.16985,47.57849],[-121.17216,47.58071],[-121.17298,47.58338],[-121.17075,47.58601],[-121.17219,47.59023],[-121.16804,47.59065],[-121.16441,47.59252],[-121.15613,47.59367],[-121.15461,47.59517],[-121.15215,47.59558],[-121.14269,47.59199],[-121.14138,47.59234],[-121.14102,47.59401],[-121.13751,47.59574],[-121.13421,47.59539],[-121.12889,47.59306],[-121.11981,47.59133],[-121.11792,47.59676],[-121.11596,47.59794],[-121.1137,47.59724],[-121.11183,47.59873],[-121.11108,47.59998],[-121.11166,47.60221],[-121.11586,47.60443],[-121.11791,47.60721],[-121.12029,47.61289],[-121.12007,47.61568],[-121.11329,47.61846],[-121.11376,47.62169],[-121.11754,47.62487],[-121.11878,47.62698],[-121.12471,47.62743],[-121.12677,47.63143],[-121.12787,47.6321],[-121.12597,47.6374],[-121.12869,47.63983],[-121.13132,47.64447],[-121.1337,47.64561],[-121.13252,47.64823],[-121.13273,47.6498],[-121.13101,47.65312],[-121.13188,47.65566],[-121.12857,47.6557],[-121.12563,47.65716],[-121.12468,47.6592],[-121.12481,47.66133],[-121.12382,47.6617],[-121.12318,47.66333],[-121.1274,47.6712],[-121.12891,47.67216],[-121.12882,47.67618],[-121.12368,47.68021],[-121.12274,47.68391],[-121.12158,47.68521],[-121.11895,47.68532],[-121.11412,47.68699],[-121.11262,47.68663],[-121.10828,47.68908],[-121.10551,47.68881],[-121.09461,47.69503],[-121.09089,47.69907],[-121.09143,47.70132],[-121.09029,47.70283],[-121.07888,47.70204],[-121.07734,47.70357],[-121.06712,47.70627],[-121.06594,47.70928],[-121.06601,47.7136],[-121.06964,47.71765],[-121.07312,47.71916],[-121.07826,47.72001],[-121.08363,47.72274],[-121.08737,47.7285],[-121.08478,47.72991],[-121.08494,47.7323],[-121.08152,47.73447],[-121.08077,47.73703],[-121.079,47.73919],[-121.08213,47.74302],[-121.08706,47.74453],[-121.08991,47.74632],[-121.09402,47.75818],[-121.0988,47.75911],[-121.10128,47.75714],[-121.10646,47.75681],[-121.11051,47.75783],[-121.1105,47.7616],[-121.1077,47.76668],[-121.10922,47.76676],[-121.11391,47.77025],[-121.11428,47.77169],[-121.11948,47.77584],[-121.1187,47.77801],[-121.11918,47.77993],[-121.19563,47.7801],[-121.19567,47.77914],[-121.45553,47.78058],[-121.45554,47.77843],[-121.49702,47.77783],[-121.6274,47.77693],[-121.74446,47.77776],[-121.75546,47.7771],[-121.88444,47.77722],[-122.00035,47.77539]]]},"bbox":[-122.54139,47.08435,-121.06594,47.78058],"properties":{"divisionId":"county:53033","divisionType":"county","geoid":"53033","state":"WA","stateName":"Washington","name":"King County","shortName":"King","label":"WA • King","labelPoint":[-121.8137431,47.4750465],"countyAreaSqKm":5976.323,"cameraViewshedAreaSqKm":0.0,"cameraViewshedCoveragePct":0.0}},{"type":"Feature","id":"county:53035","geometry":{"type":"Polygon","coordinates":[[[-122.45478,47.57619],[-122.45358,47.58124],[-122.44757,47.59331],[-122.44606,47.608],[-122.4465,47.61149],[-122.44867,47.61651],[-122.45491,47.62656],[-122.45284,47.63609],[-122.45269,47.64235],[-122.45441,47.65325],[-122.45938,47.66916],[-122.4597,47.67579],[-122.45897,47.68093],[-122.45609,47.68831],[-122.44692,47.70448],[-122.44431,47.70765],[-122.43746,47.71305],[-122.43346,47.72891],[-122.42992,47.73528],[-122.42715,47.74536],[-122.42739,47.75395],[-122.42943,47.76242],[-122.43277,47.76927],[-122.43983,47.7802],[-122.44223,47.78573],[-122.44292,47.78983],[-122.44288,47.79415],[-122.44153,47.8007],[-122.42962,47.8281],[-122.43268,47.84204],[-122.43831,47.84935],[-122.44443,47.8555],[-122.47287,47.88049],[-122.48158,47.89307],[-122.48545,47.90199],[-122.48978,47.915],[-122.49218,47.91956],[-122.49487,47.92335],[-122.50181,47.92971],[-122.51065,47.93367],[-122.56474,47.94761],[-122.57772,47.95252],[-122.58746,47.95807],[-122.60676,47.97295],[-122.61721,47.96826],[-122.62778,47.96045],[-122.63207,47.9555],[-122.63449,47.95131],[-122.63741,47.9417],[-122.63736,47.93821],[-122.63384,47.92195],[-122.63072,47.91514],[-122.62626,47.90883],[-122.61809,47.90326],[-122.60495,47.89797],[-122.59943,47.89394],[-122.59746,47.89128],[-122.59556,47.88713],[-122.5954,47.88399],[-122.59788,47.87619],[-122.62626,47.85838],[-122.70266,47.80488],[-122.71449,47.79564],[-122.72197,47.78767],[-122.73325,47.76949],[-122.73871,47.75522],[-122.74169,47.74982],[-122.74645,47.74343],[-122.75277,47.73825],[-122.75836,47.73164],[-122.76339,47.72341],[-122.76578,47.71606],[-122.76589,47.70994],[-122.76462,47.7051],[-122.75848,47.69666],[-122.7575,47.69379],[-122.75862,47.68853],[-122.76149,47.68447],[-122.76651,47.67991],[-122.77212,47.67661],[-122.78324,47.67275],[-122.79586,47.67104],[-122.81239,47.67093],[-122.82978,47.66963],[-122.84434,47.66726],[-122.85457,47.66462],[-122.86298,47.66093],[-122.87259,47.65542],[-122.8969,47.63846],[-122.90527,47.63529],[-122.92225,47.63062],[-122.93163,47.62639],[-122.93805,47.62076],[-122.94393,47.61075],[-122.94692,47.60848],[-122.95458,47.60448],[-122.96767,47.59947],[-122.97443,47.59484],[-122.98056,47.58697],[-122.98497,47.57828],[-122.99042,47.57036],[-123.02932,47.53309],[-123.0384,47.52024],[-122.99362,47.52028],[-122.93967,47.52251],[-122.80101,47.52041],[-122.80131,47.49084],[-122.8005,47.44731],[-122.80124,47.43263],[-122.8012,47.40358],[-122.53699,47.40336],[-122.52792,47.41614],[-122.5245,47.42387],[-122.52334,47.43044],[-122.52318,47.44701],[-122.51889,47.46244],[-122.51162,47.47342],[-122.49556,47.49158],[-122.49173,47.4976],[-122.48791,47.50191],[-122.4856,47.50627],[-122.48489,47.51304],[-122.48281,47.51832],[-122.48002,47.52174],[-122.47405,47.52662],[-122.45832,47.53273],[-122.44702,47.54004],[-122.44513,47.54248],[-122.44386,47.5518],[-122.4443,47.55557],[-122.44572,47.55883],[-122.45337,47.5696],[-122.45448,47.57233],[-122.45478,47.57619]]]},"bbox":[-123.0384,47.40336,-122.42715,47.97295],"properties":{"divisionId":"county:53035","divisionType":"county","geoid":"53035","state":"WA","stateName":"Washington","name":"Kitsap County","shortName":"Kitsap","label":"WA • Kitsap","labelPoint":[-122.6496358,47.6396874],"countyAreaSqKm":1465.503,"cameraViewshedAreaSqKm":0.0,"cameraViewshedCoveragePct":0.0}},{"type":"Feature","id":"county:53037","geometry":{"type":"Polygon","coordinates":[[[-120.00214,46.99732],[-120.00246,47.00115],[-120.00126,47.00535],[-120.00137,47.00815],[-120.00186,47.01015],[-120.00577,47.01625],[-120.00776,47.03485],[-120.01116,47.03935],[-120.03557,47.05665],[-120.03897,47.06085],[-120.04147,47.06605],[-120.04287,47.07345],[-120.03767,47.08745],[-120.02757,47.10525],[-120.02607,47.10685],[-120.01887,47.11035],[-120.01147,47.11225],[-120.00807,47.11885],[-120.00206,47.12615],[-120.0009,47.1305],[-119.99996,47.13673],[-120.00117,47.14593],[-120.00969,47.15855],[-120.01115,47.16745],[-120.01049,47.17227],[-120.00369,47.18438],[-120.00549,47.19378],[-120.00581,47.20098],[-120.003,47.20753],[-120.00263,47.21227],[-120.00394,47.21604],[-120.00707,47.22013],[-120.01396,47.2253],[-120.01909,47.22665],[-120.03159,47.22659],[-120.06142,47.22388],[-120.07152,47.2245],[-120.07597,47.2259],[-120.08189,47.23216],[-120.08852,47.23724],[-120.09221,47.24233],[-120.09623,47.25363],[-120.09446,47.26216],[-120.21821,47.26229],[-120.28106,47.26111],[-120.3892,47.26094],[-120.39071,47.26262],[-120.39347,47.26368],[-120.39779,47.26884],[-120.39978,47.26951],[-120.40604,47.27407],[-120.41475,47.27415],[-120.41814,47.27519],[-120.42679,47.27439],[-120.43354,47.27878],[-120.43532,47.28146],[-120.44718,47.28855],[-120.44697,47.2892],[-120.44882,47.29112],[-120.44934,47.29415],[-120.4599,47.30031],[-120.46229,47.30009],[-120.4652,47.30107],[-120.46774,47.30338],[-120.4704,47.30397],[-120.47619,47.30714],[-120.47817,47.30719],[-120.48023,47.30601],[-120.48095,47.30459],[-120.4843,47.30723],[-120.48789,47.30735],[-120.48837,47.30807],[-120.48765,47.31108],[-120.49758,47.31758],[-120.5006,47.31696],[-120.50262,47.31777],[-120.50849,47.31781],[-120.51533,47.32015],[-120.51917,47.3258],[-120.51944,47.32767],[-120.52351,47.33069],[-120.52146,47.33193],[-120.53033,47.33436],[-120.5302,47.33241],[-120.53206,47.32954],[-120.53029,47.32574],[-120.53058,47.32119],[-120.52861,47.31864],[-120.52818,47.31666],[-120.53077,47.31542],[-120.5475,47.31196],[-120.54713,47.30803],[-120.54768,47.30744],[-120.55328,47.30875],[-120.55799,47.30658],[-120.56443,47.30822],[-120.57054,47.31107],[-120.5701,47.31459],[-120.56851,47.31573],[-120.56872,47.31859],[-120.57054,47.32229],[-120.57691,47.32626],[-120.57668,47.32935],[-120.57876,47.33218],[-120.57809,47.33621],[-120.57863,47.33723],[-120.58595,47.33808],[-120.59121,47.33992],[-120.59572,47.33959],[-120.59872,47.34092],[-120.60303,47.33909],[-120.60659,47.33936],[-120.60845,47.34216],[-120.61739,47.34533],[-120.61912,47.3454],[-120.62174,47.34358],[-120.62425,47.34364],[-120.62718,47.34214],[-120.62922,47.34253],[-120.63208,47.3417],[-120.63633,47.34336],[-120.63921,47.34358],[-120.6428,47.34358],[-120.64977,47.34185],[-120.65551,47.34223],[-120.65799,47.34423],[-120.66437,47.34331],[-120.67174,47.34693],[-120.6764,47.35141],[-120.6796,47.34955],[-120.68187,47.35036],[-120.68267,47.35255],[-120.69105,47.35713],[-120.69327,47.36135],[-120.70028,47.36523],[-120.70844,47.36531],[-120.71014,47.3659],[-120.71155,47.36772],[-120.71838,47.36884],[-120.72119,47.37005],[-120.72174,47.37169],[-120.72323,47.37283],[-120.72448,47.37746],[-120.72725,47.38076],[-120.7267,47.38344],[-120.72789,47.38447],[-120.72658,47.38806],[-120.73174,47.39113],[-120.73228,47.39246],[-120.73437,47.39375],[-120.7476,47.39379],[-120.75492,47.39572],[-120.75718,47.39774],[-120.76406,47.39807],[-120.7688,47.39968],[-120.77232,47.39897],[-120.77573,47.40005],[-120.78326,47.39958],[-120.78525,47.4013],[-120.78706,47.40475],[-120.79141,47.40646],[-120.7936,47.4085],[-120.79433,47.41394],[-120.79904,47.41701],[-120.80333,47.42305],[-120.80697,47.42081],[-120.8135,47.41968],[-120.82865,47.42388],[-120.83676,47.41816],[-120.83777,47.4147],[-120.84327,47.4116],[-120.84989,47.41378],[-120.86147,47.42064],[-120.86648,47.41824],[-120.86806,47.41622],[-120.87202,47.4153],[-120.87603,47.41744],[-120.87865,47.41991],[-120.88493,47.42255],[-120.88745,47.42552],[-120.89136,47.42773],[-120.8946,47.42607],[-120.90219,47.42701],[-120.90756,47.42525],[-120.91315,47.42806],[-120.91786,47.42932],[-120.92418,47.43352],[-120.92442,47.43942],[-120.9238,47.44171],[-120.92476,47.44302],[-120.92255,47.44827],[-120.92594,47.44938],[-120.93069,47.45317],[-120.93057,47.45769],[-120.93351,47.45933],[-120.94819,47.46099],[-120.95312,47.46266],[-120.95208,47.46369],[-120.95152,47.46712],[-120.94657,47.47265],[-120.95056,47.47599],[-120.95473,47.47706],[-120.95691,47.47999],[-120.95895,47.48111],[-120.95821,47.4832],[-120.95911,47.48448],[-120.96222,47.48482],[-120.96855,47.48818],[-120.97267,47.48841],[-120.9775,47.49047],[-120.97908,47.49027],[-120.98322,47.49294],[-120.9862,47.49583],[-120.98637,47.49687],[-120.9914,47.50094],[-120.99208,47.50284],[-120.99488,47.50471],[-120.9946,47.50721],[-120.99215,47.50893],[-120.99128,47.51104],[-120.99369,47.51439],[-120.99602,47.51581],[-120.9965,47.5185],[-121.007,47.52118],[-121.01718,47.52189],[-121.02346,47.52376],[-121.0251,47.52531],[-121.02587,47.52894],[-121.03082,47.53155],[-121.04037,47.5356],[-121.04557,47.53527],[-121.04718,47.53413],[-121.04864,47.53568],[-121.0544,47.53834],[-121.05887,47.54225],[-121.06053,47.54185],[-121.05995,47.54368],[-121.06078,47.54534],[-121.06455,47.547],[-121.06586,47.54863],[-121.07093,47.55095],[-121.07504,47.55094],[-121.07782,47.55558],[-121.07878,47.55939],[-121.08775,47.56647],[-121.0901,47.56984],[-121.08924,47.5721],[-121.08585,47.57402],[-121.08727,47.57427],[-121.08823,47.57658],[-121.09107,47.57921],[-121.09063,47.58094],[-121.09233,47.58187],[-121.0921,47.58509],[-121.09288,47.58635],[-121.09691,47.58967],[-121.10004,47.59049],[-121.10422,47.58961],[-121.10827,47.59244],[-121.10975,47.59218],[-121.11179,47.59616],[-121.11588,47.59792],[-121.11821,47.59633],[-121.11981,47.59133],[-121.12889,47.59306],[-121.13421,47.59539],[-121.13751,47.59574],[-121.14102,47.59401],[-121.14138,47.59234],[-121.14269,47.59199],[-121.15215,47.59558],[-121.15461,47.59517],[-121.15613,47.59367],[-121.16441,47.59252],[-121.16804,47.59065],[-121.17219,47.59023],[-121.17075,47.58601],[-121.17298,47.58338],[-121.17216,47.58071],[-121.16985,47.57849],[-121.17178,47.57432],[-121.1751,47.57237],[-121.17702,47.56962],[-121.17663,47.5668],[-121.17985,47.56498],[-121.18276,47.56536],[-121.18831,47.56873],[-121.1947,47.56613],[-121.20854,47.56596],[-121.21295,47.56882],[-121.21685,47.56977],[-121.2289,47.5656],[-121.23024,47.56297],[-121.23207,47.56235],[-121.23302,47.56062],[-121.23203,47.55795],[-121.23406,47.55594],[-121.23419,47.552],[-121.23336,47.55057],[-121.2357,47.54847],[-121.23433,47.54679],[-121.23458,47.54564],[-121.23539,47.54465],[-121.24347,47.54296],[-121.24312,47.54049],[-121.24147,47.53894],[-121.24305,47.53831],[-121.24264,47.536],[-121.24607,47.53553],[-121.2516,47.53205],[-121.25439,47.53393],[-121.25562,47.53348],[-121.25719,47.53154],[-121.25696,47.5292],[-121.26062,47.52669],[-121.26071,47.52474],[-121.26228,47.5236],[-121.279,47.52294],[-121.28091,47.52027],[-121.2832,47.51933],[-121.28553,47.51703],[-121.2852,47.51597],[-121.28339,47.51487],[-121.28651,47.5132],[-121.29195,47.51355],[-121.29131,47.51173],[-121.28865,47.51069],[-121.28847,47.50933],[-121.29,47.5076],[-121.29222,47.50209],[-121.29657,47.49985],[-121.30035,47.49584],[-121.3027,47.48631],[-121.30666,47.485],[-121.30849,47.48333],[-121.31117,47.48293],[-121.31204,47.47917],[-121.31468,47.47788],[-121.31622,47.47984],[-121.31937,47.47881],[-121.32065,47.47973],[-121.32455,47.47942],[-121.32555,47.47781],[-121.33199,47.47369],[-121.33867,47.47639],[-121.3416,47.47461],[-121.34332,47.47056],[-121.34812,47.46524],[-121.35152,47.46451],[-121.35888,47.46543],[-121.36392,47.46483],[-121.3647,47.46351],[-121.37061,47.46047],[-121.37489,47.45641],[-121.37926,47.4543],[-121.37854,47.45212],[-121.3791,47.45046],[-121.38071,47.44812],[-121.38527,47.44498],[-121.3847,47.44279],[-121.38145,47.43845],[-121.38525,47.43439],[-121.38748,47.43362],[-121.39232,47.43386],[-121.397,47.43187],[-121.40107,47.43202],[-121.40848,47.42794],[-121.4111,47.42338],[-121.42321,47.42225],[-121.42725,47.42085],[-121.42838,47.41623],[-121.4242,47.41576],[-121.4223,47.41297],[-121.42283,47.41075],[-121.42206,47.40891],[-121.42282,47.40599],[-121.42748,47.40257],[-121.43036,47.40317],[-121.43253,47.40105],[-121.43267,47.39957],[-121.43382,47.39911],[-121.42736,47.39574],[-121.42732,47.39296],[-121.4261,47.39197],[-121.4261,47.38985],[-121.43001,47.38698],[-121.44051,47.38577],[-121.44148,47.38059],[-121.44025,47.37788],[-121.44012,47.3749],[-121.43777,47.37185],[-121.44113,47.37194],[-121.44394,47.37382],[-121.453,47.3718],[-121.45898,47.37312],[-121.46077,47.37264],[-121.46215,47.3708],[-121.46419,47.37052],[-121.46595,47.36798],[-121.46579,47.36633],[-121.46346,47.36292],[-121.46126,47.36134],[-121.46138,47.3593],[-121.46312,47.35699],[-121.46406,47.35382],[-121.4603,47.35273],[-121.45607,47.34961],[-121.44975,47.34792],[-121.44827,47.34596],[-121.44383,47.34339],[-121.43842,47.34373],[-121.43776,47.34204],[-121.43347,47.33844],[-121.43051,47.33449],[-121.43157,47.32983],[-121.43608,47.32859],[-121.43743,47.32536],[-121.43933,47.32355],[-121.43993,47.3217],[-121.43845,47.31754],[-121.44087,47.31601],[-121.44533,47.30982],[-121.44361,47.3079],[-121.44053,47.3069],[-121.43621,47.30693],[-121.4346,47.30543],[-121.43268,47.30496],[-121.43207,47.29892],[-121.43067,47.29644],[-121.43285,47.29383],[-121.42749,47.28908],[-121.41942,47.28673],[-121.41913,47.29084],[-121.4163,47.2935],[-121.40978,47.28922],[-121.40753,47.28966],[-121.40334,47.28846],[-121.3942,47.28877],[-121.39056,47.28604],[-121.38715,47.28602],[-121.38458,47.28508],[-121.3788,47.28633],[-121.3726,47.28497],[-121.3699,47.28559],[-121.36934,47.28668],[-121.37077,47.28833],[-121.36699,47.29093],[-121.36178,47.29193],[-121.36037,47.29084],[-121.36053,47.28642],[-121.35968,47.28553],[-121.35417,47.28383],[-121.35133,47.2846],[-121.34973,47.28313],[-121.3437,47.28265],[-121.34157,47.28166],[-121.34132,47.27798],[-121.33835,47.27597],[-121.33925,47.27336],[-121.33817,47.27026],[-121.33875,47.26832],[-121.33767,47.26737],[-121.33721,47.26509],[-121.33542,47.26354],[-121.33589,47.26063],[-121.33194,47.25877],[-121.33198,47.25742],[-121.33403,47.25421],[-121.33755,47.2529],[-121.33983,47.24715],[-121.34654,47.24643],[-121.35058,47.24424],[-121.3525,47.24229],[-121.36075,47.24053],[-121.35849,47.23757],[-121.35837,47.23442],[-121.36557,47.22698],[-121.36511,47.22443],[-121.35595,47.22218],[-121.35417,47.22065],[-121.35102,47.2206],[-121.34624,47.21869],[-121.33868,47.21805],[-121.33523,47.21918],[-121.32518,47.21609],[-121.32118,47.213],[-121.31685,47.21177],[-121.31417,47.20883],[-121.3112,47.20766],[-121.31163,47.20557],[-121.30927,47.2036],[-121.30926,47.2026],[-121.31176,47.19968],[-121.30838,47.19612],[-121.30647,47.19276],[-121.30614,47.18795],[-121.30824,47.18584],[-121.30996,47.18526],[-121.31012,47.18243],[-121.31185,47.17954],[-121.31505,47.17722],[-121.31767,47.17446],[-121.31782,47.17339],[-121.3119,47.16404],[-121.30601,47.162],[-121.29936,47.1518],[-121.29933,47.14985],[-121.29755,47.14867],[-121.30124,47.14519],[-121.30341,47.13889],[-121.31553,47.13384],[-121.32076,47.13529],[-121.32592,47.1336],[-121.3351,47.13268],[-121.3399,47.1357],[-121.34311,47.1359],[-121.34458,47.13717],[-121.34778,47.13801],[-121.34974,47.1376],[-121.3539,47.14054],[-121.3576,47.13999],[-121.36468,47.14176],[-121.36822,47.13959],[-121.37656,47.13749],[-121.38132,47.13725],[-121.38858,47.13354],[-121.39397,47.13276],[-121.39487,47.12867],[-121.39915,47.12657],[-121.39972,47.12454],[-121.40134,47.12294],[-121.4027,47.12177],[-121.40624,47.12072],[-121.40808,47.1181],[-121.40432,47.10864],[-121.40281,47.10644],[-121.39906,47.1046],[-121.39976,47.10172],[-121.4028,47.09945],[-121.40253,47.09801],[-121.39567,47.09485],[-121.393,47.09202],[-121.39105,47.09212],[-121.38626,47.09458],[-121.38277,47.09477],[-121.38046,47.091],[-121.37689,47.08988],[-121.37677,47.0887],[-121.37968,47.0875],[-121.37713,47.0822],[-121.36724,47.07703],[-121.36612,47.0758],[-121.36641,47.07392],[-121.36409,47.07167],[-121.35816,47.07088],[-121.3502,47.07732],[-121.34714,47.07874],[-121.34133,47.07935],[-121.33567,47.07584],[-121.32823,47.07513],[-121.32579,47.07643],[-121.31847,47.07556],[-121.31126,47.07692],[-121.30875,47.07865],[-121.30658,47.08223],[-121.30137,47.08519],[-121.29784,47.08611],[-121.29079,47.08609],[-121.28101,47.08875],[-121.27266,47.08466],[-121.26831,47.08461],[-121.26406,47.08281],[-121.25652,47.08201],[-121.25638,47.07953],[-121.25183,47.07634],[-121.24704,47.07503],[-121.24481,47.07351],[-121.23983,47.0732],[-121.23203,47.06888],[-121.2298,47.06684],[-121.22448,47.06576],[-121.22241,47.06685],[-121.21884,47.06564],[-121.21812,47.06496],[-121.21815,47.06193],[-121.21497,47.06031],[-121.21519,47.05859],[-121.21256,47.05557],[-121.21095,47.05521],[-121.2099,47.05323],[-121.20707,47.05272],[-121.20618,47.05111],[-121.19951,47.05052],[-121.19891,47.04981],[-121.20062,47.04899],[-121.19464,47.04562],[-121.1947,47.04417],[-121.18975,47.04245],[-121.18549,47.04457],[-121.18137,47.04426],[-121.18113,47.0429],[-121.1786,47.04142],[-121.17876,47.03982],[-121.17219,47.03782],[-121.16852,47.03567],[-121.16557,47.0355],[-121.16324,47.03283],[-121.16025,47.03128],[-121.15926,47.0291],[-121.15744,47.0281],[-121.15592,47.02837],[-121.1558,47.02718],[-121.15467,47.02671],[-121.15057,47.02643],[-121.14792,47.0249],[-121.14754,47.02339],[-121.143,47.02186],[-121.14116,47.01901],[-121.13577,47.01723],[-121.13403,47.01533],[-121.13238,47.01061],[-121.12753,47.00788],[-121.1269,47.00505],[-121.12284,47.00324],[-121.12241,47.00175],[-121.12376,46.99912],[-121.12161,46.99921],[-121.12051,46.99801],[-121.11708,46.99722],[-121.11461,46.99729],[-121.11186,46.99515],[-121.10509,46.99551],[-121.10203,46.99344],[-121.10081,46.99102],[-121.09005,46.99101],[-121.08996,46.96929],[-121.0847,46.96926],[-121.08475,46.96572],[-121.0794,46.96563],[-121.07941,46.96207],[-121.07416,46.96202],[-121.07411,46.95843],[-121.06885,46.95847],[-121.06881,46.94758],[-121.06354,46.94753],[-121.06354,46.94396],[-121.05826,46.9439],[-121.05826,46.93669],[-121.05297,46.93667],[-121.05299,46.93303],[-121.04246,46.93302],[-121.04244,46.92214],[-121.03717,46.92215],[-121.03716,46.91857],[-121.03186,46.91853],[-121.03187,46.91489],[-121.02659,46.91493],[-121.02662,46.91131],[-120.81429,46.91097],[-120.63456,46.91213],[-120.63337,46.90553],[-120.63398,46.82578],[-120.5086,46.82486],[-120.5086,46.78095],[-120.51,46.73795],[-120.14997,46.73615],[-120.0226,46.73743],[-119.97304,46.73713],[-119.97092,46.74545],[-119.9708,46.75274],[-119.96998,46.75497],[-119.96182,46.76189],[-119.94962,46.76885],[-119.94209,46.77585],[-119.92786,46.7975],[-119.92561,46.81143],[-119.92754,46.81709],[-119.93229,46.82317],[-119.94402,46.83552],[-119.9523,46.84267],[-119.96275,46.85406],[-119.96458,46.8572],[-119.9658,46.88929],[-119.96319,46.91882],[-119.96397,46.92431],[-119.96533,46.92744],[-119.96412,46.93498],[-119.9658,46.94328],[-119.96961,46.94746],[-119.97839,46.96106],[-119.98282,46.96616],[-119.99286,46.98052],[-119.99491,46.98503],[-120.00112,46.99364],[-120.00214,46.99732]]]},"bbox":[-121.46595,46.73615,-119.92561,47.59792],"properties":{"divisionId":"county:53037","divisionType":"county","geoid":"53037","state":"WA","stateName":"Washington","name":"Kittitas County","shortName":"Kittitas","label":"WA • Kittitas","labelPoint":[-120.6767092,47.1244411],"countyAreaSqKm":6042.752,"cameraViewshedAreaSqKm":373.593,"cameraViewshedCoveragePct":6.18}},{"type":"Feature","id":"county:53039","geometry":{"type":"Polygon","coordinates":[[[-120.83617,45.67596],[-120.78857,45.68642],[-120.72863,45.70532],[-120.68954,45.71573],[-120.66928,45.72988],[-120.63505,45.74571],[-120.59114,45.74651],[-120.55929,45.73831],[-120.52273,45.71029],[-120.50574,45.69995],[-120.48261,45.69441],[-120.40365,45.69944],[-120.32633,45.71142],[-120.28343,45.72117],[-120.21077,45.72592],[-120.1706,45.76198],[-120.14148,45.77321],[-120.07024,45.78516],[-120.01484,45.80712],[-119.96577,45.82438],[-119.90724,45.82818],[-119.86831,45.8362],[-119.86767,45.84417],[-119.86719,46.02578],[-119.86583,46.04086],[-119.92817,46.0403],[-120.11405,46.04167],[-120.36604,46.04163],[-120.42833,46.04017],[-120.44933,46.04148],[-120.48995,46.04174],[-120.56292,46.04169],[-120.59296,46.04076],[-120.69726,46.04142],[-120.8013,46.04101],[-121.00802,46.04304],[-121.06871,46.04217],[-121.11172,46.04421],[-121.15419,46.04461],[-121.36522,46.0451],[-121.4872,46.04393],[-121.61223,46.04409],[-121.61273,45.88469],[-121.6125,45.87042],[-121.60862,45.87036],[-121.60925,45.78252],[-121.51438,45.78211],[-121.51614,45.77949],[-121.51801,45.77834],[-121.52876,45.77722],[-121.53128,45.77357],[-121.53677,45.77217],[-121.53835,45.77013],[-121.53851,45.76649],[-121.53655,45.76278],[-121.53678,45.76064],[-121.53446,45.76033],[-121.53285,45.7591],[-121.53112,45.75547],[-121.52902,45.7547],[-121.52606,45.75036],[-121.52118,45.74801],[-121.52306,45.74704],[-121.52501,45.74403],[-121.52481,45.74192],[-121.52303,45.73909],[-121.52151,45.73194],[-121.52368,45.72493],[-121.4991,45.72075],[-121.46279,45.70128],[-121.42396,45.69407],[-121.40174,45.69289],[-121.37257,45.70303],[-121.33771,45.70484],[-121.3123,45.69984],[-121.2873,45.68687],[-121.24896,45.67776],[-121.21577,45.67123],[-121.20035,45.64984],[-121.19518,45.62956],[-121.19646,45.61661],[-121.18368,45.60645],[-121.16785,45.6061],[-121.14558,45.60794],[-121.13939,45.61204],[-121.13183,45.60975],[-121.12241,45.61607],[-121.11718,45.6182],[-121.12011,45.62317],[-121.08493,45.64789],[-121.06446,45.65249],[-121.03382,45.65096],[-121.00737,45.6532],[-120.98349,45.64836],[-120.97782,45.6494],[-120.95312,45.65674],[-120.94402,45.65639],[-120.91361,45.63999],[-120.89582,45.64292],[-120.85541,45.67173],[-120.83617,45.67596]]]},"bbox":[-121.61273,45.6061,-119.86583,46.0451],"properties":{"divisionId":"county:53039","divisionType":"county","geoid":"53039","state":"WA","stateName":"Washington","name":"Klickitat County","shortName":"Klickitat","label":"WA • Klickitat","labelPoint":[-120.7789926,45.8735895],"countyAreaSqKm":4933.113,"cameraViewshedAreaSqKm":692.336,"cameraViewshedCoveragePct":14.03}},{"type":"Feature","id":"county:53041","geometry":{"type":"Polygon","coordinates":[[[-122.93223,46.38741],[-122.36371,46.38734],[-122.36365,46.38623],[-122.34567,46.38562],[-122.26045,46.38531],[-122.19785,46.38635],[-122.11429,46.38648],[-122.11447,46.38832],[-121.48671,46.38812],[-121.45798,46.38879],[-121.44749,46.38463],[-121.44571,46.38802],[-121.40267,46.38804],[-121.39982,46.38863],[-121.39673,46.38813],[-121.39376,46.39004],[-121.39298,46.39424],[-121.39151,46.39527],[-121.39172,46.39716],[-121.39034,46.40076],[-121.38856,46.402],[-121.39089,46.40529],[-121.38735,46.40853],[-121.38656,46.4106],[-121.39087,46.41615],[-121.39399,46.41805],[-121.39678,46.42254],[-121.40203,46.42477],[-121.40428,46.42873],[-121.4073,46.4299],[-121.40822,46.43331],[-121.40768,46.4346],[-121.40805,46.43878],[-121.41005,46.44186],[-121.41071,46.44612],[-121.41232,46.44699],[-121.4136,46.45066],[-121.41464,46.45142],[-121.41482,46.45508],[-121.41198,46.45953],[-121.41558,46.4598],[-121.41731,46.46144],[-121.4189,46.46174],[-121.41915,46.46258],[-121.42537,46.46409],[-121.42615,46.46684],[-121.42975,46.47098],[-121.43473,46.47464],[-121.43636,46.4773],[-121.43508,46.48222],[-121.43198,46.48501],[-121.4318,46.48666],[-121.42988,46.48768],[-121.42851,46.48956],[-121.42339,46.49142],[-121.4232,46.49269],[-121.42518,46.49374],[-121.42879,46.49799],[-121.44449,46.50092],[-121.44628,46.50233],[-121.45014,46.50353],[-121.45077,46.50576],[-121.45256,46.50656],[-121.45171,46.50902],[-121.45232,46.51044],[-121.45563,46.51327],[-121.45598,46.51673],[-121.45457,46.52041],[-121.45463,46.52408],[-121.45288,46.52511],[-121.45236,46.52919],[-121.45061,46.53063],[-121.45126,46.53389],[-121.44081,46.53575],[-121.43393,46.53933],[-121.42832,46.53958],[-121.42687,46.54123],[-121.41984,46.54475],[-121.41665,46.54824],[-121.42083,46.55126],[-121.42085,46.55228],[-121.4194,46.55413],[-121.41647,46.55538],[-121.41271,46.55867],[-121.42146,46.56517],[-121.42175,46.56762],[-121.42457,46.57029],[-121.41974,46.57641],[-121.41575,46.57588],[-121.41216,46.57934],[-121.41195,46.58078],[-121.40859,46.58096],[-121.40571,46.58234],[-121.4052,46.58504],[-121.40274,46.58842],[-121.40221,46.59371],[-121.40758,46.6021],[-121.40474,46.60589],[-121.40054,46.60679],[-121.40099,46.60934],[-121.39996,46.6117],[-121.39695,46.61279],[-121.39574,46.61473],[-121.38924,46.61689],[-121.38671,46.6212],[-121.38796,46.62457],[-121.38918,46.62566],[-121.3896,46.62874],[-121.38638,46.63604],[-121.39072,46.63958],[-121.39615,46.64018],[-121.39774,46.6412],[-121.39768,46.6426],[-121.39525,46.64613],[-121.40073,46.64614],[-121.40741,46.64833],[-121.41269,46.64828],[-121.41627,46.6514],[-121.41679,46.65502],[-121.41622,46.66047],[-121.41464,46.66312],[-121.41133,46.66596],[-121.41239,46.66923],[-121.41154,46.67186],[-121.41286,46.67369],[-121.41322,46.67587],[-121.40891,46.68056],[-121.40869,46.68375],[-121.40213,46.68516],[-121.39895,46.68808],[-121.39456,46.68712],[-121.38614,46.68726],[-121.38251,46.68585],[-121.37668,46.68649],[-121.37504,46.68886],[-121.37439,46.6926],[-121.37993,46.69829],[-121.37978,46.70176],[-121.37587,46.70528],[-121.36963,46.70656],[-121.36824,46.70912],[-121.35997,46.71193],[-121.35432,46.71128],[-121.35318,46.71227],[-121.35474,46.7153],[-121.35883,46.71706],[-121.36336,46.72298],[-121.36948,46.72642],[-121.37831,46.72705],[-121.38094,46.72837],[-121.38333,46.72849],[-121.38635,46.72732],[-121.39281,46.72764],[-121.39567,46.72682],[-121.40072,46.72694],[-121.40232,46.72824],[-121.40601,46.72739],[-121.40822,46.72842],[-121.40986,46.73277],[-121.41267,46.73568],[-121.41711,46.73621],[-121.42262,46.73839],[-121.42935,46.73935],[-121.43073,46.74061],[-121.43109,46.74271],[-121.42892,46.74618],[-121.42643,46.74802],[-121.42603,46.74977],[-121.42367,46.75257],[-121.42509,46.75411],[-121.42428,46.75663],[-121.43234,46.75914],[-121.44204,46.75829],[-121.44196,46.7596],[-121.4387,46.76089],[-121.43864,46.76256],[-121.4432,46.76762],[-121.44696,46.76785],[-121.44778,46.77311],[-121.44963,46.77384],[-121.453,46.77724],[-121.45503,46.7806],[-121.45522,46.7838],[-121.75859,46.78379],[-121.76453,46.7805],[-121.7671,46.78043],[-121.77279,46.77711],[-121.77704,46.77646],[-121.7877,46.76982],[-121.79044,46.76657],[-121.79031,46.76434],[-121.79471,46.76331],[-121.79892,46.76129],[-121.8054,46.75613],[-121.80523,46.75477],[-121.80339,46.75294],[-121.80409,46.75122],[-121.80993,46.74782],[-121.8143,46.74688],[-121.8174,46.74729],[-121.82041,46.74529],[-121.82592,46.73798],[-121.82983,46.7352],[-121.83176,46.73025],[-121.83271,46.72964],[-121.84508,46.72841],[-121.85404,46.73049],[-121.85583,46.72904],[-121.86509,46.72965],[-121.86744,46.72914],[-121.86965,46.73038],[-121.87732,46.73169],[-121.87916,46.7331],[-121.88932,46.7329],[-121.89959,46.73621],[-121.90204,46.73772],[-121.91264,46.73694],[-121.91965,46.73969],[-121.92498,46.73873],[-121.92736,46.74025],[-121.93,46.73987],[-121.93601,46.74515],[-121.93772,46.74774],[-121.94329,46.75012],[-121.94634,46.7502],[-121.94676,46.75271],[-121.95043,46.75291],[-121.95424,46.75502],[-121.95712,46.75504],[-121.95944,46.75375],[-121.96215,46.75402],[-121.96402,46.75017],[-121.96708,46.7491],[-121.97022,46.74924],[-121.97268,46.74651],[-121.97864,46.74427],[-121.98427,46.74423],[-121.98753,46.74666],[-121.99185,46.74767],[-121.99363,46.7473],[-121.99477,46.74859],[-121.99419,46.75134],[-121.99645,46.75162],[-121.99972,46.75076],[-122.00245,46.75327],[-122.0081,46.75257],[-122.01099,46.75064],[-122.01203,46.7484],[-122.01551,46.74835],[-122.01794,46.74675],[-122.01854,46.74416],[-122.02172,46.7435],[-122.02341,46.74226],[-122.02781,46.74366],[-122.03161,46.74293],[-122.0356,46.7437],[-122.0408,46.74236],[-122.05035,46.74664],[-122.05725,46.74721],[-122.0603,46.74919],[-122.06174,46.74894],[-122.06294,46.74717],[-122.06488,46.74687],[-122.07441,46.75048],[-122.0823,46.75222],[-122.09217,46.75191],[-122.0967,46.75],[-122.10005,46.75115],[-122.11082,46.74908],[-122.11556,46.7489],[-122.1241,46.75165],[-122.12903,46.75466],[-122.13187,46.75438],[-122.13523,46.75261],[-122.13811,46.75348],[-122.13929,46.75473],[-122.14566,46.75416],[-122.14745,46.7528],[-122.15152,46.75409],[-122.1573,46.7538],[-122.15981,46.75642],[-122.16459,46.75745],[-122.16986,46.75528],[-122.17478,46.75635],[-122.17788,46.7552],[-122.18043,46.75696],[-122.18874,46.75979],[-122.19169,46.76217],[-122.19599,46.76177],[-122.19656,46.76075],[-122.20017,46.76076],[-122.20312,46.76306],[-122.48654,46.76306],[-122.48677,46.76204],[-122.54974,46.76343],[-122.61579,46.76215],[-122.68827,46.76375],[-122.80324,46.76334],[-122.81386,46.76401],[-122.88718,46.76365],[-123.01392,46.76461],[-123.11867,46.76388],[-123.16091,46.76433],[-123.16059,46.79338],[-123.20286,46.79443],[-123.2258,46.7934],[-123.35139,46.79351],[-123.36089,46.79186],[-123.37095,46.79213],[-123.37127,46.76428],[-123.37271,46.73469],[-123.37044,46.73472],[-123.36511,46.64932],[-123.36532,46.60571],[-123.36462,46.59092],[-123.36558,46.57713],[-123.36501,46.56246],[-123.35951,46.56264],[-123.35838,46.54141],[-123.35844,46.4916],[-123.35739,46.47046],[-123.35833,46.38403],[-123.25907,46.38346],[-123.21795,46.38562],[-123.17651,46.38523],[-123.11423,46.38804],[-122.93223,46.38741]]]},"bbox":[-123.37271,46.38346,-121.35318,46.79443],"properties":{"divisionId":"county:53041","divisionType":"county","geoid":"53041","state":"WA","stateName":"Washington","name":"Lewis County","shortName":"Lewis","label":"WA • Lewis","labelPoint":[-122.3774443,46.5800714],"countyAreaSqKm":6308.971,"cameraViewshedAreaSqKm":0.0,"cameraViewshedCoveragePct":0.0}},{"type":"Feature","id":"county:53043","geometry":{"type":"Polygon","coordinates":[[[-117.82192,47.57986],[-117.82177,47.61459],[-117.81941,47.6146],[-117.82095,47.82578],[-117.8283,47.83332],[-117.83791,47.83563],[-117.83996,47.83804],[-117.84152,47.83679],[-117.84587,47.83708],[-117.85362,47.83937],[-117.85906,47.84301],[-117.87619,47.84741],[-117.88045,47.84774],[-117.88324,47.84608],[-117.88408,47.84442],[-117.88402,47.84161],[-117.88631,47.83833],[-117.89703,47.83601],[-117.9016,47.83593],[-117.90472,47.837],[-117.9072,47.83527],[-117.9129,47.83522],[-117.91443,47.83361],[-117.91709,47.83256],[-117.91871,47.82901],[-117.92086,47.82766],[-117.92901,47.82436],[-117.93528,47.82321],[-117.93874,47.82524],[-117.95686,47.82808],[-117.96756,47.83263],[-117.97966,47.83443],[-117.98906,47.83468],[-117.99469,47.83219],[-118.00344,47.82418],[-118.00872,47.81641],[-118.01027,47.8097],[-118.01286,47.80597],[-118.02426,47.80213],[-118.03153,47.80384],[-118.03595,47.80272],[-118.04619,47.79517],[-118.0468,47.79233],[-118.04815,47.79229],[-118.05259,47.79794],[-118.05462,47.79912],[-118.05764,47.79891],[-118.0615,47.7972],[-118.06348,47.79729],[-118.06978,47.80018],[-118.07547,47.79945],[-118.07818,47.80006],[-118.08106,47.80374],[-118.08362,47.80955],[-118.09926,47.82362],[-118.0992,47.82493],[-118.09672,47.82778],[-118.09713,47.82845],[-118.10548,47.83039],[-118.10826,47.8327],[-118.11719,47.83254],[-118.11925,47.83352],[-118.1189,47.83681],[-118.12004,47.83966],[-118.11856,47.84349],[-118.11894,47.84637],[-118.12289,47.85727],[-118.12613,47.8619],[-118.1339,47.86973],[-118.14266,47.88359],[-118.14529,47.88562],[-118.15083,47.88708],[-118.15438,47.88659],[-118.1573,47.88382],[-118.16059,47.8851],[-118.16248,47.88953],[-118.16181,47.89293],[-118.15962,47.89518],[-118.16021,47.89721],[-118.16683,47.90277],[-118.17002,47.90289],[-118.17652,47.90125],[-118.17851,47.90199],[-118.17869,47.90426],[-118.17661,47.91046],[-118.17731,47.91177],[-118.18759,47.91879],[-118.19024,47.92627],[-118.19369,47.92784],[-118.20003,47.92838],[-118.20186,47.93465],[-118.20624,47.94225],[-118.20895,47.94455],[-118.21232,47.94549],[-118.21803,47.94472],[-118.22395,47.94168],[-118.23126,47.94002],[-118.23783,47.94012],[-118.24395,47.94358],[-118.25269,47.94237],[-118.25924,47.93759],[-118.25998,47.93478],[-118.26087,47.93417],[-118.27,47.93372],[-118.27186,47.93268],[-118.27303,47.92984],[-118.27681,47.92723],[-118.29378,47.91896],[-118.31644,47.90945],[-118.32096,47.90166],[-118.31971,47.89817],[-118.32171,47.89629],[-118.32672,47.89635],[-118.33449,47.89379],[-118.34094,47.89432],[-118.34124,47.89243],[-118.34745,47.88701],[-118.34991,47.88257],[-118.34806,47.87705],[-118.34817,47.87488],[-118.35407,47.86493],[-118.35561,47.86026],[-118.35502,47.8578],[-118.35645,47.85178],[-118.35692,47.84679],[-118.35623,47.84417],[-118.35707,47.8416],[-118.36038,47.83839],[-118.36815,47.833],[-118.3717,47.83234],[-118.37484,47.83306],[-118.38345,47.83036],[-118.39266,47.83068],[-118.40174,47.83289],[-118.41649,47.83502],[-118.42411,47.8385],[-118.43344,47.83983],[-118.44582,47.8455],[-118.45295,47.85084],[-118.45616,47.85447],[-118.4578,47.85953],[-118.45689,47.86546],[-118.45698,47.87488],[-118.4581,47.87741],[-118.46091,47.88033],[-118.46423,47.8819],[-118.46698,47.88239],[-118.47574,47.87715],[-118.4901,47.87567],[-118.49924,47.87385],[-118.50789,47.87526],[-118.5313,47.87488],[-118.53922,47.87765],[-118.54258,47.88057],[-118.54409,47.88397],[-118.54398,47.88858],[-118.54217,47.89263],[-118.53459,47.90121],[-118.53211,47.9105],[-118.5335,47.91488],[-118.53666,47.91792],[-118.54104,47.92041],[-118.55337,47.9241],[-118.55605,47.92596],[-118.56344,47.92763],[-118.5704,47.93232],[-118.58458,47.93255],[-118.59805,47.92919],[-118.60705,47.93123],[-118.61064,47.92847],[-118.61379,47.92889],[-118.62478,47.92755],[-118.63428,47.92989],[-118.63749,47.92929],[-118.64145,47.92605],[-118.64737,47.92556],[-118.65199,47.92711],[-118.66195,47.93741],[-118.68839,47.94272],[-118.6926,47.94215],[-118.69746,47.94052],[-118.7038,47.93655],[-118.70763,47.93358],[-118.7085,47.93204],[-118.71111,47.91921],[-118.71004,47.90976],[-118.7104,47.90594],[-118.71168,47.90335],[-118.71493,47.90204],[-118.73032,47.90017],[-118.74064,47.90153],[-118.74899,47.90463],[-118.75568,47.90855],[-118.76989,47.9129],[-118.78322,47.91572],[-118.80213,47.91787],[-118.81188,47.92028],[-118.81555,47.92205],[-118.82314,47.92623],[-118.8294,47.93314],[-118.83304,47.95047],[-118.83486,47.95321],[-118.83763,47.95493],[-118.84669,47.9577],[-118.85272,47.95788],[-118.87105,47.9563],[-118.90063,47.94794],[-118.92388,47.94552],[-118.95241,47.94106],[-118.96153,47.94115],[-118.9735,47.94341],[-118.97282,47.941],[-118.97396,47.93281],[-118.97559,47.72698],[-118.97777,47.59717],[-118.97753,47.49515],[-118.9793,47.36435],[-118.9788,47.36316],[-118.97952,47.34953],[-118.97908,47.31276],[-118.97978,47.26171],[-118.83613,47.26095],[-118.18713,47.26122],[-118.10078,47.26098],[-118.04648,47.26001],[-117.93987,47.26066],[-117.82363,47.26019],[-117.8234,47.37669],[-117.82182,47.47909],[-117.82192,47.57986]]]},"bbox":[-118.97978,47.26001,-117.81941,47.95788],"properties":{"divisionId":"county:53043","divisionType":"county","geoid":"53043","state":"WA","stateName":"Washington","name":"Lincoln County","shortName":"Lincoln","label":"WA • Lincoln","labelPoint":[-118.4176925,47.5827433],"countyAreaSqKm":6057.773,"cameraViewshedAreaSqKm":0.0,"cameraViewshedCoveragePct":0.0}},{"type":"Feature","id":"county:53045","geometry":{"type":"Polygon","coordinates":[[[-122.93628,47.18946],[-122.93559,47.18729],[-122.93615,47.18341],[-122.93482,47.18197],[-122.93011,47.17996],[-122.92231,47.17944],[-122.91843,47.1774],[-122.91134,47.17596],[-122.90934,47.16883],[-122.90352,47.15753],[-122.89554,47.15714],[-122.87995,47.15833],[-122.87144,47.16115],[-122.865,47.16539],[-122.85966,47.16702],[-122.85103,47.17277],[-122.83664,47.18746],[-122.83161,47.18994],[-122.82299,47.19264],[-122.82058,47.19422],[-122.8227,47.20685],[-122.82404,47.21083],[-122.82384,47.21456],[-122.82519,47.21795],[-122.83324,47.22335],[-122.83694,47.22675],[-122.84127,47.23564],[-122.84725,47.24303],[-122.85119,47.24977],[-122.85256,47.25436],[-122.85284,47.25947],[-122.85167,47.26775],[-122.84774,47.27585],[-122.84124,47.2828],[-122.8248,47.29555],[-122.81423,47.30571],[-122.8081,47.31549],[-122.8043,47.32693],[-122.80387,47.33461],[-122.80779,47.34558],[-122.80667,47.34936],[-122.8019,47.35451],[-122.80108,47.35654],[-122.80124,47.43263],[-122.8005,47.44731],[-122.80131,47.49084],[-122.80101,47.52041],[-122.93967,47.52251],[-122.99362,47.52028],[-123.0384,47.52024],[-123.02932,47.53309],[-122.99042,47.57036],[-122.98497,47.57828],[-122.98056,47.58697],[-122.97443,47.59484],[-122.96767,47.59947],[-122.95062,47.60631],[-123.09926,47.60737],[-123.36703,47.60746],[-123.37701,47.60691],[-123.37701,47.60462],[-123.50592,47.60462],[-123.50601,47.35912],[-123.50505,47.34477],[-123.50559,47.31451],[-123.50502,47.25854],[-123.49081,47.25821],[-123.48978,47.18383],[-123.49004,47.16926],[-123.49121,47.1626],[-123.48971,47.15486],[-123.48999,47.1258],[-123.48917,47.11127],[-123.48973,47.08992],[-123.48894,47.08265],[-123.474,47.08226],[-123.40964,47.08329],[-123.3687,47.08245],[-123.2653,47.08504],[-123.18019,47.08451],[-123.09607,47.08536],[-123.07503,47.08479],[-123.07474,47.10445],[-123.07365,47.10624],[-123.06645,47.11104],[-123.05875,47.11452],[-123.04817,47.116],[-123.03057,47.11535],[-123.02726,47.1158],[-123.02136,47.11809],[-123.01539,47.12379],[-123.01046,47.14333],[-123.00683,47.14799],[-122.99968,47.15283],[-122.99112,47.15669],[-122.98445,47.15886],[-122.96912,47.16153],[-122.96122,47.16444],[-122.95282,47.1701],[-122.94923,47.17389],[-122.94754,47.17793],[-122.94746,47.18407],[-122.94611,47.18675],[-122.93989,47.18993],[-122.93722,47.19034],[-122.93628,47.18946]]]},"bbox":[-123.50601,47.08226,-122.8005,47.60746],"properties":{"divisionId":"county:53045","divisionType":"county","geoid":"53045","state":"WA","stateName":"Washington","name":"Mason County","shortName":"Mason","label":"WA • Mason","labelPoint":[-123.1731033,47.3508322],"countyAreaSqKm":2722.287,"cameraViewshedAreaSqKm":0.0,"cameraViewshedCoveragePct":0.0}},{"type":"Feature","id":"county:53047","geometry":{"type":"Polygon","coordinates":[[[-118.86953,48.48188],[-118.86963,48.65383],[-118.83701,48.65387],[-118.83641,48.72595],[-118.83721,48.90102],[-118.83661,49.00008],[-120.03729,48.99945],[-120.43084,49.00051],[-120.85153,49.0003],[-120.85534,48.99804],[-120.85285,48.9947],[-120.85121,48.99383],[-120.85827,48.98637],[-120.86136,48.98464],[-120.86209,48.98201],[-120.86405,48.98053],[-120.88206,48.97795],[-120.88564,48.97521],[-120.88127,48.97298],[-120.88059,48.97081],[-120.88258,48.96852],[-120.87966,48.96603],[-120.87094,48.96181],[-120.86159,48.96022],[-120.8599,48.958],[-120.85686,48.95669],[-120.85182,48.95583],[-120.84977,48.95624],[-120.84348,48.95142],[-120.8402,48.94998],[-120.83544,48.93931],[-120.83293,48.93852],[-120.8297,48.93815],[-120.82009,48.94114],[-120.81905,48.94432],[-120.81418,48.94596],[-120.81381,48.9472],[-120.8151,48.95064],[-120.80637,48.95171],[-120.80105,48.95363],[-120.80041,48.95596],[-120.8011,48.95872],[-120.79824,48.95947],[-120.79306,48.95956],[-120.78718,48.95773],[-120.77489,48.95679],[-120.76995,48.95533],[-120.76308,48.94847],[-120.75742,48.94432],[-120.75484,48.93959],[-120.75405,48.93626],[-120.7546,48.93298],[-120.75895,48.92967],[-120.77205,48.92651],[-120.77238,48.9242],[-120.7713,48.92015],[-120.77195,48.91667],[-120.76788,48.91143],[-120.77142,48.90833],[-120.77213,48.90671],[-120.77096,48.90429],[-120.76649,48.90071],[-120.7627,48.89952],[-120.76621,48.89316],[-120.76312,48.88854],[-120.769,48.88425],[-120.77022,48.88183],[-120.76793,48.87743],[-120.76424,48.87544],[-120.76234,48.87301],[-120.75631,48.87116],[-120.74826,48.86685],[-120.74351,48.86635],[-120.73784,48.86425],[-120.73528,48.86437],[-120.73606,48.85817],[-120.73222,48.85586],[-120.73072,48.85383],[-120.73175,48.85328],[-120.73666,48.84447],[-120.74028,48.84344],[-120.7398,48.84138],[-120.73581,48.83484],[-120.73528,48.83144],[-120.73764,48.82836],[-120.73738,48.82567],[-120.7424,48.82207],[-120.74249,48.8209],[-120.74205,48.8113],[-120.73535,48.80376],[-120.73619,48.8015],[-120.73583,48.79907],[-120.73702,48.79773],[-120.73724,48.79583],[-120.73403,48.79249],[-120.73543,48.78649],[-120.73363,48.78312],[-120.72552,48.77339],[-120.72278,48.77256],[-120.71947,48.77289],[-120.70992,48.77181],[-120.70877,48.7691],[-120.70336,48.76362],[-120.70285,48.76151],[-120.69947,48.75728],[-120.69237,48.75605],[-120.6906,48.752],[-120.69173,48.74984],[-120.69148,48.74792],[-120.68873,48.7452],[-120.6804,48.74145],[-120.67864,48.7392],[-120.67816,48.73505],[-120.67338,48.73322],[-120.66792,48.73362],[-120.66274,48.73004],[-120.66122,48.72734],[-120.65598,48.7249],[-120.65777,48.72131],[-120.65977,48.7196],[-120.66458,48.72089],[-120.67072,48.72059],[-120.6782,48.71783],[-120.68159,48.71065],[-120.68022,48.70812],[-120.68005,48.70395],[-120.67779,48.7014],[-120.67809,48.6962],[-120.67997,48.6943],[-120.68418,48.69421],[-120.70123,48.69738],[-120.70343,48.69691],[-120.71199,48.68787],[-120.71325,48.68229],[-120.71637,48.67674],[-120.71866,48.67449],[-120.71733,48.66453],[-120.72078,48.6639],[-120.73308,48.66619],[-120.73819,48.66268],[-120.74438,48.66096],[-120.74503,48.65996],[-120.74978,48.65927],[-120.7519,48.657],[-120.75062,48.65372],[-120.75261,48.6523],[-120.75289,48.64938],[-120.75761,48.64456],[-120.7664,48.64436],[-120.77169,48.64263],[-120.7733,48.641],[-120.77408,48.63756],[-120.77748,48.63532],[-120.7806,48.63029],[-120.78831,48.62511],[-120.78211,48.61273],[-120.78487,48.60976],[-120.78531,48.60516],[-120.78366,48.60186],[-120.77404,48.59443],[-120.77383,48.59308],[-120.76914,48.58993],[-120.76586,48.58901],[-120.76466,48.58626],[-120.75876,48.58195],[-120.74413,48.57884],[-120.74158,48.57888],[-120.73066,48.5823],[-120.72931,48.58523],[-120.72752,48.58572],[-120.72438,48.58895],[-120.72258,48.59614],[-120.71921,48.59643],[-120.71499,48.59456],[-120.71547,48.59366],[-120.71224,48.59142],[-120.70503,48.5901],[-120.69741,48.58119],[-120.6928,48.57751],[-120.68852,48.5757],[-120.68873,48.57285],[-120.68673,48.57089],[-120.6861,48.5665],[-120.68684,48.56432],[-120.6881,48.56295],[-120.69293,48.56069],[-120.7005,48.55902],[-120.70099,48.55662],[-120.70033,48.55576],[-120.70198,48.55107],[-120.70454,48.54917],[-120.70546,48.54773],[-120.70524,48.54609],[-120.70868,48.5418],[-120.70746,48.53684],[-120.70508,48.53598],[-120.70207,48.53159],[-120.69591,48.53252],[-120.69139,48.53211],[-120.68762,48.53053],[-120.67748,48.53096],[-120.67309,48.53273],[-120.66896,48.53286],[-120.65705,48.53566],[-120.656,48.5371],[-120.65228,48.53694],[-120.65131,48.53622],[-120.65077,48.53446],[-120.64899,48.53284],[-120.64901,48.52692],[-120.65576,48.52259],[-120.65664,48.5211],[-120.65662,48.51742],[-120.65783,48.51556],[-120.65575,48.51175],[-120.65726,48.50888],[-120.6572,48.50731],[-120.64768,48.50522],[-120.6406,48.50237],[-120.63001,48.4995],[-120.62841,48.4969],[-120.63,48.49567],[-120.63848,48.49631],[-120.63975,48.49552],[-120.64163,48.49256],[-120.64896,48.48957],[-120.65133,48.48554],[-120.65324,48.48523],[-120.65354,48.48078],[-120.65135,48.4777],[-120.6426,48.47435],[-120.63787,48.47352],[-120.63347,48.47081],[-120.63241,48.46877],[-120.64101,48.46662],[-120.65083,48.46073],[-120.65477,48.45318],[-120.66659,48.45145],[-120.66882,48.44973],[-120.66661,48.44611],[-120.66288,48.44263],[-120.65898,48.44144],[-120.65278,48.43795],[-120.6509,48.43472],[-120.65152,48.43232],[-120.65523,48.43009],[-120.65474,48.42691],[-120.65197,48.42333],[-120.65025,48.41479],[-120.64778,48.41242],[-120.64165,48.41112],[-120.64111,48.40854],[-120.64503,48.4061],[-120.64991,48.39928],[-120.64993,48.39814],[-120.64006,48.39708],[-120.62521,48.39759],[-120.6211,48.39877],[-120.61046,48.39431],[-120.60417,48.3885],[-120.59951,48.3857],[-120.58871,48.38423],[-120.58422,48.38004],[-120.56733,48.37552],[-120.56635,48.37284],[-120.56319,48.37085],[-120.56227,48.36449],[-120.56021,48.36105],[-120.56178,48.35923],[-120.56691,48.35746],[-120.56972,48.34888],[-120.57745,48.34613],[-120.57872,48.34422],[-120.58398,48.34161],[-120.58567,48.33918],[-120.58599,48.33681],[-120.58398,48.32777],[-120.58466,48.32631],[-120.58848,48.32348],[-120.58682,48.32032],[-120.58317,48.31913],[-120.56525,48.31759],[-120.56052,48.31568],[-120.55694,48.31239],[-120.55288,48.31119],[-120.5472,48.30671],[-120.52731,48.3066],[-120.5191,48.31135],[-120.51521,48.31221],[-120.51029,48.3113],[-120.50821,48.31034],[-120.50397,48.30238],[-120.49883,48.29507],[-120.49427,48.29282],[-120.48862,48.2874],[-120.48234,48.28401],[-120.47635,48.27836],[-120.46449,48.2749],[-120.46316,48.27254],[-120.46772,48.27059],[-120.46912,48.26898],[-120.46556,48.26701],[-120.46136,48.26651],[-120.45115,48.26098],[-120.44621,48.25994],[-120.4427,48.2602],[-120.43877,48.25802],[-120.42972,48.25492],[-120.42894,48.25297],[-120.42314,48.25009],[-120.41225,48.24827],[-120.40372,48.24474],[-120.39229,48.24269],[-120.38691,48.23805],[-120.38495,48.23317],[-120.39141,48.2288],[-120.39006,48.22622],[-120.38655,48.2253],[-120.38428,48.22094],[-120.3829,48.21985],[-120.37869,48.2183],[-120.37349,48.2178],[-120.36225,48.21867],[-120.36007,48.21959],[-120.3574,48.21942],[-120.35554,48.21842],[-120.35397,48.21692],[-120.35421,48.21338],[-120.34792,48.20521],[-120.34628,48.19999],[-120.34719,48.19771],[-120.35078,48.1932],[-120.3519,48.18727],[-120.35318,48.18495],[-120.35561,48.18324],[-120.35692,48.17955],[-120.35672,48.17614],[-120.361,48.17251],[-120.36226,48.16475],[-120.36129,48.15757],[-120.35429,48.15535],[-120.35326,48.15395],[-120.35349,48.15114],[-120.35256,48.14832],[-120.34858,48.14428],[-120.3416,48.14294],[-120.33382,48.13884],[-120.32884,48.13336],[-120.32633,48.13181],[-120.32696,48.12904],[-120.31961,48.12442],[-120.3167,48.12446],[-120.30962,48.12699],[-120.30129,48.12723],[-120.29861,48.12973],[-120.29104,48.12958],[-120.28825,48.12511],[-120.28539,48.12385],[-120.2801,48.12345],[-120.2786,48.12147],[-120.27347,48.11877],[-120.27221,48.11557],[-120.26814,48.1133],[-120.26581,48.11077],[-120.2587,48.11054],[-120.25569,48.10661],[-120.25221,48.1051],[-120.25069,48.10318],[-120.24447,48.10102],[-120.24147,48.0971],[-120.23574,48.0939],[-120.23475,48.08866],[-120.2292,48.08856],[-120.22369,48.0839],[-120.21889,48.08451],[-120.2163,48.08126],[-120.21306,48.07904],[-120.2029,48.07716],[-120.19709,48.07688],[-120.18647,48.07842],[-120.18416,48.07714],[-120.183,48.07387],[-120.17026,48.06971],[-120.16685,48.06954],[-120.1638,48.06805],[-120.1589,48.06906],[-120.15575,48.0657],[-120.15002,48.06613],[-120.14874,48.06469],[-120.1466,48.06545],[-120.14342,48.06523],[-120.1415,48.06158],[-120.13284,48.05722],[-120.13167,48.05459],[-120.135,48.05244],[-120.13976,48.0542],[-120.14736,48.05313],[-120.14901,48.05223],[-120.14719,48.04896],[-120.15011,48.04651],[-120.15011,48.0445],[-120.14674,48.04277],[-120.14715,48.04124],[-120.14639,48.03734],[-120.1344,48.03328],[-120.12179,48.03218],[-120.11945,48.02701],[-120.10226,48.0214],[-120.09538,48.02067],[-120.09018,48.01801],[-120.08712,48.01345],[-120.08283,48.01067],[-120.08183,48.00622],[-120.08243,48.00489],[-120.0801,48.00372],[-120.07807,47.99978],[-120.08006,47.99859],[-120.07986,47.9967],[-120.08105,47.99303],[-120.06836,47.98329],[-120.06378,47.98147],[-120.06305,47.97881],[-120.06502,47.97711],[-120.06572,47.97504],[-120.06958,47.97154],[-120.07009,47.96837],[-120.06641,47.96635],[-120.06122,47.9665],[-120.0538,47.96169],[-120.05134,47.96201],[-120.04865,47.96063],[-119.8706,47.96046],[-119.88102,47.96877],[-119.884,47.97367],[-119.88177,47.98395],[-119.88045,47.98663],[-119.87779,47.98952],[-119.87279,47.99264],[-119.86876,48.00036],[-119.86707,48.0076],[-119.86886,48.01737],[-119.87042,48.01978],[-119.88322,48.03162],[-119.88515,48.03499],[-119.89323,48.0446],[-119.89535,48.05004],[-119.89343,48.05142],[-119.89166,48.05505],[-119.88856,48.05699],[-119.8637,48.0661],[-119.85236,48.07361],[-119.8433,48.07706],[-119.83679,48.0786],[-119.82584,48.07983],[-119.81598,48.08524],[-119.81213,48.08655],[-119.78988,48.08572],[-119.77955,48.08741],[-119.77605,48.08969],[-119.7746,48.09196],[-119.77419,48.09534],[-119.7764,48.10265],[-119.77344,48.10447],[-119.76657,48.10475],[-119.75124,48.10324],[-119.7425,48.10124],[-119.73556,48.09707],[-119.73112,48.08998],[-119.72671,48.08503],[-119.72351,48.08297],[-119.71974,48.08206],[-119.70349,48.08314],[-119.69818,48.0854],[-119.68635,48.09284],[-119.68429,48.09325],[-119.68298,48.09251],[-119.67377,48.08246],[-119.67053,48.07786],[-119.66971,48.07523],[-119.66986,48.07008],[-119.67137,48.06607],[-119.6783,48.0551],[-119.68109,48.04815],[-119.69327,48.03306],[-119.69349,48.02963],[-119.69205,48.0267],[-119.68868,48.02273],[-119.68456,48.01978],[-119.66571,48.009],[-119.66013,48.00376],[-119.65683,48.00182],[-119.65176,48.00001],[-119.63783,47.99695],[-119.63105,47.99628],[-119.62166,47.99662],[-119.61552,47.99903],[-119.60611,48.0123],[-119.5951,48.02086],[-119.5644,48.03547],[-119.55962,48.03906],[-119.5547,48.04437],[-119.54581,48.04973],[-119.53903,48.05279],[-119.53039,48.05402],[-119.52413,48.05704],[-119.51757,48.06261],[-119.51591,48.07173],[-119.51611,48.07478],[-119.50937,48.07901],[-119.50099,48.08243],[-119.49368,48.08222],[-119.48417,48.0787],[-119.47285,48.0782],[-119.4669,48.08029],[-119.46439,48.08035],[-119.44988,48.07814],[-119.44515,48.0792],[-119.44073,48.07867],[-119.43394,48.07487],[-119.42325,48.06256],[-119.41599,48.058],[-119.40881,48.05474],[-119.40511,48.05144],[-119.40223,48.05042],[-119.39416,48.04983],[-119.36669,48.0528],[-119.34201,48.04966],[-119.33706,48.05188],[-119.33311,48.05604],[-119.32793,48.07027],[-119.32836,48.07711],[-119.32982,48.0822],[-119.32752,48.09666],[-119.32469,48.10013],[-119.31713,48.10602],[-119.30729,48.11178],[-119.29859,48.11549],[-119.29208,48.11497],[-119.28856,48.11399],[-119.26942,48.10456],[-119.26016,48.10211],[-119.25255,48.10259],[-119.23757,48.10939],[-119.23254,48.11347],[-119.22189,48.1165],[-119.2153,48.11531],[-119.21166,48.11622],[-119.20837,48.11812],[-119.20019,48.1252],[-119.19162,48.12885],[-119.18795,48.12938],[-119.18169,48.12803],[-119.17702,48.12829],[-119.17141,48.13154],[-119.16543,48.13724],[-119.15312,48.14535],[-119.14245,48.14749],[-119.13531,48.15075],[-119.13096,48.15119],[-119.12237,48.14915],[-119.10727,48.14043],[-119.10007,48.13798],[-119.08835,48.13731],[-119.07729,48.13997],[-119.07008,48.1404],[-119.05841,48.13749],[-119.05492,48.13592],[-119.04965,48.13042],[-119.03948,48.12187],[-119.03189,48.11683],[-119.02886,48.11313],[-119.02464,48.10312],[-119.02233,48.09189],[-119.02278,48.08274],[-119.01879,48.06978],[-119.01522,48.0651],[-119.01013,48.05163],[-119.006,48.04556],[-119.00319,48.04326],[-118.99865,48.04144],[-118.97886,48.03687],[-118.96725,48.02938],[-118.95726,48.02452],[-118.95123,48.01965],[-118.95069,48.01605],[-118.95232,48.00856],[-118.95541,48.0035],[-118.96071,47.9988],[-118.96094,47.99249],[-118.96392,47.98592],[-118.96959,47.97946],[-118.97855,47.97302],[-118.98243,47.96912],[-118.98177,47.95799],[-118.98275,47.94978],[-118.98006,47.94657],[-118.9735,47.94341],[-118.96857,47.94224],[-118.95938,47.94093],[-118.95241,47.94106],[-118.92388,47.94552],[-118.90063,47.94794],[-118.87543,47.95543],[-118.85196,47.95791],[-118.85167,47.96343],[-118.84578,47.96348],[-118.8458,48.30991],[-118.84504,48.30993],[-118.84389,48.48174],[-118.86953,48.48188]]]},"bbox":[-120.88564,47.94093,-118.83641,49.00051],"properties":{"divisionId":"county:53047","divisionType":"county","geoid":"53047","state":"WA","stateName":"Washington","name":"Okanogan County","shortName":"Okanogan","label":"WA • Okanogan","labelPoint":[-119.7422347,48.5484533],"countyAreaSqKm":13766.173,"cameraViewshedAreaSqKm":310.756,"cameraViewshedCoveragePct":2.26}},{"type":"Feature","id":"county:53049","geometry":{"type":"Polygon","coordinates":[[[-124.17513,46.79373],[-124.17239,46.77511],[-124.17092,46.75849],[-124.17141,46.74542],[-124.16898,46.73213],[-124.15701,46.70225],[-124.15637,46.69701],[-124.15412,46.6892],[-124.14848,46.67918],[-124.14526,46.67047],[-124.14882,46.66099],[-124.14967,46.65008],[-124.14774,46.6406],[-124.14329,46.63116],[-124.14196,46.58696],[-124.13995,46.57723],[-124.1353,46.5423],[-124.13526,46.52861],[-124.13339,46.50683],[-124.13383,46.49071],[-124.13243,46.47808],[-124.12998,46.43159],[-124.13201,46.37793],[-124.13521,46.34937],[-124.14177,46.33433],[-124.14405,46.32195],[-124.14779,46.31454],[-124.15019,46.30638],[-124.15349,46.30205],[-124.15433,46.29522],[-124.15828,46.28914],[-124.16071,46.28201],[-124.16255,46.27173],[-124.16234,46.2681],[-124.15955,46.26113],[-124.03595,46.26418],[-124.03492,46.26484],[-124.03568,46.27147],[-124.03364,46.2744],[-124.03355,46.27591],[-124.03376,46.27732],[-124.03664,46.28007],[-124.03887,46.28456],[-124.0356,46.29684],[-124.03013,46.29875],[-124.02488,46.2991],[-124.01488,46.29317],[-124.00967,46.28322],[-124.00514,46.27769],[-124.00585,46.27679],[-124.00362,46.27471],[-123.98599,46.27276],[-123.97335,46.2685],[-123.95762,46.26016],[-123.94654,46.24982],[-123.93048,46.23881],[-123.87187,46.23495],[-123.81514,46.24983],[-123.77936,46.25388],[-123.74145,46.26915],[-123.72755,46.2645],[-123.72785,46.34335],[-123.72656,46.38487],[-123.48196,46.38354],[-123.35833,46.38403],[-123.35739,46.47046],[-123.35844,46.4916],[-123.35838,46.54141],[-123.35951,46.56264],[-123.36501,46.56246],[-123.36558,46.57713],[-123.36462,46.59092],[-123.36532,46.60571],[-123.36511,46.64932],[-123.37044,46.73472],[-123.37271,46.73469],[-123.37127,46.76428],[-123.37095,46.79213],[-123.47494,46.79278],[-123.54636,46.7941],[-123.611,46.79317],[-123.77769,46.79284],[-123.85651,46.79157],[-123.85649,46.79092],[-123.88662,46.79289],[-124.01815,46.79279],[-124.08165,46.79424],[-124.17513,46.79373]]]},"bbox":[-124.17513,46.23495,-123.35739,46.79424],"properties":{"divisionId":"county:53049","divisionType":"county","geoid":"53049","state":"WA","stateName":"Washington","name":"Pacific County","shortName":"Pacific","label":"WA • Pacific","labelPoint":[-123.7824193,46.5565866],"countyAreaSqKm":3176.067,"cameraViewshedAreaSqKm":0.0,"cameraViewshedCoveragePct":0.0}},{"type":"Feature","id":"county:53051","geometry":{"type":"Polygon","coordinates":[[[-117.62961,48.71368],[-117.62924,48.65585],[-117.49997,48.65619],[-117.50141,48.54137],[-117.50054,48.39485],[-117.49997,48.39464],[-117.50007,48.25158],[-117.50085,48.22337],[-117.50224,48.22336],[-117.50237,48.13471],[-117.43763,48.13469],[-117.43699,48.04721],[-117.04188,48.04547],[-117.04111,48.1249],[-117.0386,48.20809],[-117.03518,48.37088],[-117.03543,48.49991],[-117.03211,48.87493],[-117.03234,48.9992],[-117.1349,48.9988],[-117.42997,49.00046],[-117.43038,48.92317],[-117.49896,48.92316],[-117.4985,48.8369],[-117.56386,48.83667],[-117.56381,48.74296],[-117.62942,48.74263],[-117.62961,48.71368]]]},"bbox":[-117.62961,48.04547,-117.03211,49.00046],"properties":{"divisionId":"county:53051","divisionType":"county","geoid":"53051","state":"WA","stateName":"Washington","name":"Pend Oreille County","shortName":"Pend Oreille","label":"WA • Pend Oreille","labelPoint":[-117.2321913,48.5438247],"countyAreaSqKm":3690.938,"cameraViewshedAreaSqKm":0.0,"cameraViewshedCoveragePct":0.0}},{"type":"Feature","id":"county:53053","geometry":{"type":"Polygon","coordinates":[[[-121.94776,47.14279],[-121.9506,47.14516],[-121.94994,47.15095],[-121.95211,47.15451],[-121.95867,47.15724],[-121.96467,47.15599],[-121.96951,47.15628],[-121.97134,47.15739],[-121.97317,47.16071],[-121.98058,47.16456],[-121.98378,47.16469],[-121.98852,47.16298],[-121.99117,47.16308],[-121.99365,47.16771],[-121.99393,47.17257],[-121.99745,47.17219],[-122.0006,47.1702],[-122.00453,47.1702],[-122.00677,47.17096],[-122.0067,47.17288],[-122.00976,47.1754],[-122.01272,47.17605],[-122.02231,47.17397],[-122.03193,47.17501],[-122.03643,47.17279],[-122.04146,47.17272],[-122.04488,47.17129],[-122.04749,47.17123],[-122.05368,47.17572],[-122.0543,47.1786],[-122.05843,47.17991],[-122.06338,47.18588],[-122.06751,47.1877],[-122.07016,47.18764],[-122.08134,47.19022],[-122.08349,47.19251],[-122.08634,47.19373],[-122.09476,47.19498],[-122.09516,47.19564],[-122.09393,47.19673],[-122.09483,47.1982],[-122.09683,47.19958],[-122.10071,47.20007],[-122.10702,47.20763],[-122.1103,47.20994],[-122.11092,47.21253],[-122.11576,47.21598],[-122.1156,47.21683],[-122.11324,47.21779],[-122.11569,47.22069],[-122.11304,47.22363],[-122.11751,47.22586],[-122.11757,47.22659],[-122.11486,47.22897],[-122.11609,47.2302],[-122.11575,47.23134],[-122.12055,47.23083],[-122.12546,47.23232],[-122.12587,47.23403],[-122.12385,47.23514],[-122.12251,47.23724],[-122.12297,47.23913],[-122.13426,47.24399],[-122.1355,47.2466],[-122.13758,47.24682],[-122.13732,47.24894],[-122.13833,47.25065],[-122.13675,47.25437],[-122.1437,47.2566],[-122.14398,47.25753],[-122.33491,47.25737],[-122.33483,47.26311],[-122.43725,47.33372],[-122.45449,47.32418],[-122.46318,47.3208],[-122.47155,47.31862],[-122.48406,47.31733],[-122.50051,47.31777],[-122.51388,47.32054],[-122.52042,47.32278],[-122.52806,47.32701],[-122.53478,47.33344],[-122.53893,47.33992],[-122.54149,47.34691],[-122.54139,47.35133],[-122.53929,47.3575],[-122.52907,47.37296],[-122.52842,47.37499],[-122.52836,47.37704],[-122.52985,47.38121],[-122.53927,47.39246],[-122.53976,47.39655],[-122.53699,47.40336],[-122.8012,47.40358],[-122.80108,47.35654],[-122.8019,47.35451],[-122.80667,47.34936],[-122.80777,47.3462],[-122.80432,47.33693],[-122.80374,47.33336],[-122.8043,47.32693],[-122.80616,47.32068],[-122.80908,47.31351],[-122.81423,47.30571],[-122.8248,47.29555],[-122.8448,47.2794],[-122.84893,47.27382],[-122.85229,47.26559],[-122.85256,47.25436],[-122.84883,47.24537],[-122.84127,47.23564],[-122.83694,47.22675],[-122.83324,47.22335],[-122.82519,47.21795],[-122.82428,47.21607],[-122.82404,47.21083],[-122.8227,47.20685],[-122.82058,47.19422],[-122.81178,47.19066],[-122.8057,47.18658],[-122.7986,47.17866],[-122.7924,47.17513],[-122.78945,47.16856],[-122.77724,47.15621],[-122.77442,47.15412],[-122.7659,47.15025],[-122.76267,47.14347],[-122.75559,47.13857],[-122.74981,47.13654],[-122.73109,47.12646],[-122.72639,47.12314],[-122.71694,47.11863],[-122.6982,47.116],[-122.69218,47.09921],[-122.69298,47.09641],[-122.69696,47.09425],[-122.6976,47.08881],[-122.70634,47.08632],[-122.70754,47.08533],[-122.70576,47.0816],[-122.70811,47.07761],[-122.70512,47.07432],[-122.70277,47.06989],[-122.7007,47.06828],[-122.70096,47.06687],[-122.70266,47.06619],[-122.70314,47.06465],[-122.70135,47.06329],[-122.69611,47.06176],[-122.69557,47.05941],[-122.6899,47.05741],[-122.69346,47.05304],[-122.68566,47.05157],[-122.67681,47.04265],[-122.67549,47.0372],[-122.67952,47.03276],[-122.68036,47.03055],[-122.67987,47.02819],[-122.67276,47.02419],[-122.67452,47.0198],[-122.6724,47.01541],[-122.66664,47.01362],[-122.66485,47.01177],[-122.65879,47.00955],[-122.65702,47.00614],[-122.65986,47.00322],[-122.65626,47.00327],[-122.65358,47.00506],[-122.65256,47.00713],[-122.65062,47.00732],[-122.6487,47.00655],[-122.64604,47.00366],[-122.63996,47.00206],[-122.63924,47.00144],[-122.64059,46.99988],[-122.63882,46.99842],[-122.63604,46.99827],[-122.63252,46.99923],[-122.6303,46.99834],[-122.62984,46.9974],[-122.63106,46.9891],[-122.63818,46.98082],[-122.63855,46.97909],[-122.6374,46.9771],[-122.62912,46.97146],[-122.61885,46.9703],[-122.6116,46.96721],[-122.61045,46.97149],[-122.61135,46.97476],[-122.61105,46.9767],[-122.60358,46.97649],[-122.59599,46.97404],[-122.59009,46.97396],[-122.58452,46.97429],[-122.5816,46.97717],[-122.58005,46.9775],[-122.57641,46.97409],[-122.57544,46.97129],[-122.5769,46.97045],[-122.58277,46.9714],[-122.586,46.97114],[-122.58786,46.9691],[-122.58709,46.96676],[-122.5846,46.96613],[-122.58243,46.96817],[-122.58045,46.96859],[-122.57475,46.96673],[-122.57383,46.96493],[-122.57226,46.96423],[-122.56641,46.96674],[-122.56338,46.96594],[-122.56314,46.9644],[-122.56384,46.96383],[-122.57051,46.96218],[-122.57188,46.96105],[-122.57219,46.95962],[-122.56968,46.95386],[-122.56878,46.94964],[-122.56684,46.94758],[-122.56574,46.94315],[-122.5662,46.93983],[-122.56323,46.9353],[-122.55688,46.93196],[-122.55034,46.93071],[-122.54661,46.93081],[-122.5285,46.9253],[-122.52757,46.92469],[-122.52519,46.91935],[-122.521,46.91581],[-122.51313,46.91553],[-122.50796,46.91419],[-122.4978,46.90884],[-122.49412,46.90522],[-122.49632,46.90341],[-122.49738,46.89801],[-122.49591,46.89384],[-122.49422,46.89246],[-122.49284,46.88903],[-122.49091,46.88742],[-122.49107,46.88506],[-122.49359,46.88003],[-122.49044,46.88015],[-122.48791,46.87894],[-122.48825,46.87743],[-122.49141,46.87505],[-122.49133,46.86862],[-122.49004,46.86688],[-122.48662,46.86698],[-122.48549,46.86815],[-122.48231,46.86771],[-122.47934,46.86609],[-122.47541,46.86543],[-122.47519,46.86276],[-122.47384,46.86197],[-122.47149,46.86246],[-122.46887,46.8654],[-122.46733,46.866],[-122.45887,46.86405],[-122.45803,46.86332],[-122.45902,46.86123],[-122.45885,46.85913],[-122.45174,46.85265],[-122.44877,46.85336],[-122.44977,46.85527],[-122.447,46.85651],[-122.4439,46.85464],[-122.44329,46.85266],[-122.43985,46.85234],[-122.43384,46.85011],[-122.42703,46.85078],[-122.42279,46.84872],[-122.41805,46.84863],[-122.41697,46.84793],[-122.41747,46.84608],[-122.41661,46.8453],[-122.40805,46.84582],[-122.4095,46.84351],[-122.40833,46.84255],[-122.39068,46.84568],[-122.38854,46.84523],[-122.38825,46.84403],[-122.38381,46.84029],[-122.37852,46.83936],[-122.37401,46.84455],[-122.37119,46.84541],[-122.36453,46.84158],[-122.36336,46.84284],[-122.36092,46.84352],[-122.35599,46.83904],[-122.34682,46.83698],[-122.33826,46.83796],[-122.33414,46.8421],[-122.32768,46.84434],[-122.32531,46.84181],[-122.32898,46.83982],[-122.32938,46.83891],[-122.32433,46.83526],[-122.32389,46.83437],[-122.32554,46.83282],[-122.32491,46.83034],[-122.31833,46.82833],[-122.31011,46.82986],[-122.30358,46.82812],[-122.30281,46.8256],[-122.30416,46.82283],[-122.30416,46.81525],[-122.30247,46.80902],[-122.30626,46.80631],[-122.30773,46.80311],[-122.3108,46.80014],[-122.31252,46.79597],[-122.309,46.78959],[-122.30398,46.78882],[-122.30044,46.78591],[-122.29623,46.78534],[-122.29304,46.7805],[-122.28775,46.77756],[-122.28576,46.7741],[-122.28441,46.77373],[-122.2809,46.77624],[-122.27942,46.77633],[-122.26889,46.76637],[-122.26228,46.76526],[-122.26162,46.76599],[-122.26194,46.76986],[-122.25993,46.77198],[-122.25685,46.77264],[-122.25053,46.77158],[-122.24925,46.77228],[-122.24764,46.77517],[-122.24062,46.77593],[-122.2382,46.77539],[-122.23624,46.77298],[-122.23341,46.77328],[-122.23055,46.77228],[-122.22987,46.7701],[-122.22737,46.76888],[-122.22154,46.77023],[-122.21683,46.7685],[-122.21112,46.77012],[-122.20968,46.76915],[-122.20808,46.76562],[-122.2037,46.76408],[-122.20198,46.76155],[-122.20017,46.76076],[-122.19656,46.76075],[-122.19599,46.76177],[-122.19169,46.76217],[-122.18874,46.75979],[-122.18043,46.75696],[-122.17788,46.7552],[-122.17478,46.75635],[-122.16986,46.75528],[-122.16459,46.75745],[-122.15981,46.75642],[-122.1573,46.7538],[-122.15152,46.75409],[-122.14745,46.7528],[-122.14566,46.75416],[-122.13929,46.75473],[-122.13811,46.75348],[-122.13523,46.75261],[-122.13187,46.75438],[-122.12903,46.75466],[-122.1241,46.75165],[-122.11556,46.7489],[-122.11082,46.74908],[-122.10005,46.75115],[-122.0967,46.75],[-122.09217,46.75191],[-122.0823,46.75222],[-122.07441,46.75048],[-122.06488,46.74687],[-122.06294,46.74717],[-122.06174,46.74894],[-122.0603,46.74919],[-122.05725,46.74721],[-122.05035,46.74664],[-122.0408,46.74236],[-122.0356,46.7437],[-122.03161,46.74293],[-122.02781,46.74366],[-122.02341,46.74226],[-122.02172,46.7435],[-122.01854,46.74416],[-122.01794,46.74675],[-122.01551,46.74835],[-122.01203,46.7484],[-122.01099,46.75064],[-122.0081,46.75257],[-122.00245,46.75327],[-121.99972,46.75076],[-121.99645,46.75162],[-121.99419,46.75134],[-121.99477,46.74859],[-121.99363,46.7473],[-121.99185,46.74767],[-121.98753,46.74666],[-121.98427,46.74423],[-121.97864,46.74427],[-121.97268,46.74651],[-121.97022,46.74924],[-121.96708,46.7491],[-121.96402,46.75017],[-121.96215,46.75402],[-121.95944,46.75375],[-121.95712,46.75504],[-121.95424,46.75502],[-121.95043,46.75291],[-121.94676,46.75271],[-121.94634,46.7502],[-121.94329,46.75012],[-121.93772,46.74774],[-121.93744,46.74662],[-121.93274,46.74277],[-121.93125,46.74037],[-121.92736,46.74025],[-121.92538,46.73877],[-121.91965,46.73969],[-121.91233,46.73693],[-121.90204,46.73772],[-121.89959,46.73621],[-121.88932,46.7329],[-121.87916,46.7331],[-121.87732,46.73169],[-121.86965,46.73038],[-121.86744,46.72914],[-121.86509,46.72965],[-121.85583,46.72904],[-121.85404,46.73049],[-121.85052,46.72916],[-121.84189,46.72845],[-121.83835,46.72955],[-121.83271,46.72964],[-121.83176,46.73025],[-121.82983,46.7352],[-121.82592,46.73798],[-121.82041,46.74529],[-121.8174,46.74729],[-121.8143,46.74688],[-121.80993,46.74782],[-121.80409,46.75122],[-121.80339,46.75294],[-121.80523,46.75477],[-121.8054,46.75613],[-121.79892,46.76129],[-121.79471,46.76331],[-121.79031,46.76434],[-121.79044,46.76657],[-121.789,46.76843],[-121.78385,46.77261],[-121.77704,46.77646],[-121.77279,46.77711],[-121.7671,46.78043],[-121.76453,46.7805],[-121.75859,46.78379],[-121.45522,46.7838],[-121.45545,46.78617],[-121.45282,46.78917],[-121.45023,46.79003],[-121.44748,46.79227],[-121.44252,46.79266],[-121.44417,46.79486],[-121.44932,46.79749],[-121.45061,46.80058],[-121.45387,46.8013],[-121.4554,46.80244],[-121.45676,46.8053],[-121.45666,46.80682],[-121.45826,46.80807],[-121.45691,46.81013],[-121.45788,46.81177],[-121.46185,46.8123],[-121.46458,46.81475],[-121.47444,46.82023],[-121.47127,46.8219],[-121.47242,46.82317],[-121.47089,46.82397],[-121.47017,46.8264],[-121.47139,46.8264],[-121.47119,46.82713],[-121.4747,46.8314],[-121.4842,46.83427],[-121.48544,46.84101],[-121.49554,46.85491],[-121.49734,46.86287],[-121.50753,46.8648],[-121.51517,46.87097],[-121.52307,46.87278],[-121.52028,46.87918],[-121.51326,46.88481],[-121.51424,46.89099],[-121.51044,46.89661],[-121.50284,46.90127],[-121.49699,46.90834],[-121.4917,46.90911],[-121.48965,46.91001],[-121.48813,46.91186],[-121.48495,46.91284],[-121.47538,46.91327],[-121.47257,46.91626],[-121.47017,46.91769],[-121.4672,46.91818],[-121.46549,46.92044],[-121.46028,46.92146],[-121.45645,46.92358],[-121.45692,46.92826],[-121.45409,46.9294],[-121.45057,46.93284],[-121.44949,46.93532],[-121.45052,46.93885],[-121.45243,46.94186],[-121.45188,46.94374],[-121.45237,46.94528],[-121.45035,46.94835],[-121.45355,46.95246],[-121.45269,46.95652],[-121.45646,46.95843],[-121.45838,46.96057],[-121.45757,46.96424],[-121.45508,46.96478],[-121.44214,46.97294],[-121.44209,46.97426],[-121.4438,46.97466],[-121.44571,46.9775],[-121.44628,46.97998],[-121.44323,46.98065],[-121.44136,46.9827],[-121.43361,46.9848],[-121.42779,46.98788],[-121.42056,46.98872],[-121.41925,46.99191],[-121.41734,46.99317],[-121.4135,46.99518],[-121.40912,46.99519],[-121.40709,46.99749],[-121.40647,47.00053],[-121.40957,47.00358],[-121.40616,47.00902],[-121.40619,47.01218],[-121.40451,47.01339],[-121.40428,47.01478],[-121.40172,47.01536],[-121.39664,47.01875],[-121.3948,47.02277],[-121.39536,47.0245],[-121.39703,47.02573],[-121.39664,47.02937],[-121.39937,47.03141],[-121.3998,47.03346],[-121.39702,47.03557],[-121.39354,47.03963],[-121.39349,47.04062],[-121.38634,47.0461],[-121.38627,47.04892],[-121.38107,47.05037],[-121.37905,47.05253],[-121.37919,47.05404],[-121.37425,47.05644],[-121.37678,47.06245],[-121.37658,47.06497],[-121.37508,47.06768],[-121.37584,47.07088],[-121.37515,47.0729],[-121.37962,47.07626],[-121.37983,47.07907],[-121.38362,47.08414],[-121.37996,47.08725],[-121.38231,47.08825],[-121.38664,47.08727],[-121.394,47.08898],[-121.40665,47.08859],[-121.41197,47.0907],[-121.41647,47.0896],[-121.41803,47.08822],[-121.42823,47.08735],[-121.44176,47.0844],[-121.44708,47.08604],[-121.44743,47.08702],[-121.44986,47.08841],[-121.45474,47.08935],[-121.45855,47.09267],[-121.46383,47.09468],[-121.4682,47.09849],[-121.47188,47.09974],[-121.47393,47.10237],[-121.47603,47.10366],[-121.47618,47.10582],[-121.47802,47.10798],[-121.47994,47.10848],[-121.48068,47.11064],[-121.48571,47.11197],[-121.48978,47.11637],[-121.49114,47.1169],[-121.49321,47.1159],[-121.49723,47.11644],[-121.49965,47.11828],[-121.50374,47.11865],[-121.50526,47.11798],[-121.50685,47.11883],[-121.50653,47.12014],[-121.50975,47.1225],[-121.51372,47.12297],[-121.51593,47.12156],[-121.52335,47.12394],[-121.53151,47.12458],[-121.53588,47.12255],[-121.55123,47.12292],[-121.55454,47.12234],[-121.56036,47.11954],[-121.56271,47.12007],[-121.57043,47.11919],[-121.57364,47.12027],[-121.58196,47.11866],[-121.59446,47.12223],[-121.5952,47.12526],[-121.59722,47.12591],[-121.59868,47.12863],[-121.60064,47.12994],[-121.60099,47.13165],[-121.60579,47.1349],[-121.60624,47.13742],[-121.60965,47.13838],[-121.61147,47.14299],[-121.61761,47.14468],[-121.61802,47.14529],[-121.61723,47.14648],[-121.62105,47.14781],[-121.62079,47.1494],[-121.62339,47.14996],[-121.62436,47.15127],[-121.62706,47.15239],[-121.62831,47.152],[-121.62953,47.15343],[-121.63755,47.15331],[-121.64382,47.15559],[-121.64852,47.15493],[-121.65585,47.15861],[-121.6582,47.15838],[-121.6622,47.16004],[-121.66452,47.15956],[-121.66865,47.15587],[-121.67499,47.15493],[-121.68079,47.15257],[-121.68417,47.14979],[-121.68825,47.14956],[-121.6971,47.15146],[-121.70209,47.15125],[-121.70507,47.152],[-121.71914,47.15112],[-121.7249,47.15439],[-121.72802,47.15763],[-121.73802,47.16037],[-121.74309,47.16454],[-121.74457,47.16464],[-121.74643,47.16269],[-121.74949,47.16207],[-121.76246,47.16751],[-121.76685,47.16678],[-121.7693,47.16542],[-121.77335,47.16649],[-121.77769,47.17046],[-121.77691,47.17282],[-121.77756,47.17338],[-121.78336,47.17222],[-121.79646,47.17306],[-121.79943,47.16983],[-121.80333,47.16925],[-121.8053,47.16583],[-121.8104,47.16387],[-121.81331,47.1595],[-121.8193,47.1588],[-121.82707,47.15268],[-121.8313,47.15193],[-121.83217,47.15089],[-121.83169,47.14848],[-121.83423,47.14734],[-121.83681,47.14472],[-121.84028,47.14322],[-121.84612,47.14439],[-121.84945,47.14726],[-121.85524,47.14755],[-121.86041,47.1466],[-121.8611,47.14745],[-121.86085,47.15065],[-121.86548,47.1526],[-121.87294,47.15053],[-121.87522,47.15123],[-121.87847,47.15394],[-121.88619,47.15295],[-121.89141,47.15466],[-121.90154,47.15574],[-121.90942,47.15054],[-121.92089,47.14996],[-121.92789,47.14771],[-121.92786,47.14482],[-121.93091,47.1427],[-121.93137,47.1401],[-121.93365,47.13831],[-121.94382,47.14005],[-121.94776,47.14279]]]},"bbox":[-122.85256,46.72845,-121.37425,47.40358],"properties":{"divisionId":"county:53053","divisionType":"county","geoid":"53053","state":"WA","stateName":"Washington","name":"Pierce County","shortName":"Pierce","label":"WA • Pierce","labelPoint":[-122.1532832,47.0514435],"countyAreaSqKm":4676.522,"cameraViewshedAreaSqKm":0.0,"cameraViewshedCoveragePct":0.0}},{"type":"Feature","id":"county:53055","geometry":{"type":"Polygon","coordinates":[[[-122.94039,48.35245],[-122.85852,48.37107],[-122.84514,48.37133],[-122.80099,48.36904],[-122.78341,48.36892],[-122.77134,48.36988],[-122.76394,48.37155],[-122.75673,48.37482],[-122.75243,48.37757],[-122.74853,48.38144],[-122.7446,48.38733],[-122.74287,48.39144],[-122.73974,48.40551],[-122.73523,48.40593],[-122.73372,48.41263],[-122.73384,48.41683],[-122.737,48.42937],[-122.74932,48.45879],[-122.7494,48.46053],[-122.75221,48.46526],[-122.75577,48.47732],[-122.7559,48.48048],[-122.75089,48.4887],[-122.74607,48.49373],[-122.74524,48.49579],[-122.74345,48.49651],[-122.74333,48.50217],[-122.74013,48.50891],[-122.74009,48.51373],[-122.74252,48.52274],[-122.74715,48.52987],[-122.74863,48.53353],[-122.74998,48.54137],[-122.75095,48.55824],[-122.76273,48.58802],[-122.76386,48.59261],[-122.7644,48.60058],[-122.76133,48.60753],[-122.75846,48.61125],[-122.74764,48.62216],[-122.73052,48.63512],[-122.71288,48.64571],[-122.70873,48.64979],[-122.70421,48.6572],[-122.70332,48.66389],[-122.706,48.67068],[-122.74886,48.72256],[-122.75701,48.72575],[-122.76016,48.72793],[-122.77313,48.73957],[-122.7795,48.74788],[-122.78812,48.75652],[-122.80999,48.7707],[-122.83723,48.78071],[-122.86107,48.7873],[-122.87794,48.79019],[-123.00849,48.83122],[-123.00849,48.7671],[-123.26788,48.69399],[-123.21893,48.54871],[-123.15987,48.45351],[-123.11514,48.42283],[-123.24792,48.28456],[-123.00129,48.33981],[-122.94039,48.35245]]]},"bbox":[-123.26788,48.28456,-122.70332,48.83122],"properties":{"divisionId":"county:53055","divisionType":"county","geoid":"53055","state":"WA","stateName":"Washington","name":"San Juan County","shortName":"San Juan","label":"WA • San Juan","labelPoint":[-123.1037693,48.5071904],"countyAreaSqKm":1607.067,"cameraViewshedAreaSqKm":0.0,"cameraViewshedCoveragePct":0.0}},{"type":"Feature","id":"county:53057","geometry":{"type":"Polygon","coordinates":[[[-122.26254,48.64554],[-122.50149,48.64532],[-122.52563,48.63862],[-122.56921,48.6292],[-122.58462,48.6263],[-122.59445,48.62569],[-122.60778,48.62607],[-122.6256,48.6287],[-122.64243,48.63515],[-122.6609,48.64535],[-122.7137,48.64513],[-122.73052,48.63512],[-122.74764,48.62216],[-122.75846,48.61125],[-122.76133,48.60753],[-122.7644,48.60058],[-122.76386,48.59261],[-122.76273,48.58802],[-122.75095,48.55824],[-122.74998,48.54137],[-122.74863,48.53353],[-122.74715,48.52987],[-122.74252,48.52274],[-122.7402,48.51462],[-122.74013,48.50891],[-122.74333,48.50217],[-122.74345,48.49651],[-122.74524,48.49579],[-122.74607,48.49373],[-122.75229,48.48683],[-122.75527,48.48214],[-122.75584,48.47814],[-122.75221,48.46526],[-122.7494,48.46053],[-122.74932,48.45879],[-122.73539,48.42463],[-122.73372,48.41502],[-122.73523,48.40593],[-122.67076,48.41262],[-122.66738,48.41257],[-122.66385,48.41139],[-122.66081,48.40596],[-122.65525,48.40468],[-122.64814,48.40633],[-122.64031,48.40606],[-122.63059,48.4099],[-122.62164,48.40917],[-122.60993,48.4135],[-122.60382,48.41437],[-122.59442,48.41777],[-122.58717,48.41685],[-122.58526,48.41553],[-122.58496,48.41187],[-122.58391,48.41043],[-122.57791,48.40678],[-122.57693,48.40505],[-122.57715,48.40229],[-122.58022,48.39889],[-122.5807,48.39618],[-122.57709,48.39122],[-122.57477,48.38133],[-122.57089,48.37738],[-122.56993,48.37378],[-122.56571,48.37203],[-122.56427,48.37008],[-122.56087,48.36798],[-122.56069,48.36573],[-122.55813,48.36284],[-122.55571,48.35672],[-122.55188,48.35208],[-122.54786,48.34937],[-122.53739,48.33909],[-122.50788,48.32095],[-122.49724,48.31153],[-122.48057,48.30394],[-122.4586,48.2977],[-121.8573,48.29748],[-121.74842,48.29895],[-121.5775,48.29897],[-121.57757,48.29736],[-121.48785,48.29608],[-121.00166,48.29601],[-121.00375,48.29943],[-121.01085,48.30016],[-121.02078,48.30283],[-121.02652,48.30248],[-121.02853,48.30388],[-121.02936,48.30605],[-121.02889,48.30762],[-121.03462,48.31148],[-121.03668,48.31155],[-121.04091,48.3096],[-121.04573,48.3089],[-121.05804,48.31617],[-121.0604,48.31648],[-121.06721,48.31513],[-121.07159,48.3178],[-121.06887,48.31998],[-121.06852,48.32311],[-121.06579,48.32627],[-121.06592,48.32806],[-121.06721,48.32995],[-121.07005,48.33041],[-121.07111,48.33232],[-121.06992,48.33389],[-121.0695,48.33896],[-121.06535,48.33845],[-121.06394,48.34358],[-121.06069,48.34648],[-121.05779,48.34639],[-121.05336,48.34495],[-121.04303,48.34573],[-121.04051,48.34847],[-121.04068,48.35011],[-121.0419,48.35086],[-121.04233,48.35372],[-121.04084,48.35641],[-121.04307,48.36343],[-121.04673,48.36636],[-121.04916,48.37026],[-121.05287,48.3739],[-121.06177,48.37936],[-121.05882,48.3824],[-121.05896,48.3857],[-121.05987,48.38786],[-121.06576,48.39179],[-121.06643,48.39354],[-121.06472,48.39645],[-121.06502,48.39925],[-121.06228,48.40163],[-121.06199,48.40602],[-121.05705,48.41064],[-121.05646,48.41214],[-121.05392,48.41255],[-121.04704,48.41045],[-121.04159,48.41127],[-121.04625,48.41889],[-121.04375,48.4237],[-121.04253,48.43059],[-121.03797,48.43185],[-121.03713,48.43303],[-121.03882,48.43533],[-121.03827,48.43808],[-121.04067,48.44287],[-121.04099,48.44574],[-121.04507,48.44794],[-121.04896,48.44744],[-121.05554,48.45018],[-121.05615,48.45157],[-121.06002,48.45337],[-121.06126,48.45821],[-121.0633,48.46003],[-121.06056,48.46267],[-121.06004,48.46719],[-121.05675,48.47141],[-121.05653,48.47637],[-121.04971,48.4854],[-121.04257,48.49058],[-121.03908,48.49189],[-121.03623,48.4953],[-121.02363,48.49544],[-121.01559,48.49431],[-121.00109,48.4942],[-120.99811,48.49504],[-120.99714,48.49704],[-120.99158,48.49937],[-120.98523,48.4978],[-120.9824,48.4995],[-120.97853,48.49908],[-120.97694,48.50007],[-120.97469,48.49929],[-120.97425,48.49995],[-120.96883,48.50011],[-120.96455,48.49858],[-120.9572,48.50044],[-120.95195,48.49921],[-120.95107,48.49964],[-120.9494,48.50348],[-120.94871,48.50821],[-120.94894,48.51022],[-120.95058,48.51196],[-120.95098,48.5137],[-120.95004,48.51528],[-120.95039,48.51634],[-120.95222,48.51812],[-120.95429,48.52237],[-120.95084,48.52645],[-120.9505,48.52958],[-120.93842,48.52989],[-120.92275,48.52521],[-120.9046,48.52365],[-120.90313,48.52476],[-120.90258,48.52727],[-120.90429,48.53012],[-120.90396,48.5334],[-120.90211,48.53378],[-120.89968,48.53258],[-120.8981,48.5328],[-120.89432,48.53588],[-120.88998,48.53592],[-120.8854,48.53819],[-120.87673,48.5355],[-120.87183,48.53105],[-120.86321,48.53007],[-120.86195,48.53088],[-120.86146,48.53353],[-120.85794,48.53567],[-120.85772,48.53741],[-120.86087,48.54206],[-120.86073,48.54421],[-120.85872,48.54664],[-120.85386,48.54907],[-120.8509,48.54842],[-120.84466,48.55055],[-120.84227,48.55009],[-120.83864,48.55084],[-120.8371,48.54916],[-120.82637,48.54652],[-120.82395,48.54503],[-120.82649,48.54199],[-120.82434,48.54021],[-120.81705,48.53774],[-120.81636,48.53522],[-120.8104,48.53058],[-120.80931,48.52863],[-120.8176,48.52215],[-120.81679,48.5196],[-120.80183,48.51045],[-120.78793,48.5071],[-120.76563,48.50887],[-120.75191,48.5129],[-120.75021,48.51554],[-120.74655,48.5174],[-120.74184,48.51811],[-120.73087,48.51786],[-120.71835,48.52273],[-120.70948,48.52334],[-120.70534,48.52619],[-120.70356,48.5264],[-120.70305,48.5278],[-120.70359,48.53033],[-120.70207,48.53159],[-120.70508,48.53598],[-120.70746,48.53684],[-120.70868,48.5418],[-120.70524,48.54609],[-120.70546,48.54773],[-120.70454,48.54917],[-120.70198,48.55107],[-120.70033,48.55576],[-120.70099,48.55662],[-120.7005,48.55902],[-120.69919,48.55969],[-120.69637,48.55952],[-120.68947,48.56224],[-120.68684,48.56432],[-120.6861,48.5665],[-120.68673,48.57089],[-120.68873,48.57285],[-120.68852,48.5757],[-120.6928,48.57751],[-120.69741,48.58119],[-120.70503,48.5901],[-120.71224,48.59142],[-120.71547,48.59366],[-120.71499,48.59456],[-120.7172,48.59507],[-120.71769,48.59603],[-120.72258,48.59614],[-120.72438,48.58895],[-120.72752,48.58572],[-120.72931,48.58523],[-120.73066,48.5823],[-120.74158,48.57888],[-120.74413,48.57884],[-120.75386,48.58056],[-120.76046,48.58276],[-120.76466,48.58626],[-120.76586,48.58901],[-120.76914,48.58993],[-120.77383,48.59308],[-120.77404,48.59443],[-120.78366,48.60186],[-120.78531,48.60516],[-120.78531,48.60829],[-120.78396,48.61113],[-120.78211,48.61273],[-120.78831,48.62511],[-120.7806,48.63029],[-120.77748,48.63532],[-120.77408,48.63756],[-120.7733,48.641],[-120.77169,48.64263],[-120.7664,48.64436],[-120.75947,48.6441],[-120.75635,48.64545],[-120.75289,48.64938],[-120.75261,48.6523],[-120.75062,48.65372],[-120.7519,48.657],[-120.90836,48.657],[-120.90836,48.6409],[-121.26164,48.64091],[-121.75253,48.64377],[-121.78614,48.64339],[-121.89788,48.64475],[-121.96419,48.64431],[-122.02901,48.64536],[-122.26254,48.64554]]]},"bbox":[-122.7644,48.29601,-120.6861,48.657],"properties":{"divisionId":"county:53057","divisionType":"county","geoid":"53057","state":"WA","stateName":"Washington","name":"Skagit County","shortName":"Skagit","label":"WA • Skagit","labelPoint":[-121.8161135,48.461313],"countyAreaSqKm":4964.717,"cameraViewshedAreaSqKm":0.0,"cameraViewshedCoveragePct":0.0}},{"type":"Feature","id":"county:53059","geometry":{"type":"Polygon","coordinates":[[[-121.85822,45.69549],[-121.81118,45.70671],[-121.73507,45.694],[-121.70729,45.69484],[-121.66841,45.70511],[-121.63132,45.7047],[-121.53293,45.7265],[-121.52368,45.72493],[-121.52151,45.73194],[-121.52303,45.73909],[-121.52481,45.74192],[-121.52501,45.74403],[-121.52306,45.74704],[-121.52118,45.74801],[-121.52606,45.75036],[-121.52902,45.7547],[-121.53112,45.75547],[-121.53285,45.7591],[-121.53446,45.76033],[-121.53678,45.76064],[-121.53655,45.76278],[-121.53851,45.76649],[-121.53835,45.77013],[-121.53677,45.77217],[-121.53128,45.77357],[-121.52876,45.77722],[-121.51801,45.77834],[-121.51614,45.77949],[-121.51438,45.78211],[-121.60925,45.78252],[-121.60862,45.87036],[-121.6125,45.87042],[-121.61268,45.98501],[-121.61223,46.04409],[-121.52232,46.04401],[-121.52232,46.38863],[-121.9899,46.38863],[-121.9899,46.38798],[-122.03214,46.38781],[-122.11447,46.38832],[-122.11429,46.38648],[-122.24099,46.38586],[-122.23948,46.38542],[-122.24108,46.32666],[-122.24201,46.21162],[-122.24542,46.21171],[-122.24668,46.20057],[-122.24555,46.03258],[-122.24665,46.01134],[-122.24666,45.98059],[-122.24518,45.93853],[-122.24452,45.86656],[-122.2498,45.86663],[-122.24914,45.83636],[-122.25012,45.82276],[-122.2495,45.80848],[-122.25021,45.75087],[-122.24946,45.7441],[-122.24909,45.69353],[-122.24987,45.66476],[-122.24894,45.62315],[-122.24922,45.54865],[-122.24135,45.55074],[-122.20079,45.56511],[-122.18286,45.57678],[-122.14161,45.584],[-122.11232,45.58134],[-122.10175,45.58317],[-122.0443,45.60954],[-122.02105,45.61478],[-122.00355,45.61595],[-121.98301,45.62289],[-121.96308,45.63289],[-121.95578,45.64359],[-121.95169,45.64484],[-121.93499,45.64423],[-121.90813,45.65456],[-121.90077,45.66202],[-121.90174,45.67067],[-121.86702,45.69339],[-121.85822,45.69549]]]},"bbox":[-122.25021,45.54865,-121.51438,46.38863],"properties":{"divisionId":"county:53059","divisionType":"county","geoid":"53059","state":"WA","stateName":"Washington","name":"Skamania County","shortName":"Skamania","label":"WA • Skamania","labelPoint":[-121.9532319,46.0247853],"countyAreaSqKm":4368.44,"cameraViewshedAreaSqKm":0.0,"cameraViewshedCoveragePct":0.0}},{"type":"Feature","id":"county:53061","geometry":{"type":"Polygon","coordinates":[[[-122.4586,48.2977],[-122.45282,48.29563],[-122.44197,48.28964],[-122.42848,48.2786],[-122.41071,48.25918],[-122.40313,48.24794],[-122.40083,48.24633],[-122.40083,48.24467],[-122.39945,48.24242],[-122.39311,48.23794],[-122.39373,48.23305],[-122.39641,48.22646],[-122.40563,48.21188],[-122.4119,48.20407],[-122.41559,48.19659],[-122.41786,48.18266],[-122.41791,48.17062],[-122.41673,48.16408],[-122.41281,48.15233],[-122.40317,48.13759],[-122.37712,48.10815],[-122.36511,48.09864],[-122.35847,48.09131],[-122.35029,48.08031],[-122.34638,48.07257],[-122.34249,48.06331],[-122.33938,48.04948],[-122.34086,48.04171],[-122.35065,48.0224],[-122.3521,48.01338],[-122.34749,48.00176],[-122.33428,47.98172],[-122.33048,47.97322],[-122.32846,47.96376],[-122.33045,47.94772],[-122.33335,47.93322],[-122.33585,47.92872],[-122.34885,47.91472],[-122.35135,47.90282],[-122.35635,47.89432],[-122.36682,47.88411],[-122.37625,47.87628],[-122.39805,47.86162],[-122.41205,47.85062],[-122.42295,47.83852],[-122.42962,47.8281],[-122.44223,47.79845],[-122.44292,47.79322],[-122.44223,47.78573],[-122.43809,47.77781],[-122.33532,47.77777],[-121.99178,47.77535],[-121.92766,47.77697],[-121.88444,47.77722],[-121.75546,47.7771],[-121.74446,47.77776],[-121.6274,47.77693],[-121.49702,47.77783],[-121.45554,47.77843],[-121.45553,47.78058],[-121.19567,47.77914],[-121.19563,47.7801],[-121.11918,47.77993],[-121.1207,47.7826],[-121.12031,47.78428],[-121.11642,47.78684],[-121.11171,47.78776],[-121.1094,47.78972],[-121.10935,47.79277],[-121.10516,47.7957],[-121.09988,47.79713],[-121.09257,47.80073],[-121.09238,47.80513],[-121.0847,47.80771],[-121.08174,47.81601],[-121.07451,47.82284],[-121.07336,47.82497],[-121.07069,47.82662],[-121.07052,47.82801],[-121.07087,47.83018],[-121.07668,47.83164],[-121.07803,47.83356],[-121.08022,47.83412],[-121.08768,47.83253],[-121.09581,47.83269],[-121.09807,47.83127],[-121.10693,47.82897],[-121.11563,47.83021],[-121.11881,47.831],[-121.12124,47.83272],[-121.12128,47.83663],[-121.12372,47.8384],[-121.13341,47.83975],[-121.13434,47.84304],[-121.1469,47.84346],[-121.15351,47.84531],[-121.15323,47.85105],[-121.14723,47.85753],[-121.15098,47.86384],[-121.15232,47.86895],[-121.15826,47.87636],[-121.15702,47.88222],[-121.16294,47.87942],[-121.1668,47.87959],[-121.16955,47.88315],[-121.17519,47.88562],[-121.17626,47.88906],[-121.17666,47.89536],[-121.18062,47.89798],[-121.18051,47.89929],[-121.17732,47.90387],[-121.17735,47.90546],[-121.17368,47.90826],[-121.17127,47.91272],[-121.17368,47.91535],[-121.17876,47.917],[-121.17951,47.91878],[-121.17359,47.92325],[-121.17049,47.9244],[-121.17274,47.92967],[-121.17279,47.9337],[-121.17114,47.93642],[-121.16595,47.93862],[-121.16192,47.94468],[-121.162,47.94897],[-121.16497,47.9545],[-121.16482,47.9567],[-121.16295,47.95815],[-121.15812,47.95958],[-121.15751,47.96087],[-121.15323,47.96418],[-121.15205,47.96798],[-121.14855,47.97043],[-121.14876,47.97825],[-121.14728,47.9814],[-121.14114,47.98349],[-121.13594,47.98283],[-121.13488,47.98521],[-121.13057,47.9868],[-121.12481,47.99372],[-121.12129,47.99628],[-121.11818,47.9971],[-121.11772,47.9988],[-121.11897,48.00314],[-121.11793,48.00628],[-121.12302,48.00869],[-121.12543,48.01052],[-121.1264,48.01297],[-121.1287,48.01405],[-121.12968,48.02056],[-121.1311,48.02162],[-121.13394,48.02184],[-121.13601,48.02396],[-121.14819,48.0301],[-121.14897,48.03416],[-121.15336,48.04053],[-121.15028,48.04202],[-121.14314,48.04251],[-121.13827,48.04426],[-121.13163,48.04441],[-121.12898,48.04762],[-121.12043,48.05229],[-121.11751,48.05697],[-121.11598,48.05796],[-121.10985,48.05668],[-121.1052,48.05777],[-121.1016,48.06267],[-121.09703,48.0644],[-121.09014,48.06494],[-121.08462,48.06193],[-121.08138,48.06175],[-121.07209,48.06768],[-121.067,48.06941],[-121.06459,48.07015],[-121.04863,48.07022],[-121.04246,48.07287],[-121.04125,48.0727],[-121.03622,48.07684],[-121.03277,48.07781],[-121.02516,48.07817],[-121.01594,48.0748],[-121.01116,48.07918],[-121.0067,48.08018],[-121.00467,48.08143],[-120.99882,48.08826],[-120.99936,48.08972],[-120.99553,48.08917],[-120.993,48.08993],[-120.98733,48.09386],[-120.98476,48.09327],[-120.98131,48.09438],[-120.98045,48.09519],[-120.9804,48.0981],[-120.97779,48.10113],[-120.97221,48.10405],[-120.9714,48.10616],[-120.97248,48.10853],[-120.96374,48.10972],[-120.95616,48.10807],[-120.95473,48.10868],[-120.95295,48.11128],[-120.94876,48.11209],[-120.9471,48.11333],[-120.94631,48.11518],[-120.95263,48.11722],[-120.95344,48.11901],[-120.95539,48.12026],[-120.95673,48.12264],[-120.95572,48.12521],[-120.95828,48.1292],[-120.96313,48.13141],[-120.96522,48.13396],[-120.96375,48.13545],[-120.96562,48.14033],[-120.96442,48.14298],[-120.95595,48.1477],[-120.95524,48.14844],[-120.95557,48.15198],[-120.94842,48.15503],[-120.93827,48.15507],[-120.93322,48.15677],[-120.93425,48.1595],[-120.93194,48.16162],[-120.91524,48.15968],[-120.91276,48.16174],[-120.90742,48.16318],[-120.9074,48.16563],[-120.90982,48.17015],[-120.91054,48.17359],[-120.91736,48.17975],[-120.92059,48.18731],[-120.91927,48.19039],[-120.92132,48.19153],[-120.92554,48.19178],[-120.93266,48.19714],[-120.93532,48.19827],[-120.94703,48.20105],[-120.95231,48.20911],[-120.95873,48.2103],[-120.96094,48.2099],[-120.96477,48.21133],[-120.96575,48.21779],[-120.96359,48.22009],[-120.96186,48.22372],[-120.96208,48.225],[-120.95985,48.22777],[-120.96273,48.23017],[-120.96501,48.23065],[-120.97314,48.2353],[-120.97436,48.23876],[-120.98124,48.24666],[-120.98249,48.25134],[-120.99041,48.25563],[-120.99514,48.26039],[-120.99992,48.26294],[-121.00564,48.27008],[-121.00466,48.27116],[-121.0057,48.27221],[-121.00449,48.2739],[-121.00611,48.2743],[-121.01126,48.27819],[-121.01209,48.27991],[-121.01155,48.2835],[-121.0025,48.28626],[-121.00298,48.28689],[-121.00065,48.29053],[-121.00068,48.29448],[-121.00166,48.29601],[-121.48785,48.29608],[-121.57757,48.29736],[-121.5775,48.29897],[-121.74842,48.29895],[-121.8573,48.29748],[-122.4586,48.2977]]]},"bbox":[-122.4586,47.77535,-120.9074,48.29897],"properties":{"divisionId":"county:53061","divisionType":"county","geoid":"53061","state":"WA","stateName":"Washington","name":"Snohomish County","shortName":"Snohomish","label":"WA • Snohomish","labelPoint":[-121.7650375,48.054913],"countyAreaSqKm":5688.338,"cameraViewshedAreaSqKm":0.0,"cameraViewshedCoveragePct":0.0}},{"type":"Feature","id":"county:53063","geometry":{"type":"Polygon","coordinates":[[[-117.04183,47.73586],[-117.04188,48.04547],[-117.53707,48.04787],[-117.53683,47.96062],[-117.53528,47.9209],[-117.5338,47.79518],[-117.53526,47.79547],[-117.53526,47.79446],[-117.53856,47.79761],[-117.55326,47.80173],[-117.56784,47.80067],[-117.57191,47.79614],[-117.5715,47.79463],[-117.5758,47.79352],[-117.58652,47.79486],[-117.59488,47.79912],[-117.60012,47.80302],[-117.61131,47.81514],[-117.61501,47.81778],[-117.61642,47.81947],[-117.61914,47.82778],[-117.62517,47.82936],[-117.63007,47.83422],[-117.63251,47.83512],[-117.64079,47.83601],[-117.64953,47.83468],[-117.65193,47.83526],[-117.65273,47.8367],[-117.65596,47.8389],[-117.65678,47.84094],[-117.66089,47.84363],[-117.66371,47.84858],[-117.66444,47.85289],[-117.66419,47.85859],[-117.66758,47.86375],[-117.66746,47.87019],[-117.66603,47.87458],[-117.66609,47.87919],[-117.67138,47.88748],[-117.67275,47.88867],[-117.67521,47.8891],[-117.67823,47.88884],[-117.68639,47.88606],[-117.69221,47.88342],[-117.6944,47.88101],[-117.6978,47.87535],[-117.69936,47.86906],[-117.70197,47.86394],[-117.70152,47.86245],[-117.69854,47.86033],[-117.69777,47.85628],[-117.69974,47.8552],[-117.7037,47.85506],[-117.70751,47.85241],[-117.70995,47.84895],[-117.71505,47.84589],[-117.72004,47.84485],[-117.73451,47.8385],[-117.73617,47.83746],[-117.73985,47.83248],[-117.74266,47.8305],[-117.75424,47.82683],[-117.76117,47.83064],[-117.76711,47.83182],[-117.77342,47.82896],[-117.77814,47.82802],[-117.7825,47.82556],[-117.78585,47.81739],[-117.7889,47.81436],[-117.79046,47.81136],[-117.79235,47.81102],[-117.80497,47.81208],[-117.80784,47.81296],[-117.81162,47.8175],[-117.81802,47.82131],[-117.82095,47.82578],[-117.81941,47.6146],[-117.82177,47.61459],[-117.82203,47.59446],[-117.82182,47.47909],[-117.8234,47.37669],[-117.82363,47.26022],[-117.51571,47.25941],[-117.06767,47.25985],[-117.03988,47.25927],[-117.0398,47.45434],[-117.04183,47.73586]]]},"bbox":[-117.82363,47.25927,-117.0398,48.04787],"properties":{"divisionId":"county:53063","divisionType":"county","geoid":"53063","state":"WA","stateName":"Washington","name":"Spokane County","shortName":"Spokane","label":"WA • Spokane","labelPoint":[-117.4033714,47.6203752],"countyAreaSqKm":4615.15,"cameraViewshedAreaSqKm":0.0,"cameraViewshedCoveragePct":0.0}},{"type":"Feature","id":"county:53065","geometry":{"type":"Polygon","coordinates":[[[-117.86678,47.84506],[-117.85906,47.84301],[-117.85232,47.83879],[-117.84392,47.83681],[-117.84152,47.83679],[-117.83996,47.83804],[-117.83791,47.83563],[-117.8283,47.83332],[-117.8217,47.82685],[-117.81802,47.82131],[-117.81162,47.8175],[-117.80906,47.81399],[-117.80709,47.81261],[-117.79492,47.81118],[-117.79046,47.81136],[-117.7889,47.81436],[-117.78585,47.81739],[-117.7825,47.82556],[-117.77904,47.82759],[-117.76546,47.83181],[-117.75847,47.82953],[-117.75424,47.82683],[-117.75176,47.82717],[-117.74182,47.83098],[-117.73451,47.8385],[-117.72004,47.84485],[-117.71505,47.84589],[-117.70995,47.84895],[-117.70751,47.85241],[-117.7037,47.85506],[-117.69974,47.8552],[-117.69777,47.85628],[-117.69854,47.86033],[-117.70152,47.86245],[-117.70197,47.86394],[-117.69936,47.86906],[-117.6978,47.87535],[-117.6944,47.88101],[-117.69221,47.88342],[-117.68639,47.88606],[-117.67823,47.88884],[-117.67521,47.8891],[-117.67275,47.88867],[-117.67138,47.88748],[-117.66609,47.87919],[-117.66603,47.87458],[-117.66746,47.87019],[-117.66758,47.86375],[-117.66419,47.85859],[-117.66444,47.85289],[-117.66371,47.84858],[-117.66089,47.84363],[-117.65678,47.84094],[-117.65596,47.8389],[-117.65273,47.8367],[-117.65193,47.83526],[-117.64953,47.83468],[-117.64079,47.83601],[-117.63251,47.83512],[-117.63007,47.83422],[-117.62517,47.82936],[-117.61914,47.82778],[-117.61642,47.81947],[-117.61501,47.81778],[-117.61131,47.81514],[-117.60012,47.80302],[-117.59488,47.79912],[-117.58652,47.79486],[-117.5758,47.79352],[-117.5715,47.79463],[-117.57191,47.79614],[-117.56784,47.80067],[-117.55326,47.80173],[-117.53856,47.79761],[-117.53526,47.79446],[-117.53526,47.79547],[-117.5338,47.79518],[-117.53528,47.9209],[-117.53683,47.96062],[-117.53707,48.04787],[-117.43699,48.04721],[-117.43763,48.13469],[-117.50237,48.13471],[-117.50224,48.22336],[-117.50085,48.22337],[-117.50007,48.25158],[-117.49997,48.39464],[-117.50054,48.39485],[-117.50141,48.54137],[-117.49997,48.65619],[-117.62924,48.65585],[-117.62942,48.74263],[-117.56381,48.74296],[-117.56386,48.83667],[-117.4985,48.8369],[-117.49896,48.92316],[-117.43038,48.92317],[-117.42997,49.00046],[-118.19737,49.00007],[-118.19483,48.99693],[-118.19815,48.99357],[-118.20381,48.9947],[-118.20771,48.99704],[-118.20993,48.99746],[-118.21995,48.99741],[-118.21903,48.99496],[-118.21113,48.99027],[-118.207,48.98971],[-118.20589,48.98764],[-118.21003,48.98563],[-118.21459,48.98602],[-118.21617,48.98424],[-118.21645,48.97567],[-118.21779,48.97347],[-118.22166,48.9705],[-118.21988,48.96835],[-118.2169,48.96767],[-118.21417,48.96841],[-118.21122,48.96698],[-118.20724,48.96308],[-118.20836,48.96122],[-118.2108,48.95997],[-118.21138,48.95902],[-118.21073,48.95699],[-118.21463,48.95328],[-118.21864,48.9433],[-118.22083,48.94078],[-118.2206,48.9391],[-118.22167,48.9371],[-118.21784,48.92875],[-118.21269,48.92309],[-118.20572,48.91868],[-118.20401,48.91632],[-118.20117,48.91482],[-118.19693,48.91445],[-118.19595,48.91326],[-118.19897,48.90983],[-118.20194,48.90235],[-118.21011,48.89924],[-118.20913,48.89705],[-118.20932,48.89521],[-118.21201,48.8906],[-118.21448,48.88816],[-118.21233,48.88439],[-118.2138,48.88018],[-118.21364,48.87797],[-118.21275,48.87608],[-118.21061,48.8744],[-118.21011,48.87229],[-118.20819,48.87076],[-118.20285,48.86956],[-118.19848,48.86727],[-118.20168,48.85816],[-118.19421,48.85154],[-118.19381,48.84878],[-118.19607,48.84255],[-118.19551,48.84072],[-118.18748,48.83826],[-118.17932,48.83764],[-118.1759,48.83085],[-118.17056,48.82724],[-118.17015,48.82423],[-118.1671,48.81609],[-118.16092,48.80896],[-118.16063,48.80569],[-118.15976,48.80471],[-118.15982,48.80096],[-118.15878,48.80001],[-118.16086,48.79487],[-118.16022,48.79332],[-118.15634,48.79049],[-118.14806,48.78814],[-118.14616,48.78596],[-118.14525,48.78087],[-118.14321,48.77929],[-118.13853,48.77977],[-118.13579,48.783],[-118.12683,48.78619],[-118.1224,48.78016],[-118.12235,48.7763],[-118.12363,48.77446],[-118.12906,48.77761],[-118.13277,48.77694],[-118.13425,48.77525],[-118.13462,48.77408],[-118.13325,48.76636],[-118.13068,48.76493],[-118.12611,48.76486],[-118.12515,48.76278],[-118.12611,48.761],[-118.13135,48.76048],[-118.13303,48.75968],[-118.13384,48.75799],[-118.1323,48.75627],[-118.12611,48.75372],[-118.12231,48.7499],[-118.12267,48.74581],[-118.12997,48.74467],[-118.12875,48.73993],[-118.12484,48.7367],[-118.11845,48.73764],[-118.11755,48.73593],[-118.11785,48.73445],[-118.1261,48.72775],[-118.12633,48.72673],[-118.12582,48.72468],[-118.11934,48.71887],[-118.12066,48.71297],[-118.12039,48.71139],[-118.1182,48.70834],[-118.12019,48.70519],[-118.12096,48.70227],[-118.11985,48.69736],[-118.11695,48.69262],[-118.11426,48.6839],[-118.1152,48.68378],[-118.11573,48.67996],[-118.11846,48.67979],[-118.11733,48.67714],[-118.11736,48.67474],[-118.11639,48.674],[-118.11189,48.67411],[-118.11071,48.67259],[-118.10896,48.66631],[-118.10872,48.66227],[-118.10615,48.65763],[-118.10473,48.65182],[-118.10451,48.64629],[-118.10515,48.64368],[-118.10765,48.6405],[-118.11454,48.63865],[-118.11554,48.63763],[-118.11663,48.63079],[-118.11941,48.63093],[-118.12024,48.62982],[-118.11829,48.62695],[-118.11794,48.62313],[-118.12053,48.61976],[-118.12507,48.61659],[-118.12732,48.61218],[-118.1261,48.60996],[-118.12765,48.60946],[-118.12844,48.60482],[-118.12722,48.60068],[-118.12755,48.59048],[-118.12544,48.58451],[-118.13569,48.57133],[-118.13792,48.56553],[-118.13848,48.5586],[-118.14025,48.55129],[-118.1431,48.54823],[-118.14332,48.54511],[-118.14203,48.54081],[-118.1423,48.53691],[-118.13993,48.53143],[-118.14098,48.52832],[-118.14705,48.52166],[-118.14971,48.52057],[-118.15672,48.52058],[-118.16915,48.52322],[-118.17372,48.52203],[-118.17583,48.52044],[-118.17921,48.51649],[-118.17875,48.51486],[-118.18127,48.50643],[-118.1818,48.50091],[-118.18091,48.4994],[-118.18921,48.4816],[-118.20651,48.4703],[-118.21051,48.464],[-118.21251,48.45499],[-118.21191,48.44969],[-118.20481,48.44489],[-118.20291,48.4422],[-118.20341,48.43309],[-118.20041,48.4263],[-118.20313,48.41541],[-118.20351,48.40969],[-118.2026,48.40679],[-118.2005,48.40339],[-118.1893,48.39089],[-118.1876,48.38739],[-118.1858,48.37819],[-118.1832,48.37519],[-118.1816,48.37179],[-118.1802,48.36369],[-118.1796,48.35289],[-118.1801,48.34799],[-118.1794,48.34259],[-118.1802,48.33569],[-118.17597,48.32636],[-118.1756,48.31949],[-118.1681,48.31129],[-118.1649,48.30449],[-118.1587,48.30099],[-118.1563,48.29869],[-118.15286,48.2918],[-118.15075,48.28225],[-118.14833,48.27776],[-118.14413,48.27513],[-118.13979,48.26731],[-118.14148,48.25995],[-118.1441,48.25544],[-118.148,48.24539],[-118.1516,48.24069],[-118.1653,48.23039],[-118.1895,48.21669],[-118.1951,48.21209],[-118.1901,48.20879],[-118.1876,48.19909],[-118.1884,48.19659],[-118.1943,48.19399],[-118.1966,48.19059],[-118.196,48.17909],[-118.1923,48.16709],[-118.1913,48.15859],[-118.194,48.14919],[-118.1974,48.14409],[-118.2005,48.14119],[-118.2057,48.13859],[-118.2212,48.13809],[-118.2333,48.13469],[-118.2426,48.13548],[-118.24661,48.13496],[-118.2511,48.13275],[-118.25439,48.12853],[-118.25358,48.12085],[-118.25468,48.11736],[-118.25359,48.11298],[-118.2511,48.11079],[-118.2418,48.10769],[-118.2375,48.10479],[-118.2313,48.08948],[-118.2313,48.08478],[-118.2341,48.08118],[-118.2352,48.07808],[-118.2353,48.07548],[-118.2336,48.07038],[-118.2332,48.06529],[-118.234,48.06249],[-118.236,48.05998],[-118.2414,48.05618],[-118.2452,48.05468],[-118.25,48.05498],[-118.25604,48.05932],[-118.25789,48.05978],[-118.26447,48.05828],[-118.26665,48.05673],[-118.26565,48.05128],[-118.2672,48.04706],[-118.2704,48.0429],[-118.27548,48.04057],[-118.3161,48.04165],[-118.33947,48.04976],[-118.34708,48.05049],[-118.3589,48.04943],[-118.36946,48.04262],[-118.37971,48.03938],[-118.39661,48.03168],[-118.40081,48.02868],[-118.40221,48.02688],[-118.40241,48.02498],[-118.40111,48.02288],[-118.38871,48.01168],[-118.37971,48.00478],[-118.37535,47.99988],[-118.37065,47.98557],[-118.35214,47.97476],[-118.34874,47.97178],[-118.35609,47.92932],[-118.35018,47.91629],[-118.34,47.90018],[-118.34094,47.89432],[-118.33449,47.89379],[-118.32672,47.89635],[-118.32171,47.89629],[-118.31971,47.89817],[-118.32096,47.90166],[-118.31644,47.90945],[-118.29378,47.91896],[-118.27681,47.92723],[-118.27303,47.92984],[-118.27186,47.93268],[-118.27,47.93372],[-118.26087,47.93417],[-118.25998,47.93478],[-118.25924,47.93759],[-118.25269,47.94237],[-118.24395,47.94358],[-118.23783,47.94012],[-118.23126,47.94002],[-118.22395,47.94168],[-118.21803,47.94472],[-118.21061,47.94523],[-118.20624,47.94225],[-118.20186,47.93465],[-118.20003,47.92838],[-118.19369,47.92784],[-118.19024,47.92627],[-118.18759,47.91879],[-118.17731,47.91177],[-118.17661,47.91046],[-118.17869,47.90426],[-118.17851,47.90199],[-118.17652,47.90125],[-118.17002,47.90289],[-118.16683,47.90277],[-118.16021,47.89721],[-118.15962,47.89518],[-118.16181,47.89293],[-118.16248,47.88953],[-118.16059,47.8851],[-118.1573,47.88382],[-118.15438,47.88659],[-118.15083,47.88708],[-118.14529,47.88562],[-118.14266,47.88359],[-118.1339,47.86973],[-118.12613,47.8619],[-118.12289,47.85727],[-118.11894,47.84637],[-118.11856,47.84349],[-118.12004,47.83966],[-118.1189,47.83681],[-118.11925,47.83352],[-118.11719,47.83254],[-118.10826,47.8327],[-118.10548,47.83039],[-118.09713,47.82845],[-118.09672,47.82778],[-118.0992,47.82493],[-118.09926,47.82362],[-118.08362,47.80955],[-118.08106,47.80374],[-118.07818,47.80006],[-118.07547,47.79945],[-118.06978,47.80018],[-118.06348,47.79729],[-118.0615,47.7972],[-118.05764,47.79891],[-118.05462,47.79912],[-118.05259,47.79794],[-118.04815,47.79229],[-118.0468,47.79233],[-118.04619,47.79517],[-118.03595,47.80272],[-118.03153,47.80384],[-118.02426,47.80213],[-118.01286,47.80597],[-118.01027,47.8097],[-118.00872,47.81641],[-118.00344,47.82418],[-117.99469,47.83219],[-117.98906,47.83468],[-117.97966,47.83443],[-117.96756,47.83263],[-117.95686,47.82808],[-117.93874,47.82524],[-117.93528,47.82321],[-117.92901,47.82436],[-117.92086,47.82766],[-117.91871,47.82901],[-117.91709,47.83256],[-117.91443,47.83361],[-117.9129,47.83522],[-117.9072,47.83527],[-117.90472,47.837],[-117.9016,47.83593],[-117.89703,47.83601],[-117.88631,47.83833],[-117.88402,47.84161],[-117.88371,47.84524],[-117.88147,47.84749],[-117.87619,47.84741],[-117.86678,47.84506]]]},"bbox":[-118.40241,47.79229,-117.42997,49.00046],"properties":{"divisionId":"county:53065","divisionType":"county","geoid":"53065","state":"WA","stateName":"Washington","name":"Stevens County","shortName":"Stevens","label":"WA • Stevens","labelPoint":[-117.8544548,48.3887277],"countyAreaSqKm":6579.502,"cameraViewshedAreaSqKm":0.0,"cameraViewshedCoveragePct":0.0}},{"type":"Feature","id":"county:53067","geometry":{"type":"Polygon","coordinates":[[[-122.70405,47.07187],[-122.70512,47.07432],[-122.70811,47.07761],[-122.70576,47.0816],[-122.70754,47.08533],[-122.70634,47.08632],[-122.6976,47.08881],[-122.69696,47.09425],[-122.69298,47.09641],[-122.69218,47.09921],[-122.6982,47.116],[-122.71694,47.11863],[-122.72639,47.12314],[-122.73109,47.12646],[-122.74981,47.13654],[-122.75559,47.13857],[-122.76267,47.14347],[-122.7659,47.15025],[-122.77442,47.15412],[-122.77724,47.15621],[-122.78945,47.16856],[-122.7924,47.17513],[-122.7986,47.17866],[-122.8057,47.18658],[-122.81178,47.19066],[-122.82058,47.19422],[-122.82299,47.19264],[-122.83161,47.18994],[-122.83664,47.18746],[-122.85103,47.17277],[-122.85966,47.16702],[-122.865,47.16539],[-122.87144,47.16115],[-122.87995,47.15833],[-122.89554,47.15714],[-122.90352,47.15753],[-122.90934,47.16883],[-122.91134,47.17596],[-122.91843,47.1774],[-122.92231,47.17944],[-122.93011,47.17996],[-122.9324,47.18077],[-122.93615,47.18341],[-122.93559,47.18729],[-122.93651,47.18992],[-122.93816,47.19032],[-122.94236,47.18903],[-122.94705,47.18564],[-122.94754,47.17793],[-122.94923,47.17389],[-122.95282,47.1701],[-122.96122,47.16444],[-122.96912,47.16153],[-122.98445,47.15886],[-122.99112,47.15669],[-122.99968,47.15283],[-123.00683,47.14799],[-123.01046,47.14333],[-123.01539,47.12379],[-123.02136,47.11809],[-123.02726,47.1158],[-123.03057,47.11535],[-123.04817,47.116],[-123.05875,47.11452],[-123.06645,47.11104],[-123.07365,47.10624],[-123.07474,47.10445],[-123.07503,47.08479],[-123.09607,47.08536],[-123.18019,47.08451],[-123.20189,47.08506],[-123.20082,47.05346],[-123.20133,47.0247],[-123.20101,47.01475],[-123.20004,47.01479],[-123.20101,47.01467],[-123.20089,47.01041],[-123.2031,46.99697],[-123.15836,46.99587],[-123.15944,46.98137],[-123.16064,46.90968],[-123.16022,46.80107],[-123.16091,46.76433],[-123.11867,46.76388],[-123.01392,46.76461],[-122.88718,46.76365],[-122.81386,46.76401],[-122.80324,46.76334],[-122.68827,46.76375],[-122.61579,46.76215],[-122.54974,46.76343],[-122.48677,46.76204],[-122.48654,46.76306],[-122.20312,46.76306],[-122.20404,46.76428],[-122.20808,46.76562],[-122.20968,46.76915],[-122.21096,46.77007],[-122.21308,46.77003],[-122.21683,46.7685],[-122.22154,46.77023],[-122.22737,46.76888],[-122.22987,46.7701],[-122.23055,46.77228],[-122.23341,46.77328],[-122.23638,46.77303],[-122.23916,46.77577],[-122.24747,46.77524],[-122.24925,46.77228],[-122.25069,46.77155],[-122.25685,46.77264],[-122.25973,46.77206],[-122.26182,46.77017],[-122.26164,46.76589],[-122.2628,46.76515],[-122.26935,46.76659],[-122.27942,46.77633],[-122.2809,46.77624],[-122.28441,46.77373],[-122.28576,46.7741],[-122.28775,46.77756],[-122.29304,46.7805],[-122.29623,46.78534],[-122.30044,46.78591],[-122.30398,46.78882],[-122.30877,46.78936],[-122.31242,46.79542],[-122.31037,46.80081],[-122.30773,46.80311],[-122.30626,46.80631],[-122.30247,46.80902],[-122.30416,46.81525],[-122.30416,46.82283],[-122.30281,46.8256],[-122.30358,46.82812],[-122.31011,46.82986],[-122.31833,46.82833],[-122.32491,46.83034],[-122.32554,46.83282],[-122.32389,46.83437],[-122.32433,46.83526],[-122.32938,46.83891],[-122.32898,46.83982],[-122.32531,46.84181],[-122.32768,46.84434],[-122.33414,46.8421],[-122.33826,46.83796],[-122.34682,46.83698],[-122.35599,46.83904],[-122.36092,46.84352],[-122.36336,46.84284],[-122.36453,46.84158],[-122.37119,46.84541],[-122.37401,46.84455],[-122.37852,46.83936],[-122.38381,46.84029],[-122.38825,46.84403],[-122.38854,46.84523],[-122.39068,46.84568],[-122.40833,46.84255],[-122.4095,46.84351],[-122.40805,46.84582],[-122.41661,46.8453],[-122.41747,46.84608],[-122.41697,46.84793],[-122.41805,46.84863],[-122.42279,46.84872],[-122.42703,46.85078],[-122.43384,46.85011],[-122.43985,46.85234],[-122.44329,46.85266],[-122.4439,46.85464],[-122.447,46.85651],[-122.44977,46.85527],[-122.44877,46.85336],[-122.45174,46.85265],[-122.45885,46.85913],[-122.45902,46.86123],[-122.45803,46.86332],[-122.45887,46.86405],[-122.46733,46.866],[-122.46887,46.8654],[-122.47149,46.86246],[-122.47384,46.86197],[-122.47519,46.86276],[-122.47541,46.86543],[-122.47934,46.86609],[-122.48231,46.86771],[-122.48512,46.86818],[-122.48784,46.86672],[-122.4905,46.86709],[-122.49142,46.86943],[-122.49141,46.87505],[-122.48825,46.87743],[-122.48791,46.87894],[-122.49044,46.88015],[-122.49359,46.88003],[-122.49107,46.88506],[-122.49091,46.88742],[-122.49284,46.88903],[-122.49725,46.89715],[-122.49632,46.90341],[-122.49405,46.90491],[-122.4978,46.90884],[-122.50962,46.91477],[-122.52062,46.91561],[-122.52519,46.91935],[-122.52757,46.92469],[-122.5285,46.9253],[-122.54661,46.93081],[-122.55034,46.93071],[-122.55688,46.93196],[-122.56323,46.9353],[-122.5662,46.93983],[-122.56574,46.94315],[-122.56684,46.94758],[-122.56878,46.94964],[-122.56968,46.95386],[-122.57219,46.95962],[-122.57188,46.96105],[-122.57051,46.96218],[-122.56384,46.96383],[-122.56314,46.9644],[-122.56338,46.96594],[-122.56641,46.96674],[-122.57226,46.96423],[-122.57383,46.96493],[-122.57475,46.96673],[-122.57959,46.96844],[-122.58243,46.96817],[-122.58502,46.96604],[-122.58709,46.96676],[-122.58787,46.96861],[-122.58716,46.97042],[-122.58527,46.97137],[-122.57582,46.97081],[-122.57537,46.9716],[-122.57612,46.97357],[-122.57922,46.97718],[-122.58103,46.97749],[-122.58492,46.97417],[-122.59009,46.97396],[-122.59599,46.97404],[-122.60358,46.97649],[-122.61105,46.9767],[-122.61135,46.97476],[-122.61045,46.97149],[-122.6116,46.96721],[-122.61885,46.9703],[-122.62912,46.97146],[-122.6374,46.9771],[-122.63855,46.97909],[-122.63818,46.98082],[-122.63106,46.9891],[-122.62984,46.9974],[-122.6303,46.99834],[-122.63252,46.99923],[-122.63604,46.99827],[-122.63882,46.99842],[-122.64059,46.99988],[-122.63924,47.00144],[-122.63996,47.00206],[-122.64604,47.00366],[-122.6487,47.00655],[-122.65062,47.00732],[-122.65256,47.00713],[-122.65358,47.00506],[-122.65626,47.00327],[-122.65946,47.00293],[-122.65939,47.00434],[-122.65702,47.00614],[-122.65916,47.00994],[-122.66485,47.01177],[-122.66738,47.01393],[-122.6724,47.01541],[-122.67452,47.0198],[-122.67276,47.02419],[-122.6795,47.02764],[-122.68019,47.02935],[-122.67952,47.03276],[-122.67549,47.0372],[-122.67681,47.04265],[-122.68566,47.05157],[-122.69346,47.05304],[-122.6899,47.05741],[-122.69559,47.05943],[-122.69611,47.06176],[-122.70289,47.06433],[-122.70325,47.0654],[-122.70096,47.06687],[-122.7007,47.06828],[-122.70405,47.07187]]]},"bbox":[-123.2031,46.76204,-122.20312,47.19422],"properties":{"divisionId":"county:53067","divisionType":"county","geoid":"53067","state":"WA","stateName":"Washington","name":"Thurston County","shortName":"Thurston","label":"WA • Thurston","labelPoint":[-122.8301524,46.9358216],"countyAreaSqKm":2004.679,"cameraViewshedAreaSqKm":0.0,"cameraViewshedCoveragePct":0.0}},{"type":"Feature","id":"county:53069","geometry":{"type":"Polygon","coordinates":[[[-123.72755,46.2645],[-123.72832,46.26454],[-123.68812,46.2501],[-123.64877,46.2588],[-123.58695,46.25589],[-123.54393,46.25957],[-123.52639,46.2634],[-123.50125,46.27101],[-123.47964,46.26913],[-123.47484,46.26783],[-123.46874,46.26453],[-123.44759,46.24983],[-123.42763,46.22935],[-123.43099,46.18157],[-123.3904,46.15443],[-123.37952,46.15099],[-123.37143,46.14637],[-123.3464,46.14506],[-123.33944,46.14623],[-123.30103,46.14463],[-123.28017,46.14484],[-123.26352,46.15134],[-123.25761,46.15484],[-123.25123,46.15645],[-123.24203,46.16097],[-123.22667,46.16584],[-123.21305,46.17254],[-123.21383,46.21344],[-123.21592,46.2134],[-123.21672,46.23141],[-123.21492,46.29798],[-123.21751,46.34155],[-123.21708,46.35586],[-123.21815,46.36307],[-123.21795,46.38562],[-123.25907,46.38346],[-123.3798,46.38414],[-123.48196,46.38354],[-123.72656,46.38487],[-123.72785,46.34335],[-123.72755,46.2645]]]},"bbox":[-123.72832,46.14463,-123.21305,46.38562],"properties":{"divisionId":"county:53069","divisionType":"county","geoid":"53069","state":"WA","stateName":"Washington","name":"Wahkiakum County","shortName":"Wahkiakum","label":"WA • Wahkiakum","labelPoint":[-123.4021859,46.3144772],"countyAreaSqKm":742.532,"cameraViewshedAreaSqKm":0.0,"cameraViewshedCoveragePct":0.0}},{"type":"Feature","id":"county:53071","geometry":{"type":"Polygon","coordinates":[[[-118.40382,46.00077],[-117.99697,46.00056],[-117.9955,46.01289],[-117.99311,46.01972],[-117.99311,46.03379],[-117.99215,46.03827],[-117.99327,46.06356],[-117.99268,46.07064],[-117.99148,46.2077],[-118.11662,46.20805],[-118.11612,46.29546],[-118.24187,46.29506],[-118.24205,46.4407],[-118.24125,46.46962],[-118.24264,46.55975],[-118.24142,46.56049],[-118.22801,46.56041],[-118.22864,46.59336],[-118.24426,46.60073],[-118.25108,46.60116],[-118.2542,46.6005],[-118.27386,46.59382],[-118.27863,46.59324],[-118.28717,46.59493],[-118.30568,46.60548],[-118.31408,46.60672],[-118.32639,46.60631],[-118.36172,46.59801],[-118.37267,46.59214],[-118.38565,46.58256],[-118.38973,46.5806],[-118.39319,46.58044],[-118.40937,46.58133],[-118.42318,46.58374],[-118.44456,46.5925],[-118.45264,46.59697],[-118.46236,46.59865],[-118.46734,46.59858],[-118.47593,46.59514],[-118.47949,46.59221],[-118.48438,46.58523],[-118.49652,46.57553],[-118.52799,46.56766],[-118.53,46.56558],[-118.54801,46.55593],[-118.55151,46.5524],[-118.56028,46.53922],[-118.56304,46.53668],[-118.5654,46.53496],[-118.58209,46.53111],[-118.58821,46.5287],[-118.59241,46.52586],[-118.59683,46.52062],[-118.61559,46.50454],[-118.61793,46.50116],[-118.62057,46.49037],[-118.61836,46.47861],[-118.61899,46.47436],[-118.63195,46.45432],[-118.63244,46.45151],[-118.6313,46.44703],[-118.63768,46.43539],[-118.6377,46.43031],[-118.63416,46.42197],[-118.63383,46.41402],[-118.63441,46.41259],[-118.63739,46.41067],[-118.65813,46.40437],[-118.66242,46.40038],[-118.66535,46.39434],[-118.67002,46.3881],[-118.67454,46.38525],[-118.68862,46.38212],[-118.69276,46.3799],[-118.69535,46.37599],[-118.6971,46.3633],[-118.7009,46.36004],[-118.7049,46.35959],[-118.72087,46.36128],[-118.74243,46.36085],[-118.7462,46.35951],[-118.75828,46.34155],[-118.76039,46.3284],[-118.76138,46.32621],[-118.76425,46.32345],[-118.77326,46.31853],[-118.77416,46.31712],[-118.77432,46.31314],[-118.76872,46.30773],[-118.76662,46.30358],[-118.76712,46.2971],[-118.76951,46.294],[-118.7742,46.2913],[-118.77914,46.28974],[-118.78315,46.28938],[-118.79516,46.29073],[-118.80115,46.29059],[-118.81324,46.28859],[-118.82407,46.28488],[-118.83007,46.28162],[-118.83209,46.27629],[-118.83438,46.27326],[-118.84641,46.26768],[-118.84884,46.26488],[-118.85161,46.25863],[-118.85649,46.25496],[-118.86346,46.25139],[-118.88289,46.24986],[-118.91473,46.24399],[-118.9467,46.23981],[-118.97137,46.23885],[-118.97649,46.23755],[-118.9903,46.22927],[-119.00117,46.22542],[-119.01012,46.22074],[-119.02342,46.21666],[-119.03192,46.20746],[-119.03722,46.19806],[-119.03992,46.19626],[-119.0415,46.19267],[-119.02791,46.18532],[-119.01421,46.1762],[-119.00806,46.16986],[-118.99676,46.16099],[-118.98615,46.15049],[-118.98104,46.14655],[-118.97466,46.13952],[-118.96805,46.13083],[-118.9668,46.12754],[-118.96711,46.1228],[-118.96901,46.11882],[-118.96866,46.11715],[-118.96259,46.10787],[-118.95807,46.09894],[-118.94735,46.08429],[-118.94231,46.07442],[-118.94195,46.06533],[-118.94719,46.05144],[-118.94774,46.04754],[-118.94705,46.04363],[-118.94463,46.0398],[-118.94256,46.03423],[-118.94121,46.03002],[-118.94132,46.02753],[-118.94417,46.02566],[-118.95268,46.02329],[-118.9617,46.01933],[-118.98726,45.99985],[-118.77583,46.0011],[-118.40382,46.00077]]]},"bbox":[-119.0415,45.99985,-117.99148,46.60672],"properties":{"divisionId":"county:53071","divisionType":"county","geoid":"53071","state":"WA","stateName":"Washington","name":"Walla Walla County","shortName":"Walla Walla","label":"WA • Walla Walla","labelPoint":[-118.4803697,46.2546057],"countyAreaSqKm":3364.083,"cameraViewshedAreaSqKm":0.0,"cameraViewshedCoveragePct":0.0}},{"type":"Feature","id":"county:53073","geometry":{"type":"Polygon","coordinates":[[[-122.21725,48.64569],[-122.02901,48.64536],[-121.96419,48.64431],[-121.89788,48.64475],[-121.78614,48.64339],[-121.75253,48.64377],[-121.26164,48.64091],[-120.90836,48.6409],[-120.90836,48.657],[-120.7519,48.657],[-120.74978,48.65927],[-120.74503,48.65996],[-120.74438,48.66096],[-120.73819,48.66268],[-120.73308,48.66619],[-120.72078,48.6639],[-120.71733,48.66453],[-120.71866,48.67449],[-120.71637,48.67674],[-120.71325,48.68229],[-120.71199,48.68787],[-120.70343,48.69691],[-120.70123,48.69738],[-120.68418,48.69421],[-120.67997,48.6943],[-120.67809,48.6962],[-120.67779,48.7014],[-120.68005,48.70395],[-120.68022,48.70812],[-120.68159,48.71065],[-120.6782,48.71783],[-120.67072,48.72059],[-120.66458,48.72089],[-120.65977,48.7196],[-120.65586,48.72434],[-120.66122,48.72734],[-120.66274,48.73004],[-120.66792,48.73362],[-120.67338,48.73322],[-120.67816,48.73505],[-120.67864,48.7392],[-120.6804,48.74145],[-120.68873,48.7452],[-120.69148,48.74792],[-120.69173,48.74984],[-120.6906,48.752],[-120.69237,48.75605],[-120.69947,48.75728],[-120.70285,48.76151],[-120.70336,48.76362],[-120.70877,48.7691],[-120.70992,48.77181],[-120.71947,48.77289],[-120.72278,48.77256],[-120.72552,48.77339],[-120.73363,48.78312],[-120.73543,48.78649],[-120.73403,48.79249],[-120.73724,48.79583],[-120.73702,48.79773],[-120.73583,48.79907],[-120.73619,48.8015],[-120.73535,48.80376],[-120.74205,48.8113],[-120.74249,48.8209],[-120.7424,48.82207],[-120.73738,48.82567],[-120.73764,48.82836],[-120.73528,48.83144],[-120.73581,48.83484],[-120.7398,48.84138],[-120.74028,48.84344],[-120.73666,48.84447],[-120.73175,48.85328],[-120.73072,48.85383],[-120.73222,48.85586],[-120.73606,48.85817],[-120.73528,48.86437],[-120.73784,48.86425],[-120.74351,48.86635],[-120.74826,48.86685],[-120.75631,48.87116],[-120.76234,48.87301],[-120.76424,48.87544],[-120.76793,48.87743],[-120.77022,48.88183],[-120.769,48.88425],[-120.76312,48.88854],[-120.76621,48.89316],[-120.7627,48.89952],[-120.76649,48.90071],[-120.77096,48.90429],[-120.77213,48.90671],[-120.77142,48.90833],[-120.76788,48.91143],[-120.77195,48.91667],[-120.7713,48.92015],[-120.77238,48.9242],[-120.77205,48.92651],[-120.75895,48.92967],[-120.75526,48.93224],[-120.75405,48.93626],[-120.75623,48.94291],[-120.76995,48.95533],[-120.77489,48.95679],[-120.78718,48.95773],[-120.79306,48.95956],[-120.79824,48.95947],[-120.8011,48.95872],[-120.80041,48.95596],[-120.80105,48.95363],[-120.80637,48.95171],[-120.8151,48.95064],[-120.81381,48.9472],[-120.81418,48.94596],[-120.81905,48.94432],[-120.82009,48.94114],[-120.82617,48.93892],[-120.83178,48.93828],[-120.83544,48.93931],[-120.8402,48.94998],[-120.84348,48.95142],[-120.84898,48.95591],[-120.85686,48.95669],[-120.8599,48.958],[-120.86159,48.96022],[-120.87094,48.96181],[-120.88075,48.96666],[-120.88258,48.96852],[-120.88059,48.97081],[-120.88127,48.97298],[-120.88564,48.97521],[-120.88206,48.97795],[-120.86405,48.98053],[-120.86209,48.98201],[-120.86136,48.98464],[-120.85827,48.98637],[-120.85121,48.99383],[-120.85285,48.9947],[-120.85534,48.99804],[-120.85153,49.0003],[-121.33485,49.00092],[-121.75957,48.9973],[-122.09805,49.00242],[-123.32224,49.00207],[-123.00849,48.83122],[-122.87794,48.79019],[-122.86107,48.7873],[-122.83723,48.78071],[-122.80999,48.7707],[-122.78812,48.75652],[-122.7795,48.74788],[-122.77313,48.73957],[-122.76016,48.72793],[-122.75701,48.72575],[-122.74886,48.72256],[-122.706,48.67068],[-122.70332,48.66389],[-122.70421,48.6572],[-122.70873,48.64979],[-122.7137,48.64513],[-122.6609,48.64535],[-122.64243,48.63515],[-122.6256,48.6287],[-122.60778,48.62607],[-122.59445,48.62569],[-122.58462,48.6263],[-122.56921,48.6292],[-122.52563,48.63862],[-122.50149,48.64532],[-122.21725,48.64569]]]},"bbox":[-123.32224,48.62569,-120.65586,49.00242],"properties":{"divisionId":"county:53073","divisionType":"county","geoid":"53073","state":"WA","stateName":"Washington","name":"Whatcom County","shortName":"Whatcom","label":"WA • Whatcom","labelPoint":[-121.8364325,48.8426531],"countyAreaSqKm":6496.536,"cameraViewshedAreaSqKm":0.0,"cameraViewshedCoveragePct":0.0}},{"type":"Feature","id":"county:53075","geometry":{"type":"Polygon","coordinates":[[[-117.03964,46.96759],[-117.03968,47.25927],[-117.06767,47.25985],[-117.51571,47.25941],[-117.96093,47.26057],[-117.96027,47.23583],[-117.95933,46.91481],[-117.9671,46.91483],[-117.96925,46.89797],[-117.97091,46.86722],[-117.97664,46.86329],[-117.98711,46.86203],[-117.98804,46.86143],[-117.98886,46.85733],[-117.99318,46.85336],[-117.99933,46.84986],[-118.00451,46.84818],[-118.00406,46.84561],[-118.00506,46.84359],[-118.00379,46.83925],[-117.99783,46.83785],[-117.99223,46.83807],[-117.99171,46.83673],[-117.99369,46.83524],[-117.99205,46.83242],[-117.99692,46.82973],[-117.99826,46.8277],[-117.99905,46.82517],[-117.99752,46.82254],[-118.00108,46.82057],[-118.00559,46.81932],[-118.0076,46.81712],[-118.01157,46.81481],[-118.01824,46.81539],[-118.01964,46.81417],[-118.01988,46.81215],[-118.01637,46.80414],[-118.01791,46.79912],[-118.01716,46.79641],[-118.01566,46.7938],[-118.01292,46.79221],[-118.01249,46.79054],[-118.0146,46.78907],[-118.0146,46.78658],[-118.01557,46.78487],[-118.01984,46.783],[-118.02173,46.78325],[-118.02423,46.7868],[-118.02693,46.78818],[-118.02949,46.78667],[-118.03625,46.78482],[-118.0412,46.77638],[-118.04187,46.77116],[-118.04444,46.76916],[-118.04798,46.76822],[-118.05276,46.76978],[-118.06814,46.77196],[-118.07253,46.77372],[-118.07237,46.77572],[-118.07341,46.7764],[-118.08329,46.77508],[-118.08556,46.7766],[-118.09245,46.77763],[-118.09518,46.77907],[-118.10041,46.7728],[-118.10213,46.77247],[-118.1058,46.77348],[-118.10961,46.77221],[-118.11182,46.76871],[-118.11644,46.7662],[-118.11747,46.76465],[-118.1261,46.76139],[-118.13508,46.76012],[-118.14483,46.76019],[-118.14895,46.7585],[-118.15602,46.75947],[-118.1566,46.75597],[-118.15505,46.75338],[-118.16255,46.74662],[-118.18207,46.7473],[-118.18505,46.74829],[-118.18992,46.75147],[-118.19909,46.74704],[-118.20547,46.73971],[-118.22025,46.73677],[-118.22724,46.73657],[-118.2307,46.73446],[-118.2335,46.73387],[-118.23609,46.73459],[-118.23989,46.73811],[-118.24447,46.73509],[-118.24912,46.73414],[-118.2492,46.73258],[-118.24602,46.72876],[-118.24111,46.71878],[-118.23406,46.70754],[-118.233,46.70371],[-118.22937,46.69995],[-118.22286,46.6896],[-118.22085,46.68419],[-118.21754,46.67928],[-118.21795,46.67706],[-118.22366,46.67395],[-118.22248,46.67247],[-118.22399,46.67198],[-118.2244,46.6693],[-118.22353,46.6667],[-118.22495,46.66626],[-118.22368,46.66371],[-118.22721,46.66251],[-118.22832,46.65883],[-118.23073,46.65644],[-118.22757,46.65334],[-118.228,46.65093],[-118.22568,46.64674],[-118.22241,46.64529],[-118.22188,46.64277],[-118.22027,46.64114],[-118.21529,46.63954],[-118.21464,46.63869],[-118.21667,46.63438],[-118.21541,46.6321],[-118.20969,46.62986],[-118.1998,46.62419],[-118.1983,46.62196],[-118.19831,46.61891],[-118.19973,46.61759],[-118.19826,46.61172],[-118.19946,46.60792],[-118.20124,46.60783],[-118.20509,46.61022],[-118.20828,46.60972],[-118.20781,46.60501],[-118.20978,46.604],[-118.2111,46.60076],[-118.21437,46.59893],[-118.21388,46.59821],[-118.2114,46.59797],[-118.21085,46.59663],[-118.21138,46.59458],[-118.21502,46.59124],[-118.21566,46.58892],[-118.2111,46.58759],[-118.19297,46.57184],[-118.18336,46.5661],[-118.17884,46.56054],[-118.17255,46.55695],[-118.1618,46.55472],[-118.14313,46.55778],[-118.12607,46.55674],[-118.11387,46.55736],[-118.1044,46.56157],[-118.10246,46.56413],[-118.10005,46.57025],[-118.09664,46.57312],[-118.09289,46.57453],[-118.06909,46.57468],[-118.05599,46.57707],[-118.04827,46.57931],[-118.03516,46.58516],[-118.01211,46.58793],[-117.99876,46.58837],[-117.98896,46.58677],[-117.98525,46.58687],[-117.95805,46.59177],[-117.95285,46.59207],[-117.91545,46.58547],[-117.90905,46.58477],[-117.89186,46.58538],[-117.88762,46.58632],[-117.8831,46.58984],[-117.88098,46.59535],[-117.87985,46.60377],[-117.87825,46.60887],[-117.87335,46.61637],[-117.86645,46.62117],[-117.85965,46.62357],[-117.85204,46.62477],[-117.82909,46.62205],[-117.81374,46.62299],[-117.80071,46.62565],[-117.78997,46.63103],[-117.77598,46.64186],[-117.76692,46.65256],[-117.76338,46.65959],[-117.75889,46.67983],[-117.756,46.68463],[-117.75104,46.68978],[-117.74087,46.69458],[-117.7329,46.69379],[-117.71923,46.69709],[-117.6961,46.69958],[-117.68428,46.7031],[-117.65793,46.70198],[-117.65173,46.7008],[-117.64536,46.69843],[-117.63939,46.69339],[-117.62868,46.68109],[-117.62263,46.67716],[-117.614,46.67377],[-117.60048,46.67249],[-117.54962,46.6803],[-117.54416,46.68014],[-117.53042,46.67738],[-117.51442,46.67729],[-117.50697,46.67928],[-117.50065,46.68205],[-117.49843,46.68434],[-117.49696,46.68993],[-117.49,46.69537],[-117.47756,46.7],[-117.46744,46.70005],[-117.46241,46.69859],[-117.45437,46.69153],[-117.45247,46.68493],[-117.447,46.67273],[-117.44181,46.66651],[-117.43274,46.65945],[-117.4283,46.65711],[-117.4222,46.65531],[-117.41042,46.65653],[-117.39635,46.6548],[-117.39026,46.65278],[-117.38618,46.6497],[-117.3852,46.64788],[-117.38514,46.6409],[-117.38854,46.63051],[-117.38879,46.62658],[-117.38621,46.61888],[-117.38274,46.61468],[-117.3786,46.61198],[-117.37101,46.60904],[-117.35907,46.60227],[-117.35621,46.59938],[-117.3526,46.59174],[-117.34896,46.58767],[-117.34255,46.58368],[-117.33754,46.58197],[-117.32681,46.58078],[-117.31287,46.58095],[-117.30137,46.57749],[-117.29295,46.57201],[-117.28297,46.56129],[-117.26791,46.55448],[-117.25426,46.54508],[-117.25057,46.53883],[-117.24991,46.53573],[-117.24648,46.53035],[-117.24491,46.52275],[-117.24126,46.51846],[-117.23679,46.51035],[-117.23204,46.50406],[-117.23134,46.50058],[-117.23216,46.49625],[-117.23375,46.49085],[-117.23884,46.48076],[-117.23927,46.476],[-117.23768,46.46948],[-117.23293,46.46398],[-117.22173,46.4603],[-117.21542,46.45718],[-117.21226,46.45478],[-117.20579,46.44749],[-117.21451,46.43224],[-117.21356,46.42772],[-117.21071,46.42479],[-117.19986,46.42018],[-117.1897,46.42047],[-117.17962,46.42219],[-117.16982,46.42602],[-117.15589,46.42998],[-117.14446,46.43022],[-117.13186,46.42702],[-117.11703,46.42112],[-117.10182,46.4198],[-117.09622,46.41771],[-117.08946,46.41678],[-117.08615,46.41735],[-117.06754,46.42699],[-117.05791,46.42973],[-117.05292,46.43001],[-117.04832,46.42915],[-117.03977,46.42589],[-117.03964,46.96759]]]},"bbox":[-118.2492,46.41678,-117.03964,47.26057],"properties":{"divisionId":"county:53075","divisionType":"county","geoid":"53075","state":"WA","stateName":"Washington","name":"Whitman County","shortName":"Whitman","label":"WA • Whitman","labelPoint":[-117.5353898,46.9059441],"countyAreaSqKm":5640.873,"cameraViewshedAreaSqKm":0.0,"cameraViewshedCoveragePct":0.0}},{"type":"Feature","id":"county:53077","geometry":{"type":"Polygon","coordinates":[[[-120.33107,46.04149],[-120.11405,46.04167],[-119.92817,46.0403],[-119.86583,46.04086],[-119.86554,46.11803],[-119.86654,46.21458],[-119.87356,46.21461],[-119.87366,46.30956],[-119.87283,46.36101],[-119.87453,46.48932],[-119.87422,46.56276],[-119.87673,46.56273],[-119.87508,46.57728],[-119.87406,46.62858],[-119.88155,46.63063],[-119.89477,46.63233],[-119.90148,46.6356],[-119.91242,46.6469],[-119.9173,46.65542],[-119.92154,46.65871],[-119.93046,46.66255],[-119.94422,46.67324],[-119.94644,46.67593],[-119.94901,46.6822],[-119.95675,46.69352],[-119.9687,46.71443],[-119.97271,46.72324],[-119.97361,46.72945],[-119.97304,46.73713],[-120.0226,46.73743],[-120.14997,46.73615],[-120.51,46.73795],[-120.5086,46.78095],[-120.5086,46.82486],[-120.63398,46.82578],[-120.63337,46.90553],[-120.63456,46.91213],[-120.81429,46.91097],[-121.02662,46.91131],[-121.02659,46.91493],[-121.03187,46.91489],[-121.03186,46.91853],[-121.03716,46.91857],[-121.03717,46.92215],[-121.04244,46.92214],[-121.04246,46.93302],[-121.05299,46.93303],[-121.05297,46.93667],[-121.05826,46.93669],[-121.05826,46.9439],[-121.06354,46.94396],[-121.06354,46.94753],[-121.06881,46.94758],[-121.06885,46.95847],[-121.07411,46.95843],[-121.07416,46.96202],[-121.07941,46.96207],[-121.0794,46.96563],[-121.08475,46.96572],[-121.0847,46.96926],[-121.08996,46.96929],[-121.09005,46.99101],[-121.10081,46.99102],[-121.10203,46.99344],[-121.10509,46.99551],[-121.11186,46.99515],[-121.11461,46.99729],[-121.11708,46.99722],[-121.12051,46.99801],[-121.12161,46.99921],[-121.12376,46.99912],[-121.12241,47.00175],[-121.12284,47.00324],[-121.1269,47.00505],[-121.12753,47.00788],[-121.13238,47.01061],[-121.13403,47.01533],[-121.13577,47.01723],[-121.14116,47.01901],[-121.143,47.02186],[-121.14754,47.02339],[-121.14792,47.0249],[-121.15057,47.02643],[-121.15467,47.02671],[-121.1558,47.02718],[-121.15592,47.02837],[-121.15744,47.0281],[-121.15926,47.0291],[-121.16025,47.03128],[-121.16324,47.03283],[-121.16557,47.0355],[-121.16852,47.03567],[-121.17219,47.03782],[-121.17876,47.03982],[-121.1786,47.04142],[-121.18113,47.0429],[-121.18137,47.04426],[-121.18549,47.04457],[-121.18975,47.04245],[-121.1947,47.04417],[-121.19464,47.04562],[-121.20062,47.04899],[-121.19891,47.04981],[-121.19951,47.05052],[-121.20618,47.05111],[-121.20707,47.05272],[-121.2099,47.05323],[-121.21095,47.05521],[-121.21256,47.05557],[-121.21519,47.05859],[-121.21497,47.06031],[-121.21815,47.06193],[-121.21812,47.06496],[-121.21884,47.06564],[-121.22241,47.06685],[-121.22448,47.06576],[-121.2298,47.06684],[-121.23203,47.06888],[-121.23983,47.0732],[-121.24481,47.07351],[-121.24704,47.07503],[-121.25183,47.07634],[-121.25638,47.07953],[-121.25652,47.08201],[-121.26406,47.08281],[-121.26831,47.08461],[-121.27266,47.08466],[-121.28072,47.08873],[-121.29079,47.08609],[-121.29784,47.08611],[-121.30137,47.08519],[-121.30658,47.08223],[-121.31026,47.07725],[-121.31847,47.07556],[-121.32579,47.07643],[-121.32823,47.07513],[-121.33527,47.0758],[-121.34089,47.07936],[-121.34714,47.07874],[-121.35094,47.07689],[-121.35743,47.07114],[-121.35924,47.07074],[-121.36409,47.07167],[-121.36641,47.07392],[-121.36612,47.0758],[-121.36724,47.07703],[-121.37673,47.08179],[-121.37968,47.0875],[-121.38331,47.08479],[-121.38262,47.08219],[-121.37983,47.07907],[-121.37962,47.07626],[-121.37515,47.0729],[-121.37584,47.07088],[-121.37508,47.06768],[-121.37658,47.06497],[-121.37678,47.06245],[-121.37425,47.05644],[-121.37919,47.05404],[-121.37905,47.05253],[-121.38107,47.05037],[-121.38627,47.04892],[-121.38634,47.0461],[-121.39349,47.04062],[-121.39354,47.03963],[-121.39702,47.03557],[-121.3998,47.03346],[-121.39937,47.03141],[-121.39664,47.02937],[-121.39703,47.02573],[-121.39536,47.0245],[-121.3948,47.02277],[-121.39664,47.01875],[-121.40172,47.01536],[-121.40428,47.01478],[-121.40451,47.01339],[-121.40619,47.01218],[-121.40616,47.00902],[-121.40957,47.00358],[-121.40647,47.00053],[-121.40709,46.99749],[-121.40912,46.99519],[-121.4135,46.99518],[-121.41734,46.99317],[-121.41925,46.99191],[-121.42056,46.98872],[-121.42779,46.98788],[-121.43361,46.9848],[-121.44136,46.9827],[-121.44323,46.98065],[-121.44628,46.97998],[-121.44571,46.9775],[-121.4438,46.97466],[-121.44209,46.97426],[-121.44214,46.97294],[-121.45508,46.96478],[-121.45757,46.96424],[-121.45838,46.96057],[-121.45646,46.95843],[-121.45269,46.95652],[-121.45355,46.95246],[-121.45035,46.94835],[-121.45237,46.94528],[-121.45188,46.94374],[-121.45243,46.94186],[-121.45052,46.93885],[-121.44949,46.93532],[-121.45057,46.93284],[-121.45409,46.9294],[-121.45692,46.92826],[-121.45645,46.92358],[-121.46028,46.92146],[-121.46549,46.92044],[-121.4672,46.91818],[-121.47017,46.91769],[-121.47257,46.91626],[-121.47538,46.91327],[-121.48495,46.91284],[-121.48813,46.91186],[-121.48965,46.91001],[-121.4917,46.90911],[-121.49699,46.90834],[-121.50284,46.90127],[-121.51044,46.89661],[-121.51424,46.89099],[-121.51326,46.88481],[-121.52028,46.87918],[-121.52307,46.87278],[-121.51517,46.87097],[-121.50753,46.8648],[-121.49734,46.86287],[-121.49554,46.85491],[-121.48544,46.84101],[-121.4842,46.83427],[-121.4747,46.8314],[-121.47119,46.82713],[-121.47139,46.8264],[-121.47017,46.8264],[-121.47089,46.82397],[-121.47242,46.82317],[-121.47127,46.8219],[-121.47444,46.82023],[-121.46458,46.81475],[-121.46185,46.8123],[-121.45788,46.81177],[-121.45691,46.81013],[-121.45826,46.80807],[-121.45666,46.80682],[-121.45676,46.8053],[-121.4554,46.80244],[-121.45387,46.8013],[-121.45061,46.80058],[-121.44932,46.79749],[-121.44417,46.79486],[-121.44253,46.79299],[-121.446,46.79195],[-121.44748,46.79227],[-121.45023,46.79003],[-121.45335,46.78875],[-121.45556,46.78588],[-121.45503,46.7806],[-121.45251,46.77668],[-121.44963,46.77384],[-121.44778,46.77311],[-121.44696,46.76785],[-121.4432,46.76762],[-121.43864,46.76256],[-121.4387,46.76089],[-121.44196,46.7596],[-121.44204,46.75829],[-121.43234,46.75914],[-121.42428,46.75663],[-121.42509,46.75411],[-121.42367,46.75257],[-121.42603,46.74977],[-121.42643,46.74802],[-121.42892,46.74618],[-121.4308,46.74336],[-121.43117,46.74189],[-121.43033,46.74016],[-121.42897,46.73922],[-121.42262,46.73839],[-121.41711,46.73621],[-121.41267,46.73568],[-121.40986,46.73277],[-121.40822,46.72842],[-121.40601,46.72739],[-121.40232,46.72824],[-121.40072,46.72694],[-121.39567,46.72682],[-121.39281,46.72764],[-121.38635,46.72732],[-121.38333,46.72849],[-121.38094,46.72837],[-121.37831,46.72705],[-121.36948,46.72642],[-121.36336,46.72298],[-121.35883,46.71706],[-121.35474,46.7153],[-121.35318,46.71227],[-121.35432,46.71128],[-121.35997,46.71193],[-121.36824,46.70912],[-121.36963,46.70656],[-121.37587,46.70528],[-121.37978,46.70176],[-121.37993,46.69829],[-121.37439,46.6926],[-121.37504,46.68886],[-121.37668,46.68649],[-121.38251,46.68585],[-121.38614,46.68726],[-121.39456,46.68712],[-121.39895,46.68808],[-121.40213,46.68516],[-121.40869,46.68375],[-121.40891,46.68056],[-121.41322,46.67587],[-121.41286,46.67369],[-121.41154,46.67186],[-121.41239,46.66923],[-121.41133,46.66596],[-121.41464,46.66312],[-121.41622,46.66047],[-121.41679,46.65502],[-121.41627,46.6514],[-121.41269,46.64828],[-121.40741,46.64833],[-121.40073,46.64614],[-121.39525,46.64613],[-121.39768,46.6426],[-121.39774,46.6412],[-121.39615,46.64018],[-121.39072,46.63958],[-121.38638,46.63604],[-121.3896,46.62874],[-121.38918,46.62566],[-121.38796,46.62457],[-121.38671,46.6212],[-121.38924,46.61689],[-121.39574,46.61473],[-121.39695,46.61279],[-121.39996,46.6117],[-121.40099,46.60934],[-121.40054,46.60679],[-121.40474,46.60589],[-121.40758,46.6021],[-121.40221,46.59371],[-121.40274,46.58842],[-121.4052,46.58504],[-121.40571,46.58234],[-121.40859,46.58096],[-121.41195,46.58078],[-121.41216,46.57934],[-121.41575,46.57588],[-121.41974,46.57641],[-121.42457,46.57029],[-121.42175,46.56762],[-121.42146,46.56517],[-121.41271,46.55867],[-121.41647,46.55538],[-121.4194,46.55413],[-121.42085,46.55228],[-121.42083,46.55126],[-121.41665,46.54824],[-121.41984,46.54475],[-121.42687,46.54123],[-121.42832,46.53958],[-121.43393,46.53933],[-121.44081,46.53575],[-121.45126,46.53389],[-121.45061,46.53063],[-121.45236,46.52919],[-121.45288,46.52511],[-121.45463,46.52408],[-121.45457,46.52041],[-121.45598,46.51673],[-121.45563,46.51327],[-121.45232,46.51044],[-121.45171,46.50902],[-121.45256,46.50656],[-121.45077,46.50576],[-121.45014,46.50353],[-121.44628,46.50233],[-121.44449,46.50092],[-121.42879,46.49799],[-121.42518,46.49374],[-121.4232,46.49269],[-121.42339,46.49142],[-121.42851,46.48956],[-121.42988,46.48768],[-121.4318,46.48666],[-121.43198,46.48501],[-121.43508,46.48222],[-121.43636,46.4773],[-121.43473,46.47464],[-121.42975,46.47098],[-121.42615,46.46684],[-121.42537,46.46409],[-121.41915,46.46258],[-121.4189,46.46174],[-121.41731,46.46144],[-121.41558,46.4598],[-121.41198,46.45953],[-121.41482,46.45508],[-121.41464,46.45142],[-121.4136,46.45066],[-121.41232,46.44699],[-121.41071,46.44612],[-121.41005,46.44186],[-121.40805,46.43878],[-121.40768,46.4346],[-121.40822,46.43331],[-121.4073,46.4299],[-121.40428,46.42873],[-121.40203,46.42477],[-121.39678,46.42254],[-121.39399,46.41805],[-121.39087,46.41615],[-121.38656,46.4106],[-121.38735,46.40853],[-121.39089,46.40529],[-121.38856,46.402],[-121.39034,46.40076],[-121.39172,46.39716],[-121.39151,46.39527],[-121.39298,46.39424],[-121.39376,46.39004],[-121.39702,46.38808],[-121.39982,46.38863],[-121.40267,46.38804],[-121.44571,46.38802],[-121.44749,46.38463],[-121.45798,46.38879],[-121.52232,46.38822],[-121.52232,46.04401],[-121.36522,46.0451],[-121.15186,46.0446],[-121.11172,46.04421],[-121.06871,46.04217],[-121.00802,46.04304],[-120.8013,46.04101],[-120.69726,46.04142],[-120.59296,46.04076],[-120.56292,46.04169],[-120.48995,46.04174],[-120.44933,46.04148],[-120.42833,46.04017],[-120.38677,46.04153],[-120.33107,46.04149]]]},"bbox":[-121.52307,46.04017,-119.86554,47.08873],"properties":{"divisionId":"county:53077","divisionType":"county","geoid":"53077","state":"WA","stateName":"Washington","name":"Yakima County","shortName":"Yakima","label":"WA • Yakima","labelPoint":[-120.7401446,46.4565581],"countyAreaSqKm":11163.273,"cameraViewshedAreaSqKm":417.732,"cameraViewshedCoveragePct":3.74}}],"coverageMetadata":{"source":"camera_viewsheds_web_epsg5070.gpkg:camera_viewshed_coverage","areaCrs":"EPSG:5070","overlapHandling":"dissolved before county intersection"}}
