{"type":"FeatureCollection","features":[{"type":"Feature","id":"national-forest:{04FFBD46-57DA-48F2-816D-AAF339D86664}","geometry":{"type":"MultiPolygon","coordinates":[[[[-118.74623,44.55841],[-118.74136,44.55149],[-118.75201,44.5515],[-118.74708,44.5333],[-118.76799,44.53333],[-118.76793,44.51903],[-118.78323,44.52261],[-118.77817,44.49729],[-118.79817,44.4972],[-118.79817,44.50439],[-119.03184,44.50478],[-119.03176,44.51939],[-119.06231,44.51883],[-119.06272,44.49014],[-119.16446,44.49041],[-119.16457,44.50475],[-119.22605,44.50452],[-119.22546,44.53324],[-119.2876,44.53354],[-119.28816,44.52691],[-119.29781,44.52687],[-119.29769,44.53372],[-119.34825,44.53422],[-119.34764,44.56283],[-119.35816,44.56289],[-119.36839,44.57757],[-119.3886,44.57787],[-119.38949,44.59925],[-119.33774,44.59871],[-119.33824,44.6208],[-119.28683,44.62006],[-119.28722,44.57659],[-119.27673,44.57649],[-119.27681,44.56918],[-119.12333,44.56174],[-119.12337,44.57992],[-119.1336,44.57986],[-119.13356,44.58715],[-119.12337,44.58718],[-119.12335,44.61982],[-119.09277,44.61289],[-119.08765,44.6201],[-119.09277,44.62731],[-119.08254,44.6274],[-119.08332,44.65584],[-119.14407,44.66331],[-119.14408,44.67054],[-119.16432,44.67065],[-119.16434,44.67787],[-119.28716,44.67811],[-119.28715,44.66355],[-119.31747,44.66507],[-119.31795,44.69343],[-119.33823,44.69411],[-119.33815,44.71538],[-119.25615,44.72165],[-119.25621,44.71437],[-119.19491,44.70697],[-119.19494,44.69234],[-119.12444,44.69199],[-119.12407,44.68469],[-119.10352,44.6776],[-119.04281,44.6772],[-119.04296,44.67004],[-119.02263,44.6702],[-119.02268,44.66295],[-118.98229,44.66298],[-118.98202,44.70619],[-119.00205,44.70618],[-119.00262,44.77932],[-118.9821,44.77944],[-118.98214,44.79395],[-118.97194,44.79404],[-118.97193,44.77944],[-118.96178,44.77943],[-118.95664,44.721],[-118.95167,44.73197],[-118.9261,44.72837],[-118.91564,44.73564],[-118.89003,44.73566],[-118.89037,44.75015],[-118.8803,44.74994],[-118.87996,44.73907],[-118.86481,44.74265],[-118.85931,44.73555],[-118.85997,44.74268],[-118.8393,44.74623],[-118.83973,44.80862],[-118.80371,44.80026],[-118.7647,44.80548],[-118.75607,44.80283],[-118.75532,44.79373],[-118.69706,44.79371],[-118.6971,44.77919],[-118.67683,44.77924],[-118.67699,44.73562],[-118.63632,44.73562],[-118.63619,44.72103],[-118.55523,44.72094],[-118.55527,44.70638],[-118.51756,44.70473],[-118.51867,44.69116],[-118.50438,44.6648],[-118.44642,44.6499],[-118.42483,44.65487],[-118.40528,44.64153],[-118.37964,44.6464],[-118.3548,44.63912],[-118.34315,44.63125],[-118.3387,44.61083],[-118.317,44.60405],[-118.30593,44.58783],[-118.31729,44.56788],[-118.3256,44.56107],[-118.33837,44.56686],[-118.35933,44.53613],[-118.37159,44.53065],[-118.37478,44.50784],[-118.35786,44.48448],[-118.36728,44.47872],[-118.36076,44.47168],[-118.37535,44.45913],[-118.41953,44.45674],[-118.4184,44.4324],[-118.43633,44.39653],[-118.42517,44.39866],[-118.42825,44.39409],[-118.40101,44.36875],[-118.40829,44.35991],[-118.39582,44.34001],[-118.32698,44.33961],[-118.3053,44.32674],[-118.2845,44.3252],[-118.28203,44.31587],[-118.24542,44.28867],[-118.20427,44.28554],[-118.18807,44.27211],[-118.19335,44.2562],[-118.21356,44.25618],[-118.21352,44.24163],[-118.23275,44.24164],[-118.23346,44.22739],[-118.25374,44.22748],[-118.25851,44.20615],[-118.24865,44.20627],[-118.24843,44.17725],[-118.25833,44.17723],[-118.2581,44.14074],[-118.27802,44.14059],[-118.27796,44.12607],[-118.28808,44.12589],[-118.28687,44.07459],[-118.29677,44.0751],[-118.29668,44.06798],[-118.34788,44.06803],[-118.34782,44.05483],[-118.36809,44.05493],[-118.3681,44.04049],[-118.34786,44.04039],[-118.34772,43.99655],[-118.40803,43.99666],[-118.40803,44.01117],[-118.42821,44.01117],[-118.42822,43.99668],[-118.52825,43.99664],[-118.52815,44.01121],[-118.54821,44.01117],[-118.54836,43.99662],[-118.5873,43.99661],[-118.58726,44.00349],[-118.64753,44.00363],[-118.64733,44.01812],[-118.6676,44.01813],[-118.66769,44.00367],[-118.71585,44.00371],[-118.71595,43.96036],[-118.69616,43.96027],[-118.69602,43.90176],[-118.69614,43.88724],[-118.71637,43.88734],[-118.71636,43.8728],[-118.69619,43.87273],[-118.69621,43.81434],[-118.68806,43.81443],[-118.68806,43.79984],[-118.66789,43.79994],[-118.66797,43.7853],[-118.6708,43.75353],[-118.72802,43.75757],[-118.7282,43.72888],[-118.94053,43.73017],[-118.94058,43.75875],[-119.01893,43.75975],[-119.01868,43.78512],[-119.04867,43.78503],[-119.04852,43.79963],[-119.05854,43.7995],[-119.05865,43.8141],[-119.07858,43.81421],[-119.07861,43.82885],[-119.11856,43.82883],[-119.11852,43.84342],[-119.13829,43.84348],[-119.13812,43.85802],[-119.14799,43.85803],[-119.13763,43.87347],[-119.17696,43.87368],[-119.17688,43.88813],[-119.19726,43.88819],[-119.19702,43.85929],[-119.21699,43.85929],[-119.21692,43.84497],[-119.25674,43.84549],[-119.25688,43.83126],[-119.27674,43.83128],[-119.27706,43.81687],[-119.25698,43.81688],[-119.25716,43.80235],[-119.3778,43.80236],[-119.37728,43.78806],[-119.33688,43.78774],[-119.33791,43.7592],[-119.31755,43.75863],[-119.31774,43.70065],[-119.2979,43.6934],[-119.29802,43.67893],[-119.28782,43.67886],[-119.28784,43.67154],[-119.25778,43.67176],[-119.26801,43.64243],[-119.27798,43.64242],[-119.27796,43.62793],[-119.31789,43.62809],[-119.30809,43.59901],[-119.3987,43.59964],[-119.3975,43.65699],[-119.59743,43.65468],[-119.59696,43.67695],[-119.57717,43.67687],[-119.57628,43.69862],[-119.49683,43.70695],[-119.49688,43.71423],[-119.48686,43.71444],[-119.48665,43.72922],[-119.45667,43.72971],[-119.45637,43.77336],[-119.53643,43.77161],[-119.53614,43.78603],[-119.59566,43.78577],[-119.59556,43.77171],[-119.63619,43.77061],[-119.63637,43.72706],[-119.65672,43.72684],[-119.65677,43.71242],[-119.67698,43.71243],[-119.67688,43.69759],[-119.69709,43.69763],[-119.69809,43.68417],[-119.75749,43.68376],[-119.75757,43.66927],[-119.81722,43.66885],[-119.81703,43.68335],[-119.83712,43.68396],[-119.83726,43.75685],[-119.81726,43.75672],[-119.81726,43.7712],[-119.79714,43.77113],[-119.79689,43.78562],[-119.77697,43.78555],[-119.77649,43.84346],[-119.7563,43.84336],[-119.75624,43.8724],[-119.7362,43.87228],[-119.73596,43.88662],[-119.71564,43.88653],[-119.71547,43.91559],[-119.69591,43.91548],[-119.69607,43.93032],[-119.6771,43.92993],[-119.67711,43.95894],[-119.65718,43.95892],[-119.65719,43.9662],[-119.63793,43.96644],[-119.63784,43.97404],[-119.59748,43.97395],[-119.5901,43.95964],[-119.57763,43.96673],[-119.53706,43.95936],[-119.5372,43.97386],[-119.55731,43.97382],[-119.55735,43.98095],[-119.53717,43.98102],[-119.53734,44.00977],[-119.4757,44.00183],[-119.47592,44.01627],[-119.45591,44.01609],[-119.45582,44.02338],[-119.40593,44.02346],[-119.40579,43.98712],[-119.39584,43.98738],[-119.39592,43.95874],[-119.35609,43.95937],[-119.35604,43.97377],[-119.3361,43.97415],[-119.33616,43.98857],[-119.28673,43.98941],[-119.28698,44.02554],[-119.31614,44.02501],[-119.31648,44.04718],[-119.29649,44.04715],[-119.29647,44.06168],[-119.31649,44.06161],[-119.31641,44.07624],[-119.28766,44.07622],[-119.26752,44.09795],[-119.25747,44.09788],[-119.25756,44.10513],[-119.26756,44.1052],[-119.26725,44.13409],[-119.29644,44.13411],[-119.29644,44.11966],[-119.38652,44.11946],[-119.38587,44.10507],[-119.39648,44.10502],[-119.39651,44.11223],[-119.42687,44.11031],[-119.42666,44.13373],[-119.41676,44.13371],[-119.41678,44.14825],[-119.43697,44.14795],[-119.43711,44.17003],[-119.46722,44.17024],[-119.46726,44.17754],[-119.47736,44.1776],[-119.47724,44.20643],[-119.46722,44.20633],[-119.46458,44.21854],[-119.46453,44.26236],[-119.45442,44.26236],[-119.45439,44.26964],[-119.4242,44.26952],[-119.42417,44.29135],[-119.43426,44.29138],[-119.43302,44.30599],[-119.41384,44.3059],[-119.41378,44.32037],[-119.47459,44.32775],[-119.47427,44.36388],[-119.49464,44.36399],[-119.49055,44.40376],[-119.43984,44.40397],[-119.43987,44.38949],[-119.29399,44.38905],[-119.29394,44.3639],[-119.25461,44.3636],[-119.25453,44.34908],[-119.23442,44.34901],[-119.23446,44.36353],[-119.15407,44.36346],[-119.15404,44.34898],[-119.09343,44.34874],[-119.0932,44.33426],[-119.05251,44.32697],[-119.05256,44.30531],[-118.9318,44.30524],[-118.93176,44.36343],[-118.6874,44.36301],[-118.68754,44.34847],[-118.56493,44.3485],[-118.565,44.38848],[-118.5426,44.38858],[-118.54275,44.40311],[-118.55266,44.40311],[-118.5527,44.41033],[-118.54272,44.41035],[-118.54273,44.42127],[-118.55273,44.43209],[-118.55278,44.46084],[-118.57345,44.45351],[-118.57335,44.47559],[-118.57862,44.4616],[-118.594,44.46883],[-118.59397,44.50437],[-118.60402,44.50435],[-118.60402,44.52981],[-118.62443,44.53692],[-118.61412,44.5153],[-118.63963,44.51893],[-118.64997,44.53366],[-118.67031,44.5336],[-118.66521,44.5444],[-118.67556,44.54427],[-118.67537,44.56197],[-118.72045,44.56195],[-118.7154,44.55833],[-118.72056,44.55116],[-118.74623,44.55841]],[[-118.81897,44.54783],[-118.82922,44.54412],[-118.81889,44.54048],[-118.81897,44.54783]],[[-118.78886,44.5117],[-118.78814,44.51904],[-118.79818,44.51881],[-118.79817,44.5116],[-118.78886,44.5117]],[[-118.79822,44.55516],[-118.77807,44.55516],[-118.77812,44.54792],[-118.78821,44.54789],[-118.78815,44.53326],[-118.77822,44.53333],[-118.77818,44.54063],[-118.7577,44.54063],[-118.75158,44.55843],[-118.79813,44.56244],[-118.79822,44.55516]],[[-118.88551,44.19186],[-118.87545,44.19183],[-118.87519,44.20635],[-118.89581,44.20637],[-118.90067,44.19551],[-118.90579,44.20636],[-118.97618,44.20291],[-119.01684,44.20666],[-119.01667,44.21865],[-119.0471,44.21759],[-119.03222,44.22223],[-119.04225,44.23318],[-119.03207,44.2404],[-119.06766,44.23312],[-119.06774,44.24773],[-119.07778,44.2404],[-119.07781,44.24768],[-119.10306,44.2476],[-119.113,44.27662],[-119.13322,44.27652],[-119.13325,44.25493],[-119.14336,44.25491],[-119.1433,44.23302],[-119.19401,44.23302],[-119.19418,44.21846],[-119.17773,44.21853],[-119.17678,44.19923],[-119.14788,44.19939],[-119.1478,44.18493],[-119.13777,44.18489],[-119.13775,44.15938],[-119.12775,44.15583],[-119.13287,44.14848],[-119.05723,44.13393],[-119.05712,44.10488],[-119.03194,44.10851],[-119.02696,44.09403],[-118.99194,44.10127],[-118.99193,44.11211],[-118.97181,44.11584],[-118.97661,44.13022],[-118.93598,44.13382],[-118.93595,44.14837],[-118.85724,44.14832],[-118.85729,44.15556],[-118.83723,44.16278],[-118.89565,44.17741],[-118.89565,44.16654],[-118.91074,44.1629],[-118.91074,44.17742],[-118.89061,44.18102],[-118.88551,44.19186]],[[-118.88557,44.18101],[-118.87555,44.17736],[-118.87552,44.18461],[-118.88557,44.18101]],[[-118.94648,44.12342],[-118.96161,44.12326],[-118.96669,44.10871],[-118.99691,44.09044],[-118.99679,44.05429],[-119.02696,44.04711],[-119.02678,44.03263],[-119.03682,44.03267],[-119.03679,44.00394],[-118.99641,44.0038],[-118.99645,43.98934],[-118.97604,43.98928],[-118.97778,43.91655],[-118.95771,43.9168],[-118.95758,43.87325],[-118.93735,43.87319],[-118.93734,43.82909],[-118.91732,43.82909],[-118.91742,43.81448],[-118.87731,43.81449],[-118.87707,43.84371],[-118.85687,43.84361],[-118.85731,43.91685],[-118.86728,43.91686],[-118.86738,44.04749],[-118.91774,44.04726],[-118.91782,44.06189],[-118.93652,44.06175],[-118.93609,44.13066],[-118.94648,44.12342]]],[[[-119.08144,43.55721],[-119.08143,43.55624],[-119.08469,43.55626],[-119.08144,43.55721]]],[[[-119.07271,44.23309],[-119.07776,44.2331],[-119.07777,44.23675],[-119.07271,44.23309]]],[[[-118.95003,44.41563],[-118.94996,44.4159],[-118.9498,44.4159],[-118.95003,44.41563]]],[[[-118.95205,44.41792],[-118.95205,44.41819],[-118.95139,44.41819],[-118.95205,44.41792]]],[[[-118.95981,44.41942],[-118.95863,44.419],[-118.95785,44.41783],[-118.95981,44.41942]]],[[[-118.95621,44.42],[-118.95659,44.42],[-118.95659,44.42026],[-118.95621,44.42]]],[[[-118.71419,44.4609],[-118.71441,44.46123],[-118.71393,44.46133],[-118.71419,44.4609]]],[[[-118.71403,44.46172],[-118.71385,44.46178],[-118.71349,44.46187],[-118.71403,44.46172]]],[[[-118.71347,44.46332],[-118.71423,44.46386],[-118.71269,44.46386],[-118.71347,44.46332]]]]},"bbox":[-119.83726,43.55624,-118.18807,44.80862],"properties":{"divisionId":"national-forest:{04FFBD46-57DA-48F2-816D-AAF339D86664}","divisionType":"national-forest","name":"Malheur National Forest","label":"Malheur National Forest","labelPoint":[-119.012665,44.18243],"state":null,"sourceFeatureId":"{04FFBD46-57DA-48F2-816D-AAF339D86664}","landAreaSqKm":7233.545,"cameraViewshedAreaSqKm":181.463,"cameraViewshedCoveragePct":2.51,"landMix":[{"label":"National Forest","percentage":100.0,"areaSqKm":7233.545},{"label":"Other/unclassified","percentage":0.0,"areaSqKm":0.0}]}},{"type":"Feature","id":"national-forest:{15513CBA-FA8C-4458-9776-E575816D8D48}","geometry":{"type":"MultiPolygon","coordinates":[[[[-118.00981,45.60169],[-117.9995,45.60171],[-117.99436,45.58715],[-118.09771,45.58726],[-118.09774,45.51456],[-118.07604,45.51461],[-118.07655,45.5],[-118.15967,45.49309],[-118.15978,45.48681],[-118.19266,45.47167],[-118.20207,45.45172],[-118.22755,45.44842],[-118.2277,45.42797],[-118.25725,45.43416],[-118.29995,45.42305],[-118.30367,45.44374],[-118.33534,45.44369],[-118.32497,45.45821],[-118.36121,45.45448],[-118.36637,45.46437],[-118.37885,45.45716],[-118.38402,45.4644],[-118.38403,45.47155],[-118.36668,45.47157],[-118.36588,45.51501],[-118.3727,45.515],[-118.37285,45.52963],[-118.34984,45.52948],[-118.35028,45.55859],[-118.37319,45.56624],[-118.37325,45.57339],[-118.39526,45.57303],[-118.32374,45.71013],[-118.25268,45.73038],[-118.25278,45.73749],[-118.21174,45.73729],[-118.21176,45.76635],[-118.20093,45.76643],[-118.20092,45.77363],[-118.12823,45.77365],[-118.1273,45.83498],[-118.11778,45.835],[-118.11211,45.86073],[-118.10279,45.86072],[-118.1025,45.88949],[-118.0821,45.88925],[-118.08304,45.92508],[-118.07177,45.92504],[-118.07213,45.94645],[-118.10295,45.94881],[-118.10006,45.96296],[-118.11034,45.96309],[-118.09974,45.97914],[-118.05786,45.98783],[-118.05444,46.02054],[-118.01391,46.02004],[-118.01319,46.03403],[-117.99311,46.03379],[-117.99328,46.06362],[-117.97191,46.06298],[-117.97125,46.09136],[-117.93018,46.09184],[-117.92939,46.12038],[-117.86721,46.12052],[-117.86637,46.16371],[-117.8033,46.16398],[-117.80204,46.23626],[-117.75939,46.23603],[-117.75953,46.2509],[-117.73843,46.25103],[-117.73788,46.29501],[-117.66462,46.29413],[-117.65924,46.27961],[-117.66946,46.27594],[-117.67943,46.25089],[-117.66908,46.25095],[-117.6692,46.25801],[-117.65393,46.26526],[-117.65416,46.27603],[-117.64381,46.27974],[-117.63878,46.29416],[-117.49269,46.29426],[-117.49767,46.27889],[-117.48219,46.27885],[-117.48234,46.26485],[-117.46137,46.26468],[-117.46146,46.27917],[-117.35678,46.27933],[-117.35675,46.26111],[-117.39859,46.26114],[-117.35677,46.25748],[-117.35694,46.22108],[-117.37791,46.22112],[-117.3779,46.20659],[-117.36208,46.20665],[-117.36206,46.1989],[-117.3724,46.20248],[-117.38279,46.19531],[-117.35687,46.1953],[-117.35691,46.20667],[-117.33611,46.20662],[-117.33488,46.14912],[-117.26126,46.14858],[-117.26074,46.14121],[-117.25061,46.14122],[-117.25221,46.08911],[-117.3567,46.08872],[-117.35648,46.07305],[-117.37669,46.0731],[-117.37656,46.04428],[-117.45927,46.04409],[-117.45935,46.02983],[-117.542,46.02275],[-117.54641,45.98068],[-117.51006,45.97343],[-117.51007,45.95894],[-117.49959,45.9493],[-117.47374,45.94305],[-117.49963,45.94134],[-117.49444,45.92641],[-117.49972,45.91908],[-117.584,45.91926],[-117.58371,45.90489],[-117.60433,45.90506],[-117.61476,45.89044],[-117.62543,45.89038],[-117.62559,45.86229],[-117.67483,45.881],[-117.72853,45.85424],[-117.73337,45.84533],[-117.74234,45.8471],[-117.75362,45.82035],[-117.74073,45.79909],[-117.74976,45.79845],[-117.7446,45.79248],[-117.75598,45.78262],[-117.76078,45.75777],[-117.7745,45.74724],[-117.78339,45.74696],[-117.78345,45.75422],[-117.80891,45.75387],[-117.80897,45.76116],[-117.86976,45.76147],[-117.86987,45.78815],[-117.91069,45.78796],[-117.91106,45.7614],[-117.93196,45.75791],[-117.93239,45.70378],[-117.95308,45.70369],[-117.95364,45.68929],[-117.99408,45.68904],[-117.99442,45.65998],[-118.01519,45.66017],[-118.01486,45.61627],[-118.00981,45.60169]],[[-117.59431,45.9302],[-117.58914,45.92653],[-117.5839,45.93017],[-117.59431,45.9302]],[[-117.71695,46.20465],[-117.7068,46.20808],[-117.71681,46.21163],[-117.71695,46.20465]],[[-117.6846,46.25087],[-117.68976,46.24367],[-117.67936,46.24368],[-117.6846,46.25087]],[[-117.38814,46.27571],[-117.39858,46.27209],[-117.3777,46.27206],[-117.38814,46.27571]],[[-117.38833,46.19532],[-117.38311,46.19212],[-117.3818,46.20659],[-117.38833,46.19532]],[[-117.71566,46.23301],[-117.72593,46.233],[-117.72591,46.22578],[-117.71048,46.22938],[-117.71566,46.23301]],[[-117.5787,45.92288],[-117.56819,45.9265],[-117.56297,45.93196],[-117.57866,45.93016],[-117.5787,45.92288]],[[-117.69496,46.24366],[-117.7105,46.24017],[-117.71049,46.23296],[-117.68973,46.23645],[-117.69496,46.24366]],[[-117.39869,46.23929],[-117.39353,46.23203],[-117.37269,46.23569],[-117.37258,46.24659],[-117.38825,46.24658],[-117.38831,46.23931],[-117.39869,46.23929]],[[-117.55671,45.96261],[-117.55683,45.9553],[-117.52051,45.94806],[-117.53602,45.96985],[-117.55671,45.96261]]],[[[-118.7469,45.34555],[-118.72645,45.34818],[-118.62517,45.34008],[-118.653,45.32331],[-118.68988,45.32014],[-118.68806,45.31132],[-118.69648,45.30639],[-118.72079,45.30744],[-118.73732,45.27665],[-118.71339,45.25165],[-118.67947,45.24139],[-118.66124,45.21707],[-118.63163,45.20905],[-118.63547,45.22204],[-118.62466,45.22188],[-118.59977,45.21057],[-118.59997,45.19685],[-118.58757,45.19691],[-118.58783,45.13894],[-118.60932,45.13888],[-118.60918,45.11901],[-118.56233,45.08471],[-118.56992,45.05364],[-118.53219,45.04238],[-118.5106,45.0007],[-118.49646,45.00583],[-118.43733,44.98475],[-118.43147,44.9371],[-118.41036,44.93054],[-118.39585,44.93485],[-118.4045,44.91903],[-118.39446,44.9084],[-118.4068,44.86997],[-118.39194,44.85419],[-118.41576,44.83204],[-118.42359,44.80901],[-118.44816,44.817],[-118.47229,44.79837],[-118.47395,44.78692],[-118.45162,44.77563],[-118.46319,44.76829],[-118.48744,44.7727],[-118.48232,44.76122],[-118.49173,44.75574],[-118.48765,44.71864],[-118.49695,44.72064],[-118.50373,44.70581],[-118.55527,44.70638],[-118.55523,44.72094],[-118.63619,44.72103],[-118.63632,44.73562],[-118.67699,44.73562],[-118.67683,44.77924],[-118.6971,44.77919],[-118.69706,44.79371],[-118.75532,44.79373],[-118.75607,44.80283],[-118.7647,44.80548],[-118.80371,44.80026],[-118.85976,44.80859],[-118.85994,44.82304],[-118.92097,44.82359],[-118.92099,44.84549],[-118.94151,44.84545],[-118.94137,44.8527],[-118.95167,44.85257],[-118.95216,44.86703],[-118.96238,44.86695],[-118.96141,44.9105],[-119.04277,44.90951],[-119.04258,44.9959],[-118.94099,44.99751],[-118.94099,45.00472],[-118.88163,45.01979],[-118.90973,45.04851],[-118.92033,45.05023],[-118.92033,45.08335],[-118.90085,45.08332],[-118.90088,45.09776],[-118.81912,45.09795],[-118.81908,45.09069],[-118.79866,45.09079],[-118.7974,45.07019],[-118.71684,45.07032],[-118.71676,45.08351],[-118.75758,45.08366],[-118.75791,45.11277],[-118.7579,45.12727],[-118.72723,45.12007],[-118.72728,45.12727],[-118.71704,45.12724],[-118.71724,45.14166],[-118.74802,45.14173],[-118.75771,45.17052],[-118.77814,45.17036],[-118.77808,45.18493],[-118.81882,45.18489],[-118.81888,45.19934],[-118.86003,45.19927],[-118.86012,45.21373],[-118.8807,45.21367],[-118.88072,45.22811],[-118.90106,45.22815],[-118.89539,45.26914],[-118.87484,45.26916],[-118.87474,45.30058],[-118.81955,45.3007],[-118.81964,45.31527],[-118.79926,45.31527],[-118.79918,45.32987],[-118.77862,45.32989],[-118.77872,45.34152],[-118.75133,45.34161],[-118.75128,45.35135],[-118.7469,45.34555]]],[[[-119.90979,44.94376],[-119.95009,44.95082],[-119.9501,44.9794],[-119.91009,44.97947],[-119.91045,45.01666],[-119.87081,45.01686],[-119.87085,45.02426],[-119.85564,45.02801],[-119.82116,45.02419],[-119.8108,44.99496],[-119.79116,44.99475],[-119.79111,45.0024],[-119.69812,45.00215],[-119.69815,45.0168],[-119.6877,45.01683],[-119.68765,44.99491],[-119.65301,44.99458],[-119.65251,44.98051],[-119.61264,44.98084],[-119.61298,44.99463],[-119.62582,44.99462],[-119.62711,45.02381],[-119.57573,45.02529],[-119.5756,45.05425],[-119.56003,45.05419],[-119.55994,45.06855],[-119.52389,45.06136],[-119.52351,45.08172],[-119.51392,45.08182],[-119.5142,45.12535],[-119.43237,45.12556],[-119.42204,45.14008],[-119.39149,45.13992],[-119.39627,45.16901],[-119.35197,45.16918],[-119.35227,45.1831],[-119.31612,45.18724],[-119.31584,45.19441],[-119.33592,45.20528],[-119.31056,45.20515],[-119.31054,45.22659],[-119.23482,45.23315],[-119.23953,45.21497],[-119.2092,45.21529],[-119.20915,45.22985],[-119.18824,45.23742],[-119.18811,45.22997],[-119.17773,45.22995],[-119.16738,45.23754],[-119.16263,45.21549],[-119.15752,45.22181],[-119.14718,45.22076],[-119.14709,45.21352],[-119.10653,45.22068],[-119.10642,45.21338],[-119.06533,45.21345],[-119.06024,45.22435],[-119.04478,45.22805],[-119.03942,45.19912],[-119.05495,45.20631],[-119.06523,45.20259],[-119.05487,45.19179],[-119.02402,45.19545],[-119.02406,45.18459],[-119.06517,45.18444],[-119.06495,45.1554],[-119.04956,45.15546],[-119.05999,45.17005],[-119.04975,45.17009],[-119.03937,45.1628],[-119.04444,45.15186],[-119.03413,45.14112],[-119.04428,45.13741],[-119.0422,45.07581],[-119.04727,45.08308],[-119.08271,45.08303],[-119.08272,45.0758],[-119.09802,45.07223],[-119.09804,45.08305],[-119.15938,45.08294],[-119.15418,45.06853],[-119.16297,45.06853],[-119.16306,45.01067],[-119.18825,45.0105],[-119.18322,44.99615],[-119.19852,44.99608],[-119.19849,45.01043],[-119.24443,45.00984],[-119.23433,45.00659],[-119.23417,44.99589],[-119.24431,44.99584],[-119.25446,44.99582],[-119.26461,45.00995],[-119.31248,45.01008],[-119.31239,44.99947],[-119.32654,44.99583],[-119.32653,44.98449],[-119.418,44.9833],[-119.41794,44.96892],[-119.48278,44.96908],[-119.48287,44.98327],[-119.51403,44.9836],[-119.51285,44.92534],[-119.49269,44.92564],[-119.49238,44.91121],[-119.49343,44.88154],[-119.51406,44.88095],[-119.51363,44.86627],[-119.49306,44.86658],[-119.49257,44.85192],[-119.53375,44.84597],[-119.53298,44.82432],[-119.5528,44.8242],[-119.55351,44.83844],[-119.57313,44.83832],[-119.57261,44.82407],[-119.63167,44.82351],[-119.63169,44.83754],[-119.67156,44.83743],[-119.67161,44.8656],[-119.70155,44.87269],[-119.70147,44.90793],[-119.73135,44.90812],[-119.73184,44.93714],[-119.89025,44.93697],[-119.89016,44.9441],[-119.90979,44.94376]],[[-119.18324,45.19717],[-119.20408,45.20066],[-119.17283,45.19351],[-119.18324,45.19717]],[[-119.05505,45.21714],[-119.06018,45.21348],[-119.04985,45.20996],[-119.05505,45.21714]],[[-119.22487,45.19322],[-119.22477,45.18593],[-119.21442,45.18596],[-119.21452,45.19325],[-119.22487,45.19322]],[[-119.22993,45.17486],[-119.21961,45.17491],[-119.21439,45.17861],[-119.22994,45.18223],[-119.22993,45.17486]]],[[[-119.02359,45.10117],[-119.02357,45.09395],[-119.01829,45.08314],[-119.03872,45.0831],[-119.03892,45.09752],[-119.02359,45.10117]]],[[[-119.79106,45.01005],[-119.80129,45.00949],[-119.80135,45.01681],[-119.78086,45.01363],[-119.7809,45.00622],[-119.79106,45.01005]]],[[[-119.05249,45.06124],[-119.03807,45.06124],[-119.03814,45.05399],[-119.0577,45.05399],[-119.05249,45.06124]]],[[[-119.02945,45.23169],[-119.02427,45.22445],[-119.02928,45.21358],[-119.03453,45.22803],[-119.04483,45.23169],[-119.02945,45.23169]]],[[[-118.92666,45.25357],[-118.93671,45.25827],[-118.92123,45.26552],[-118.92666,45.25357]]],[[[-118.39924,45.51509],[-118.41477,45.51511],[-118.41476,45.51871],[-118.39367,45.51864],[-118.39924,45.51509]]],[[[-119.02359,45.10117],[-119.02375,45.11569],[-119.01857,45.11206],[-119.01858,45.10119],[-119.02359,45.10117]]],[[[-119.03814,45.05399],[-119.02263,45.0542],[-119.02785,45.05051],[-119.03298,45.04684],[-119.03814,45.05399]]],[[[-119.03412,45.13021],[-119.02903,45.1375],[-119.02392,45.13753],[-119.02394,45.13031],[-119.03412,45.13021]]],[[[-119.01241,45.06898],[-119.0124,45.07629],[-119.00732,45.07638],[-119.00733,45.06544],[-119.01241,45.06898]]],[[[-119.00325,45.11573],[-118.99313,45.11936],[-118.98795,45.11216],[-119.00325,45.11573]]],[[[-119.6065,45.04245],[-119.59624,45.04655],[-119.59627,45.03916],[-119.6065,45.04245]]],[[[-119.03414,45.15554],[-119.02388,45.15922],[-119.02388,45.15198],[-119.03414,45.15554]]],[[[-119.70863,45.06478],[-119.70863,45.07194],[-119.69832,45.0719],[-119.70863,45.06478]]],[[[-119.14407,45.0142],[-119.13885,45.02131],[-119.13379,45.01412],[-119.14407,45.0142]]],[[[-119.79599,45.03877],[-119.79076,45.04604],[-119.786,45.03932],[-119.79599,45.03877]]],[[[-119.77073,45.02452],[-119.77072,45.02822],[-119.7553,45.02815],[-119.77073,45.02452]]],[[[-119.04726,45.07221],[-119.04223,45.06851],[-119.04233,45.06484],[-119.04736,45.0649],[-119.04726,45.07221]]],[[[-119.37201,45.17269],[-119.37716,45.17636],[-119.36224,45.17622],[-119.37201,45.17269]]],[[[-119.72428,45.0132],[-119.71908,45.00948],[-119.72425,45.00581],[-119.72428,45.0132]]],[[[-119.44787,45.15479],[-119.44267,45.14745],[-119.44788,45.14749],[-119.44787,45.15479]]],[[[-119.77071,45.02085],[-119.76554,45.01715],[-119.77067,45.01351],[-119.77071,45.02085]]],[[[-119.73978,45.01332],[-119.7295,45.01324],[-119.72952,45.00956],[-119.73978,45.01332]]],[[[-119.15422,45.07579],[-119.14907,45.07942],[-119.149,45.07216],[-119.15422,45.07579]]],[[[-119.12318,45.04307],[-119.11293,45.04309],[-119.1129,45.03942],[-119.12318,45.04307]]],[[[-119.01252,45.03622],[-119.00223,45.03635],[-119.0022,45.03271],[-119.01252,45.03622]]],[[[-118.99207,45.05843],[-118.98188,45.05862],[-118.98189,45.05497],[-118.99207,45.05843]]],[[[-119.01753,45.05794],[-119.00735,45.05814],[-119.00736,45.0545],[-119.01753,45.05794]]],[[[-119.12315,45.0541],[-119.11302,45.05407],[-119.11299,45.05041],[-119.12315,45.0541]]],[[[-119.01347,45.10845],[-119.00839,45.10123],[-119.01351,45.10122],[-119.01347,45.10845]]],[[[-119.03894,45.11201],[-119.02879,45.11202],[-119.02874,45.1084],[-119.03894,45.11201]]],[[[-118.38843,45.55889],[-118.38845,45.56249],[-118.37825,45.56258],[-118.38843,45.55889]]],[[[-119.63722,45.08867],[-119.62713,45.08868],[-119.62717,45.08505],[-119.63722,45.08867]]],[[[-119.1285,45.0212],[-119.11826,45.02117],[-119.11835,45.0176],[-119.1285,45.0212]]],[[[-119.85517,44.92997],[-119.8551,44.93362],[-119.84509,44.93376],[-119.85517,44.92997]]],[[[-119.04249,45.04306],[-119.03814,45.04311],[-119.03814,45.03584],[-119.04249,45.04306]]],[[[-118.37386,45.44622],[-118.37381,45.44987],[-118.36641,45.44987],[-118.37386,45.44622]]],[[[-117.99441,45.65635],[-117.98907,45.65272],[-117.9944,45.65271],[-117.99441,45.65635]]],[[[-117.78837,45.73578],[-117.78322,45.73963],[-117.78313,45.73596],[-117.78837,45.73578]]],[[[-119.63231,45.03486],[-119.6271,45.03119],[-119.63231,45.03119],[-119.63231,45.03486]]],[[[-119.4531,45.13656],[-119.44789,45.13289],[-119.45309,45.1329],[-119.4531,45.13656]]],[[[-119.38219,45.20892],[-119.37691,45.20521],[-119.38207,45.20524],[-119.38219,45.20892]]],[[[-118.90575,45.26914],[-118.90058,45.26548],[-118.90578,45.26548],[-118.90575,45.26914]]],[[[-117.54632,45.96265],[-117.54123,45.95899],[-117.54641,45.95898],[-117.54632,45.96265]]],[[[-119.15418,45.06853],[-119.14898,45.06488],[-119.15418,45.06489],[-119.15418,45.06853]]],[[[-118.99348,45.25362],[-118.98828,45.25001],[-118.99349,45.25],[-118.99348,45.25362]]],[[[-117.38308,46.24296],[-117.37793,46.23934],[-117.38312,46.23933],[-117.38308,46.24296]]],[[[-118.00978,45.61995],[-118.00458,45.6163],[-118.00972,45.61629],[-118.00978,45.61995]]],[[[-119.35657,45.20897],[-119.35135,45.20531],[-119.35645,45.20528],[-119.35657,45.20897]]],[[[-118.95727,45.26922],[-118.95212,45.26558],[-118.95728,45.26558],[-118.95727,45.26922]]],[[[-119.786,45.03566],[-119.78089,45.03932],[-119.78089,45.03564],[-119.786,45.03566]]],[[[-117.9215,45.75787],[-117.91637,45.75426],[-117.9216,45.75429],[-117.9215,45.75787]]],[[[-119.02768,45.07602],[-119.02257,45.07243],[-119.02769,45.07236],[-119.02768,45.07602]]],[[[-118.98831,45.24639],[-118.98317,45.24278],[-118.98834,45.24277],[-118.98831,45.24639]]],[[[-119.1438,45.06852],[-119.13864,45.06488],[-119.14378,45.06488],[-119.1438,45.06852]]],[[[-119.02921,45.20635],[-119.02404,45.2027],[-119.02918,45.20272],[-119.02921,45.20635]]],[[[-118.95232,45.25008],[-118.94716,45.25368],[-118.94717,45.25006],[-118.95232,45.25008]]],[[[-119.14381,45.07215],[-119.13871,45.07578],[-119.13868,45.07215],[-119.14381,45.07215]]],[[[-119.26445,45.24075],[-119.25946,45.24068],[-119.25954,45.23694],[-119.26445,45.24075]]],[[[-118.92637,45.28375],[-118.92124,45.28008],[-118.92636,45.28011],[-118.92637,45.28375]]],[[[-119.09282,45.02479],[-119.08772,45.02843],[-119.08775,45.02477],[-119.09282,45.02479]]],[[[-119.41797,45.17635],[-119.41284,45.17272],[-119.41792,45.17271],[-119.41797,45.17635]]],[[[-117.9111,45.75781],[-117.90591,45.7614],[-117.90594,45.75781],[-117.9111,45.75781]]],[[[-119.0124,45.07629],[-119.01748,45.07619],[-119.0124,45.07992],[-119.0124,45.07629]]],[[[-119.33069,45.21259],[-119.3257,45.20887],[-119.33074,45.20893],[-119.33069,45.21259]]],[[[-119.01863,45.09759],[-119.01345,45.09399],[-119.01855,45.09397],[-119.01863,45.09759]]],[[[-119.04252,45.04671],[-119.04249,45.04306],[-119.04753,45.04306],[-119.04252,45.04671]]],[[[-119.1335,45.06489],[-119.12838,45.0613],[-119.13348,45.06128],[-119.1335,45.06489]]],[[[-119.61163,45.06426],[-119.60648,45.0607],[-119.61162,45.06068],[-119.61163,45.06426]]],[[[-119.11832,45.06857],[-119.11327,45.07221],[-119.11325,45.06859],[-119.11832,45.06857]]],[[[-119.22441,45.24055],[-119.21939,45.24067],[-119.21941,45.23701],[-119.22441,45.24055]]],[[[-119.78072,45.05388],[-119.77572,45.05029],[-119.78077,45.05025],[-119.78072,45.05388]]],[[[-119.06258,45.03943],[-119.05755,45.03579],[-119.06258,45.0358],[-119.06258,45.03943]]],[[[-119.07261,45.03577],[-119.06759,45.03942],[-119.06759,45.03579],[-119.07261,45.03577]]],[[[-119.62678,45.07146],[-119.62173,45.07145],[-119.62192,45.06787],[-119.62678,45.07146]]],[[[-119.08271,45.05762],[-119.0777,45.05399],[-119.0827,45.054],[-119.08271,45.05762]]],[[[-117.90086,45.74707],[-117.89592,45.74349],[-117.90093,45.74348],[-117.90086,45.74707]]],[[[-119.36659,45.19074],[-119.36211,45.18701],[-119.36702,45.18708],[-119.36659,45.19074]]],[[[-119.63626,45.07863],[-119.63148,45.07503],[-119.63646,45.07502],[-119.63626,45.07863]]],[[[-119.9395,44.99361],[-119.93468,44.99003],[-119.93966,44.99001],[-119.9395,44.99361]]],[[[-119.64667,45.06771],[-119.64196,45.06414],[-119.64693,45.0641],[-119.64667,45.06771]]],[[[-118.79178,45.35221],[-118.78655,45.34866],[-118.79161,45.34868],[-118.79178,45.35221]]],[[[-119.89509,44.93321],[-119.89513,44.93686],[-119.89025,44.93697],[-119.89509,44.93321]]],[[[-119.81145,45.02415],[-119.80656,45.02779],[-119.80664,45.02414],[-119.81145,45.02415]]],[[[-119.95978,44.98283],[-119.95472,44.98641],[-119.95486,44.98288],[-119.95978,44.98283]]],[[[-119.54422,45.0721],[-119.53933,45.0686],[-119.54421,45.06858],[-119.54422,45.0721]]],[[[-119.0011,45.12657],[-118.99839,45.12656],[-118.9983,45.12296],[-119.0011,45.12657]]],[[[-117.46878,45.94481],[-117.46606,45.94211],[-117.4687,45.94263],[-117.46878,45.94481]]],[[[-118.98817,45.25471],[-118.98301,45.25471],[-118.98302,45.25365],[-118.98817,45.25471]]],[[[-118.93841,45.13608],[-118.93646,45.13476],[-118.93847,45.13424],[-118.93841,45.13608]]],[[[-118.77283,45.67679],[-118.77192,45.67771],[-118.77104,45.67659],[-118.77283,45.67679]]],[[[-118.92978,45.13756],[-118.92904,45.13648],[-118.92982,45.13649],[-118.92978,45.13756]]],[[[-118.93044,45.1365],[-118.93001,45.13756],[-118.93005,45.13649],[-118.93044,45.1365]]],[[[-118.93087,45.13758],[-118.93051,45.1365],[-118.9309,45.13651],[-118.93087,45.13758]]],[[[-118.49646,44.71625],[-118.49565,44.71607],[-118.49642,44.71576],[-118.49646,44.71625]]],[[[-117.60987,46.47555],[-117.60904,46.47538],[-117.60911,46.47494],[-117.60987,46.47555]]],[[[-119.55325,45.35246],[-119.55274,45.3519],[-119.55325,45.3519],[-119.55325,45.35246]]],[[[-119.55323,45.3531],[-119.5527,45.35276],[-119.55323,45.35257],[-119.55323,45.3531]]],[[[-118.49439,44.71652],[-118.49429,44.71675],[-118.49378,44.71665],[-118.49439,44.71652]]]]},"bbox":[-119.95978,44.70581,-117.25061,46.47555],"properties":{"divisionId":"national-forest:{15513CBA-FA8C-4458-9776-E575816D8D48}","divisionType":"national-forest","name":"Umatilla National Forest","label":"Umatilla National Forest","labelPoint":[-118.605195,45.59068],"state":null,"sourceFeatureId":"{15513CBA-FA8C-4458-9776-E575816D8D48}","landAreaSqKm":6058.129,"cameraViewshedAreaSqKm":0.0,"cameraViewshedCoveragePct":0.0,"landMix":[{"label":"Tribal land","percentage":0.01,"areaSqKm":0.33},{"label":"National Forest","percentage":99.99,"areaSqKm":6057.799},{"label":"Other/unclassified","percentage":0.0,"areaSqKm":0.0}]}},{"type":"Feature","id":"national-forest:{191BB6A2-D997-4765-8FD1-4EC44605E3B7}","geometry":{"type":"MultiPolygon","coordinates":[[[[-123.85698,47.2889],[-123.85335,47.29253],[-123.86183,47.31346],[-123.84312,47.32954],[-123.90658,47.33162],[-123.88278,47.33532],[-123.88266,47.34486],[-123.99865,47.34582],[-123.86277,47.46212],[-123.83309,47.47461],[-123.83879,47.49328],[-123.80076,47.50009],[-123.77329,47.52969],[-123.69624,47.5304],[-123.69671,47.4947],[-123.64132,47.50045],[-123.61766,47.48517],[-123.59496,47.49623],[-123.58695,47.51016],[-123.55007,47.51771],[-123.34183,47.5202],[-123.34176,47.50644],[-123.31499,47.50585],[-123.2968,47.52079],[-123.302,47.52983],[-123.29304,47.53791],[-123.30807,47.54939],[-123.32836,47.55045],[-123.31696,47.56321],[-123.3317,47.57391],[-123.30939,47.5887],[-123.27341,47.59091],[-123.25611,47.60746],[-123.20979,47.60744],[-123.14058,47.65376],[-123.12799,47.67179],[-123.13068,47.69285],[-123.13836,47.69118],[-123.13457,47.75178],[-123.12412,47.75178],[-123.12412,47.79572],[-123.20652,47.79572],[-123.1973,47.84308],[-123.15738,47.87116],[-123.16079,47.88164],[-123.18981,47.89534],[-123.20706,47.91806],[-123.23178,47.92478],[-123.2306,47.96857],[-123.25432,47.96857],[-123.25402,48.01441],[-123.20816,48.01389],[-123.2078,47.99942],[-122.95035,47.99982],[-122.93984,47.99982],[-122.93617,47.7951],[-122.88484,47.79561],[-122.88577,47.76656],[-122.907,47.76637],[-122.90681,47.75216],[-122.88551,47.75227],[-122.88595,47.7112],[-122.92664,47.70794],[-122.92671,47.72252],[-122.99106,47.72237],[-122.99094,47.70763],[-122.96926,47.70825],[-122.97136,47.63519],[-122.99214,47.63529],[-122.99192,47.60622],[-123.08325,47.60691],[-123.08349,47.59452],[-123.10515,47.59478],[-123.10501,47.5803],[-123.12398,47.58016],[-123.12414,47.5202],[-123.16824,47.5202],[-123.16718,47.5054],[-123.18883,47.50538],[-123.18903,47.49066],[-123.25268,47.49162],[-123.24906,47.34415],[-123.37696,47.34471],[-123.3767,47.33061],[-123.39726,47.33062],[-123.39878,47.3159],[-123.5057,47.31436],[-123.50574,47.32958],[-123.63287,47.33063],[-123.633,47.34512],[-123.69678,47.34505],[-123.69696,47.29924],[-123.75654,47.3016],[-123.75522,47.32684],[-123.80745,47.32901],[-123.83785,47.29575],[-123.85698,47.2889]],[[-123.85304,47.29278],[-123.83813,47.29595],[-123.80797,47.32903],[-123.83677,47.32489],[-123.86131,47.31367],[-123.85304,47.29278]]],[[[-124.24132,48.13482],[-123.9232,48.13076],[-123.92419,48.10131],[-123.88352,48.10087],[-123.8081,48.09977],[-123.80839,48.07465],[-123.94415,48.0915],[-123.94608,48.0722],[-124.0002,48.06779],[-123.98948,48.04954],[-123.96421,48.0473],[-123.92443,48.02378],[-123.92393,47.98166],[-123.94777,47.95034],[-124.15529,47.92928],[-124.24745,47.95289],[-124.24707,47.88166],[-124.24175,47.87802],[-124.31136,47.87042],[-124.30995,47.96773],[-124.33142,47.96791],[-124.33076,47.98227],[-124.35247,47.98266],[-124.35221,48.0254],[-124.30914,48.02454],[-124.30843,48.05012],[-124.17467,48.04844],[-124.17489,48.07728],[-124.21813,48.07829],[-124.21786,48.09276],[-124.28228,48.09331],[-124.28193,48.10766],[-124.30254,48.10761],[-124.30694,48.15049],[-124.32844,48.1505],[-124.32818,48.1654],[-124.28505,48.16286],[-124.28474,48.14842],[-124.24166,48.14811],[-124.24132,48.13482]]],[[[-123.90782,47.62943],[-123.88716,47.61954],[-123.80116,47.61156],[-123.79289,47.59003],[-123.80419,47.57603],[-123.80088,47.56575],[-123.81822,47.56128],[-123.81857,47.51769],[-123.86128,47.51798],[-123.90265,47.50533],[-123.91905,47.51534],[-123.9525,47.51034],[-123.95908,47.51496],[-123.95111,47.5231],[-123.9913,47.52052],[-124.02778,47.53086],[-124.05398,47.52476],[-124.06023,47.5337],[-124.04641,47.53372],[-124.04686,47.59936],[-124.01404,47.60484],[-124.00637,47.62137],[-123.93776,47.61845],[-123.90782,47.62943]]],[[[-123.74431,48.07157],[-123.57148,48.07147],[-123.5278,48.07156],[-123.52749,48.05582],[-123.50382,48.05738],[-123.50407,48.0429],[-123.53415,48.03681],[-123.56334,48.05165],[-123.58651,48.04253],[-123.65648,48.04926],[-123.6786,48.04407],[-123.74428,48.05708],[-123.74431,48.07157]]],[[[-124.0235,47.63137],[-124.03942,47.62048],[-124.05555,47.62053],[-124.05538,47.64951],[-124.01267,47.64944],[-124.01268,47.63495],[-124.0235,47.63137]]],[[[-123.935,47.49222],[-123.92455,47.4895],[-123.92467,47.47258],[-123.96508,47.48392],[-123.935,47.49222]]],[[[-124.1276,47.81642],[-124.10786,47.81652],[-124.10248,47.80941],[-124.12524,47.81104],[-124.1276,47.81642]]],[[[-123.88302,47.27957],[-123.85698,47.2889],[-123.86457,47.2813],[-123.88302,47.27957]]],[[[-124.14541,47.81985],[-124.1304,47.81687],[-124.1376,47.81109],[-124.14541,47.81985]]],[[[-123.89452,47.27849],[-123.88302,47.27957],[-123.91794,47.26707],[-123.89452,47.27849]]],[[[-123.44771,48.04349],[-123.42955,48.04067],[-123.44227,48.03988],[-123.44771,48.04349]]],[[[-122.89455,47.70435],[-122.88842,47.7044],[-122.88606,47.70028],[-122.89455,47.70435]]],[[[-124.21205,47.5397],[-124.20415,47.53362],[-124.212,47.53725],[-124.21205,47.5397]]],[[[-122.88513,47.82418],[-122.88099,47.82238],[-122.885,47.82075],[-122.88513,47.82418]]],[[[-122.96085,46.95276],[-122.95816,46.95282],[-122.95816,46.95094],[-122.96085,46.95276]]],[[[-124.10731,47.80579],[-124.1059,47.80399],[-124.10517,47.80213],[-124.10731,47.80579]]],[[[-123.14127,47.40926],[-123.14031,47.40937],[-123.14221,47.40865],[-123.14127,47.40926]]],[[[-123.14252,47.4076],[-123.1422,47.4072],[-123.14342,47.4072],[-123.14252,47.4076]]],[[[-123.14353,47.40852],[-123.14314,47.40809],[-123.14352,47.40808],[-123.14353,47.40852]]]]},"bbox":[-124.35247,46.95094,-122.88099,48.1654],"properties":{"divisionId":"national-forest:{191BB6A2-D997-4765-8FD1-4EC44605E3B7}","divisionType":"national-forest","name":"Olympic National Forest","label":"Olympic National Forest","labelPoint":[-123.61672999999999,47.558170000000004],"state":null,"sourceFeatureId":"{191BB6A2-D997-4765-8FD1-4EC44605E3B7}","landAreaSqKm":2815.902,"cameraViewshedAreaSqKm":0.0,"cameraViewshedCoveragePct":0.0,"landMix":[{"label":"Tribal land","percentage":0.14,"areaSqKm":3.876},{"label":"National Park","percentage":0.56,"areaSqKm":15.833},{"label":"National Forest","percentage":99.3,"areaSqKm":2796.193},{"label":"Other/unclassified","percentage":0.0,"areaSqKm":0.0}]}},{"type":"Feature","id":"national-forest:{214FF753-F33B-4490-A97C-40AA419AD580}","geometry":{"type":"Polygon","coordinates":[[[-121.72421,45.78427],[-121.7075,45.78275],[-121.71226,45.75388],[-121.67239,45.73061],[-121.63978,45.74093],[-121.64348,45.75098],[-121.63384,45.76872],[-121.62701,45.76188],[-121.63772,45.74858],[-121.62474,45.74148],[-121.60912,45.74345],[-121.59261,45.76372],[-121.55389,45.74985],[-121.54246,45.75423],[-121.53935,45.76944],[-121.49955,45.76485],[-121.47613,45.7389],[-121.4455,45.739],[-121.44539,45.72436],[-121.41425,45.72093],[-121.40447,45.72452],[-121.40454,45.7392],[-121.41474,45.73917],[-121.41494,45.7464],[-121.38377,45.74659],[-121.38394,45.75752],[-121.41514,45.76538],[-121.40999,45.78883],[-121.39442,45.77189],[-121.38404,45.77189],[-121.37639,45.79123],[-121.34275,45.80471],[-121.3428,45.79113],[-121.36362,45.78727],[-121.36279,45.76108],[-121.34227,45.76106],[-121.34237,45.76826],[-121.30058,45.76748],[-121.3007,45.7529],[-121.27957,45.75362],[-121.27085,45.74663],[-121.28104,45.727],[-121.27315,45.71306],[-121.22943,45.69571],[-121.17605,45.69518],[-121.17599,45.70236],[-121.12451,45.70931],[-121.12444,45.71656],[-121.09293,45.71648],[-121.09298,45.70923],[-121.07236,45.70915],[-121.07227,45.70195],[-121.05156,45.70185],[-121.05153,45.69473],[-120.98956,45.69846],[-120.94748,45.68678],[-120.8958,45.68669],[-120.89578,45.69391],[-120.88542,45.69383],[-120.88556,45.66213],[-120.87112,45.66047],[-120.89557,45.64294],[-120.91585,45.64121],[-120.90437,45.61574],[-120.92783,45.6029],[-120.97453,45.63305],[-121.01814,45.64064],[-121.07843,45.63771],[-121.09069,45.63001],[-121.09693,45.61168],[-121.08646,45.60015],[-121.10113,45.58736],[-121.13735,45.58136],[-121.14334,45.58697],[-121.17313,45.57754],[-121.21542,45.53896],[-121.22153,45.55637],[-121.22845,45.5572],[-121.22914,45.57215],[-121.24915,45.5684],[-121.24762,45.57941],[-121.26117,45.58209],[-121.24344,45.59767],[-121.24318,45.61612],[-121.26918,45.62771],[-121.2871,45.62317],[-121.3069,45.62942],[-121.27173,45.6495],[-121.27358,45.66393],[-121.34787,45.66421],[-121.38691,45.67887],[-121.40415,45.65308],[-121.4384,45.63756],[-121.44039,45.62584],[-121.46233,45.62281],[-121.46953,45.62762],[-121.47429,45.66887],[-121.46149,45.67636],[-121.46488,45.68369],[-121.51406,45.68788],[-121.51116,45.69304],[-121.60624,45.69311],[-121.64686,45.66365],[-121.70127,45.65757],[-121.71827,45.66256],[-121.75119,45.64755],[-121.74673,45.66837],[-121.77044,45.65234],[-121.80803,45.67697],[-121.83337,45.6684],[-121.8452,45.65723],[-121.84274,45.64906],[-121.85998,45.63819],[-121.87015,45.64461],[-121.87054,45.63651],[-121.89539,45.63078],[-121.8767,45.59876],[-121.89932,45.62556],[-121.91203,45.62849],[-121.92537,45.61476],[-121.94436,45.61508],[-121.93784,45.6098],[-121.94145,45.59871],[-121.98158,45.59018],[-121.98685,45.576],[-122.02219,45.57563],[-122.02223,45.56125],[-122.03263,45.56126],[-122.03269,45.55053],[-122.05328,45.55047],[-122.05336,45.53981],[-122.08388,45.52635],[-122.12542,45.54008],[-122.12557,45.55446],[-122.13576,45.55454],[-122.15659,45.52578],[-122.37102,45.52625],[-122.37034,45.51352],[-122.35867,45.51696],[-122.36786,45.51055],[-122.37413,45.51395],[-122.37248,45.53506],[-122.38693,45.54739],[-122.3816,45.55571],[-122.40089,45.56528],[-122.40127,45.57116],[-122.38009,45.57579],[-122.35231,45.56929],[-122.34038,45.557],[-122.33543,45.56289],[-122.31317,45.55893],[-122.32185,45.56574],[-122.31563,45.5782],[-122.29913,45.58282],[-122.27769,45.60315],[-122.25557,45.60379],[-122.19766,45.58543],[-122.16535,45.60739],[-122.15123,45.60755],[-122.14169,45.62085],[-122.10472,45.63397],[-122.10549,45.65082],[-122.08469,45.65084],[-122.08513,45.67263],[-122.00382,45.69505],[-122.00011,45.71845],[-121.92813,45.71648],[-121.91067,45.72119],[-121.9105,45.73971],[-121.89785,45.74751],[-121.85599,45.74523],[-121.85548,45.75305],[-121.81466,45.75456],[-121.81494,45.76941],[-121.7591,45.77095],[-121.73405,45.786],[-121.72421,45.78427]]]},"bbox":[-122.40127,45.51055,-120.87112,45.80471],"properties":{"divisionId":"national-forest:{214FF753-F33B-4490-A97C-40AA419AD580}","divisionType":"national-forest","name":"Columbia River Gorge National Scenic Area","label":"Columbia River Gorge National Scenic Area","labelPoint":[-121.636195,45.65763],"state":null,"sourceFeatureId":"{214FF753-F33B-4490-A97C-40AA419AD580}","landAreaSqKm":1040.471,"cameraViewshedAreaSqKm":128.023,"cameraViewshedCoveragePct":12.3,"landMix":[{"label":"Tribal land","percentage":1.65,"areaSqKm":17.209},{"label":"National Forest","percentage":98.35,"areaSqKm":1023.262},{"label":"Other/unclassified","percentage":0.0,"areaSqKm":0.0}]}},{"type":"Feature","id":"national-forest:{463D297E-9564-4026-8EFF-8BDC8E7A811E}","geometry":{"type":"MultiPolygon","coordinates":[[[[-123.77052,40.7133],[-123.75127,40.70625],[-123.74586,40.69904],[-123.73702,40.70617],[-123.66482,40.70066],[-123.67114,40.76539],[-123.66502,40.78861],[-123.6651,40.7945],[-123.69296,40.80137],[-123.69776,40.78704],[-123.70212,40.83086],[-123.72088,40.8316],[-123.721,40.84596],[-123.73072,40.84612],[-123.73088,40.85331],[-123.73881,40.85349],[-123.73707,40.86791],[-123.74613,40.86828],[-123.73644,40.87509],[-123.73869,40.89635],[-123.72033,40.89585],[-123.71811,40.91001],[-123.68216,40.91011],[-123.68238,40.92033],[-123.73707,40.92474],[-123.73714,40.93959],[-123.71934,40.93769],[-123.72034,40.96951],[-123.73802,40.97067],[-123.73735,40.96298],[-123.75575,40.96149],[-123.75464,41.00359],[-123.75026,40.99161],[-123.53498,41.03901],[-123.59278,41.20787],[-123.65998,41.19201],[-123.66005,41.22132],[-123.66468,41.21383],[-123.68792,41.21013],[-123.68796,41.22076],[-123.71633,41.22129],[-123.71737,41.2942],[-123.77289,41.2937],[-123.77173,41.33206],[-123.77969,41.32831],[-123.77979,41.33554],[-123.77159,41.33577],[-123.77007,41.39452],[-123.80954,41.39053],[-123.81937,41.40152],[-123.8132,41.4231],[-123.82287,41.42616],[-123.81859,41.4533],[-123.83745,41.45004],[-123.85209,41.4569],[-123.85191,41.46381],[-123.88571,41.46373],[-123.88527,41.49418],[-123.91292,41.49471],[-123.92194,41.50546],[-123.92181,41.55982],[-123.93182,41.56009],[-123.93106,41.5895],[-123.94093,41.58959],[-123.93982,41.6414],[-123.97795,41.64215],[-123.98444,41.65761],[-123.98267,41.70974],[-123.99329,41.70887],[-123.99378,41.72301],[-124.00322,41.72207],[-124.00387,41.74409],[-124.03175,41.74424],[-124.02668,41.76575],[-124.0596,41.77449],[-124.05246,41.78438],[-124.05988,41.78817],[-124.04987,41.78768],[-124.05039,41.79834],[-124.06956,41.79559],[-124.0704,41.81011],[-124.08012,41.81447],[-124.08459,41.84404],[-124.07438,41.84726],[-124.07489,41.83634],[-124.06506,41.83622],[-124.0645,41.85069],[-124.07455,41.85466],[-124.0601,41.8582],[-124.05818,41.87289],[-124.07405,41.87315],[-124.07833,41.90273],[-124.05763,41.9102],[-124.05543,41.95998],[-124.06606,41.96665],[-124.0666,41.99151],[-124.07662,41.99698],[-123.7884,41.99582],[-123.78236,41.97442],[-123.77192,41.97809],[-123.74675,41.971],[-123.7273,41.95455],[-123.70693,41.95594],[-123.67437,41.93908],[-123.65275,41.93924],[-123.64833,41.907],[-123.63545,41.89625],[-123.65238,41.879],[-123.6466,41.87669],[-123.64935,41.86061],[-123.66185,41.85646],[-123.67126,41.83513],[-123.7038,41.82932],[-123.68988,41.80297],[-123.67233,41.79603],[-123.67463,41.78589],[-123.68801,41.78073],[-123.67852,41.73911],[-123.65995,41.72028],[-123.67018,41.70167],[-123.66309,41.69354],[-123.68975,41.66908],[-123.68053,41.63401],[-123.66054,41.63575],[-123.61638,41.61723],[-123.60527,41.60209],[-123.57232,41.58558],[-123.56873,41.57297],[-123.54585,41.56811],[-123.53655,41.57938],[-123.52437,41.57689],[-123.51456,41.58455],[-123.51021,41.59906],[-123.48655,41.6162],[-123.43146,41.56961],[-123.37761,41.57296],[-123.34316,41.55001],[-123.31823,41.56006],[-123.26947,41.55971],[-123.27993,41.48252],[-123.27853,41.47009],[-123.26185,41.45123],[-123.28669,41.42197],[-123.30914,41.42979],[-123.34819,41.42171],[-123.34285,41.39867],[-123.31435,41.39868],[-123.31413,41.33451],[-123.34192,41.32305],[-123.36118,41.29874],[-123.38746,41.30066],[-123.46314,41.28556],[-123.4438,41.27298],[-123.44319,41.24986],[-123.45497,41.23628],[-123.43408,41.22286],[-123.43498,41.21267],[-123.40805,41.17993],[-123.41736,41.16519],[-123.43248,41.16274],[-123.42823,41.12565],[-123.43958,41.09241],[-123.46396,41.09519],[-123.45826,41.0833],[-123.46393,41.07671],[-123.44511,41.0617],[-123.42342,41.0581],[-123.42336,41.04222],[-123.40657,41.03067],[-123.40576,41.0134],[-123.42053,41.00933],[-123.43605,40.97339],[-123.45352,40.96336],[-123.44472,40.95559],[-123.44751,40.94401],[-123.47834,40.92764],[-123.48665,40.90533],[-123.47268,40.868],[-123.47514,40.85048],[-123.48775,40.84242],[-123.53019,40.83909],[-123.52634,40.8188],[-123.53265,40.80621],[-123.51924,40.79659],[-123.50398,40.75979],[-123.48993,40.75993],[-123.47717,40.73702],[-123.48146,40.72235],[-123.55596,40.70704],[-123.5632,40.69853],[-123.55109,40.681],[-123.55357,40.66561],[-123.58568,40.65101],[-123.51306,40.5475],[-123.50347,40.51175],[-123.4713,40.47312],[-123.43504,40.39454],[-123.39209,40.35872],[-123.34207,40.33748],[-123.30127,40.30185],[-123.28031,40.27089],[-123.22654,40.24823],[-123.22179,40.23038],[-123.18055,40.22237],[-123.17449,40.2098],[-123.14597,40.20343],[-123.14734,40.18525],[-123.1336,40.17414],[-123.13519,40.14891],[-123.12654,40.13557],[-123.14037,40.12487],[-123.14937,40.09726],[-123.18538,40.08863],[-123.1856,40.06816],[-123.16973,40.05727],[-123.31192,40.04884],[-123.3106,40.01954],[-123.38654,40.0181],[-123.38257,40.07554],[-123.39699,40.07441],[-123.39179,40.06284],[-123.40635,40.0702],[-123.40256,40.10093],[-123.37928,40.10404],[-123.38775,40.15218],[-123.4179,40.15196],[-123.40848,40.14489],[-123.41694,40.12258],[-123.40333,40.12138],[-123.40741,40.10836],[-123.41663,40.1081],[-123.42147,40.12235],[-123.43997,40.12966],[-123.43139,40.14459],[-123.44025,40.14462],[-123.43985,40.1661],[-123.44914,40.16591],[-123.44933,40.17356],[-123.43988,40.17347],[-123.43995,40.18826],[-123.46883,40.1921],[-123.46893,40.20302],[-123.48816,40.21054],[-123.48815,40.21776],[-123.51724,40.22126],[-123.51745,40.22842],[-123.53692,40.23167],[-123.53706,40.23903],[-123.55695,40.23892],[-123.55695,40.26749],[-123.5849,40.27472],[-123.58203,40.30361],[-123.59127,40.30395],[-123.58961,40.32715],[-123.59959,40.32717],[-123.59767,40.33796],[-123.60645,40.34182],[-123.60623,40.3704],[-123.55407,40.37663],[-123.55164,40.42814],[-123.6094,40.42865],[-123.60788,40.48693],[-123.58858,40.48689],[-123.58869,40.50161],[-123.54966,40.50166],[-123.55001,40.51574],[-123.58914,40.516],[-123.58794,40.53038],[-123.60739,40.53116],[-123.60594,40.56045],[-123.62491,40.56007],[-123.62604,40.54926],[-123.6448,40.55233],[-123.6348,40.55632],[-123.63871,40.56703],[-123.6149,40.57506],[-123.61495,40.58878],[-123.63397,40.58906],[-123.62437,40.63364],[-123.66278,40.64034],[-123.66405,40.66303],[-123.73477,40.66103],[-123.73135,40.68065],[-123.74058,40.6807],[-123.74343,40.66863],[-123.77769,40.67685],[-123.77951,40.70545],[-123.77052,40.7133]]],[[[-123.77845,40.82801],[-123.76902,40.83186],[-123.76424,40.82481],[-123.81757,40.82351],[-123.81798,40.85246],[-123.7783,40.85273],[-123.77845,40.82801]]],[[[-124.08865,41.59875],[-124.05491,41.61341],[-124.05011,41.58889],[-124.06403,41.56264],[-124.06424,41.57524],[-124.07403,41.57535],[-124.08865,41.59875]]],[[[-123.85203,41.40187],[-123.83829,41.39848],[-123.85223,41.39132],[-123.85196,41.39848],[-123.8713,41.40453],[-123.84729,41.4119],[-123.85203,41.40187]]],[[[-123.70297,40.76808],[-123.68948,40.76114],[-123.69437,40.75403],[-123.70825,40.75376],[-123.70297,40.76808]]],[[[-123.48797,40.18162],[-123.47844,40.18494],[-123.47809,40.17031],[-123.48792,40.17076],[-123.48797,40.18162]]],[[[-123.68027,40.74705],[-123.68024,40.73621],[-123.69291,40.73562],[-123.68969,40.74677],[-123.68027,40.74705]]],[[[-123.75116,40.80966],[-123.74475,40.80979],[-123.74538,40.79866],[-123.75976,40.80584],[-123.75116,40.80966]]],[[[-123.75637,40.93209],[-123.75171,40.92491],[-123.77084,40.92578],[-123.7708,40.92944],[-123.75637,40.93209]]],[[[-123.73565,40.788],[-123.73581,40.79501],[-123.72605,40.79511],[-123.72599,40.78437],[-123.73565,40.788]]],[[[-123.74192,40.76163],[-123.73737,40.76544],[-123.73282,40.76535],[-123.7327,40.7504],[-123.74192,40.76163]]],[[[-123.77984,40.94112],[-123.7754,40.92985],[-123.78466,40.92655],[-123.77984,40.94112]]],[[[-123.64804,40.56702],[-123.65289,40.57405],[-123.63879,40.57806],[-123.64804,40.56702]]],[[[-123.62642,40.54566],[-123.61671,40.54574],[-123.61706,40.53411],[-123.62642,40.54566]]],[[[-123.82909,41.38705],[-123.82432,41.39446],[-123.8195,41.39432],[-123.81937,41.38703],[-123.82909,41.38705]]],[[[-123.483,40.16321],[-123.47317,40.16656],[-123.46858,40.17382],[-123.4684,40.16277],[-123.483,40.16321]]],[[[-123.76145,40.7393],[-123.77095,40.74308],[-123.74713,40.7431],[-123.76145,40.7393]]],[[[-124.05143,41.55341],[-124.03814,41.53865],[-124.04297,41.53734],[-124.03262,41.52766],[-124.04668,41.53716],[-124.042,41.54223],[-124.05143,41.55341]]],[[[-123.72292,40.74286],[-123.72777,40.74656],[-123.70846,40.7464],[-123.72292,40.74286]]],[[[-123.72279,40.70961],[-123.72751,40.70972],[-123.72761,40.71336],[-123.71819,40.71322],[-123.72279,40.70961]]],[[[-123.98601,41.5025],[-123.9784,41.50931],[-123.97611,41.50587],[-123.98601,41.5025]]],[[[-123.74538,40.79866],[-123.74049,40.7987],[-123.74525,40.79132],[-123.74538,40.79866]]],[[[-123.73766,40.91761],[-123.72765,40.91738],[-123.72769,40.91382],[-123.73766,40.91761]]],[[[-123.69784,40.78346],[-123.6931,40.78333],[-123.69344,40.77597],[-123.69784,40.78346]]],[[[-123.77548,40.72437],[-123.77524,40.71688],[-123.77988,40.71677],[-123.77548,40.72437]]],[[[-123.87228,41.37964],[-123.86723,41.38672],[-123.8674,41.3796],[-123.87228,41.37964]]],[[[-123.75117,40.88178],[-123.75272,40.88538],[-123.74319,40.88535],[-123.75117,40.88178]]],[[[-123.77887,40.79491],[-123.76987,40.79111],[-123.77891,40.79113],[-123.77887,40.79491]]],[[[-123.7038,40.71344],[-123.6944,40.71747],[-123.6944,40.71385],[-123.7038,40.71344]]],[[[-123.76596,40.76562],[-123.76563,40.77285],[-123.76099,40.77289],[-123.76596,40.76562]]],[[[-123.8848,41.45695],[-123.88003,41.45702],[-123.88006,41.45046],[-123.8848,41.45695]]],[[[-123.63879,40.57806],[-123.63917,40.5821],[-123.63374,40.57806],[-123.63879,40.57806]]],[[[-123.73119,40.77695],[-123.72594,40.78076],[-123.72634,40.77682],[-123.73119,40.77695]]],[[[-123.72785,40.76512],[-123.72286,40.76488],[-123.72285,40.76125],[-123.72785,40.76512]]],[[[-123.74235,40.91415],[-123.73735,40.91048],[-123.74242,40.9106],[-123.74235,40.91415]]],[[[-123.4736,40.19215],[-123.46881,40.18845],[-123.47361,40.18851],[-123.4736,40.19215]]],[[[-123.78967,41.35715],[-123.78488,41.36092],[-123.7849,41.35727],[-123.78967,41.35715]]],[[[-123.75117,40.93581],[-123.75143,40.93941],[-123.74667,40.93955],[-123.75117,40.93581]]],[[[-123.77524,40.71688],[-123.77052,40.7133],[-123.77511,40.71315],[-123.77524,40.71688]]],[[[-123.74701,40.91776],[-123.74219,40.92138],[-123.74229,40.91777],[-123.74701,40.91776]]],[[[-123.68027,40.74705],[-123.6803,40.75066],[-123.6756,40.75086],[-123.68027,40.74705]]],[[[-123.76563,40.77285],[-123.77027,40.77281],[-123.76547,40.77647],[-123.76563,40.77285]]],[[[-123.86605,41.41943],[-123.86123,41.41927],[-123.86132,41.41581],[-123.86605,41.41943]]],[[[-123.67427,40.78675],[-123.66959,40.78702],[-123.66958,40.78347],[-123.67427,40.78675]]],[[[-124.0455,41.52029],[-124.0443,41.52342],[-124.04225,41.51758],[-124.0455,41.52029]]],[[[-124.09562,40.9953],[-124.09084,40.99518],[-124.09084,40.9925],[-124.09562,40.9953]]],[[[-123.6929,40.73837],[-123.69255,40.74301],[-123.69221,40.73968],[-123.6929,40.73837]]],[[[-123.67799,40.76063],[-123.67569,40.76071],[-123.67568,40.7598],[-123.67799,40.76063]]]]},"bbox":[-124.09562,40.0181,-123.12654,41.99698],"properties":{"divisionId":"national-forest:{463D297E-9564-4026-8EFF-8BDC8E7A811E}","divisionType":"national-forest","name":"Six Rivers National Forest","label":"Six Rivers National Forest","labelPoint":[-123.61108,41.00754],"state":null,"sourceFeatureId":"{463D297E-9564-4026-8EFF-8BDC8E7A811E}","landAreaSqKm":1.15,"cameraViewshedAreaSqKm":0.0,"cameraViewshedCoveragePct":0.0,"landMix":[{"label":"National Forest","percentage":100.0,"areaSqKm":1.15},{"label":"Other/unclassified","percentage":0.0,"areaSqKm":0.0}]}},{"type":"Feature","id":"national-forest:{61A49C85-CF5E-4A78-BFE0-2574058DFDDC}","geometry":{"type":"MultiPolygon","coordinates":[[[[-121.92884,42.709],[-121.9314,42.7083],[-121.92601,42.69029],[-121.89715,42.68282],[-121.89706,42.70127],[-121.91161,42.69765],[-121.91176,42.70493],[-121.89707,42.70492],[-121.89705,42.71403],[-121.87776,42.71929],[-121.87791,42.72655],[-121.86811,42.72667],[-121.86805,42.71209],[-121.84858,42.723],[-121.84828,42.69731],[-121.85816,42.68995],[-121.85843,42.67161],[-121.84848,42.67167],[-121.8384,42.70097],[-121.82343,42.70093],[-121.82896,42.74839],[-121.81912,42.74843],[-121.81907,42.76229],[-121.79454,42.7622],[-121.79452,42.75493],[-121.78962,42.76219],[-121.77977,42.76218],[-121.77965,42.75482],[-121.77485,42.76217],[-121.74031,42.7584],[-121.74038,42.77291],[-121.7502,42.76568],[-121.76012,42.76937],[-121.76021,42.78392],[-121.77491,42.78396],[-121.77007,42.79849],[-121.7455,42.81297],[-121.74477,42.83475],[-121.7547,42.83837],[-121.7301,42.83831],[-121.72797,42.82736],[-121.71325,42.82255],[-121.70075,42.82548],[-121.69625,42.85264],[-121.70271,42.85267],[-121.68956,42.85936],[-121.66462,42.84372],[-121.66029,42.82925],[-121.64718,42.82007],[-121.65214,42.81635],[-121.64231,42.81634],[-121.64243,42.83804],[-121.65825,42.8453],[-121.66877,42.87618],[-121.66227,42.8762],[-121.66228,42.89259],[-121.6525,42.8998],[-121.63763,42.89084],[-121.63295,42.89984],[-121.63773,42.89623],[-121.63804,42.90711],[-121.65664,42.92128],[-121.65123,42.92446],[-121.66157,42.94255],[-121.62649,42.94242],[-121.62651,42.93518],[-121.59693,42.92967],[-121.57805,42.9388],[-121.57784,42.92784],[-121.56798,42.92423],[-121.55459,42.92782],[-121.55485,42.9351],[-121.57561,42.93878],[-121.57824,42.95332],[-121.55103,42.95682],[-121.55101,42.94959],[-121.53869,42.94952],[-121.53868,42.97115],[-121.51895,42.97465],[-121.48927,42.95458],[-121.48918,42.93465],[-121.47923,42.93454],[-121.47919,42.92007],[-121.49488,42.9141],[-121.49496,42.90699],[-121.46516,42.90739],[-121.46931,42.94897],[-121.44948,42.97069],[-121.45938,42.97073],[-121.45938,42.98524],[-121.48939,42.97823],[-121.4991,42.99275],[-121.53861,42.99299],[-121.53864,42.98565],[-121.56836,42.98225],[-121.57325,42.97142],[-121.58721,42.96792],[-121.60224,42.99705],[-121.59715,43.03686],[-121.60703,43.03689],[-121.60712,43.04413],[-121.59719,43.04413],[-121.59724,43.05141],[-121.60717,43.06584],[-121.64429,43.06589],[-121.6418,43.04068],[-121.65654,43.02252],[-121.66659,43.02613],[-121.66661,43.03705],[-121.65171,43.08039],[-121.72556,43.08072],[-121.7258,43.09516],[-121.74553,43.09519],[-121.74554,43.10969],[-121.7258,43.1097],[-121.72575,43.13874],[-121.74553,43.13869],[-121.74554,43.15316],[-121.76521,43.15309],[-121.76521,43.19664],[-121.80486,43.19679],[-121.8048,43.18216],[-121.80979,43.19677],[-121.84469,43.19674],[-121.84478,43.18221],[-121.88407,43.18215],[-121.88401,43.08081],[-121.90373,43.08082],[-121.90416,42.97937],[-121.88468,42.97573],[-121.88471,42.96489],[-121.87483,42.96488],[-121.8749,42.93596],[-121.88475,42.93596],[-121.88747,42.90781],[-121.92344,42.90435],[-121.92365,42.86453],[-121.90756,42.8645],[-121.90761,42.84994],[-121.88764,42.85726],[-121.88764,42.86457],[-121.86299,42.86442],[-121.85818,42.82452],[-121.873,42.82104],[-121.873,42.8101],[-121.85817,42.80638],[-121.85841,42.75922],[-121.87808,42.75841],[-121.87816,42.75203],[-121.86836,42.75199],[-121.86826,42.74109],[-121.88774,42.73384],[-121.89796,42.74831],[-121.91276,42.74828],[-121.91291,42.77003],[-121.92238,42.77],[-121.91772,42.74825],[-121.91699,42.71222],[-121.92881,42.70901],[-121.92225,42.74824],[-121.93664,42.74818],[-121.93668,42.76275],[-121.99602,42.77741],[-121.99975,42.84978],[-121.96613,42.84403],[-121.96612,42.8498],[-121.98596,42.857],[-121.98594,42.87518],[-121.99975,42.89334],[-121.96613,42.92162],[-121.9789,42.94222],[-121.98464,42.97142],[-121.97812,42.97991],[-121.99972,42.98565],[-122.00457,43.08787],[-122.09071,43.08885],[-122.06518,43.13571],[-122.06628,43.15262],[-122.05362,43.15781],[-122.05381,43.17303],[-122.03899,43.1914],[-122.0337,43.20719],[-122.04068,43.21811],[-122.00223,43.23454],[-121.98639,43.25626],[-121.94364,43.25626],[-121.94364,43.26941],[-121.70581,43.26873],[-121.7061,43.34124],[-121.68679,43.34133],[-121.68668,43.35583],[-121.66525,43.35586],[-121.66537,43.37042],[-121.64553,43.37039],[-121.64541,43.38491],[-121.60538,43.38478],[-121.60555,43.39921],[-121.58536,43.39919],[-121.58486,43.41378],[-121.46663,43.41383],[-121.46677,43.45777],[-121.43231,43.45789],[-121.43192,43.44329],[-121.38232,43.45091],[-121.3824,43.43655],[-121.35197,43.45034],[-121.35231,43.45816],[-121.33266,43.45807],[-121.33265,43.43629],[-121.31262,43.43627],[-121.31271,43.42908],[-121.33261,43.42903],[-121.32249,43.41448],[-121.25289,43.41459],[-121.25282,43.37844],[-121.24285,43.37842],[-121.2429,43.37114],[-121.2527,43.37107],[-121.25285,43.35658],[-121.19169,43.35652],[-121.1911,43.22209],[-121.16172,43.22194],[-121.16168,43.1929],[-121.19118,43.19311],[-121.1912,43.17884],[-121.23049,43.17878],[-121.23077,43.1501],[-121.21123,43.14999],[-121.21097,43.12135],[-121.23079,43.12134],[-121.23086,43.10706],[-121.25062,43.10717],[-121.25074,43.07865],[-121.23102,43.07838],[-121.22174,43.04924],[-121.19199,43.04963],[-121.19198,43.05681],[-121.11399,43.04933],[-121.11393,43.05651],[-121.04606,43.05605],[-121.04613,43.04935],[-121.03641,43.0488],[-120.98757,43.05628],[-120.98761,43.04912],[-120.95804,43.0491],[-120.95835,43.02028],[-120.80094,43.02028],[-120.80087,43.01297],[-120.79103,43.01294],[-120.7908,42.96207],[-120.80063,42.96209],[-120.81058,42.91842],[-120.82038,42.91841],[-120.82033,42.83088],[-120.80053,42.83076],[-120.80067,42.77263],[-120.79085,42.77254],[-120.78097,42.74355],[-120.76116,42.74355],[-120.76124,42.72907],[-120.74174,42.72886],[-120.7316,42.69984],[-120.68264,42.69975],[-120.68276,42.69252],[-120.62369,42.68504],[-120.62397,42.65695],[-120.61144,42.65696],[-120.61144,42.64279],[-120.53245,42.6424],[-120.53325,42.57082],[-120.52346,42.571],[-120.52351,42.55676],[-120.51372,42.55729],[-120.50337,42.52747],[-120.47413,42.52785],[-120.47397,42.51313],[-120.46423,42.5131],[-120.46396,42.49138],[-120.45434,42.49159],[-120.45453,42.47747],[-120.44442,42.47786],[-120.44429,42.46218],[-120.4146,42.45508],[-120.41498,42.44137],[-120.29784,42.44052],[-120.29712,42.41149],[-120.3168,42.4117],[-120.31678,42.39731],[-120.33648,42.39753],[-120.33654,42.37551],[-120.31688,42.37538],[-120.31711,42.33878],[-120.35633,42.33875],[-120.35632,42.3535],[-120.39539,42.3537],[-120.39536,42.33886],[-120.41504,42.33898],[-120.41491,42.30983],[-120.4346,42.31014],[-120.43452,42.29544],[-120.45402,42.29561],[-120.45428,42.28077],[-120.47403,42.28095],[-120.47372,42.23685],[-120.53222,42.23685],[-120.53226,42.19324],[-120.55142,42.19428],[-120.55145,42.17908],[-120.6483,42.18024],[-120.649,42.12105],[-120.55214,42.1206],[-120.55225,42.05483],[-120.56196,42.05485],[-120.56237,42.03308],[-120.5722,42.03302],[-120.57168,42.01835],[-120.59105,42.01857],[-120.591,41.99297],[-120.948,41.99331],[-120.94785,42.00573],[-120.9382,42.00567],[-120.93836,42.03472],[-120.91891,42.03471],[-120.91887,42.02022],[-120.89948,42.02022],[-120.89954,42.04919],[-120.88003,42.04924],[-120.88016,42.0637],[-120.93884,42.0636],[-120.93905,42.10728],[-120.96836,42.10731],[-120.96836,42.16543],[-120.99835,42.16551],[-120.99851,42.22361],[-121.0766,42.22375],[-121.09628,42.25284],[-121.1939,42.2532],[-121.19417,42.22406],[-121.18441,42.22408],[-121.18453,42.20961],[-121.19425,42.20958],[-121.19424,42.18046],[-121.17467,42.18045],[-121.17473,42.16587],[-121.21369,42.16585],[-121.21368,42.19488],[-121.25287,42.19485],[-121.25282,42.20937],[-121.3695,42.20949],[-121.36969,42.26755],[-121.35021,42.26773],[-121.35019,42.28214],[-121.33103,42.28213],[-121.33089,42.29658],[-121.27208,42.29666],[-121.27219,42.31113],[-121.17401,42.31116],[-121.17423,42.33968],[-121.15461,42.33967],[-121.15464,42.35429],[-121.11551,42.35453],[-121.11551,42.36906],[-120.99841,42.36874],[-120.99819,42.38318],[-120.93918,42.38276],[-120.93856,42.42647],[-120.99773,42.42675],[-120.99755,42.44125],[-121.01705,42.44145],[-121.01703,42.47093],[-121.05623,42.47058],[-121.05614,42.48492],[-121.1148,42.48516],[-121.11474,42.5143],[-121.19304,42.51462],[-121.20031,42.52542],[-121.22706,42.5287],[-121.23183,42.57227],[-121.27079,42.57217],[-121.27077,42.55775],[-121.2904,42.55766],[-121.29035,42.57207],[-121.31043,42.57223],[-121.31048,42.57986],[-121.30063,42.5798],[-121.30072,42.59435],[-121.31058,42.59432],[-121.31058,42.58714],[-121.32043,42.58722],[-121.32028,42.57239],[-121.40319,42.57294],[-121.40329,42.55113],[-121.41804,42.54395],[-121.47625,42.54469],[-121.47138,42.55189],[-121.4909,42.55189],[-121.49577,42.54464],[-121.5253,42.54455],[-121.52532,42.53371],[-121.53509,42.5338],[-121.56441,42.54482],[-121.58903,42.54112],[-121.58895,42.55564],[-121.60364,42.55529],[-121.60704,42.54261],[-121.60852,42.55534],[-121.63289,42.55927],[-121.63297,42.54491],[-121.61343,42.54458],[-121.61383,42.53013],[-121.60366,42.53003],[-121.61869,42.52292],[-121.60389,42.50478],[-121.60897,42.49219],[-121.59426,42.49393],[-121.58468,42.47941],[-121.58958,42.4722],[-121.56513,42.47232],[-121.5652,42.42914],[-121.55549,42.42527],[-121.53118,42.42503],[-121.53108,42.43947],[-121.52866,42.42147],[-121.52146,42.42859],[-121.51899,42.42144],[-121.50196,42.42136],[-121.50193,42.42853],[-121.46261,42.43182],[-121.39903,42.42767],[-121.39432,42.41313],[-121.38459,42.41305],[-121.38946,42.39122],[-121.36992,42.39861],[-121.36739,42.3785],[-121.35759,42.37849],[-121.36008,42.39483],[-121.3503,42.39857],[-121.34572,42.38752],[-121.33065,42.39102],[-121.33132,42.38372],[-121.3019,42.38367],[-121.29148,42.39094],[-121.28219,42.36915],[-121.27002,42.36905],[-121.27248,42.38363],[-121.26266,42.38355],[-121.26402,42.39837],[-121.23224,42.39827],[-121.23219,42.42722],[-121.22253,42.42736],[-121.2175,42.43806],[-121.13451,42.43799],[-121.11497,42.43063],[-121.11529,42.39809],[-121.12508,42.39806],[-121.15274,42.3689],[-121.21375,42.36919],[-121.21371,42.33959],[-121.36973,42.3404],[-121.36977,42.36943],[-121.48722,42.36908],[-121.48708,42.38367],[-121.58118,42.38381],[-121.58119,42.40022],[-121.61922,42.40509],[-121.60941,42.41051],[-121.6241,42.41785],[-121.64382,42.41769],[-121.63398,42.41416],[-121.63396,42.40003],[-121.80972,42.40085],[-121.81194,42.3827],[-121.86646,42.43674],[-121.867,42.50244],[-121.87716,42.51702],[-121.87455,42.55884],[-121.85246,42.57343],[-121.85517,42.61887],[-121.82858,42.62065],[-121.83566,42.62798],[-121.83365,42.64238],[-121.85384,42.65341],[-121.85276,42.63528],[-121.86715,42.63524],[-121.86065,42.64159],[-121.8747,42.64245],[-121.87923,42.66067],[-121.89884,42.6607],[-121.89715,42.64996],[-121.88513,42.64988],[-121.88722,42.63892],[-121.87916,42.63575],[-121.888,42.61714],[-121.87709,42.60254],[-121.88687,42.60275],[-121.88167,42.57342],[-121.90613,42.57343],[-121.91583,42.58784],[-121.89655,42.59525],[-121.91585,42.59861],[-121.89169,42.59896],[-121.8917,42.60625],[-121.93527,42.60613],[-121.9409,42.64639],[-121.93126,42.65368],[-121.94573,42.64643],[-121.94978,42.6573],[-121.93625,42.65728],[-121.93631,42.66456],[-121.94618,42.6646],[-121.95122,42.68277],[-121.96113,42.68276],[-121.96358,42.67549],[-121.9636,42.68457],[-121.96116,42.69727],[-121.98096,42.69719],[-121.981,42.70817],[-121.99246,42.70881],[-121.92884,42.709]],[[-121.66312,42.43235],[-121.65823,42.42865],[-121.65819,42.44333],[-121.66312,42.43235]],[[-121.65746,42.67887],[-121.65498,42.66798],[-121.64514,42.67158],[-121.65746,42.67887]],[[-121.64752,42.65705],[-121.6474,42.6498],[-121.63763,42.64976],[-121.64267,42.6607],[-121.64752,42.65705]],[[-121.3017,42.3583],[-121.28703,42.35827],[-121.292,42.36916],[-121.29686,42.36554],[-121.3017,42.3583]],[[-121.64249,42.61719],[-121.6327,42.61718],[-121.63264,42.63164],[-121.64245,42.62805],[-121.64249,42.61719]],[[-121.63268,42.63888],[-121.6302,42.63164],[-121.61311,42.63162],[-121.61314,42.63886],[-121.63268,42.63888]],[[-121.61807,42.66063],[-121.60333,42.65335],[-121.60331,42.66783],[-121.61804,42.66786],[-121.61807,42.66063]],[[-121.44936,42.87],[-121.44929,42.89183],[-121.45919,42.89184],[-121.4592,42.88093],[-121.4592,42.87001],[-121.44936,42.87]],[[-121.46528,42.84456],[-121.44443,42.84093],[-121.43948,42.86637],[-121.44934,42.86271],[-121.44937,42.84818],[-121.46529,42.85546],[-121.46528,42.84456]],[[-121.7207,42.75128],[-121.70582,42.71863],[-121.701,42.72959],[-121.70097,42.74773],[-121.67682,42.74779],[-121.6768,42.75501],[-121.7207,42.75128]],[[-121.75026,42.62021],[-121.7502,42.65375],[-121.75988,42.65374],[-121.76483,42.6392],[-121.75506,42.63919],[-121.75518,42.62479],[-121.7699,42.61028],[-121.78956,42.61013],[-121.78959,42.60288],[-121.76003,42.5883],[-121.76727,42.56882],[-121.75994,42.56699],[-121.76494,42.54157],[-121.75517,42.54155],[-121.75512,42.54879],[-121.75503,42.57388],[-121.7454,42.57748],[-121.73552,42.57394],[-121.73552,42.56325],[-121.71108,42.57038],[-121.71116,42.5595],[-121.69648,42.55582],[-121.69642,42.56669],[-121.68166,42.57029],[-121.67674,42.58477],[-121.66697,42.58837],[-121.67915,42.59566],[-121.66203,42.60286],[-121.66204,42.61011],[-121.67179,42.61015],[-121.67665,42.62463],[-121.68892,42.61018],[-121.69378,42.61745],[-121.70121,42.61018],[-121.75026,42.62021]],[[-121.23224,42.68921],[-121.23723,42.65963],[-121.17769,42.65606],[-121.17772,42.64879],[-121.17068,42.64866],[-121.1438,42.65222],[-121.13916,42.65959],[-121.15879,42.66324],[-121.15387,42.67772],[-121.11951,42.67771],[-121.11463,42.68865],[-121.11495,42.87004],[-121.14378,42.87736],[-121.1537,42.85545],[-121.17336,42.85556],[-121.16355,42.84097],[-121.19304,42.8336],[-121.19345,42.92102],[-121.23227,42.92086],[-121.23225,42.90633],[-121.38995,42.90632],[-121.38995,42.91358],[-121.40974,42.91355],[-121.40972,42.91977],[-121.45904,42.91991],[-121.46511,42.89918],[-121.43944,42.89546],[-121.43376,42.80479],[-121.43873,42.82112],[-121.45602,42.82656],[-121.44365,42.81205],[-121.44362,42.80478],[-121.45103,42.80841],[-121.45844,42.79749],[-121.45348,42.78658],[-121.44853,42.80115],[-121.44828,42.76112],[-121.46976,42.75675],[-121.49981,42.76399],[-121.50971,42.75856],[-121.49493,42.76037],[-121.48477,42.75132],[-121.44829,42.75748],[-121.44821,42.74296],[-121.43829,42.73935],[-121.43828,42.72482],[-121.44814,42.72118],[-121.42349,42.72303],[-121.42838,42.74661],[-121.23211,42.74676],[-121.2322,42.77566],[-121.19299,42.77565],[-121.19306,42.8263],[-121.18322,42.82635],[-121.17339,42.82279],[-121.17334,42.77562],[-121.18317,42.77564],[-121.17811,42.74671],[-121.18802,42.74671],[-121.19297,42.73212],[-121.17329,42.73205],[-121.17327,42.72478],[-121.15365,42.71762],[-121.13905,42.73932],[-121.12423,42.73759],[-121.1243,42.71768],[-121.13896,42.71761],[-121.14403,42.6922],[-121.23224,42.68921]]],[[[-122.07221,42.80098],[-122.05541,42.80098],[-122.05516,42.73372],[-122.06502,42.73374],[-122.06489,42.70467],[-122.07475,42.70468],[-122.07471,42.67567],[-122.08434,42.67569],[-122.08428,42.66109],[-122.07157,42.6611],[-122.07146,42.61339],[-122.05162,42.61331],[-122.05174,42.59142],[-122.08173,42.59062],[-122.08139,42.54738],[-122.07161,42.54702],[-122.07139,42.48916],[-122.08122,42.48922],[-122.08135,42.47467],[-122.10073,42.47461],[-122.10114,42.46002],[-122.08152,42.46025],[-122.08165,42.45303],[-122.09143,42.45302],[-122.09159,42.43128],[-122.05225,42.4313],[-122.05135,42.25682],[-122.07093,42.25679],[-122.07584,42.24258],[-122.07582,42.25678],[-122.16868,42.25713],[-122.16871,42.27166],[-122.26572,42.27133],[-122.26464,42.3094],[-122.2342,42.32729],[-122.23089,42.35266],[-122.28768,42.37148],[-122.28466,42.49826],[-122.23115,42.50782],[-122.22655,42.52773],[-122.23555,42.57488],[-122.21468,42.6],[-122.21383,42.62289],[-122.22469,42.63691],[-122.16636,42.66051],[-122.17837,42.69441],[-122.19478,42.70403],[-122.18514,42.71508],[-122.17891,42.7507],[-122.18639,42.76583],[-122.1746,42.78405],[-122.17487,42.80015],[-122.07956,42.80098],[-122.07956,42.78027],[-122.0578,42.76876],[-122.07221,42.80098]]],[[[-120.2194,42.44033],[-120.14023,42.43816],[-120.14051,42.35231],[-120.12085,42.34487],[-120.1215,42.32351],[-120.10179,42.32337],[-120.10201,42.27254],[-120.11174,42.27249],[-120.11172,42.26521],[-120.14093,42.2653],[-120.14076,42.25087],[-120.15037,42.25095],[-120.15061,42.23639],[-120.16047,42.23639],[-120.16037,42.22198],[-120.14078,42.22203],[-120.14022,42.17925],[-120.11916,42.17983],[-120.11914,42.13623],[-120.15301,42.13573],[-120.15322,42.11345],[-120.1631,42.11332],[-120.16316,42.09498],[-120.15324,42.09172],[-120.15309,42.07335],[-120.14315,42.0734],[-120.14322,42.06238],[-120.12331,42.06238],[-120.12351,42.07699],[-120.10379,42.07692],[-120.1041,42.04777],[-120.08389,42.04777],[-120.08366,41.99487],[-120.27887,41.9929],[-120.27434,42.15151],[-120.29779,42.15147],[-120.29779,42.22189],[-120.33682,42.22179],[-120.33621,42.26625],[-120.31735,42.26556],[-120.31708,42.28019],[-120.29763,42.27993],[-120.29766,42.28707],[-120.27601,42.29441],[-120.27792,42.33862],[-120.2585,42.33847],[-120.25792,42.43334],[-120.22938,42.43306],[-120.22866,42.44005],[-120.2194,42.44033]]],[[[-122.15525,42.21338],[-122.1701,42.21294],[-122.16834,42.22791],[-122.14895,42.22813],[-122.1487,42.21355],[-122.15525,42.21338]]],[[[-122.0706,42.24249],[-122.05137,42.24234],[-122.0512,42.22801],[-122.06088,42.2316],[-122.0706,42.23522],[-122.0706,42.24249]]],[[[-121.8048,43.18216],[-121.78995,43.18216],[-121.78496,43.17124],[-121.80476,43.17485],[-121.8048,43.18216]]],[[[-121.83972,43.1641],[-121.82987,43.16412],[-121.82987,43.15688],[-121.83971,43.16048],[-121.83972,43.1641]]],[[[-121.95614,42.66829],[-121.94869,42.66826],[-121.95362,42.66093],[-121.95614,42.66829]]],[[[-122.19281,42.22429],[-122.18796,42.22795],[-122.18786,42.2171],[-122.19281,42.22429]]],[[[-121.95616,42.67526],[-121.95615,42.67009],[-121.96109,42.67006],[-121.95616,42.67526]]],[[[-121.85513,42.628],[-121.85271,42.628],[-121.85273,42.62254],[-121.85513,42.628]]],[[[-120.53557,42.68719],[-120.53304,42.68716],[-120.53557,42.68348],[-120.53557,42.68719]]],[[[-121.45662,42.9028],[-121.45414,42.9061],[-121.45417,42.90278],[-121.45662,42.9028]]],[[[-121.04683,42.40079],[-121.04555,42.39782],[-121.04681,42.39783],[-121.04683,42.40079]]],[[[-120.36406,42.21848],[-120.36323,42.21904],[-120.3605,42.21779],[-120.36406,42.21848]]],[[[-120.54173,42.69276],[-120.53862,42.69258],[-120.53812,42.69183],[-120.54173,42.69276]]],[[[-121.06356,43.12469],[-121.06135,43.1251],[-121.06132,43.12424],[-121.06356,43.12469]]],[[[-121.92884,42.709],[-121.92881,42.70901],[-121.92881,42.709],[-121.92884,42.709]]]]},"bbox":[-122.28768,41.9929,-120.08366,43.45816],"properties":{"divisionId":"national-forest:{61A49C85-CF5E-4A78-BFE0-2574058DFDDC}","divisionType":"national-forest","name":"Fremont-Winema National Forest","label":"Fremont-Winema National Forest","labelPoint":[-121.18566999999999,42.72553],"state":null,"sourceFeatureId":"{61A49C85-CF5E-4A78-BFE0-2574058DFDDC}","landAreaSqKm":11344.327,"cameraViewshedAreaSqKm":466.203,"cameraViewshedCoveragePct":4.11,"landMix":[{"label":"Tribal land","percentage":0.0,"areaSqKm":0.213},{"label":"National Park","percentage":0.03,"areaSqKm":3.263},{"label":"National Forest","percentage":99.97,"areaSqKm":11340.851},{"label":"Other/unclassified","percentage":0.0,"areaSqKm":0.0}]}},{"type":"Feature","id":"national-forest:{66667E6B-3B5A-458D-BF9E-C202C2A6BD25}","geometry":{"type":"MultiPolygon","coordinates":[[[[-122.92257,42.91658],[-122.92182,42.93128],[-122.90286,42.93127],[-122.90283,42.9461],[-122.88299,42.94609],[-122.88291,42.96082],[-122.90288,42.96448],[-122.90293,42.97541],[-122.8828,42.97541],[-122.88276,43.00467],[-122.9124,43.00471],[-122.91248,43.03004],[-122.92237,43.03005],[-122.92227,43.0482],[-122.94179,43.07001],[-122.94258,43.09105],[-122.95244,43.09103],[-122.95242,43.09828],[-122.99189,43.09839],[-122.99198,43.11284],[-123.01152,43.11285],[-123.0116,43.1264],[-122.99211,43.1264],[-122.99181,43.16973],[-122.93174,43.17636],[-122.93178,43.23572],[-122.95156,43.23557],[-122.95159,43.24274],[-122.87203,43.24291],[-122.87378,43.36414],[-122.80053,43.36429],[-122.79572,43.37158],[-122.76109,43.36067],[-122.76074,43.34996],[-122.7409,43.34991],[-122.74189,43.51642],[-122.77627,43.52341],[-122.78196,43.53721],[-122.7514,43.55838],[-122.75392,43.60928],[-122.74407,43.60944],[-122.74473,43.78474],[-122.72701,43.79543],[-122.69519,43.7906],[-122.67351,43.7977],[-122.6565,43.79124],[-122.6368,43.76622],[-122.62405,43.76553],[-122.59542,43.74405],[-122.59115,43.72028],[-122.56828,43.7077],[-122.56524,43.64],[-122.5396,43.63412],[-122.52902,43.62211],[-122.54861,43.60623],[-122.54295,43.59619],[-122.56473,43.58056],[-122.51681,43.54301],[-122.523,43.5355],[-122.5167,43.52894],[-122.49277,43.51572],[-122.50503,43.50728],[-122.5148,43.48116],[-122.48293,43.47882],[-122.4756,43.45697],[-122.44941,43.44231],[-122.4624,43.42098],[-122.47929,43.41447],[-122.47815,43.4043],[-122.43845,43.39815],[-122.42158,43.38024],[-122.40509,43.38699],[-122.34564,43.35599],[-122.33859,43.36505],[-122.30049,43.36346],[-122.2314,43.38121],[-122.2015,43.40596],[-122.14671,43.39207],[-122.13281,43.37862],[-122.10529,43.38012],[-122.06645,43.39639],[-122.05601,43.38124],[-122.03234,43.36864],[-122.03366,43.35667],[-122.02175,43.36208],[-122.00817,43.33721],[-122.01597,43.32381],[-121.99941,43.3089],[-122.0084,43.301],[-122.00765,43.28817],[-121.97426,43.26169],[-121.99328,43.25072],[-122.00233,43.23447],[-122.0407,43.21808],[-122.0337,43.20719],[-122.03899,43.1914],[-122.05381,43.17303],[-122.05362,43.15781],[-122.06628,43.15262],[-122.06518,43.13571],[-122.09071,43.08885],[-122.17938,43.08883],[-122.19706,43.11128],[-122.22554,43.1215],[-122.25381,43.11977],[-122.27322,43.13317],[-122.2966,43.11438],[-122.32029,43.1111],[-122.33592,43.09818],[-122.35112,43.10745],[-122.3892,43.09876],[-122.45805,43.05685],[-122.46267,43.04274],[-122.45314,43.02904],[-122.47733,43.00315],[-122.47669,42.98012],[-122.48605,42.97322],[-122.48823,42.95559],[-122.54756,42.94508],[-122.56402,42.9267],[-122.59266,42.91627],[-122.59387,42.9017],[-122.69688,42.88682],[-122.74302,42.86237],[-122.74271,42.85059],[-122.76609,42.84528],[-122.76087,42.8266],[-122.78004,42.81837],[-122.78535,42.78557],[-122.79478,42.77822],[-122.81068,42.77344],[-122.83397,42.78266],[-122.85317,42.76553],[-122.87345,42.77451],[-122.87366,42.73809],[-122.93312,42.73802],[-122.93192,42.74972],[-122.95117,42.74964],[-122.95251,42.73799],[-122.99028,42.73786],[-122.99018,42.7523],[-123.00976,42.75211],[-123.00974,42.74134],[-123.04416,42.74133],[-123.0484,42.73447],[-123.08831,42.73771],[-123.0812,42.81298],[-123.09115,42.81262],[-123.09127,42.82714],[-123.07165,42.82725],[-123.07163,42.84179],[-123.05658,42.84194],[-123.0523,42.84914],[-123.01289,42.84213],[-123.01302,42.84951],[-123.00312,42.84952],[-122.99845,42.89001],[-122.99342,42.90155],[-122.98111,42.9015],[-122.98107,42.9168],[-122.96218,42.91679],[-122.96216,42.92406],[-122.92257,42.91658]]],[[[-122.94247,42.93122],[-122.93754,42.93856],[-122.92262,42.94586],[-122.92258,42.93129],[-122.94247,42.93122]]],[[[-122.91278,42.94962],[-122.90286,42.95346],[-122.90285,42.94978],[-122.91278,42.94962]]],[[[-122.92016,42.94955],[-122.91278,42.94962],[-122.91279,42.94594],[-122.92016,42.94955]]],[[[-122.95406,42.92885],[-122.94489,42.92759],[-122.94833,42.92557],[-122.95406,42.92885]]],[[[-123.75885,43.48598],[-123.7539,43.48233],[-123.75887,43.48236],[-123.75885,43.48598]]],[[[-123.10051,43.29763],[-123.09864,43.29902],[-123.09817,43.29846],[-123.10051,43.29763]]],[[[-123.3202,43.21289],[-123.31902,43.21173],[-123.32013,43.21175],[-123.3202,43.21289]]]]},"bbox":[-123.75887,42.73447,-121.97426,43.7977],"properties":{"divisionId":"national-forest:{66667E6B-3B5A-458D-BF9E-C202C2A6BD25}","divisionType":"national-forest","name":"Umpqua National Forest","label":"Umpqua National Forest","labelPoint":[-122.86656500000001,43.266085000000004],"state":null,"sourceFeatureId":"{66667E6B-3B5A-458D-BF9E-C202C2A6BD25}","landAreaSqKm":4174.764,"cameraViewshedAreaSqKm":436.1,"cameraViewshedCoveragePct":10.45,"landMix":[{"label":"Tribal land","percentage":0.0,"areaSqKm":0.155},{"label":"National Park","percentage":0.0,"areaSqKm":0.001},{"label":"National Forest","percentage":100.0,"areaSqKm":4174.608},{"label":"Other/unclassified","percentage":0.0,"areaSqKm":0.0}]}},{"type":"Feature","id":"national-forest:{760E0D0F-2889-4D6B-AAA5-350F3E3515B3}","geometry":{"type":"MultiPolygon","coordinates":[[[[-120.12946,39.66529],[-120.12483,39.65051],[-120.11087,39.65052],[-120.11099,39.63599],[-120.09235,39.6362],[-120.09239,39.62894],[-120.06443,39.63268],[-120.06453,39.62168],[-120.05525,39.62167],[-120.05518,39.62897],[-120.02252,39.62894],[-120.0224,39.63617],[-120.01349,39.63575],[-120.01603,39.62472],[-120.0013,39.62489],[-120.00095,39.67197],[-119.98192,39.65088],[-119.92728,39.62805],[-119.85117,39.61071],[-119.78859,39.55595],[-119.78076,39.50615],[-119.78932,39.47638],[-119.74698,39.40412],[-119.75238,39.40409],[-119.75249,39.37498],[-119.74582,39.37499],[-119.76502,39.36075],[-119.80807,39.36069],[-119.80795,39.32722],[-119.84113,39.28498],[-119.84228,39.27261],[-119.80659,39.2096],[-119.78208,39.20386],[-119.76733,39.17974],[-119.78022,39.07086],[-119.77946,38.96168],[-119.71359,38.91325],[-119.67727,38.86573],[-119.6354,38.8392],[-119.55586,38.72961],[-119.5274,38.72452],[-119.48279,38.73722],[-119.40048,38.73711],[-119.37978,38.75633],[-119.36823,38.75477],[-119.36016,38.77287],[-119.32887,38.78759],[-119.32827,38.80013],[-119.22345,38.80695],[-119.17674,38.83744],[-119.14469,38.83784],[-119.10182,38.80775],[-119.04686,38.69703],[-118.99796,38.62916],[-118.99883,38.57532],[-118.94279,38.54659],[-118.89315,38.50459],[-118.91751,38.48103],[-118.89832,38.41],[-118.9046,38.36259],[-118.89899,38.35692],[-118.81203,38.37325],[-118.76347,38.42457],[-118.65676,38.46574],[-118.65347,38.45836],[-118.64178,38.45895],[-118.63342,38.43843],[-118.5831,38.39373],[-118.57814,38.35879],[-118.61141,38.25464],[-118.47285,38.25472],[-118.4608,38.0098],[-118.58893,38.01161],[-118.79052,38.15535],[-118.81134,38.15531],[-118.81131,38.16962],[-118.82958,38.16968],[-118.82968,38.18406],[-118.85698,38.18443],[-118.85713,38.20265],[-119.02015,38.31798],[-119.06159,38.31743],[-119.06172,38.33222],[-119.15395,38.33222],[-119.15377,38.31744],[-119.2316,38.31775],[-119.23159,38.30779],[-119.28652,38.30041],[-119.28667,38.27162],[-119.30499,38.27132],[-119.30497,38.22104],[-119.29581,38.221],[-119.29586,38.19203],[-119.28668,38.19199],[-119.28653,38.15579],[-119.23158,38.15568],[-119.23192,38.09778],[-119.21365,38.09778],[-119.21387,38.06881],[-119.19562,38.06883],[-119.19663,38.04336],[-119.22249,38.04901],[-119.3075,38.03014],[-119.31403,38.035],[-119.31072,38.04486],[-119.34902,38.08651],[-119.35817,38.08205],[-119.39803,38.10676],[-119.42081,38.10768],[-119.4297,38.11794],[-119.44212,38.10475],[-119.44108,38.09562],[-119.46016,38.09638],[-119.46619,38.10189],[-119.45913,38.10814],[-119.4732,38.11818],[-119.46886,38.12791],[-119.48817,38.13266],[-119.49631,38.15716],[-119.50826,38.15253],[-119.50717,38.13694],[-119.54695,38.14362],[-119.54652,38.1541],[-119.57675,38.15685],[-119.58647,38.18493],[-119.62919,38.19607],[-119.62508,38.22889],[-119.60477,38.23551],[-119.62165,38.25217],[-119.6132,38.26151],[-119.65137,38.2865],[-119.64244,38.294],[-119.64485,38.32143],[-119.62791,38.34826],[-119.68101,38.40211],[-119.68685,38.43053],[-119.68022,38.44023],[-119.70523,38.45421],[-119.72911,38.44333],[-119.72722,38.46419],[-119.73508,38.47148],[-119.76657,38.4754],[-119.76807,38.4855],[-119.75761,38.49154],[-119.77303,38.50123],[-119.76909,38.51653],[-119.78975,38.52231],[-119.79946,38.54008],[-119.83304,38.55128],[-119.83715,38.57908],[-119.85349,38.60253],[-119.88306,38.60578],[-119.90781,38.59607],[-119.92488,38.61159],[-119.91354,38.62279],[-119.92465,38.63582],[-119.95081,38.64489],[-119.96193,38.66283],[-119.97231,38.65629],[-119.98577,38.66292],[-119.9829,38.68204],[-119.99376,38.70467],[-119.98582,38.71558],[-119.98177,38.76156],[-119.97109,38.76409],[-119.96757,38.77636],[-119.94803,38.78157],[-119.93973,38.79381],[-119.94287,38.80221],[-119.92108,38.82143],[-119.92294,38.82948],[-119.90843,38.83438],[-119.90572,38.85574],[-119.87988,38.86447],[-119.87874,38.87513],[-119.88885,38.87914],[-119.87962,38.88625],[-119.87972,38.89948],[-119.88731,38.91802],[-119.90002,38.92501],[-119.89002,38.92501],[-119.88968,38.93949],[-119.88044,38.93951],[-119.88055,38.94674],[-119.86224,38.94671],[-119.86235,38.95763],[-119.85319,38.95763],[-119.85318,38.9686],[-119.88928,38.97904],[-119.87797,38.98732],[-119.89024,38.99349],[-119.8848,39.01508],[-119.89317,39.03629],[-119.88435,39.04411],[-119.89355,39.05742],[-119.8924,39.07172],[-119.87881,39.0819],[-119.89357,39.08854],[-119.90379,39.11886],[-119.88526,39.14353],[-119.88264,39.17988],[-119.91039,39.20279],[-119.8974,39.22864],[-119.90639,39.23605],[-119.89845,39.26547],[-119.90279,39.27333],[-119.89509,39.279],[-119.89758,39.29071],[-119.9138,39.29241],[-119.92522,39.30387],[-119.92334,39.32003],[-119.94171,39.32485],[-119.95893,39.29155],[-119.97519,39.29353],[-120.00551,39.28005],[-120.00536,39.30913],[-120.01275,39.3127],[-120.01754,39.34498],[-120.03026,39.352],[-120.02984,39.3738],[-120.01632,39.37388],[-120.01613,39.40297],[-120.0053,39.40299],[-120.00509,39.41766],[-120.01607,39.4103],[-120.01601,39.41764],[-120.02981,39.42123],[-120.02987,39.43221],[-120.00647,39.43235],[-120.00632,39.43977],[-120.01107,39.44714],[-120.02984,39.4468],[-120.0164,39.46192],[-120.04829,39.46217],[-120.03913,39.46597],[-120.03921,39.49867],[-120.06692,39.53472],[-120.08556,39.53461],[-120.09025,39.59273],[-120.10427,39.59272],[-120.10435,39.61834],[-120.11355,39.61828],[-120.12033,39.63587],[-120.12961,39.6358],[-120.13853,39.66526],[-120.12946,39.66529]],[[-119.86239,39.14577],[-119.85775,39.1422],[-119.85311,39.14589],[-119.86239,39.14577]],[[-119.87167,39.13841],[-119.86231,39.13486],[-119.86237,39.14215],[-119.87167,39.13841]],[[-120.03003,39.57758],[-120.02551,39.57045],[-120.01609,39.57773],[-120.03003,39.57758]],[[-119.88106,39.14918],[-119.88107,39.14191],[-119.87169,39.14204],[-119.87172,39.1493],[-119.88106,39.14918]],[[-120.01606,39.59588],[-120.00374,39.59958],[-120.00124,39.60683],[-120.01607,39.60679],[-120.01606,39.59588]],[[-120.01646,39.47655],[-120.0114,39.46194],[-120.00288,39.46197],[-120.00699,39.52712],[-120.00163,39.53803],[-120.01639,39.53426],[-120.01208,39.52345],[-120.03005,39.52341],[-120.01644,39.51981],[-120.01647,39.51262],[-120.02553,39.51262],[-120.03,39.48791],[-120.03916,39.48416],[-120.03456,39.47696],[-120.01646,39.47655]],[[-119.82539,38.87908],[-119.8252,38.85603],[-119.79749,38.85241],[-119.79749,38.80894],[-119.80677,38.80897],[-119.80692,38.76537],[-119.83214,38.76534],[-119.83176,38.72017],[-119.81345,38.7202],[-119.81351,38.70574],[-119.80362,38.70552],[-119.80416,38.68408],[-119.74863,38.68404],[-119.74878,38.70555],[-119.72175,38.71301],[-119.72167,38.72031],[-119.7048,38.7204],[-119.70411,38.73505],[-119.7568,38.73492],[-119.75882,38.76549],[-119.75129,38.76554],[-119.75153,38.77993],[-119.73282,38.78008],[-119.73297,38.79449],[-119.70291,38.79465],[-119.82539,38.87908]],[[-119.55973,38.69235],[-119.55894,38.67407],[-119.55882,38.66297],[-119.66864,38.66284],[-119.66702,38.63354],[-119.64453,38.63367],[-119.63967,38.60918],[-119.63055,38.6092],[-119.63961,38.60558],[-119.63955,38.59458],[-119.61263,38.59144],[-119.61261,38.57673],[-119.52094,38.57498],[-119.52121,38.54582],[-119.5404,38.5459],[-119.53933,38.48797],[-119.46511,38.48709],[-119.46562,38.50239],[-119.44794,38.50212],[-119.44751,38.51643],[-119.4386,38.51644],[-119.44758,38.61542],[-119.55973,38.69235]]],[[[-116.58353,39.43186],[-116.50858,39.43547],[-116.50858,39.44216],[-116.37767,39.44234],[-116.36731,39.33101],[-116.39394,39.3236],[-116.39394,39.29438],[-116.37398,39.29449],[-116.37387,39.20828],[-116.36312,39.20828],[-116.36309,39.17886],[-116.35379,39.17886],[-116.35376,39.14267],[-116.34445,39.14266],[-116.34434,39.03406],[-116.36328,39.03405],[-116.36328,38.9847],[-116.40946,38.9847],[-116.40947,38.92677],[-116.44657,38.92678],[-116.44656,38.91228],[-116.46511,38.91228],[-116.46513,38.86879],[-116.48366,38.86876],[-116.48385,38.79641],[-116.40978,38.79631],[-116.40971,38.8108],[-116.39128,38.81083],[-116.39106,38.82529],[-116.35397,38.82528],[-116.35399,38.85423],[-116.33545,38.85423],[-116.33546,38.8832],[-116.31694,38.88322],[-116.31695,38.92048],[-116.27318,38.92144],[-116.24772,38.87961],[-116.24853,38.73825],[-116.22994,38.73825],[-116.2299,38.69291],[-116.19295,38.69291],[-116.19295,38.67842],[-116.18413,38.67843],[-116.21139,38.64859],[-116.24004,38.63605],[-116.24212,38.60698],[-116.25138,38.59148],[-116.2947,38.5613],[-116.32881,38.54885],[-116.34785,38.52214],[-116.44684,38.54161],[-116.48444,38.52978],[-116.48966,38.54608],[-116.52628,38.5461],[-116.52629,38.56059],[-116.56319,38.56058],[-116.56317,38.5316],[-116.63504,38.5316],[-116.64425,38.50349],[-116.66268,38.49625],[-116.66265,38.47091],[-116.68106,38.4637],[-116.68198,38.36434],[-116.67275,38.36454],[-116.67483,38.2556],[-116.68401,38.25552],[-116.68429,38.2336],[-116.72126,38.23318],[-116.72955,38.10451],[-116.83785,38.10557],[-116.83787,38.09236],[-116.84699,38.09236],[-116.84697,38.07784],[-116.85634,38.0778],[-116.85641,38.07057],[-116.93685,38.07863],[-116.93685,38.09319],[-116.95569,38.10039],[-116.9558,38.12227],[-116.9745,38.12942],[-116.97469,38.14386],[-116.98375,38.14371],[-116.98399,38.15104],[-116.99313,38.15081],[-116.9931,38.2014],[-116.97506,38.20151],[-116.97498,38.21602],[-116.95696,38.21598],[-116.9481,38.23039],[-116.93032,38.23039],[-116.93004,38.25203],[-116.91218,38.25195],[-116.9117,38.46473],[-116.89327,38.46433],[-116.89385,38.47809],[-116.8567,38.47811],[-116.85665,38.49247],[-116.81914,38.4926],[-116.81917,38.51427],[-116.76383,38.51437],[-116.76471,38.52887],[-116.74539,38.52888],[-116.74498,38.58467],[-116.72566,38.58478],[-116.72605,38.60001],[-116.70871,38.59941],[-116.70733,38.6197],[-116.69809,38.6197],[-116.69807,38.62693],[-116.70731,38.62693],[-116.70695,38.65568],[-116.7252,38.66286],[-116.71845,38.79986],[-116.71082,38.79986],[-116.71083,38.81386],[-116.68145,38.8137],[-116.68048,38.84977],[-116.67121,38.84977],[-116.67115,38.86409],[-116.65231,38.86383],[-116.66636,38.87118],[-116.65246,38.87102],[-116.65192,38.88526],[-116.63313,38.89236],[-116.63228,38.91404],[-116.62309,38.91393],[-116.62287,38.92706],[-116.60449,38.9271],[-116.60439,38.94226],[-116.58578,38.94211],[-116.59092,38.99987],[-116.57529,38.99991],[-116.56602,39.0144],[-116.53827,39.01435],[-116.53838,39.03471],[-116.52905,39.0347],[-116.53041,39.09993],[-116.54715,39.09994],[-116.55648,39.1434],[-116.5858,39.1435],[-116.58589,39.17607],[-116.59671,39.17608],[-116.5968,39.37379],[-116.6116,39.37379],[-116.62062,39.40284],[-116.61175,39.40283],[-116.6117,39.41735],[-116.58354,39.41736],[-116.58353,39.43186]]],[[[-115.66766,41.9259],[-115.62888,41.92954],[-115.62892,41.94037],[-115.59012,41.94038],[-115.59013,41.95489],[-115.51268,41.95486],[-115.51266,41.94038],[-115.49325,41.94039],[-115.49327,41.91142],[-115.33827,41.91146],[-115.33826,41.95489],[-115.14303,41.95558],[-115.14329,41.99624],[-114.98798,41.99752],[-114.98789,41.93311],[-115.00743,41.93307],[-115.0074,41.88603],[-115.02677,41.88062],[-115.02687,41.86788],[-115.16246,41.868],[-115.1573,41.80025],[-115.16698,41.80025],[-115.16699,41.77127],[-115.1863,41.77128],[-115.1863,41.74205],[-115.24641,41.74175],[-115.24578,41.65466],[-115.28467,41.65436],[-115.28471,41.63984],[-115.32355,41.63988],[-115.32337,41.62535],[-115.36459,41.62527],[-115.36439,41.61301],[-115.48048,41.61271],[-115.48057,41.62733],[-115.49999,41.62725],[-115.50005,41.68536],[-115.51939,41.68536],[-115.5194,41.71439],[-115.57752,41.71426],[-115.57757,41.72874],[-115.65368,41.729],[-115.65368,41.74315],[-115.70952,41.74312],[-115.70953,41.70325],[-115.83084,41.70336],[-115.83007,41.64553],[-115.8504,41.64436],[-115.85064,41.62995],[-115.86989,41.62991],[-115.86988,41.61541],[-115.88925,41.6154],[-115.88924,41.57547],[-115.90954,41.57175],[-115.90987,41.45695],[-115.9292,41.45332],[-115.92432,41.44237],[-115.90984,41.44237],[-115.90947,41.30632],[-115.94735,41.30637],[-115.94738,41.29181],[-116.05282,41.29174],[-116.0515,41.39924],[-116.06769,41.39924],[-116.06907,41.6616],[-116.16618,41.66148],[-116.16577,41.69078],[-116.14649,41.69058],[-116.14545,41.83584],[-115.98644,41.83582],[-115.98616,41.99657],[-115.7649,41.99686],[-115.76491,41.98406],[-115.74542,41.9841],[-115.74537,41.96955],[-115.7259,41.96957],[-115.7259,41.95502],[-115.70641,41.95503],[-115.70641,41.9404],[-115.66771,41.94032],[-115.66766,41.9259]]],[[[-116.88497,39.54563],[-116.88486,39.51528],[-116.89417,39.51527],[-116.89429,39.47212],[-116.90354,39.47219],[-116.90348,39.45773],[-116.91386,39.4578],[-116.91384,39.44272],[-116.93249,39.44272],[-116.93239,39.41375],[-116.95114,39.41476],[-116.95111,39.39927],[-116.96968,39.39925],[-116.96968,39.37069],[-117.00753,39.37088],[-117.00763,39.35701],[-117.02629,39.357],[-117.02672,39.30646],[-117.03607,39.30646],[-117.03627,39.28475],[-117.04563,39.28474],[-117.04563,39.26301],[-117.05498,39.26302],[-117.06486,39.23494],[-117.08357,39.2277],[-117.07896,39.21353],[-117.08552,39.17448],[-117.09489,39.17467],[-117.0955,39.13859],[-117.10473,39.13868],[-117.11408,39.1243],[-117.13268,39.11727],[-117.13266,39.11008],[-117.15162,39.10303],[-117.15215,39.08145],[-117.16144,39.08162],[-117.16164,39.07438],[-117.20764,39.04687],[-117.20764,39.02514],[-117.21607,39.02514],[-117.21613,38.97407],[-117.22542,38.97407],[-117.22547,38.9234],[-117.23612,38.92347],[-117.23661,38.90161],[-117.20898,38.88655],[-117.2093,38.86486],[-117.20007,38.86477],[-117.20051,38.82113],[-117.19112,38.82081],[-117.19319,38.71924],[-117.20239,38.71896],[-117.20252,38.69029],[-117.21174,38.69029],[-117.21254,38.60285],[-117.22177,38.60286],[-117.22169,38.58112],[-117.24036,38.57386],[-117.24036,38.5666],[-117.27929,38.57377],[-117.27976,38.53033],[-117.44158,38.53296],[-117.44169,38.56211],[-117.53443,38.56351],[-117.53442,38.57798],[-117.57139,38.57738],[-117.57146,38.63631],[-117.58993,38.63631],[-117.58998,38.70879],[-117.60848,38.70879],[-117.60851,38.73777],[-117.62701,38.73777],[-117.62704,38.76755],[-117.60928,38.76746],[-117.60779,38.94423],[-117.57067,38.94423],[-117.57068,38.95872],[-117.62636,38.95872],[-117.62849,39.10026],[-117.59127,39.1002],[-117.58999,39.14302],[-117.58057,39.14302],[-117.57963,39.15738],[-117.57024,39.15739],[-117.56911,39.17174],[-117.55973,39.17173],[-117.55845,39.1861],[-117.54917,39.18611],[-117.54845,39.20055],[-117.52235,39.20052],[-117.52237,39.20779],[-117.50376,39.21509],[-117.49449,39.22964],[-117.44776,39.22991],[-117.44778,39.23714],[-117.42904,39.23716],[-117.42908,39.25888],[-117.41978,39.25888],[-117.41995,39.2879],[-117.34439,39.28802],[-117.34465,39.21537],[-117.3635,39.21543],[-117.36373,39.20091],[-117.37237,39.2009],[-117.37241,39.17203],[-117.38201,39.17203],[-117.38141,39.14412],[-117.39094,39.14413],[-117.3913,39.12213],[-117.40106,39.12222],[-117.41052,39.10783],[-117.4288,39.10799],[-117.42905,39.09451],[-117.43859,39.09523],[-117.43859,39.088],[-117.45728,39.08825],[-117.45741,39.08089],[-117.48522,39.07365],[-117.48538,39.05922],[-117.49461,39.05922],[-117.49463,39.03041],[-117.50391,39.0304],[-117.50524,38.94522],[-117.49596,38.9452],[-117.49678,38.90149],[-117.47846,38.90144],[-117.47843,38.91594],[-117.46921,38.91591],[-117.46887,38.92316],[-117.42282,38.92289],[-117.42255,38.93726],[-117.39519,38.94399],[-117.39438,38.98633],[-117.38492,38.98601],[-117.38416,38.99986],[-117.36543,38.99911],[-117.36479,39.02787],[-117.35551,39.02781],[-117.35492,39.07868],[-117.34566,39.07875],[-117.34552,39.09306],[-117.32708,39.09284],[-117.31656,39.15775],[-117.28912,39.16474],[-117.28883,39.18628],[-117.26056,39.20067],[-117.26057,39.21523],[-117.23268,39.21501],[-117.23317,39.28767],[-117.22386,39.28762],[-117.22368,39.30213],[-117.20511,39.30196],[-117.19564,39.33082],[-117.17724,39.33077],[-117.17724,39.34524],[-117.13985,39.3453],[-117.14883,39.35617],[-117.1485,39.37413],[-117.13917,39.37408],[-117.13879,39.41034],[-117.12946,39.41028],[-117.1292,39.43208],[-117.11981,39.43202],[-117.11952,39.44655],[-117.11027,39.44647],[-117.11019,39.47547],[-117.10084,39.47547],[-117.10084,39.48998],[-117.05302,39.48731],[-117.05285,39.50175],[-117.08179,39.50178],[-117.08105,39.57468],[-116.87554,39.57461],[-116.87555,39.54563],[-116.88497,39.54563]]],[[[-115.30367,40.60346],[-115.30872,40.56819],[-115.33221,40.55361],[-115.34176,40.53922],[-115.33704,40.52476],[-115.35356,40.51766],[-115.36448,40.46711],[-115.40168,40.44902],[-115.40224,40.43095],[-115.42137,40.42379],[-115.43665,40.38056],[-115.45597,40.36265],[-115.44944,40.31531],[-115.46138,40.28997],[-115.46208,40.25755],[-115.47635,40.25759],[-115.47598,40.26482],[-115.49023,40.25761],[-115.49092,40.20692],[-115.50023,40.20692],[-115.50047,40.19969],[-115.49113,40.17383],[-115.50059,40.17025],[-115.50076,40.15581],[-115.51979,40.14495],[-115.51983,40.13434],[-115.52936,40.13434],[-115.53924,40.0983],[-115.53163,40.05477],[-115.5506,40.05476],[-115.55079,40.0184],[-115.68115,40.02602],[-115.6804,40.06998],[-115.69919,40.07005],[-115.69938,40.17149],[-115.64273,40.17143],[-115.64274,40.24379],[-115.63334,40.24377],[-115.63166,40.27976],[-115.61268,40.27972],[-115.61569,40.34442],[-115.60627,40.34442],[-115.60622,40.35169],[-115.62517,40.35168],[-115.62528,40.40242],[-115.5973,40.40234],[-115.5973,40.4168],[-115.58799,40.41682],[-115.57788,40.43182],[-115.58282,40.4499],[-115.56869,40.45716],[-115.56864,40.48247],[-115.58758,40.48251],[-115.58762,40.49695],[-115.56878,40.50419],[-115.56875,40.51891],[-115.55784,40.51895],[-115.54804,40.54068],[-115.52942,40.54068],[-115.52468,40.55876],[-115.52469,40.57324],[-115.53369,40.58049],[-115.52946,40.60588],[-115.54846,40.60592],[-115.54847,40.62041],[-115.56751,40.62048],[-115.56689,40.6493],[-115.54784,40.6493],[-115.54784,40.6638],[-115.5287,40.66369],[-115.52854,40.67808],[-115.50956,40.67786],[-115.50934,40.68541],[-115.49148,40.68573],[-115.49148,40.69335],[-115.45173,40.70081],[-115.45153,40.71138],[-115.41365,40.70763],[-115.40397,40.72218],[-115.39443,40.72214],[-115.39435,40.73664],[-115.38469,40.73655],[-115.38456,40.7656],[-115.36518,40.76539],[-115.36512,40.77269],[-115.35585,40.77268],[-115.35567,40.78716],[-115.29761,40.79419],[-115.29751,40.82302],[-115.28783,40.82295],[-115.27828,40.85215],[-115.25627,40.85182],[-115.25625,40.86475],[-115.23751,40.86473],[-115.23716,40.95419],[-115.21785,40.95398],[-115.21791,40.96815],[-115.17967,40.96818],[-115.1749,41.00444],[-115.15107,41.0117],[-115.15108,41.01893],[-115.16059,41.01895],[-115.15889,41.06303],[-115.11895,41.07023],[-115.11896,41.08113],[-115.09493,41.08473],[-115.08118,41.10254],[-115.08057,41.08473],[-115.06135,41.0847],[-115.06147,41.05569],[-115.05183,41.05567],[-115.05184,41.04111],[-115.04602,41.0411],[-115.04595,41.0028],[-115.06029,41.00278],[-115.06505,40.99554],[-115.06436,40.93727],[-115.0739,40.93724],[-115.07371,40.87934],[-115.06417,40.87936],[-115.06412,40.86489],[-115.05459,40.86491],[-115.0562,40.85018],[-115.04665,40.85018],[-115.0463,40.79965],[-115.06578,40.79239],[-115.06503,40.756],[-115.04597,40.75606],[-115.04593,40.73434],[-115.05546,40.7343],[-115.06495,40.7198],[-115.08401,40.71971],[-115.08399,40.71248],[-115.12215,40.71238],[-115.12224,40.77778],[-115.11343,40.77778],[-115.11343,40.79897],[-115.14163,40.79914],[-115.14149,40.82117],[-115.18004,40.82154],[-115.17966,40.86472],[-115.21818,40.86472],[-115.21821,40.85022],[-115.2278,40.85044],[-115.22781,40.83937],[-115.21835,40.83942],[-115.21809,40.82121],[-115.20859,40.8212],[-115.2082,40.76261],[-115.21773,40.76263],[-115.21832,40.74094],[-115.22785,40.74096],[-115.22777,40.72647],[-115.24672,40.72648],[-115.25582,40.71197],[-115.26535,40.71199],[-115.26531,40.69025],[-115.2843,40.69025],[-115.28444,40.60345],[-115.30367,40.60346]]],[[[-116.72415,39.31507],[-116.72473,39.23569],[-116.71563,39.23544],[-116.71617,39.22117],[-116.70757,39.22117],[-116.70817,39.19217],[-116.72973,39.17774],[-116.73046,39.1306],[-116.71226,39.13056],[-116.71206,39.11578],[-116.69413,39.11579],[-116.69334,39.0584],[-116.70266,39.05846],[-116.71264,39.02963],[-116.72206,39.02985],[-116.72231,39.01537],[-116.74038,39.01413],[-116.74049,39.00118],[-116.74999,39.00121],[-116.75102,38.96556],[-116.7603,38.96556],[-116.76052,38.95141],[-116.76986,38.95154],[-116.7706,38.92271],[-116.77987,38.92271],[-116.78052,38.90874],[-116.79926,38.90312],[-116.79981,38.88776],[-116.81879,38.88053],[-116.81859,38.86622],[-116.82801,38.86626],[-116.82802,38.85185],[-116.83739,38.85185],[-116.83757,38.83751],[-116.8467,38.83761],[-116.83875,38.77987],[-116.8205,38.77229],[-116.81196,38.74336],[-116.79658,38.73533],[-116.7976,38.67837],[-116.80684,38.67858],[-116.81648,38.64984],[-116.82574,38.64998],[-116.82623,38.63589],[-116.83525,38.63586],[-116.83582,38.61437],[-116.84516,38.61466],[-116.84578,38.58589],[-116.86415,38.57897],[-116.86456,38.56453],[-116.88321,38.55757],[-116.88321,38.55044],[-116.91086,38.55045],[-116.91087,38.56494],[-116.94775,38.56493],[-116.96614,38.50696],[-117.01145,38.50699],[-117.01145,38.49254],[-117.03933,38.48541],[-117.03913,38.47105],[-117.05752,38.47125],[-117.07644,38.44957],[-117.17822,38.44234],[-117.17823,38.45683],[-117.18745,38.45682],[-117.18746,38.47131],[-117.19667,38.47131],[-117.1967,38.49304],[-117.18748,38.49305],[-117.18748,38.50129],[-117.1681,38.50139],[-117.16813,38.53025],[-117.03911,38.52874],[-117.03913,38.54323],[-117.13126,38.54489],[-117.13127,38.55874],[-117.12096,38.5594],[-117.12071,38.60222],[-117.09297,38.61672],[-117.09202,38.68933],[-117.06469,38.68939],[-117.06469,38.69664],[-117.04619,38.70345],[-117.04619,38.71794],[-117.03704,38.71795],[-117.03363,38.8053],[-117.016,38.8053],[-117.01767,38.86407],[-116.98065,38.86408],[-116.97559,39.00929],[-116.96612,39.00929],[-116.96611,39.02113],[-116.95707,39.02097],[-116.94701,39.04965],[-116.92842,39.04977],[-116.92692,39.13611],[-116.9176,39.13603],[-116.91742,39.17942],[-116.90811,39.17931],[-116.90815,39.19697],[-116.8975,39.19683],[-116.8975,39.21132],[-116.8882,39.21131],[-116.88821,39.2258],[-116.87891,39.22579],[-116.87894,39.25477],[-116.86028,39.2548],[-116.86026,39.30783],[-116.83633,39.30783],[-116.8363,39.37306],[-116.72414,39.37303],[-116.72415,39.31507]]],[[[-115.31934,39.34822],[-115.3193,39.31861],[-115.31938,39.31119],[-115.31015,39.31103],[-115.30946,39.20093],[-115.31576,39.20106],[-115.31579,39.18289],[-115.29715,39.18283],[-115.29715,39.16834],[-115.27852,39.16829],[-115.27852,39.12822],[-115.24291,39.12818],[-115.24292,39.11368],[-115.22428,39.11366],[-115.22427,39.06905],[-115.24285,39.06905],[-115.24339,38.76318],[-115.39007,38.76318],[-115.391,38.8075],[-115.42806,38.80749],[-115.42807,38.82199],[-115.48367,38.82208],[-115.48369,38.83657],[-115.50215,38.83661],[-115.50215,38.85003],[-115.52066,38.85003],[-115.51928,38.96618],[-115.52857,38.96618],[-115.52855,39.03782],[-115.53784,39.03782],[-115.53774,39.06683],[-115.55633,39.06681],[-115.55624,39.18562],[-115.59357,39.18557],[-115.59079,39.28977],[-115.55341,39.28953],[-115.55351,39.30381],[-115.4972,39.30433],[-115.49701,39.31914],[-115.38524,39.31872],[-115.38478,39.33366],[-115.36597,39.33349],[-115.3655,39.34803],[-115.31934,39.34822]]],[[[-117.52999,41.99906],[-117.50165,41.99927],[-117.477,41.99628],[-117.477,41.98903],[-117.42349,41.97118],[-117.41364,41.953],[-117.37984,41.9385],[-117.3652,41.92036],[-117.32635,41.92034],[-117.32636,41.90574],[-117.30688,41.90577],[-117.30674,41.89123],[-117.29698,41.89121],[-117.29664,41.83283],[-117.30637,41.83282],[-117.30628,41.81816],[-117.3468,41.81808],[-117.34553,41.74392],[-117.36528,41.7445],[-117.36477,41.70082],[-117.40365,41.70149],[-117.4038,41.6142],[-117.44277,41.61445],[-117.44279,41.57061],[-117.49138,41.57073],[-117.49135,41.57809],[-117.52024,41.5856],[-117.52035,41.60022],[-117.57862,41.59983],[-117.57875,41.58529],[-117.59809,41.5854],[-117.59785,41.52679],[-117.6075,41.5267],[-117.60753,41.51213],[-117.61717,41.51207],[-117.61721,41.46878],[-117.63647,41.46137],[-117.63641,41.39628],[-117.65564,41.39633],[-117.65563,41.38186],[-117.73262,41.38201],[-117.73263,41.40374],[-117.75376,41.4038],[-117.75306,41.48343],[-117.73273,41.48337],[-117.73258,41.55573],[-117.75171,41.55586],[-117.75119,41.61378],[-117.73304,41.61368],[-117.73309,41.64276],[-117.7123,41.64279],[-117.71243,41.67177],[-117.69305,41.6718],[-117.69314,41.68628],[-117.67375,41.68629],[-117.67386,41.71528],[-117.65457,41.71527],[-117.65462,41.72942],[-117.57847,41.72983],[-117.57831,41.75872],[-117.59771,41.75867],[-117.59763,41.81779],[-117.57772,41.81777],[-117.57294,41.83596],[-117.61635,41.83222],[-117.61647,41.86118],[-117.59714,41.86122],[-117.5974,41.90496],[-117.57806,41.90491],[-117.57839,41.97049],[-117.54436,41.97777],[-117.54442,41.98865],[-117.52999,41.99906]],[[-117.60757,41.55989],[-117.63683,41.57022],[-117.6369,41.55573],[-117.60263,41.55631],[-117.60757,41.55989]]],[[[-115.86777,36.45151],[-115.84938,36.455],[-115.8493,36.47979],[-115.79512,36.47974],[-115.79534,36.4655],[-115.77706,36.46538],[-115.77687,36.43698],[-115.72305,36.43583],[-115.72191,36.42231],[-115.54347,36.42175],[-115.54628,36.33687],[-115.51043,36.33627],[-115.51298,36.21947],[-115.53085,36.21941],[-115.53082,36.20463],[-115.54866,36.20434],[-115.54496,36.07324],[-115.52637,36.0737],[-115.52635,36.02942],[-115.49948,36.02916],[-115.4997,36.0217],[-115.49074,36.02145],[-115.48726,35.95538],[-115.4317,35.95714],[-115.43153,35.91371],[-115.54655,35.91114],[-115.54652,35.94018],[-115.56455,35.94018],[-115.56336,35.99827],[-115.5815,35.99832],[-115.58133,36.07287],[-115.70732,36.07255],[-115.70714,36.10175],[-115.72496,36.10202],[-115.72497,36.17488],[-115.76048,36.17543],[-115.76047,36.20526],[-115.77838,36.20509],[-115.77811,36.21983],[-115.79644,36.21956],[-115.79755,36.27877],[-115.82521,36.27887],[-115.8253,36.29353],[-115.90628,36.29332],[-115.9065,36.30788],[-115.92483,36.30784],[-115.92399,36.36584],[-115.9423,36.36609],[-115.94196,36.39521],[-115.95992,36.3955],[-115.96018,36.41027],[-115.97844,36.41048],[-115.97873,36.42505],[-116.01469,36.42466],[-116.01317,36.50902],[-115.89555,36.50835],[-115.89515,36.48017],[-115.88603,36.4801],[-115.88599,36.46586],[-115.86771,36.46565],[-115.86777,36.45151]]],[[[-114.67788,39.79059],[-114.60899,39.79058],[-114.58549,39.79059],[-114.5854,39.68184],[-114.59478,39.68187],[-114.59478,39.67463],[-114.5854,39.6746],[-114.5854,39.66013],[-114.56671,39.66014],[-114.56669,39.64564],[-114.55398,39.64564],[-114.54453,39.46112],[-114.53516,39.46118],[-114.53532,39.43215],[-114.526,39.43218],[-114.52607,39.33023],[-114.50761,39.32318],[-114.50774,39.25849],[-114.52727,39.25889],[-114.52717,39.24463],[-114.54578,39.24441],[-114.54559,39.21523],[-114.56427,39.21528],[-114.55941,39.11532],[-114.56872,39.11531],[-114.56886,39.04232],[-114.57816,39.04232],[-114.57818,39.02807],[-114.69277,39.02687],[-114.7174,39.05574],[-114.72538,39.15824],[-114.744,39.15829],[-114.74403,39.18759],[-114.76298,39.18767],[-114.76753,39.20146],[-114.76769,39.30359],[-114.69599,39.30531],[-114.69629,39.36305],[-114.67759,39.36656],[-114.67729,39.40621],[-114.66795,39.40621],[-114.66741,39.49588],[-114.69523,39.49206],[-114.69523,39.50671],[-114.71331,39.5068],[-114.71665,39.68749],[-114.69787,39.68751],[-114.6979,39.72409],[-114.68761,39.72387],[-114.68736,39.78255],[-114.678,39.78253],[-114.67788,39.79059]]],[[[-115.58954,38.40006],[-115.50655,38.40014],[-115.47894,38.40013],[-115.46969,38.38562],[-115.45129,38.38563],[-115.45125,38.37113],[-115.39608,38.36408],[-115.39925,38.26153],[-115.4177,38.26152],[-115.41772,38.24692],[-115.43616,38.24695],[-115.43619,38.23966],[-115.45465,38.23244],[-115.4553,38.1741],[-115.49176,38.17451],[-115.49178,38.1598],[-115.53058,38.16012],[-115.53047,38.1305],[-115.54881,38.13042],[-115.54875,38.11591],[-115.56707,38.11589],[-115.56697,38.08691],[-115.58529,38.08687],[-115.58524,38.0724],[-115.64092,38.07213],[-115.64092,38.05763],[-115.65928,38.05751],[-115.65895,37.9844],[-115.84225,37.98446],[-115.84265,38.1108],[-115.82143,38.11013],[-115.82133,38.14639],[-115.81207,38.14639],[-115.78454,38.1754],[-115.76616,38.17538],[-115.76617,38.18264],[-115.75698,38.18264],[-115.75698,38.19713],[-115.74779,38.19712],[-115.73862,38.21161],[-115.71154,38.2116],[-115.71155,38.2261],[-115.69317,38.2261],[-115.69316,38.24061],[-115.60129,38.24055],[-115.6013,38.25503],[-115.58289,38.25498],[-115.58177,38.32702],[-115.59827,38.32759],[-115.59875,38.39278],[-115.58952,38.3928],[-115.58954,38.40006]]],[[[-114.07897,39.31593],[-114.07917,39.20004],[-114.09431,39.20004],[-114.0943,39.1664],[-114.16804,39.16647],[-114.16803,39.14404],[-114.24251,39.14402],[-114.24254,39.16575],[-114.33706,39.17298],[-114.33941,39.24337],[-114.32091,39.24326],[-114.32055,39.30131],[-114.30194,39.30136],[-114.30196,39.3738],[-114.09728,39.37382],[-114.09745,39.34493],[-114.0788,39.34492],[-114.07897,39.31593]]],[[[-117.73183,38.99606],[-117.73229,38.98542],[-117.72326,38.98557],[-117.72088,38.94232],[-117.73034,38.94219],[-117.73038,38.92772],[-117.73988,38.92757],[-117.73981,38.89852],[-117.74913,38.89846],[-117.75836,38.88392],[-117.77714,38.88339],[-117.77731,38.85437],[-117.78666,38.85416],[-117.78695,38.80335],[-117.7777,38.80335],[-117.77773,38.76765],[-117.92629,38.76772],[-117.92693,38.8593],[-117.90841,38.86646],[-117.90779,38.88087],[-117.83338,38.88111],[-117.8332,38.97635],[-117.82401,38.97665],[-117.82365,38.99113],[-117.81446,38.99137],[-117.81434,38.99858],[-117.80514,38.99876],[-117.8046,39.02765],[-117.73103,39.02815],[-117.73183,38.99606]]],[[[-114.88934,39.22272],[-114.88804,39.20174],[-114.85526,39.20158],[-114.85521,39.0996],[-115.00113,39.09882],[-115.00238,39.20136],[-114.99074,39.2011],[-114.99084,39.2227],[-114.88934,39.22272]]],[[[-120.12957,39.68279],[-120.1388,39.70752],[-120.14786,39.70752],[-120.14708,39.73637],[-120.12107,39.72914],[-120.12066,39.70751],[-120.11128,39.70752],[-120.11118,39.69316],[-120.09261,39.69314],[-120.09244,39.6792],[-120.11104,39.67919],[-120.11093,39.66506],[-120.12946,39.66529],[-120.12957,39.68279]]],[[[-120.02549,39.38833],[-120.02983,39.37804],[-120.03919,39.38161],[-120.04372,39.40345],[-120.02542,39.40287],[-120.02549,39.38833]]],[[[-115.18004,40.82154],[-115.17984,40.80671],[-115.19895,40.81016],[-115.19909,40.82119],[-115.18004,40.82154]]],[[[-120.05761,39.44545],[-120.05286,39.46214],[-120.04829,39.46217],[-120.04831,39.43267],[-120.05759,39.43268],[-120.05761,39.44545]]],[[[-120.04831,39.43267],[-120.03909,39.43269],[-120.03906,39.42536],[-120.04367,39.42534],[-120.04826,39.41797],[-120.04831,39.43267]]],[[[-115.89368,41.33969],[-115.8985,41.33977],[-115.89864,41.34335],[-115.88901,41.34323],[-115.89368,41.33969]]],[[[-120.07836,39.64354],[-120.07364,39.64004],[-120.0736,39.63649],[-120.07828,39.63642],[-120.07836,39.64354]]],[[[-115.28444,40.60345],[-115.27967,40.59798],[-115.28443,40.59647],[-115.28444,40.60345]]],[[[-120.01163,39.48018],[-120.01167,39.48383],[-120.00678,39.48378],[-120.01163,39.48018]]],[[[-117.61644,41.82134],[-117.61155,41.82132],[-117.61156,41.81768],[-117.61644,41.82134]]],[[[-120.01154,39.47287],[-120.00665,39.46923],[-120.0115,39.46922],[-120.01154,39.47287]]],[[[-120.02099,39.48373],[-120.01647,39.48387],[-120.01646,39.48021],[-120.02099,39.48373]]],[[[-114.97546,41.10912],[-114.97274,41.11155],[-114.97427,41.10885],[-114.97546,41.10912]]],[[[-119.71971,39.52442],[-119.7187,39.52502],[-119.7182,39.52312],[-119.71971,39.52442]]],[[[-119.77446,38.69724],[-119.77392,38.69862],[-119.77235,38.6986],[-119.77446,38.69724]]],[[[-114.87326,39.25519],[-114.87166,39.25594],[-114.87129,39.25525],[-114.87326,39.25519]]],[[[-117.21816,38.05365],[-117.21632,38.05431],[-117.21619,38.05362],[-117.21816,38.05365]]],[[[-117.53445,41.48902],[-117.53365,41.48904],[-117.53363,41.48863],[-117.53445,41.48902]]],[[[-117.18509,38.79168],[-117.18294,38.78954],[-117.18419,38.79066],[-117.18509,38.79168]]],[[[-114.96781,41.10687],[-114.96698,41.1068],[-114.96737,41.10652],[-114.96781,41.10687]]],[[[-119.91498,39.62762],[-119.91424,39.62686],[-119.9146,39.62696],[-119.91498,39.62762]]],[[[-115.47857,40.72715],[-115.47828,40.72728],[-115.47812,40.72678],[-115.47857,40.72715]]],[[[-117.2314,38.06043],[-117.23125,38.06058],[-117.23082,38.06038],[-117.2314,38.06043]]],[[[-117.23114,38.05904],[-117.2311,38.05927],[-117.23083,38.05925],[-117.23114,38.05904]]],[[[-119.54311,38.66286],[-119.54311,38.66283],[-119.54329,38.66715],[-119.54311,38.66286]]]]},"bbox":[-120.14786,35.91114,-114.0788,41.99927],"properties":{"divisionId":"national-forest:{760E0D0F-2889-4D6B-AAA5-350F3E3515B3}","divisionType":"national-forest","name":"Humboldt-Toiyabe National Forest","label":"Humboldt-Toiyabe National Forest","labelPoint":[-117.11332999999999,38.95520500000001],"state":null,"sourceFeatureId":"{760E0D0F-2889-4D6B-AAA5-350F3E3515B3}","landAreaSqKm":0.002,"cameraViewshedAreaSqKm":0.0,"cameraViewshedCoveragePct":0.0,"landMix":[{"label":"National Forest","percentage":100.0,"areaSqKm":0.002},{"label":"Other/unclassified","percentage":0.0,"areaSqKm":0.0}]}},{"type":"Feature","id":"national-forest:{79329579-47B1-4CB9-9323-A47DC105F508}","geometry":{"type":"MultiPolygon","coordinates":[[[[-115.19304,45.56701],[-115.09017,45.52005],[-115.06888,45.51791],[-115.06409,45.51002],[-115.0164,45.50762],[-114.98188,45.49285],[-114.95975,45.46843],[-114.89008,45.43496],[-114.87438,45.4188],[-114.80294,45.39381],[-114.80927,45.35044],[-114.79607,45.3389],[-114.80634,45.32637],[-114.78617,45.30987],[-114.78947,45.2961],[-114.79631,45.27708],[-114.82352,45.27916],[-114.84796,45.25413],[-114.83966,45.23988],[-114.84827,45.22478],[-114.8243,45.20593],[-114.83326,45.18864],[-114.81255,45.1859],[-114.79831,45.16076],[-114.77354,45.14922],[-114.74696,45.10467],[-114.71995,45.0885],[-114.76141,45.0731],[-114.78193,45.05262],[-114.81622,45.05724],[-114.84048,45.0397],[-114.84522,45.0246],[-114.86887,45.02449],[-114.90612,44.99352],[-114.90895,44.9759],[-114.93628,44.95694],[-114.9076,44.93869],[-114.91085,44.90878],[-114.8954,44.89866],[-114.89909,44.89398],[-114.92675,44.88945],[-115.0045,44.89946],[-115.07114,44.88352],[-115.10761,44.89715],[-115.16872,44.88024],[-115.19844,44.88133],[-115.21283,44.87159],[-115.21787,44.88116],[-115.2445,44.893],[-115.27797,44.86838],[-115.37657,44.85036],[-115.39597,44.87241],[-115.39953,44.89575],[-115.42445,44.89388],[-115.45554,44.92946],[-115.45883,44.94435],[-115.43904,44.96006],[-115.4755,44.96161],[-115.47819,44.97025],[-115.49373,44.97044],[-115.50205,44.96246],[-115.58871,44.94762],[-115.57937,44.92481],[-115.58633,44.86995],[-115.57343,44.8481],[-115.60433,44.8259],[-115.60502,44.80922],[-115.62154,44.79424],[-115.61138,44.78596],[-115.60954,44.77147],[-115.62057,44.77122],[-115.61975,44.75052],[-115.70451,44.74907],[-115.72625,44.77511],[-115.76161,44.75033],[-115.78448,44.748],[-115.79807,44.75828],[-115.81657,44.75761],[-115.82536,44.74369],[-115.84571,44.74886],[-115.87892,44.74366],[-115.90005,44.7304],[-115.90557,44.70397],[-115.9055,44.74563],[-115.92578,44.74561],[-115.92575,44.76017],[-115.9055,44.76021],[-115.90538,44.77479],[-115.98689,44.77451],[-115.98681,44.789],[-115.94616,44.78904],[-115.94619,44.80347],[-115.96657,44.81065],[-115.96655,44.81781],[-115.99684,44.81793],[-115.99656,44.84704],[-115.98396,44.84702],[-115.984,44.8903],[-115.96376,44.89025],[-115.96374,44.92629],[-116.02444,44.93369],[-116.02456,44.95589],[-116.04488,44.95587],[-116.0449,44.99196],[-116.02447,44.99186],[-116.02437,45.04962],[-116.03457,45.04961],[-116.03456,45.06406],[-116.06525,45.06403],[-116.06521,45.02789],[-116.07541,45.02793],[-116.0754,45.0207],[-116.10605,45.02084],[-116.10647,44.99202],[-116.12667,44.99201],[-116.12684,44.93402],[-116.20929,44.9339],[-116.20945,44.97745],[-116.22973,44.97744],[-116.22957,45.04999],[-116.27019,45.05004],[-116.27021,45.36902],[-116.02333,45.37027],[-116.02322,45.42652],[-115.98195,45.43272],[-115.92919,45.45989],[-115.80833,45.46816],[-115.75398,45.44467],[-115.69625,45.44323],[-115.66743,45.43439],[-115.61319,45.39698],[-115.52768,45.38466],[-115.50918,45.37561],[-115.47743,45.39996],[-115.47884,45.40847],[-115.46296,45.41852],[-115.45754,45.43361],[-115.42773,45.45769],[-115.38649,45.47682],[-115.37786,45.4708],[-115.35466,45.47523],[-115.33523,45.48557],[-115.32202,45.51821],[-115.29568,45.53547],[-115.25388,45.53944],[-115.21568,45.56949],[-115.19304,45.56701]],[[-115.81861,45.42814],[-115.81863,45.44262],[-115.8997,45.4425],[-115.89966,45.37007],[-115.81855,45.37024],[-115.81861,45.42814]]],[[[-116.43485,44.72743],[-116.43449,44.72744],[-116.43448,44.72722],[-116.43485,44.72743]]],[[[-116.43033,44.73088],[-116.43032,44.73002],[-116.43266,44.73004],[-116.43033,44.73088]]],[[[-116.43749,44.73135],[-116.43716,44.73077],[-116.43845,44.73078],[-116.43749,44.73135]]],[[[-116.66035,45.25504],[-116.63541,45.25884],[-116.63434,45.22203],[-116.61301,45.20631],[-116.62004,45.20158],[-116.61695,45.15385],[-116.58498,45.15265],[-116.56329,45.14071],[-116.55027,45.1748],[-116.53221,45.18606],[-116.52595,45.21014],[-116.53039,45.23409],[-116.52133,45.24754],[-116.53188,45.26792],[-116.35221,45.2678],[-116.3519,45.19553],[-116.33153,45.19553],[-116.33163,45.08563],[-116.3624,45.07098],[-116.36251,45.02011],[-116.45418,45.01998],[-116.45412,44.99102],[-116.47453,44.99106],[-116.47449,44.97656],[-116.41324,44.97643],[-116.41319,44.96191],[-116.43362,44.96195],[-116.43355,44.93293],[-116.39279,44.9328],[-116.39274,44.92645],[-116.37199,44.92645],[-116.37202,44.91915],[-116.34112,44.91914],[-116.35149,44.8901],[-116.29039,44.89019],[-116.29042,44.84648],[-116.26996,44.84684],[-116.26996,44.86132],[-116.24963,44.86132],[-116.24958,44.84682],[-116.23066,44.84683],[-116.23094,44.80383],[-116.21042,44.80388],[-116.20699,44.76842],[-116.17665,44.74551],[-116.18329,44.72562],[-116.15759,44.70358],[-116.16332,44.68791],[-116.16961,44.68792],[-116.16475,44.67204],[-116.17776,44.64921],[-116.16886,44.64126],[-116.17014,44.62073],[-116.18494,44.58714],[-116.17497,44.57485],[-116.15734,44.49867],[-116.19314,44.49368],[-116.21338,44.51074],[-116.23014,44.48938],[-116.23615,44.46472],[-116.25813,44.46607],[-116.29176,44.45254],[-116.31302,44.42225],[-116.31198,44.57153],[-116.33224,44.57158],[-116.33231,44.58555],[-116.35265,44.58551],[-116.35284,44.62903],[-116.33238,44.62901],[-116.3324,44.64352],[-116.35283,44.64353],[-116.35271,44.67326],[-116.37311,44.67322],[-116.37314,44.70231],[-116.39219,44.70211],[-116.39255,44.86059],[-116.41271,44.86062],[-116.41278,44.84612],[-116.43315,44.84612],[-116.4332,44.86066],[-116.49445,44.86069],[-116.49446,44.87518],[-116.51488,44.87513],[-116.51492,44.88963],[-116.53533,44.88965],[-116.55568,44.88964],[-116.55566,44.87516],[-116.59646,44.87512],[-116.59643,44.84619],[-116.61614,44.84615],[-116.6151,44.81744],[-116.59527,44.81735],[-116.59489,44.78837],[-116.53394,44.78833],[-116.53417,44.73087],[-116.54435,44.73087],[-116.54434,44.71639],[-116.57482,44.71641],[-116.58494,44.7019],[-116.59508,44.70188],[-116.60013,44.6874],[-116.6351,44.69463],[-116.65538,44.69376],[-116.65539,44.68654],[-116.81798,44.68708],[-116.81799,44.70164],[-116.84845,44.70166],[-116.84802,44.65101],[-116.85816,44.65101],[-116.85792,44.58596],[-116.87792,44.586],[-116.87784,44.54209],[-116.90302,44.52761],[-116.92827,44.52761],[-116.92827,44.52037],[-116.93838,44.52038],[-116.9394,44.48492],[-116.99401,44.48476],[-116.99396,44.49865],[-117.03989,44.49863],[-117.0395,44.6439],[-116.99893,44.64396],[-116.99886,44.68773],[-117.009,44.68772],[-117.00899,44.7022],[-116.98981,44.70163],[-116.98982,44.70887],[-116.92866,44.70891],[-116.92866,44.70165],[-116.90829,44.70165],[-116.9083,44.71616],[-116.89302,44.71616],[-116.89302,44.70891],[-116.81807,44.71612],[-116.81805,44.73061],[-116.86892,44.73071],[-116.86891,44.73799],[-116.84853,44.73791],[-116.84863,44.7666],[-116.85878,44.76659],[-116.8587,44.78834],[-116.86886,44.78835],[-116.86878,44.83901],[-116.78729,44.83867],[-116.78992,44.86798],[-116.77971,44.86796],[-116.77966,44.88245],[-116.75929,44.88241],[-116.75929,44.90429],[-116.80006,44.90425],[-116.80003,44.93322],[-116.75906,44.93299],[-116.75914,44.97644],[-116.79983,44.97659],[-116.79966,45.01984],[-116.83097,45.01979],[-116.83104,45.03497],[-116.78543,45.07494],[-116.77498,45.10589],[-116.75674,45.11155],[-116.74417,45.13347],[-116.72985,45.14172],[-116.70215,45.24181],[-116.66035,45.25504]]],[[[-116.10592,44.89063],[-116.10482,44.89406],[-116.10311,44.89406],[-116.10592,44.89063]]],[[[-116.1059,44.90838],[-116.10592,44.90592],[-116.10846,44.90542],[-116.1059,44.90838]]],[[[-116.15683,44.92672],[-116.16576,44.92668],[-116.16579,44.9303],[-116.15683,44.92672]]],[[[-116.27649,44.97011],[-116.27648,44.96962],[-116.28082,44.96959],[-116.27649,44.97011]]]]},"bbox":[-117.03989,44.42225,-114.71995,45.56949],"properties":{"divisionId":"national-forest:{79329579-47B1-4CB9-9323-A47DC105F508}","divisionType":"national-forest","name":"Payette National Forest","label":"Payette National Forest","labelPoint":[-115.87992,44.99587],"state":null,"sourceFeatureId":"{79329579-47B1-4CB9-9323-A47DC105F508}","landAreaSqKm":0.52,"cameraViewshedAreaSqKm":0.0,"cameraViewshedCoveragePct":0.0,"landMix":[{"label":"National Forest","percentage":100.0,"areaSqKm":0.52},{"label":"Federal land","percentage":0.0,"areaSqKm":0.0},{"label":"Other/unclassified","percentage":0.0,"areaSqKm":0.0}]}},{"type":"Feature","id":"national-forest:{80E1AE71-2998-4C77-9F40-4F10F7F75C93}","geometry":{"type":"MultiPolygon","coordinates":[[[[-123.71999,44.41891],[-123.71994,44.41168],[-123.71005,44.41134],[-123.70988,44.41872],[-123.70095,44.41881],[-123.7006,44.40375],[-123.7199,44.40444],[-123.72014,44.38951],[-123.73544,44.38945],[-123.73507,44.35304],[-123.72505,44.33168],[-123.72545,44.2729],[-123.69566,44.27272],[-123.69577,44.25801],[-123.65525,44.24962],[-123.65507,44.21355],[-123.64528,44.21314],[-123.64523,44.1984],[-123.65486,44.19836],[-123.65517,44.18432],[-123.70458,44.18474],[-123.70407,44.15263],[-123.71382,44.15637],[-123.71401,44.14205],[-123.733,44.14283],[-123.73306,44.12841],[-123.75252,44.1285],[-123.75161,44.07034],[-123.7128,44.07195],[-123.71206,44.02766],[-123.79445,44.01968],[-123.79441,44.00526],[-123.81513,44.00502],[-123.83279,44.00763],[-123.83274,44.01438],[-123.82545,44.01346],[-123.82325,44.04135],[-123.83261,44.04163],[-123.83101,44.0554],[-123.85046,44.05555],[-123.85155,44.04169],[-123.88983,44.04172],[-123.88509,44.03111],[-123.89057,44.01322],[-123.87074,44.01568],[-123.87128,44.00058],[-123.85191,44.00111],[-123.85186,43.98576],[-123.83275,43.98739],[-123.83262,43.97388],[-123.85199,43.97053],[-123.84768,43.95517],[-123.81046,43.955],[-123.81475,43.97633],[-123.74278,43.97664],[-123.73838,43.94402],[-123.76792,43.95116],[-123.76805,43.92921],[-123.78783,43.92954],[-123.78883,43.91437],[-123.7788,43.91437],[-123.77793,43.85564],[-123.76799,43.85566],[-123.76805,43.84172],[-123.78785,43.84244],[-123.78786,43.85203],[-123.8226,43.84831],[-123.83093,43.85866],[-123.85003,43.85706],[-123.85131,43.86531],[-123.90697,43.85873],[-123.90715,43.81073],[-123.88763,43.81018],[-123.88784,43.78177],[-123.84916,43.78602],[-123.84709,43.69545],[-123.84698,43.67855],[-123.87647,43.67156],[-123.87651,43.66452],[-123.88745,43.66445],[-123.88744,43.65243],[-123.90308,43.65234],[-123.93438,43.68306],[-124.00264,43.70159],[-124.03038,43.70007],[-124.0358,43.70657],[-124.02626,43.71148],[-124.02576,43.72582],[-123.9859,43.7258],[-123.9871,43.7403],[-123.94714,43.74571],[-123.95234,43.76786],[-123.94708,43.7821],[-124.02607,43.78265],[-124.02588,43.77558],[-124.04604,43.77605],[-124.05612,43.77944],[-124.05603,43.78979],[-124.00646,43.81055],[-124.00644,43.81787],[-124.06563,43.81835],[-124.06553,43.81166],[-124.08565,43.81167],[-124.08567,43.84095],[-124.06593,43.84109],[-124.06441,43.85489],[-123.9461,43.85535],[-123.94669,43.8857],[-124.00571,43.88591],[-124.0057,43.87154],[-124.02569,43.8714],[-124.02575,43.8859],[-124.04576,43.88591],[-124.04583,43.893],[-124.04557,43.90049],[-124.02578,43.90051],[-124.02575,43.91493],[-124.0647,43.91517],[-124.06477,43.95541],[-124.04401,43.95538],[-124.04522,43.98355],[-124.00665,43.98515],[-124.00688,43.99901],[-123.9873,43.99901],[-123.98791,44.02009],[-124.02551,44.01572],[-124.02547,44.02641],[-124.06451,44.02741],[-124.06432,44.04172],[-124.13429,44.04184],[-124.12174,44.13417],[-124.12916,44.13711],[-124.11735,44.162],[-124.10845,44.26561],[-124.11535,44.28675],[-124.08149,44.29181],[-124.08184,44.32086],[-124.09662,44.32051],[-124.09185,44.33944],[-124.09745,44.33598],[-124.0868,44.34963],[-124.08658,44.3639],[-124.08815,44.35552],[-124.09321,44.36389],[-124.08172,44.38881],[-124.03032,44.38849],[-124.03147,44.39565],[-124.01529,44.3882],[-124.01721,44.40272],[-123.99723,44.40264],[-123.99255,44.41009],[-123.99334,44.41804],[-124.02415,44.41868],[-124.0412,44.42796],[-124.01882,44.43603],[-124.01841,44.44719],[-123.99739,44.44732],[-123.998,44.49015],[-124.00816,44.49028],[-124.01126,44.54497],[-123.98109,44.54486],[-123.98107,44.55199],[-123.94557,44.54771],[-123.94058,44.56659],[-123.81961,44.56546],[-123.83994,44.56169],[-123.83973,44.55088],[-123.79993,44.5506],[-123.79964,44.56549],[-123.77966,44.56552],[-123.77994,44.55081],[-123.71923,44.55074],[-123.71923,44.54342],[-123.71393,44.5544],[-123.71919,44.56542],[-123.47588,44.56384],[-123.47647,44.47693],[-123.49651,44.47694],[-123.49649,44.46136],[-123.51678,44.46143],[-123.51638,44.47731],[-123.5367,44.47707],[-123.53692,44.49165],[-123.55734,44.49177],[-123.55669,44.50243],[-123.59589,44.50625],[-123.59595,44.49905],[-123.63562,44.49171],[-123.63547,44.4774],[-123.61735,44.46971],[-123.6185,44.46268],[-123.63913,44.46268],[-123.63804,44.47351],[-123.64795,44.46999],[-123.64669,44.47738],[-123.65657,44.4773],[-123.66353,44.47009],[-123.65926,44.46279],[-123.6689,44.45924],[-123.67905,44.463],[-123.67306,44.47355],[-123.69652,44.47736],[-123.69844,44.49223],[-123.71378,44.49214],[-123.719,44.49956],[-123.71811,44.47737],[-123.69777,44.47736],[-123.69823,44.46989],[-123.71944,44.46974],[-123.72518,44.43345],[-123.71999,44.41891]],[[-124.0646,44.05637],[-124.05901,44.06243],[-124.06468,44.06369],[-124.0646,44.05637]],[[-123.76605,44.45187],[-123.7611,44.45915],[-123.76621,44.46285],[-123.76605,44.45187]],[[-123.67776,44.50679],[-123.66664,44.50277],[-123.6613,44.50629],[-123.67776,44.50679]],[[-123.59159,44.53816],[-123.59654,44.53472],[-123.57608,44.53433],[-123.59159,44.53816]],[[-123.82142,44.46231],[-123.81109,44.4681],[-123.82132,44.46978],[-123.82142,44.46231]],[[-123.80169,44.49482],[-123.8116,44.48399],[-123.8013,44.48416],[-123.80169,44.49482]],[[-123.65567,44.49169],[-123.63568,44.49533],[-123.65574,44.49892],[-123.65567,44.49169]],[[-123.85986,44.49547],[-123.85493,44.48831],[-123.84013,44.48821],[-123.84003,44.4954],[-123.85986,44.49547]],[[-123.87022,44.47738],[-123.85988,44.47382],[-123.85986,44.48834],[-123.87013,44.48826],[-123.87022,44.47738]],[[-123.70377,44.52898],[-123.71922,44.53248],[-123.7192,44.52166],[-123.70367,44.52172],[-123.70377,44.52898]],[[-123.57608,44.53084],[-123.57609,44.52038],[-123.59617,44.51697],[-123.57611,44.5168],[-123.57614,44.50965],[-123.55625,44.51667],[-123.55617,44.52379],[-123.57111,44.52034],[-123.57111,44.52735],[-123.55617,44.52735],[-123.55616,44.53447],[-123.57608,44.53084]],[[-123.70347,44.49596],[-123.69221,44.49198],[-123.67664,44.49172],[-123.67668,44.47729],[-123.66519,44.47715],[-123.66615,44.4917],[-123.69893,44.50716],[-123.70347,44.49596]]],[[[-123.90907,45.12302],[-123.9037,45.12295],[-123.90942,45.13009],[-123.89902,45.13356],[-123.89883,45.11609],[-123.88879,45.11625],[-123.87805,45.15483],[-123.86801,45.1547],[-123.863,45.14391],[-123.86307,45.15822],[-123.91171,45.16955],[-123.89961,45.1695],[-123.90539,45.18792],[-123.86509,45.18745],[-123.86523,45.21621],[-123.84511,45.21608],[-123.84486,45.24479],[-123.86482,45.24484],[-123.86521,45.23063],[-123.89288,45.23089],[-123.89023,45.22021],[-123.90534,45.21677],[-123.91034,45.22404],[-123.91027,45.21681],[-123.9247,45.21699],[-123.92484,45.23151],[-123.94542,45.23145],[-123.95051,45.22425],[-123.96045,45.2494],[-123.93999,45.25989],[-123.94469,45.27069],[-123.92438,45.28074],[-123.92365,45.28864],[-123.90332,45.28823],[-123.90874,45.29983],[-123.90457,45.30754],[-123.88938,45.30712],[-123.88917,45.31477],[-123.8844,45.30302],[-123.85381,45.3095],[-123.83416,45.29848],[-123.83462,45.29141],[-123.86381,45.28813],[-123.85901,45.27365],[-123.86447,45.2629],[-123.85838,45.25923],[-123.80395,45.26234],[-123.7844,45.25244],[-123.78381,45.26226],[-123.77402,45.26221],[-123.7639,45.25868],[-123.76901,45.2487],[-123.74874,45.24869],[-123.75398,45.25868],[-123.744,45.25849],[-123.74382,45.27257],[-123.7283,45.27242],[-123.73375,45.26193],[-123.72846,45.24871],[-123.7214,45.26544],[-123.68605,45.25865],[-123.68623,45.26943],[-123.70633,45.26922],[-123.70644,45.27626],[-123.66598,45.27335],[-123.66687,45.28697],[-123.68664,45.28691],[-123.68729,45.29437],[-123.66786,45.30181],[-123.61686,45.30207],[-123.60691,45.29518],[-123.6068,45.27352],[-123.58638,45.27385],[-123.58642,45.25939],[-123.59653,45.25942],[-123.59646,45.24496],[-123.58612,45.25221],[-123.58624,45.22369],[-123.60642,45.21655],[-123.61145,45.17358],[-123.72981,45.17357],[-123.72935,45.1017],[-123.74396,45.10167],[-123.744,45.08747],[-123.72425,45.08747],[-123.72441,45.07317],[-123.78435,45.07315],[-123.78469,45.05913],[-123.80483,45.05912],[-123.80471,45.04493],[-123.82479,45.04507],[-123.82484,45.05937],[-123.84487,45.05945],[-123.84539,45.10161],[-123.85882,45.10212],[-123.86421,45.06693],[-123.85406,45.06671],[-123.85434,45.05979],[-123.86451,45.05973],[-123.86441,45.04547],[-123.8442,45.04525],[-123.8502,45.02327],[-123.85501,45.03054],[-123.88574,45.03075],[-123.87558,45.02719],[-123.88582,45.01997],[-123.87585,45.01634],[-123.9266,45.01625],[-123.92552,45.04577],[-123.94121,45.0378],[-123.94077,45.04571],[-123.95496,45.04572],[-123.94675,45.00896],[-124.01287,45.02559],[-124.00716,45.046],[-124.01758,45.05108],[-124.00595,45.08432],[-123.94626,45.08758],[-123.94297,45.09488],[-123.92468,45.09469],[-123.92304,45.10193],[-123.92048,45.09106],[-123.91042,45.09105],[-123.90372,45.1157],[-123.92507,45.12677],[-123.90907,45.12302]],[[-123.86351,45.29894],[-123.85869,45.29533],[-123.85869,45.30244],[-123.86351,45.29894]],[[-123.65674,45.28374],[-123.66143,45.27687],[-123.65161,45.27711],[-123.65674,45.28374]],[[-123.61684,45.28432],[-123.62172,45.2773],[-123.61178,45.27718],[-123.61684,45.28432]],[[-123.64687,45.19554],[-123.65183,45.18838],[-123.64183,45.18845],[-123.64687,45.19554]],[[-123.60644,45.2237],[-123.59634,45.2237],[-123.59643,45.23089],[-123.60653,45.2309],[-123.60644,45.2237]],[[-123.66555,45.25892],[-123.64604,45.26255],[-123.65133,45.26988],[-123.66576,45.26614],[-123.66555,45.25892]],[[-123.89829,45.10896],[-123.89228,45.09284],[-123.88587,45.08737],[-123.88359,45.09827],[-123.88808,45.10909],[-123.89829,45.10896]],[[-123.6082,45.27355],[-123.61669,45.26626],[-123.61671,45.2737],[-123.6266,45.2739],[-123.62696,45.28776],[-123.64669,45.28392],[-123.64611,45.26612],[-123.62644,45.26603],[-123.62447,45.24539],[-123.60158,45.25585],[-123.6082,45.27355]]],[[[-123.93088,44.9585],[-123.96794,44.95876],[-123.96673,44.98745],[-123.94665,44.98721],[-123.94674,45.0018],[-123.93667,45.00177],[-123.93667,45.00898],[-123.89085,44.9946],[-123.89601,44.9871],[-123.84514,44.98734],[-123.84512,44.94418],[-123.83819,44.95536],[-123.82791,44.94797],[-123.83827,44.94794],[-123.84513,44.92981],[-123.86528,44.92975],[-123.86554,44.9156],[-123.8467,44.91553],[-123.84611,44.84137],[-123.88666,44.8413],[-123.88644,44.85569],[-123.90648,44.85565],[-123.90673,44.84145],[-123.92706,44.84135],[-123.9286,44.8845],[-123.96921,44.88477],[-123.96842,44.93012],[-123.94564,44.93004],[-123.94589,44.94796],[-123.91596,44.95117],[-123.91631,44.95842],[-123.93088,44.9585]],[[-123.91579,44.94753],[-123.90525,44.94396],[-123.90533,44.95115],[-123.91579,44.94753]]],[[[-124.13874,44.01634],[-124.13408,44.00607],[-124.12439,43.99751],[-124.1286,43.98051],[-124.11856,43.95578],[-124.10354,43.95568],[-124.10498,43.90056],[-124.12013,43.90047],[-124.12518,43.88386],[-124.11004,43.87764],[-124.11551,43.86879],[-124.10455,43.8592],[-124.14465,43.85625],[-124.14386,43.82651],[-124.12467,43.82648],[-124.11828,43.81823],[-124.12501,43.80935],[-124.13032,43.8205],[-124.13239,43.79769],[-124.14366,43.80762],[-124.14276,43.76856],[-124.15297,43.76888],[-124.15327,43.74649],[-124.16876,43.73159],[-124.16671,43.70155],[-124.20511,43.67239],[-124.15466,43.87725],[-124.13874,44.01634]]],[[[-124.18842,43.61092],[-124.18311,43.56731],[-124.2027,43.56778],[-124.20122,43.52391],[-124.22204,43.52427],[-124.22143,43.4807],[-124.23101,43.46992],[-124.22089,43.46631],[-124.22084,43.45149],[-124.23342,43.45187],[-124.23643,43.43756],[-124.28611,43.43752],[-124.23204,43.56244],[-124.21003,43.65415],[-124.19024,43.65412],[-124.1834,43.63351],[-124.18842,43.61092]]],[[[-123.72108,45.2938],[-123.73827,45.29411],[-123.74321,45.301],[-123.74345,45.28713],[-123.79439,45.29135],[-123.78284,45.31258],[-123.78906,45.30547],[-123.80412,45.3127],[-123.80441,45.30211],[-123.82432,45.30188],[-123.82373,45.33026],[-123.80367,45.32974],[-123.80352,45.34737],[-123.7842,45.35432],[-123.77451,45.34719],[-123.72348,45.3478],[-123.72835,45.30792],[-123.70594,45.30916],[-123.72097,45.30082],[-123.70641,45.29799],[-123.70645,45.28707],[-123.72108,45.2938]],[[-123.74307,45.31192],[-123.73831,45.30816],[-123.73823,45.31528],[-123.74307,45.31192]]],[[[-123.89419,45.32171],[-123.89426,45.31467],[-123.94424,45.31847],[-123.94429,45.30381],[-123.95985,45.28171],[-123.95455,45.30384],[-123.96301,45.30384],[-123.96371,45.34724],[-123.9054,45.34766],[-123.90409,45.33224],[-123.88935,45.32857],[-123.89419,45.32171]]],[[[-123.57764,44.41886],[-123.57735,44.43337],[-123.55713,44.43338],[-123.55706,44.44775],[-123.53715,44.44722],[-123.53722,44.46163],[-123.51678,44.46143],[-123.51672,44.44702],[-123.53708,44.43291],[-123.5369,44.41835],[-123.57764,44.41886]],[[-123.53716,44.44363],[-123.53203,44.43999],[-123.52693,44.44713],[-123.53716,44.44363]],[[-123.54208,44.43307],[-123.5521,44.43331],[-123.55215,44.42233],[-123.54205,44.42574],[-123.54208,44.43307]]],[[[-123.59783,44.40421],[-123.59774,44.41882],[-123.57764,44.41886],[-123.57751,44.3897],[-123.62867,44.38985],[-123.6183,44.40437],[-123.59783,44.40421]],[[-123.59785,44.40227],[-123.59276,44.39332],[-123.58258,44.39335],[-123.58264,44.40422],[-123.59785,44.40227]]],[[[-123.94045,45.11234],[-123.94629,45.11909],[-123.94027,45.13001],[-123.94566,45.14092],[-123.92477,45.13031],[-123.93022,45.12663],[-123.92597,45.11612],[-123.94045,45.11234]]],[[[-124.11429,43.72608],[-124.10961,43.71223],[-124.11913,43.70098],[-124.11953,43.71181],[-124.13086,43.71182],[-124.12924,43.72604],[-124.11429,43.72608]]],[[[-123.65945,44.44845],[-123.65925,44.46279],[-123.63913,44.46268],[-123.63864,44.44819],[-123.65945,44.44845]]],[[[-123.68015,44.41863],[-123.65939,44.41878],[-123.65862,44.40441],[-123.67873,44.40437],[-123.68015,44.41863]]],[[[-123.57747,44.44761],[-123.57742,44.46111],[-123.55664,44.46205],[-123.55706,44.44775],[-123.57747,44.44761]]],[[[-123.70969,44.44729],[-123.69949,44.44895],[-123.69998,44.43379],[-123.72007,44.43337],[-123.71967,44.44751],[-123.70969,44.44729]]],[[[-123.617,44.49199],[-123.59603,44.49031],[-123.59613,44.47745],[-123.6167,44.47742],[-123.617,44.49199]]],[[[-123.55724,44.47508],[-123.5367,44.47707],[-123.53722,44.46163],[-123.55664,44.46205],[-123.55724,44.47508]]],[[[-123.65939,44.41878],[-123.65905,44.43123],[-123.63873,44.43332],[-123.63855,44.41897],[-123.65939,44.41878]]],[[[-123.59768,44.44026],[-123.59768,44.44742],[-123.57747,44.44761],[-123.57735,44.43337],[-123.59244,44.43317],[-123.59768,44.44026]]],[[[-123.67909,44.43775],[-123.67953,44.44858],[-123.65945,44.44845],[-123.65905,44.43314],[-123.67909,44.43775]]],[[[-124.09437,43.73316],[-124.10401,43.74006],[-124.09438,43.74377],[-124.10365,43.74702],[-124.10369,43.76127],[-124.08482,43.744],[-124.09437,43.73316]]],[[[-123.65862,44.40441],[-123.63855,44.40439],[-123.63857,44.38985],[-123.65855,44.38997],[-123.65324,44.39694],[-123.65862,44.40441]]],[[[-123.69949,44.44895],[-123.69908,44.46285],[-123.68937,44.46302],[-123.67905,44.463],[-123.68452,44.44867],[-123.69949,44.44895]]],[[[-123.63855,44.41897],[-123.61808,44.41909],[-123.61843,44.4079],[-123.63851,44.40806],[-123.63855,44.41897]]],[[[-123.45895,44.93409],[-123.43963,44.94137],[-123.43864,44.9271],[-123.45894,44.92707],[-123.45895,44.93409]]],[[[-123.7006,44.40375],[-123.67882,44.40073],[-123.68416,44.39005],[-123.69933,44.39009],[-123.69505,44.40036],[-123.7006,44.40375]]],[[[-123.83328,44.96837],[-123.81242,44.96649],[-123.81246,44.96286],[-123.83832,44.96281],[-123.84304,44.97034],[-123.83308,44.97387],[-123.83328,44.96837]]],[[[-123.61313,44.42629],[-123.60809,44.42994],[-123.61326,44.43364],[-123.59768,44.43311],[-123.60289,44.42976],[-123.59774,44.41882],[-123.61305,44.419],[-123.61313,44.42629]]],[[[-123.58756,44.46192],[-123.58684,44.47745],[-123.57702,44.47753],[-123.57743,44.46196],[-123.58756,44.46192]]],[[[-123.82716,44.99554],[-123.82721,44.98827],[-123.84265,44.98837],[-123.83224,45.00117],[-123.82199,45.00107],[-123.82716,44.99554]]],[[[-123.43963,44.94137],[-123.43973,44.94868],[-123.41867,44.94882],[-123.4239,44.94143],[-123.43963,44.94137]]],[[[-124.0793,43.73292],[-124.06524,43.73016],[-124.06985,43.71905],[-124.07643,43.71905],[-124.08087,43.72985],[-124.07239,43.72944],[-124.0793,43.73292]]],[[[-123.92992,45.22425],[-123.92984,45.21692],[-123.94548,45.21704],[-123.94545,45.22424],[-123.92992,45.22425]]],[[[-123.43864,44.9271],[-123.41813,44.92736],[-123.42377,44.92359],[-123.42913,44.92008],[-123.43868,44.91989],[-123.43864,44.9271]]],[[[-123.89838,45.15131],[-123.90308,45.16201],[-123.88308,45.15853],[-123.89838,45.15131]]],[[[-123.84881,45.3419],[-123.84898,45.34761],[-123.83363,45.34763],[-123.83375,45.34094],[-123.84881,45.3419]]],[[[-123.56771,44.48455],[-123.57711,44.4846],[-123.57738,44.4918],[-123.56235,44.49178],[-123.56771,44.48455]]],[[[-123.63873,44.43332],[-123.63361,44.44822],[-123.62868,44.43338],[-123.63873,44.43332]]],[[[-123.60756,44.44813],[-123.61844,44.44815],[-123.61854,44.4554],[-123.60274,44.45131],[-123.60756,44.44813]]],[[[-123.29176,44.80266],[-123.29644,44.81297],[-123.28182,44.80837],[-123.29176,44.80266]]],[[[-123.96619,45.09468],[-123.95968,45.10186],[-123.95317,45.10214],[-123.95475,45.09477],[-123.96619,45.09468]]],[[[-123.69655,45.29615],[-123.69637,45.3056],[-123.6919,45.3055],[-123.68744,45.29624],[-123.69655,45.29615]]],[[[-123.42913,44.92008],[-123.41796,44.92029],[-123.42326,44.91298],[-123.42834,44.91302],[-123.42913,44.92008]]],[[[-123.60785,44.45502],[-123.61333,44.46248],[-123.59781,44.46189],[-123.60785,44.45502]]],[[[-123.20619,44.70132],[-123.20652,44.7051],[-123.19626,44.70516],[-123.19625,44.69941],[-123.20619,44.70132]]],[[[-123.96582,45.22791],[-123.96048,45.23518],[-123.96089,45.21709],[-123.96582,45.22791]]],[[[-124.0622,44.45935],[-124.06719,44.45846],[-124.06728,44.46604],[-124.05725,44.46205],[-124.0622,44.45935]]],[[[-124.02327,44.50838],[-124.01824,44.51922],[-124.01821,44.50836],[-124.02327,44.50838]]],[[[-124.00636,43.7686],[-124.0013,43.779],[-124.00145,43.76852],[-124.00636,43.7686]]],[[[-123.81275,45.29844],[-123.79939,45.29849],[-123.79949,45.29495],[-123.81275,45.29844]]],[[[-123.91966,45.16252],[-123.90875,45.16571],[-123.90849,45.16203],[-123.91966,45.16252]]],[[[-124.05634,44.41817],[-124.05679,44.42181],[-124.04564,44.42146],[-124.05634,44.41817]]],[[[-123.76378,45.27289],[-123.76375,45.27665],[-123.75348,45.27394],[-123.76378,45.27289]]],[[[-123.76891,45.27294],[-123.76378,45.27289],[-123.76408,45.26564],[-123.76891,45.27294]]],[[[-123.89861,45.14413],[-123.89849,45.14772],[-123.88831,45.14767],[-123.89861,45.14413]]],[[[-123.80395,45.26234],[-123.80415,45.26952],[-123.7991,45.26949],[-123.80395,45.26234]]],[[[-123.84919,45.27346],[-123.84914,45.2771],[-123.83935,45.27707],[-123.84919,45.27346]]],[[[-123.68792,45.30182],[-123.68241,45.30894],[-123.68296,45.30186],[-123.68792,45.30182]]],[[[-123.83289,45.33733],[-123.82374,45.33738],[-123.82373,45.33382],[-123.83289,45.33733]]],[[[-123.41124,44.44368],[-123.40122,44.44474],[-123.40981,44.44148],[-123.41124,44.44368]]],[[[-123.70646,45.28344],[-123.70645,45.28707],[-123.70148,45.28695],[-123.70646,45.28344]]],[[[-124.04065,43.74755],[-124.03571,43.74465],[-124.04063,43.74396],[-124.04065,43.74755]]],[[[-124.04764,44.46563],[-124.04274,44.46563],[-124.04256,44.46205],[-124.04764,44.46563]]],[[[-124.08492,43.74756],[-124.08004,43.74757],[-124.07995,43.74401],[-124.08492,43.74756]]],[[[-123.94964,45.10882],[-123.9438,45.1055],[-123.94885,45.10547],[-123.94964,45.10882]]],[[[-123.70346,45.09737],[-123.70343,45.09995],[-123.69817,45.09995],[-123.70346,45.09737]]],[[[-123.29642,44.81765],[-123.29641,44.82142],[-123.29284,44.82142],[-123.29642,44.81765]]],[[[-123.92576,43.66657],[-123.92356,43.66816],[-123.92194,43.66459],[-123.92576,43.66657]]],[[[-123.85932,45.2665],[-123.85418,45.26815],[-123.85427,45.26644],[-123.85932,45.2665]]],[[[-123.93104,45.31458],[-123.92826,45.31637],[-123.92827,45.31452],[-123.93104,45.31458]]],[[[-123.62464,44.38609],[-123.62263,44.38701],[-123.62187,44.38528],[-123.62464,44.38609]]],[[[-123.86018,45.22351],[-123.86017,45.22698],[-123.85898,45.22698],[-123.86018,45.22351]]],[[[-124.07633,44.41856],[-124.07684,44.41941],[-124.07446,44.42063],[-124.07633,44.41856]]],[[[-123.85874,45.22726],[-123.85748,45.22697],[-123.85747,45.22628],[-123.85874,45.22726]]]]},"bbox":[-124.28611,43.43752,-123.19625,45.35432],"properties":{"divisionId":"national-forest:{80E1AE71-2998-4C77-9F40-4F10F7F75C93}","divisionType":"national-forest","name":"Siuslaw National Forest","label":"Siuslaw National Forest","labelPoint":[-123.74118,44.395920000000004],"state":null,"sourceFeatureId":"{80E1AE71-2998-4C77-9F40-4F10F7F75C93}","landAreaSqKm":3240.889,"cameraViewshedAreaSqKm":343.736,"cameraViewshedCoveragePct":10.61,"landMix":[{"label":"Tribal land","percentage":0.01,"areaSqKm":0.195},{"label":"National Forest","percentage":99.99,"areaSqKm":3240.694},{"label":"Other/unclassified","percentage":0.0,"areaSqKm":0.0}]}},{"type":"Feature","id":"national-forest:{82260B71-F500-4A89-BFF8-524E4E44ED16}","geometry":{"type":"MultiPolygon","coordinates":[[[[-120.38669,44.54568],[-120.38676,44.53465],[-120.34671,44.53443],[-120.34662,44.50541],[-120.32632,44.50504],[-120.32639,44.49064],[-120.30623,44.49137],[-120.30622,44.48403],[-120.28604,44.48333],[-120.28607,44.4768],[-120.24305,44.47712],[-120.2428,44.49118],[-120.23346,44.49109],[-120.234,44.50645],[-120.16493,44.50719],[-120.16359,44.47739],[-120.12316,44.47744],[-120.11298,44.49226],[-120.08355,44.49315],[-120.0421,44.49196],[-120.04187,44.47747],[-119.899,44.47719],[-119.89903,44.45548],[-119.88369,44.45559],[-119.88377,44.44835],[-119.85766,44.44081],[-119.87288,44.43395],[-119.88363,44.44475],[-119.87829,44.41901],[-119.63455,44.41862],[-119.63391,44.40403],[-119.57358,44.40405],[-119.57409,44.36455],[-119.61449,44.36499],[-119.61519,44.343],[-119.56426,44.34257],[-119.56347,44.2787],[-119.58384,44.27846],[-119.58297,44.2494],[-119.56308,44.24908],[-119.56298,44.21989],[-119.54631,44.21932],[-119.54678,44.19005],[-119.53685,44.19011],[-119.53708,44.14749],[-119.55691,44.1471],[-119.55712,44.13281],[-119.56708,44.13278],[-119.56728,44.11112],[-119.57721,44.11126],[-119.57715,44.10406],[-119.62729,44.10409],[-119.62721,44.11846],[-119.65702,44.11874],[-119.65707,44.18439],[-119.66724,44.1846],[-119.66716,44.19961],[-119.65699,44.19957],[-119.65507,44.23465],[-119.67546,44.23451],[-119.67541,44.22029],[-119.73638,44.2203],[-119.73629,44.22757],[-119.75662,44.22761],[-119.75654,44.22041],[-119.77764,44.22021],[-119.77774,44.2348],[-119.79805,44.23483],[-119.79803,44.21987],[-119.81828,44.21973],[-119.81839,44.23438],[-119.84921,44.2342],[-119.84918,44.24898],[-119.9196,44.24868],[-119.91973,44.26346],[-120.10191,44.26317],[-120.10223,44.25622],[-120.12222,44.25552],[-120.12208,44.24831],[-120.16239,44.24742],[-120.16095,44.21788],[-120.26695,44.21794],[-120.26685,44.19108],[-120.34817,44.19065],[-120.34847,44.21243],[-120.36865,44.2125],[-120.36868,44.21769],[-120.46814,44.21774],[-120.468,44.20425],[-120.58743,44.20393],[-120.58734,44.21793],[-120.62641,44.21805],[-120.62618,44.26121],[-120.58613,44.26133],[-120.58615,44.36191],[-120.74619,44.3627],[-120.74601,44.39046],[-120.78629,44.39038],[-120.78647,44.43322],[-120.90772,44.43346],[-120.90781,44.47643],[-120.8269,44.4765],[-120.82756,44.56279],[-120.45637,44.56308],[-120.45643,44.55561],[-120.39644,44.55638],[-120.38669,44.54568]],[[-120.23973,44.32065],[-120.24007,44.30619],[-120.2297,44.31722],[-120.22476,44.30633],[-120.18897,44.30657],[-120.19397,44.31384],[-120.17861,44.32481],[-120.14303,44.32117],[-120.14339,44.39414],[-120.28072,44.40093],[-120.28601,44.37519],[-120.29602,44.37478],[-120.28591,44.35315],[-120.30504,44.34909],[-120.27031,44.34598],[-120.27025,44.33482],[-120.24497,44.34267],[-120.23969,44.33545],[-120.24993,44.32794],[-120.23973,44.32065]]],[[[-120.4578,44.08152],[-120.44777,44.08162],[-120.4477,44.08888],[-120.24608,44.08917],[-120.24593,44.0747],[-120.18522,44.07475],[-120.17998,44.01803],[-120.37912,44.01685],[-120.37904,43.98789],[-120.43915,43.98852],[-120.43918,44.00271],[-120.55935,44.00217],[-120.55951,44.01647],[-120.57936,44.01647],[-120.57952,44.04491],[-120.56697,44.04497],[-120.56709,44.05218],[-120.59738,44.05944],[-120.5975,44.08114],[-120.4578,44.08152]]],[[[-120.85379,44.31008],[-120.85378,44.31176],[-120.85226,44.3109],[-120.85379,44.31008]]],[[[-121.1688,44.40855],[-121.16629,44.40675],[-121.17005,44.40497],[-121.1688,44.40855]]],[[[-121.16935,44.41215],[-121.16932,44.41588],[-121.16881,44.41587],[-121.16935,44.41215]]],[[[-120.99038,44.73665],[-120.98015,44.7402],[-120.97525,44.72568],[-120.99053,44.72212],[-120.98569,44.69318],[-120.99569,44.69323],[-120.99567,44.70046],[-121.02105,44.6933],[-121.0214,44.66441],[-121.0112,44.66432],[-121.0112,44.64982],[-120.99379,44.64983],[-121.004,44.62792],[-121.01923,44.62803],[-121.01412,44.61364],[-121.01909,44.56676],[-121.0039,44.56302],[-121.01402,44.55951],[-121.0141,44.54868],[-120.98873,44.54858],[-120.99395,44.51972],[-120.98837,44.39026],[-121.15885,44.39062],[-121.15876,44.41929],[-121.16881,44.41937],[-121.16923,44.4481],[-121.20441,44.44829],[-121.20408,44.39064],[-121.4535,44.39332],[-121.45344,44.43712],[-121.43314,44.43705],[-121.43267,44.47698],[-121.41251,44.47997],[-121.41756,44.49813],[-121.39223,44.49821],[-121.38699,44.51644],[-121.37681,44.5165],[-121.37677,44.50923],[-121.35142,44.50918],[-121.3565,44.53837],[-121.35143,44.53834],[-121.35119,44.58735],[-121.3178,44.58328],[-121.27833,44.60115],[-121.28576,44.62935],[-121.27036,44.63472],[-121.24783,44.66547],[-121.2344,44.6654],[-121.23449,44.6582],[-121.25175,44.65452],[-121.24952,44.62502],[-121.19526,44.62162],[-121.19015,44.59638],[-121.2293,44.59236],[-121.22929,44.58221],[-121.25485,44.58111],[-121.26001,44.57005],[-121.26001,44.55679],[-121.24979,44.54579],[-121.24975,44.50193],[-121.29068,44.49453],[-121.2909,44.47322],[-121.27019,44.47346],[-121.27045,44.45515],[-121.25072,44.44771],[-121.23954,44.4946],[-121.22929,44.49461],[-121.22934,44.50241],[-121.14936,44.50224],[-121.14441,44.52394],[-121.12937,44.53111],[-121.13936,44.54197],[-121.14468,44.57092],[-121.12948,44.5709],[-121.12957,44.58172],[-121.11964,44.5817],[-121.11951,44.57087],[-121.10002,44.57082],[-121.10925,44.58532],[-121.10022,44.64995],[-121.05208,44.64987],[-121.04669,44.66426],[-121.04653,44.67509],[-121.07205,44.67885],[-121.06169,44.68969],[-121.06158,44.70419],[-121.05128,44.70772],[-121.05134,44.72963],[-121.06156,44.7297],[-121.06152,44.73693],[-120.99038,44.73665]]]]},"bbox":[-121.4535,43.98789,-119.53685,44.7402],"properties":{"divisionId":"national-forest:{82260B71-F500-4A89-BFF8-524E4E44ED16}","divisionType":"national-forest","name":"Ochoco National Forest","label":"Ochoco National Forest","labelPoint":[-120.495175,44.364045000000004],"state":null,"sourceFeatureId":"{82260B71-F500-4A89-BFF8-524E4E44ED16}","landAreaSqKm":3686.059,"cameraViewshedAreaSqKm":259.361,"cameraViewshedCoveragePct":7.04,"landMix":[{"label":"Tribal land","percentage":0.01,"areaSqKm":0.503},{"label":"National Forest","percentage":99.99,"areaSqKm":3685.556},{"label":"Other/unclassified","percentage":0.0,"areaSqKm":0.0}]}},{"type":"Feature","id":"national-forest:{88199B2B-FADF-483A-9E94-E48C052188AA}","geometry":{"type":"MultiPolygon","coordinates":[[[[-121.23437,41.26284],[-121.2392,41.27013],[-121.25806,41.26981],[-121.2579,41.25548],[-121.33485,41.25426],[-121.33101,41.35683],[-121.50474,41.35635],[-121.50863,41.2826],[-121.51402,41.34175],[-121.52398,41.3417],[-121.52576,41.45861],[-121.6103,41.50935],[-121.60522,41.56056],[-121.62659,41.56512],[-121.62894,41.57401],[-121.6582,41.5787],[-121.62662,41.60443],[-121.60476,41.60456],[-121.60462,41.69906],[-121.61427,41.69914],[-121.614,41.71377],[-121.63323,41.72128],[-121.63306,41.72856],[-121.68237,41.72885],[-121.68248,41.88879],[-121.64306,41.89932],[-121.64283,41.9066],[-121.60422,41.90631],[-121.60476,41.87711],[-121.58534,41.87697],[-121.58561,41.86239],[-121.569,41.86214],[-121.569,41.81949],[-121.53063,41.81294],[-121.51424,41.81979],[-121.51422,41.82911],[-121.49965,41.82443],[-121.492,41.83416],[-121.43748,41.83402],[-121.43765,41.80507],[-121.34082,41.80483],[-121.34058,41.81936],[-121.32113,41.81952],[-121.32113,41.83402],[-121.3114,41.83403],[-121.32039,41.93657],[-121.24261,41.93594],[-121.24195,41.99733],[-120.48704,41.99177],[-120.50278,41.98583],[-120.49491,41.96779],[-120.51632,41.91453],[-120.50288,41.87294],[-120.47864,41.84993],[-120.48079,41.81967],[-120.46776,41.80694],[-120.466,41.793],[-120.4871,41.79842],[-120.50743,41.78855],[-120.50645,41.74788],[-120.51334,41.72919],[-120.46718,41.71403],[-120.46683,41.66058],[-120.48642,41.66052],[-120.48636,41.64602],[-120.46681,41.64602],[-120.4668,41.5595],[-120.58305,41.55942],[-120.58343,41.51563],[-120.89023,41.51584],[-120.89036,41.50871],[-120.91878,41.516],[-120.91892,41.46936],[-120.92872,41.46588],[-120.92871,41.45065],[-120.91907,41.45081],[-120.91886,41.42887],[-120.92842,41.42872],[-120.92845,41.40013],[-120.87079,41.40337],[-120.87069,41.41418],[-120.81341,41.41425],[-120.81342,41.40696],[-120.77488,41.39968],[-120.77491,41.39246],[-120.73683,41.3707],[-120.73683,41.34912],[-120.72714,41.35633],[-120.71743,41.35277],[-120.72701,41.33359],[-120.72625,41.29755],[-120.70697,41.29862],[-120.70846,41.26624],[-120.64796,41.25521],[-120.63828,41.2081],[-120.60937,41.20794],[-120.60943,41.2225],[-120.59015,41.22279],[-120.59013,41.19361],[-120.57084,41.19375],[-120.57082,41.1792],[-120.5516,41.17942],[-120.55155,41.16486],[-120.54191,41.165],[-120.54157,41.15042],[-120.56086,41.15031],[-120.56079,41.13601],[-120.60903,41.13578],[-120.60909,41.14297],[-120.64786,41.14311],[-120.64782,41.15583],[-120.67636,41.15542],[-120.67662,41.14088],[-120.73418,41.14077],[-120.73363,41.12633],[-120.76062,41.12627],[-120.76102,41.1045],[-120.78024,41.10477],[-120.76589,41.10088],[-120.78032,41.0972],[-120.77999,41.08269],[-120.75253,41.08298],[-120.7507,41.05311],[-120.74122,41.05347],[-120.74111,41.03835],[-120.72691,41.03084],[-120.7317,41.02332],[-120.70329,41.02373],[-120.70308,41.00908],[-120.72209,41.00856],[-120.72242,40.99351],[-120.76025,40.99224],[-120.76003,40.96353],[-120.77929,40.96352],[-120.77959,40.94872],[-120.76982,40.94886],[-120.76976,40.92002],[-120.77925,40.91987],[-120.7793,40.90545],[-120.81751,40.90546],[-120.81741,40.91986],[-120.79835,40.91993],[-120.79859,40.93437],[-120.80817,40.93431],[-120.80822,40.94883],[-120.81772,40.94885],[-120.81678,40.96362],[-120.83626,40.96361],[-120.83622,40.97806],[-120.85523,40.97811],[-120.85498,41.00675],[-120.89329,41.00733],[-120.89314,40.99298],[-120.91235,40.99323],[-120.91252,40.9786],[-120.94133,40.97866],[-120.94156,40.96397],[-120.9703,40.96411],[-120.97049,40.93431],[-121.02755,40.93433],[-121.02799,40.90548],[-121.10416,40.90547],[-121.10413,40.94161],[-121.1328,40.94176],[-121.13379,40.99432],[-121.10536,40.99454],[-121.10516,41.01621],[-121.08494,41.01572],[-121.08541,41.03035],[-121.04784,41.03762],[-121.04759,41.09582],[-121.02832,41.09602],[-121.02842,41.11764],[-120.9808,41.11761],[-120.98089,41.10311],[-120.92392,41.10317],[-120.9241,41.09593],[-120.91439,41.09586],[-120.91313,41.07347],[-120.89377,41.07314],[-120.89333,41.06532],[-120.88375,41.06503],[-120.88378,41.05044],[-120.84579,41.05022],[-120.84596,41.0647],[-120.83646,41.06461],[-120.838,41.11094],[-120.82845,41.11109],[-120.82858,41.12559],[-120.83795,41.12535],[-120.84271,41.15455],[-120.85229,41.15069],[-120.8474,41.16878],[-120.89476,41.16845],[-120.89479,41.21204],[-120.85868,41.2194],[-120.85994,41.25569],[-120.86955,41.25576],[-120.86926,41.27024],[-120.8943,41.27034],[-120.8943,41.26305],[-120.96172,41.2631],[-120.96185,41.25574],[-120.97148,41.25577],[-120.96678,41.22653],[-121.00961,41.22652],[-121.00961,41.2411],[-121.02882,41.24107],[-121.02867,41.2556],[-121.06721,41.25568],[-121.06722,41.27022],[-121.08648,41.27016],[-121.08666,41.31374],[-121.10523,41.31375],[-121.10538,41.32828],[-121.14388,41.32795],[-121.14383,41.32067],[-121.15348,41.32073],[-121.15339,41.29889],[-121.14374,41.29889],[-121.14359,41.27007],[-121.18199,41.27008],[-121.18189,41.25554],[-121.21986,41.25543],[-121.21979,41.26276],[-121.23437,41.26284]],[[-121.35826,41.61876],[-121.35305,41.63329],[-121.35278,41.64783],[-121.36247,41.64793],[-121.35826,41.61876]],[[-121.37715,41.56095],[-121.37227,41.56824],[-121.37226,41.57564],[-121.38201,41.57559],[-121.3821,41.58998],[-121.43589,41.58987],[-121.43578,41.60462],[-121.44953,41.60456],[-121.44936,41.56082],[-121.37715,41.56095]],[[-121.16662,41.79376],[-121.13754,41.79743],[-121.1082,41.81933],[-121.10313,41.83372],[-121.05958,41.82651],[-121.05944,41.84097],[-121.07383,41.84823],[-121.07382,41.85549],[-121.07342,41.88812],[-121.06374,41.88809],[-121.05864,41.90625],[-121.07323,41.90266],[-121.07786,41.92077],[-121.08757,41.9244],[-121.1167,41.91714],[-121.13106,41.92803],[-121.14587,41.90264],[-121.19904,41.91404],[-121.2137,41.8995],[-121.22805,41.90324],[-121.22844,41.8851],[-121.21883,41.88149],[-121.22871,41.87431],[-121.21424,41.86708],[-121.21465,41.84518],[-121.20048,41.83773],[-121.20044,41.82302],[-121.17129,41.81545],[-121.16662,41.79376]]],[[[-120.10299,41.97913],[-120.10284,41.9647],[-120.11251,41.9647],[-120.11274,41.92842],[-120.14223,41.92136],[-120.15177,41.90701],[-120.17115,41.9071],[-120.17109,41.8927],[-120.20974,41.89262],[-120.21538,41.84842],[-120.19051,41.84829],[-120.1905,41.80602],[-120.19231,41.79871],[-120.20195,41.79865],[-120.2013,41.73333],[-120.22029,41.73333],[-120.22028,41.70428],[-120.22972,41.70431],[-120.22988,41.6461],[-120.22961,41.63146],[-120.21538,41.63151],[-120.21062,41.59479],[-120.20126,41.59488],[-120.19982,41.45661],[-120.18103,41.45673],[-120.18066,41.44226],[-120.16261,41.44224],[-120.15353,41.38378],[-120.14393,41.38377],[-120.14451,41.36867],[-120.13708,41.36865],[-120.13666,41.26855],[-120.11774,41.26854],[-120.1156,41.1672],[-120.09647,41.16719],[-120.09641,41.10535],[-120.20081,41.10827],[-120.20815,41.12284],[-120.27197,41.12329],[-120.27649,41.11593],[-120.28619,41.11592],[-120.28647,41.12326],[-120.35949,41.12177],[-120.35936,41.13631],[-120.3498,41.13627],[-120.34033,41.15063],[-120.35944,41.15084],[-120.35942,41.16534],[-120.37859,41.16538],[-120.37672,41.20169],[-120.39736,41.20899],[-120.39736,41.22371],[-120.41732,41.22335],[-120.41741,41.24515],[-120.38818,41.2453],[-120.38819,41.25258],[-120.37856,41.25257],[-120.37825,41.30351],[-120.36873,41.30333],[-120.37365,41.34109],[-120.35882,41.34123],[-120.36035,41.38467],[-120.35048,41.3847],[-120.35027,41.54441],[-120.31147,41.54413],[-120.31149,41.5511],[-120.30196,41.55119],[-120.30201,41.56575],[-120.35034,41.56617],[-120.35094,41.68244],[-120.33152,41.68249],[-120.33174,41.71147],[-120.34121,41.71144],[-120.3414,41.73342],[-120.35116,41.73346],[-120.3512,41.74798],[-120.37056,41.74779],[-120.37081,41.76242],[-120.36114,41.76245],[-120.36126,41.80601],[-120.35163,41.80602],[-120.35166,41.84228],[-120.31276,41.84236],[-120.31283,41.86408],[-120.29339,41.86417],[-120.29341,41.87867],[-120.30311,41.87859],[-120.30315,41.89307],[-120.29347,41.89303],[-120.29419,41.99253],[-120.09349,41.99483],[-120.09346,41.97913],[-120.10299,41.97913]]],[[[-121.23844,41.21246],[-121.22892,41.20856],[-121.22889,41.2013],[-121.21941,41.20461],[-121.21937,41.19371],[-121.23363,41.19418],[-121.24329,41.2053],[-121.23844,41.21246]]],[[[-121.27222,41.21255],[-121.27722,41.22639],[-121.25793,41.22639],[-121.25783,41.21262],[-121.27222,41.21255]]],[[[-121.48509,41.32289],[-121.48507,41.33037],[-121.47543,41.33031],[-121.47542,41.31919],[-121.48509,41.32289]]],[[[-121.22464,41.2482],[-121.23428,41.24821],[-121.23428,41.25554],[-121.21986,41.25543],[-121.22464,41.2482]]],[[[-121.32031,41.18317],[-121.32515,41.18641],[-121.3059,41.18711],[-121.32031,41.18317]]],[[[-121.22889,41.18677],[-121.22412,41.19024],[-121.22413,41.18297],[-121.22889,41.18677]]],[[[-121.2246,41.23739],[-121.22463,41.24104],[-121.21977,41.24098],[-121.2246,41.23739]]],[[[-121.26265,41.23727],[-121.26263,41.24087],[-121.25781,41.24086],[-121.26265,41.23727]]],[[[-120.54221,41.47927],[-120.54009,41.47856],[-120.54225,41.47843],[-120.54221,41.47927]]],[[[-120.86925,41.4457],[-120.8674,41.44512],[-120.86856,41.44467],[-120.86925,41.4457]]],[[[-120.94524,41.19383],[-120.94437,41.19382],[-120.9444,41.19257],[-120.94524,41.19383]]],[[[-120.94418,41.19284],[-120.94417,41.19361],[-120.94329,41.19361],[-120.94418,41.19284]]],[[[-120.8694,41.4441],[-120.86741,41.44366],[-120.86892,41.44369],[-120.8694,41.4441]]],[[[-120.17923,41.5297],[-120.17921,41.53055],[-120.17858,41.53055],[-120.17923,41.5297]]],[[[-120.17838,41.5297],[-120.17779,41.53011],[-120.1778,41.5297],[-120.17838,41.5297]]]]},"bbox":[-121.68248,40.90545,-120.09346,41.99733],"properties":{"divisionId":"national-forest:{88199B2B-FADF-483A-9E94-E48C052188AA}","divisionType":"national-forest","name":"Modoc National Forest","label":"Modoc National Forest","labelPoint":[-120.88797,41.45139],"state":null,"sourceFeatureId":"{88199B2B-FADF-483A-9E94-E48C052188AA}","landAreaSqKm":5.886,"cameraViewshedAreaSqKm":0.897,"cameraViewshedCoveragePct":15.24,"landMix":[{"label":"National Forest","percentage":100.0,"areaSqKm":5.886},{"label":"Federal land","percentage":0.0,"areaSqKm":0.0},{"label":"Other/unclassified","percentage":0.0,"areaSqKm":0.0}]}},{"type":"Feature","id":"national-forest:{9530E8A9-9933-4FE1-9BBA-2155DCC2B52D}","geometry":{"type":"MultiPolygon","coordinates":[[[[-117.52396,48.15145],[-117.56439,48.14371],[-117.56497,48.19185],[-117.57583,48.1919],[-117.57572,48.19904],[-117.5558,48.20887],[-117.56508,48.20883],[-117.56514,48.22036],[-117.62873,48.22325],[-117.62924,48.26723],[-117.67775,48.26672],[-117.67758,48.2812],[-117.65053,48.2812],[-117.65071,48.30846],[-117.68323,48.30857],[-117.6778,48.3194],[-117.68874,48.33737],[-117.68875,48.34451],[-117.69734,48.33737],[-117.69796,48.35888],[-117.68398,48.36632],[-117.69849,48.36609],[-117.68895,48.38417],[-117.6781,48.38414],[-117.68346,48.39504],[-117.69752,48.39506],[-117.70891,48.38055],[-117.72469,48.38419],[-117.72998,48.39498],[-117.73549,48.38776],[-117.7193,48.36972],[-117.7409,48.36611],[-117.74011,48.34803],[-117.75613,48.34818],[-117.76095,48.33741],[-117.79283,48.3369],[-117.79278,48.3553],[-117.79801,48.35541],[-117.80825,48.32308],[-117.81368,48.33411],[-117.82422,48.33441],[-117.82416,48.35239],[-117.81368,48.35213],[-117.81369,48.35938],[-117.83001,48.35961],[-117.84098,48.38478],[-117.83513,48.39545],[-117.81897,48.39169],[-117.81906,48.39895],[-117.7979,48.40597],[-117.8085,48.41695],[-117.75956,48.41062],[-117.72475,48.42885],[-117.68797,48.42039],[-117.66276,48.43218],[-117.64871,48.4173],[-117.63134,48.41543],[-117.58467,48.42985],[-117.55407,48.42366],[-117.54081,48.44829],[-117.54349,48.49435],[-117.51433,48.49791],[-117.49615,48.52796],[-117.51372,48.56705],[-117.5094,48.58352],[-117.50069,48.58481],[-117.50076,48.60432],[-117.61971,48.60058],[-117.61968,48.5788],[-117.63594,48.57517],[-117.64333,48.55863],[-117.67601,48.55869],[-117.68698,48.55061],[-117.69821,48.55432],[-117.69224,48.57161],[-117.78506,48.56897],[-117.7846,48.60912],[-117.76832,48.61274],[-117.76841,48.61994],[-117.79552,48.6163],[-117.79564,48.62351],[-117.78464,48.62355],[-117.79019,48.63436],[-117.82478,48.62715],[-117.82462,48.74363],[-117.81287,48.74349],[-117.81303,48.75005],[-117.75865,48.74987],[-117.76391,48.73178],[-117.74763,48.7353],[-117.74762,48.7497],[-117.65161,48.74269],[-117.65115,48.8075],[-117.64028,48.81852],[-117.62952,48.81131],[-117.62962,48.83673],[-117.56089,48.83659],[-117.5613,48.96674],[-117.4957,48.96681],[-117.49563,48.99992],[-117.37261,48.99993],[-117.36138,48.99305],[-117.36139,48.99993],[-117.03242,48.9992],[-117.03234,48.94646],[-117.04597,48.9436],[-117.05372,48.92913],[-117.05989,48.88737],[-117.09762,48.84197],[-117.11092,48.83602],[-117.13308,48.79407],[-117.15898,48.78091],[-117.14527,48.76552],[-117.19061,48.73142],[-117.17664,48.72275],[-117.166,48.69716],[-117.1711,48.68389],[-117.18551,48.68325],[-117.1843,48.67831],[-117.17136,48.67496],[-117.15225,48.63745],[-117.13849,48.62868],[-117.15207,48.60142],[-117.14902,48.59229],[-117.15819,48.58448],[-117.15612,48.54642],[-117.12145,48.52471],[-117.11736,48.5125],[-117.14137,48.46469],[-117.13465,48.45137],[-117.14112,48.44487],[-117.13795,48.42433],[-117.1315,48.42057],[-117.13809,48.40629],[-117.13367,48.3886],[-117.15258,48.35613],[-117.12889,48.33144],[-117.08659,48.33685],[-117.06463,48.31463],[-117.06531,48.2963],[-117.0371,48.27216],[-117.04657,48.20801],[-117.0885,48.23118],[-117.16485,48.24473],[-117.2056,48.23587],[-117.2308,48.2474],[-117.25825,48.3095],[-117.25017,48.30951],[-117.25002,48.32038],[-117.26133,48.32038],[-117.26097,48.33859],[-117.26641,48.33861],[-117.26089,48.37135],[-117.27775,48.38931],[-117.27786,48.40768],[-117.26719,48.40783],[-117.26717,48.41503],[-117.24021,48.41172],[-117.24024,48.42594],[-117.26202,48.42588],[-117.26231,48.44039],[-117.24055,48.44044],[-117.24027,48.4549],[-117.26199,48.455],[-117.26193,48.46951],[-117.24033,48.4694],[-117.24045,48.48406],[-117.2619,48.48416],[-117.26192,48.47693],[-117.27815,48.47315],[-117.26327,48.48482],[-117.26625,48.50523],[-117.30039,48.52875],[-117.30659,48.54536],[-117.33659,48.55528],[-117.33799,48.54188],[-117.32693,48.54182],[-117.32708,48.53099],[-117.33807,48.53101],[-117.32712,48.52728],[-117.33258,48.51285],[-117.30552,48.5129],[-117.30548,48.47302],[-117.32749,48.46916],[-117.3274,48.45482],[-117.34913,48.45447],[-117.34898,48.42542],[-117.37057,48.42164],[-117.37056,48.41089],[-117.34875,48.41085],[-117.34862,48.3965],[-117.37058,48.3964],[-117.36481,48.37035],[-117.37025,48.37022],[-117.37018,48.33803],[-117.39185,48.33791],[-117.40335,48.30898],[-117.40285,48.29567],[-117.39203,48.29193],[-117.41348,48.29202],[-117.39194,48.28832],[-117.39162,48.2594],[-117.38136,48.25939],[-117.38064,48.25201],[-117.39096,48.252],[-117.39143,48.24475],[-117.37026,48.24111],[-117.37093,48.13648],[-117.37628,48.13296],[-117.51314,48.13492],[-117.51301,48.14417],[-117.52402,48.1442],[-117.52396,48.15145]],[[-117.52396,48.15145],[-117.50233,48.15136],[-117.50223,48.1586],[-117.5239,48.15866],[-117.52396,48.15145]],[[-117.27256,48.40409],[-117.2725,48.39675],[-117.26181,48.40043],[-117.27256,48.40409]],[[-117.66192,48.35542],[-117.67263,48.34117],[-117.68336,48.34095],[-117.67259,48.33738],[-117.62394,48.3334],[-117.60246,48.34062],[-117.61336,48.34427],[-117.60795,48.35137],[-117.651,48.34443],[-117.64571,48.3517],[-117.66192,48.35542]],[[-117.33967,48.92676],[-117.33037,48.954],[-117.3451,48.97454],[-117.34509,48.96039],[-117.35059,48.9604],[-117.34515,48.93142],[-117.35612,48.93142],[-117.35617,48.92419],[-117.34521,48.92418],[-117.34532,48.91329],[-117.36712,48.91701],[-117.36699,48.90238],[-117.38893,48.90246],[-117.38905,48.85916],[-117.43274,48.85559],[-117.42731,48.84467],[-117.43277,48.83695],[-117.46559,48.83691],[-117.4656,48.82966],[-117.42736,48.82295],[-117.4328,48.81208],[-117.41105,48.81198],[-117.41649,48.80105],[-117.43278,48.80107],[-117.43298,48.77937],[-117.42744,48.77934],[-117.43248,48.73955],[-117.44339,48.74317],[-117.4544,48.73583],[-117.45439,48.72137],[-117.44337,48.72867],[-117.43802,48.71054],[-117.4543,48.69246],[-117.4325,48.69245],[-117.4324,48.6707],[-117.4106,48.67065],[-117.41053,48.6562],[-117.39254,48.65615],[-117.39226,48.5999],[-117.37095,48.59997],[-117.37071,48.57804],[-117.35444,48.58163],[-117.35454,48.57435],[-117.34753,48.57433],[-117.34995,48.59837],[-117.37507,48.66903],[-117.39259,48.68517],[-117.38836,48.69968],[-117.40691,48.71931],[-117.4086,48.75548],[-117.39636,48.76588],[-117.40206,48.77786],[-117.42082,48.78656],[-117.38409,48.82282],[-117.38891,48.84264],[-117.37335,48.85241],[-117.36468,48.88434],[-117.33429,48.91522],[-117.3318,48.92295],[-117.33967,48.92676]]],[[[-118.21681,48.9999],[-118.21677,48.98002],[-118.21694,48.82838],[-118.17303,48.82837],[-118.17325,48.78415],[-118.15096,48.78406],[-118.15062,48.76955],[-118.1733,48.7696],[-118.17334,48.74055],[-118.15035,48.74052],[-118.15063,48.65314],[-118.12989,48.65301],[-118.12974,48.62595],[-118.2171,48.62578],[-118.21702,48.58276],[-118.17338,48.58274],[-118.17329,48.56095],[-118.19533,48.56101],[-118.1952,48.53938],[-118.21701,48.53952],[-118.21688,48.52506],[-118.23885,48.52507],[-118.2386,48.4819],[-119.22875,48.48172],[-119.22873,48.48885],[-119.24004,48.48883],[-119.23981,48.49613],[-119.22888,48.4962],[-119.22893,48.53962],[-119.2396,48.53963],[-119.23958,48.54675],[-119.28344,48.54675],[-119.28339,48.56135],[-119.26153,48.56117],[-119.2616,48.56849],[-119.28346,48.56838],[-119.28356,48.58278],[-119.23923,48.58299],[-119.23945,48.59756],[-119.26177,48.5976],[-119.26142,48.64084],[-119.19583,48.64085],[-119.1958,48.58308],[-119.17369,48.58303],[-119.17415,48.59759],[-119.13019,48.59743],[-119.13024,48.58302],[-119.10975,48.58296],[-119.10989,48.56834],[-119.13027,48.5684],[-119.13031,48.5541],[-119.08793,48.55404],[-119.08793,48.56829],[-119.04442,48.56833],[-119.04444,48.556],[-119.02282,48.55594],[-119.02249,48.52702],[-118.95682,48.52502],[-118.9569,48.53226],[-118.93509,48.53224],[-118.93499,48.51782],[-118.91331,48.5178],[-118.91314,48.58292],[-118.95716,48.58303],[-118.95717,48.61191],[-119.00091,48.61196],[-119.00089,48.6409],[-118.98997,48.64089],[-118.99001,48.65363],[-118.97896,48.65366],[-118.97927,48.66832],[-119.03385,48.66817],[-119.0339,48.65376],[-119.02279,48.64807],[-119.07705,48.64809],[-119.07705,48.65395],[-119.09984,48.65401],[-119.1001,48.67538],[-119.07764,48.67536],[-119.07772,48.71174],[-118.96825,48.71148],[-118.96848,48.68978],[-118.92439,48.68293],[-118.92458,48.69726],[-118.94638,48.69708],[-118.94519,48.74816],[-118.87974,48.75485],[-118.87976,48.7477],[-118.83699,48.74117],[-118.83696,48.75559],[-118.82523,48.75567],[-118.82553,48.78461],[-118.8369,48.78471],[-118.83691,48.82856],[-118.88104,48.82861],[-118.88088,48.8431],[-118.87011,48.84311],[-118.86982,48.86491],[-118.85902,48.86487],[-118.85856,48.89379],[-118.82594,48.89376],[-118.82696,48.93091],[-118.77192,48.93077],[-118.77136,48.89344],[-118.71606,48.89342],[-118.71625,48.88613],[-118.68079,48.87876],[-118.681,48.87134],[-118.70625,48.87133],[-118.70653,48.86412],[-118.6918,48.86409],[-118.69163,48.84259],[-118.66977,48.84247],[-118.66975,48.82789],[-118.70628,48.82809],[-118.70614,48.81297],[-118.69162,48.81305],[-118.69142,48.79855],[-118.70554,48.7985],[-118.70546,48.78409],[-118.76045,48.78439],[-118.76009,48.76984],[-118.74919,48.76976],[-118.74942,48.74816],[-118.73837,48.74813],[-118.73743,48.7336],[-118.7159,48.73358],[-118.71584,48.71911],[-118.78051,48.72628],[-118.78063,48.71173],[-118.76968,48.7118],[-118.76977,48.69727],[-118.83699,48.69749],[-118.83705,48.68302],[-118.88081,48.67562],[-118.88057,48.64079],[-118.84637,48.64098],[-118.84641,48.59725],[-118.80295,48.59745],[-118.80291,48.58279],[-118.81374,48.58284],[-118.8138,48.56834],[-118.78107,48.56836],[-118.78117,48.59738],[-118.79206,48.59745],[-118.79208,48.61202],[-118.80287,48.61207],[-118.80275,48.62624],[-118.78142,48.62628],[-118.78129,48.61197],[-118.75936,48.61188],[-118.75953,48.53951],[-118.73786,48.53968],[-118.73776,48.56832],[-118.71674,48.56841],[-118.71653,48.62621],[-118.67287,48.62601],[-118.67301,48.59725],[-118.58674,48.59714],[-118.58666,48.61875],[-118.54288,48.61874],[-118.54288,48.62587],[-118.55389,48.62589],[-118.5538,48.64044],[-118.56482,48.64044],[-118.57253,48.6609],[-118.59414,48.66101],[-118.59386,48.68277],[-118.55084,48.68986],[-118.55087,48.70434],[-118.6154,48.70446],[-118.61532,48.71174],[-118.62609,48.71182],[-118.62598,48.72624],[-118.60438,48.7261],[-118.60418,48.7407],[-118.56192,48.74075],[-118.56166,48.71886],[-118.52901,48.71153],[-118.52925,48.74085],[-118.54022,48.74077],[-118.55127,48.75533],[-118.57177,48.7551],[-118.57147,48.76955],[-118.50756,48.76976],[-118.5075,48.78425],[-118.52935,48.78418],[-118.52943,48.79869],[-118.57121,48.79847],[-118.57098,48.81304],[-118.56246,48.81304],[-118.57109,48.84195],[-118.55004,48.84197],[-118.55007,48.86382],[-118.51738,48.84928],[-118.51731,48.842],[-118.4954,48.84194],[-118.48452,48.82742],[-118.46245,48.82728],[-118.46222,48.84884],[-118.44026,48.84889],[-118.43958,48.91442],[-118.51698,48.89997],[-118.51689,48.90733],[-118.54974,48.91495],[-118.54952,48.93671],[-118.53874,48.93669],[-118.53867,48.94402],[-118.48364,48.94375],[-118.48346,48.9999],[-118.21681,48.9999]],[[-118.21757,48.71868],[-118.21766,48.71141],[-118.23394,48.71159],[-118.22311,48.70784],[-118.22859,48.7006],[-118.23945,48.70069],[-118.23938,48.71168],[-118.26135,48.71163],[-118.24493,48.70437],[-118.26129,48.70081],[-118.2614,48.68999],[-118.23962,48.68977],[-118.22317,48.69331],[-118.21772,48.68249],[-118.21775,48.68969],[-118.17396,48.69669],[-118.17379,48.71118],[-118.21757,48.71868]]],[[[-120.02437,48.99944],[-119.88111,48.99988],[-119.876,48.98709],[-119.86552,48.98709],[-119.86543,48.9147],[-119.82145,48.91465],[-119.82149,48.84289],[-119.92767,48.83924],[-119.928,48.79936],[-119.91699,48.79938],[-119.91671,48.74146],[-119.90584,48.74146],[-119.90572,48.6906],[-119.83207,48.68343],[-119.83191,48.6688],[-119.79901,48.66909],[-119.7988,48.65458],[-119.76625,48.65463],[-119.76617,48.62579],[-119.75544,48.62568],[-119.75541,48.61237],[-119.69109,48.61273],[-119.69087,48.59813],[-119.66879,48.5982],[-119.66854,48.56921],[-119.70081,48.56858],[-119.70077,48.58353],[-119.82072,48.58278],[-119.82066,48.49635],[-119.77695,48.49629],[-119.77693,48.48186],[-119.79884,48.48186],[-119.79872,48.4603],[-119.80974,48.46037],[-119.8096,48.44585],[-119.83883,48.43418],[-119.86533,48.45806],[-119.87452,48.49875],[-119.89571,48.49861],[-119.93461,48.52168],[-119.95638,48.55362],[-119.9612,48.58446],[-119.9442,48.6003],[-119.95101,48.61023],[-119.93639,48.61187],[-119.94609,48.6206],[-119.96215,48.61558],[-119.9812,48.62059],[-119.98085,48.63525],[-119.96291,48.64563],[-119.97835,48.65849],[-119.96628,48.66329],[-119.98287,48.67721],[-119.97282,48.70486],[-119.99889,48.71601],[-120.01025,48.74956],[-120.05734,48.75591],[-120.03654,48.7723],[-120.04671,48.78008],[-120.0024,48.80501],[-119.99185,48.83365],[-120.00678,48.84268],[-120.02111,48.87014],[-120.01762,48.89449],[-120.00012,48.90867],[-120.01106,48.91008],[-120.01127,48.92694],[-120.04403,48.9699],[-120.02709,48.97801],[-120.02437,48.99944]]],[[[-118.99429,48.88587],[-118.98879,48.88591],[-118.98892,48.87137],[-118.96678,48.87115],[-118.96689,48.85738],[-118.90271,48.85753],[-118.90272,48.78366],[-118.94528,48.78372],[-118.94524,48.80514],[-119.01162,48.7987],[-119.01201,48.7695],[-119.03412,48.76939],[-119.03398,48.78381],[-119.08886,48.77652],[-119.08745,48.7404],[-119.09987,48.7404],[-119.09991,48.7262],[-119.13271,48.72644],[-119.13277,48.71197],[-119.14368,48.71195],[-119.14369,48.69022],[-119.25361,48.69797],[-119.25352,48.71263],[-119.22038,48.71231],[-119.22023,48.7268],[-119.23144,48.72676],[-119.23141,48.74146],[-119.20936,48.74134],[-119.20923,48.75501],[-119.24222,48.75596],[-119.24235,48.77048],[-119.28653,48.77056],[-119.28659,48.78509],[-119.25377,48.79227],[-119.24264,48.80704],[-119.16542,48.81416],[-119.16528,48.8279],[-119.13227,48.8278],[-119.13232,48.84225],[-119.09918,48.84198],[-119.09926,48.85676],[-119.08785,48.85653],[-119.08853,48.87109],[-119.07686,48.87093],[-119.07693,48.87837],[-119.05445,48.8784],[-119.05469,48.88589],[-118.99429,48.88587]]],[[[-118.00186,48.9999],[-117.90983,48.99989],[-117.90998,48.98655],[-117.92069,48.98657],[-117.92085,48.97231],[-117.91,48.97224],[-117.91003,48.95835],[-117.92092,48.95786],[-117.92093,48.94338],[-117.84396,48.9437],[-117.84409,48.90037],[-117.91013,48.90034],[-117.9104,48.90755],[-117.97594,48.91482],[-117.97559,48.88585],[-117.99746,48.88584],[-117.99746,48.89307],[-118.01967,48.89314],[-118.01967,48.88594],[-118.12831,48.88664],[-118.12829,48.90121],[-118.14156,48.9015],[-118.15029,48.90151],[-118.15045,48.88682],[-118.19471,48.8866],[-118.19465,48.91607],[-118.1726,48.91585],[-118.17276,48.93047],[-118.18369,48.93045],[-118.18402,48.98134],[-118.14908,48.9806],[-118.14898,48.9999],[-118.00186,48.9999]]],[[[-118.90279,48.95287],[-118.90298,48.93835],[-118.85894,48.9384],[-118.85867,48.91654],[-118.86966,48.91655],[-118.86975,48.88656],[-118.92509,48.88647],[-118.9251,48.89376],[-118.9468,48.89375],[-118.94683,48.90101],[-118.97767,48.90049],[-118.97749,48.92228],[-118.98847,48.9224],[-118.98849,48.92968],[-119.03212,48.92966],[-119.03202,48.9588],[-118.96623,48.95131],[-118.96626,48.9729],[-119.00982,48.97309],[-119.00983,49.00013],[-118.79385,48.9999],[-118.79389,48.98873],[-118.78302,48.98865],[-118.78305,48.9597],[-118.90279,48.95287]]],[[[-119.32043,48.92711],[-119.29822,48.9235],[-119.29829,48.9162],[-119.27644,48.91618],[-119.27635,48.90863],[-119.2542,48.90863],[-119.25408,48.88685],[-119.24292,48.88689],[-119.24317,48.85775],[-119.38561,48.8581],[-119.38577,48.87262],[-119.40772,48.87255],[-119.40778,48.93057],[-119.36382,48.92343],[-119.36378,48.93792],[-119.34215,48.93806],[-119.34222,48.93067],[-119.32043,48.92711]]],[[[-118.70651,48.99989],[-118.61493,48.99991],[-118.61528,48.97683],[-118.60403,48.97315],[-118.60386,48.95871],[-118.59282,48.95871],[-118.59283,48.92956],[-118.63721,48.92967],[-118.63712,48.91516],[-118.64824,48.91518],[-118.64828,48.90072],[-118.69194,48.9007],[-118.6919,48.90795],[-118.71773,48.91607],[-118.7177,48.93059],[-118.7287,48.93066],[-118.72856,48.95243],[-118.70656,48.95231],[-118.70647,48.95961],[-118.72853,48.9597],[-118.72861,48.97402],[-118.69255,48.97317],[-118.69234,48.98782],[-118.7065,48.9877],[-118.70651,48.99989]]],[[[-117.26231,48.44039],[-117.27307,48.44037],[-117.28379,48.44394],[-117.28368,48.455],[-117.26199,48.455],[-117.26231,48.44039]]],[[[-118.20128,48.70406],[-118.20644,48.69683],[-118.22316,48.69693],[-118.19577,48.7113],[-118.20128,48.70406]]],[[[-117.05749,48.19564],[-117.05093,48.19392],[-117.04681,48.18837],[-117.05771,48.18838],[-117.05749,48.19564]]],[[[-117.06492,48.21355],[-117.06426,48.21265],[-117.06377,48.21237],[-117.06159,48.21014],[-117.06822,48.21015],[-117.06824,48.21696],[-117.06492,48.21355]]],[[[-118.73307,48.64997],[-118.72805,48.6523],[-118.72804,48.64846],[-118.73307,48.64997]]],[[[-117.06492,48.21355],[-117.06824,48.21812],[-117.05975,48.21012],[-117.06377,48.21237],[-117.06492,48.21355]]],[[[-117.29333,48.44764],[-117.28939,48.44765],[-117.29217,48.44538],[-117.29333,48.44764]]],[[[-118.06065,48.60147],[-118.05769,48.60279],[-118.05775,48.60146],[-118.06065,48.60147]]],[[[-117.90527,48.53869],[-117.90216,48.53869],[-117.90215,48.53757],[-117.90527,48.53869]]],[[[-117.05086,48.19564],[-117.04788,48.1934],[-117.05043,48.19432],[-117.05086,48.19564]]],[[[-117.05094,48.18435],[-117.04689,48.18442],[-117.04828,48.18376],[-117.05094,48.18435]]],[[[-118.21065,48.7068],[-118.21189,48.70587],[-118.21036,48.70774],[-118.21065,48.7068]]],[[[-118.22237,48.6992],[-118.22315,48.69903],[-118.2202,48.70053],[-118.22237,48.6992]]],[[[-117.04809,48.18374],[-117.04689,48.18418],[-117.04749,48.18363],[-117.04809,48.18374]]],[[[-119.75132,48.56137],[-119.75096,48.56139],[-119.75131,48.56066],[-119.75132,48.56137]]],[[[-119.74859,48.56192],[-119.74847,48.56195],[-119.74843,48.56188],[-119.74859,48.56192]]]]},"bbox":[-120.05734,48.13296,-117.03234,49.00013],"properties":{"divisionId":"national-forest:{9530E8A9-9933-4FE1-9BBA-2155DCC2B52D}","divisionType":"national-forest","name":"Colville National Forest","label":"Colville National Forest","labelPoint":[-118.54484,48.566545],"state":null,"sourceFeatureId":"{9530E8A9-9933-4FE1-9BBA-2155DCC2B52D}","landAreaSqKm":7068.125,"cameraViewshedAreaSqKm":0.0,"cameraViewshedCoveragePct":0.0,"landMix":[{"label":"Tribal land","percentage":0.05,"areaSqKm":3.731},{"label":"National Forest","percentage":99.95,"areaSqKm":7064.394},{"label":"Other/unclassified","percentage":0.0,"areaSqKm":0.0}]}},{"type":"Feature","id":"national-forest:{9E37455D-DE45-4BB2-A187-6E8A5B225330}","geometry":{"type":"MultiPolygon","coordinates":[[[[-122.65924,42.12749],[-122.64005,42.12374],[-122.64005,42.09113],[-122.67934,42.08353],[-122.68254,42.06896],[-122.69641,42.07207],[-122.70183,42.08211],[-122.73497,42.08607],[-122.75909,42.06846],[-122.79498,42.06168],[-122.79756,42.04993],[-122.84173,42.05254],[-122.85937,42.04549],[-122.86264,42.03702],[-122.87754,42.03305],[-122.87583,42.02306],[-122.88727,42.01758],[-122.89936,41.99476],[-122.95756,41.95446],[-122.96634,41.93206],[-122.97926,41.93751],[-123.0003,41.93133],[-123.01609,41.9488],[-123.07313,41.95586],[-123.1144,41.93724],[-123.1644,41.9395],[-123.20312,41.91716],[-123.24181,41.924],[-123.2763,41.94832],[-123.30366,41.946],[-123.30294,41.9619],[-123.33694,41.97362],[-123.35126,41.99933],[-123.51782,42.00076],[-123.54093,41.98544],[-123.53323,41.95506],[-123.55444,41.9301],[-123.55939,41.90615],[-123.59358,41.90625],[-123.61184,41.88086],[-123.63938,41.89041],[-123.636,41.90015],[-123.64833,41.907],[-123.65275,41.93924],[-123.67437,41.93908],[-123.70693,41.95594],[-123.7273,41.95455],[-123.74675,41.971],[-123.77192,41.97809],[-123.78236,41.97442],[-123.7884,41.99582],[-123.99325,41.99603],[-123.99325,42.00874],[-124.01274,42.00878],[-124.01274,41.99636],[-124.11533,41.99719],[-124.1153,42.01],[-124.13471,42.00939],[-124.1347,41.9973],[-124.18265,41.99818],[-124.18282,42.02358],[-124.15396,42.02389],[-124.15333,42.03796],[-124.18286,42.03797],[-124.18298,42.16633],[-124.1152,42.16596],[-124.11485,42.20989],[-124.13453,42.20982],[-124.13388,42.195],[-124.15382,42.19551],[-124.15437,42.18115],[-124.1831,42.18075],[-124.18353,42.23694],[-124.30083,42.23686],[-124.30068,42.5096],[-124.18476,42.51096],[-124.1855,42.59675],[-124.20508,42.59669],[-124.2051,42.58226],[-124.30033,42.58116],[-124.29982,42.66641],[-124.39613,42.66734],[-124.3959,42.69471],[-124.4163,42.69496],[-124.41613,42.79895],[-124.39614,42.79885],[-124.396,42.83253],[-124.35641,42.83224],[-124.35671,42.79891],[-124.33685,42.79886],[-124.33703,42.7844],[-124.29703,42.78433],[-124.29712,42.83209],[-124.23865,42.83211],[-124.23757,42.81252],[-124.256,42.8125],[-124.25618,42.79806],[-124.2758,42.79813],[-124.27505,42.78369],[-124.12311,42.79028],[-124.12288,42.83292],[-123.83588,42.82418],[-123.83092,42.78882],[-123.86368,42.7819],[-123.8687,42.76776],[-123.9074,42.76779],[-123.90724,42.77471],[-123.93056,42.76731],[-123.93072,42.73969],[-123.91757,42.73951],[-123.9177,42.72463],[-123.89817,42.72451],[-123.89819,42.71369],[-123.87845,42.7101],[-123.86869,42.6809],[-123.85403,42.6809],[-123.8541,42.67365],[-123.83937,42.67006],[-123.83936,42.65919],[-123.82954,42.65919],[-123.82321,42.64797],[-123.82803,42.62616],[-123.81329,42.61887],[-123.81318,42.60802],[-123.77884,42.60815],[-123.74922,42.59369],[-123.75423,42.56831],[-123.79836,42.54591],[-123.79823,42.5132],[-123.70522,42.51696],[-123.70031,42.53507],[-123.68087,42.53506],[-123.68097,42.54954],[-123.62208,42.54962],[-123.60749,42.56034],[-123.6026,42.55309],[-123.58301,42.55321],[-123.58236,42.49154],[-123.60187,42.4915],[-123.60216,42.477],[-123.52352,42.47693],[-123.52352,42.44721],[-123.54375,42.44713],[-123.54367,42.43269],[-123.52345,42.43271],[-123.52416,42.38922],[-123.58271,42.38899],[-123.58286,42.33035],[-123.62192,42.33026],[-123.62193,42.31569],[-123.64104,42.31561],[-123.64116,42.30112],[-123.66099,42.30111],[-123.66115,42.21332],[-123.69958,42.21347],[-123.6997,42.14008],[-123.71914,42.14003],[-123.7192,42.12556],[-123.69973,42.12557],[-123.69981,42.11098],[-123.71946,42.11098],[-123.7195,42.10369],[-123.71949,42.09635],[-123.69984,42.09642],[-123.69987,42.07451],[-123.70472,42.08179],[-123.7195,42.08176],[-123.71961,42.06717],[-123.73933,42.06734],[-123.73939,42.03814],[-123.75782,42.03813],[-123.75779,42.02359],[-123.77708,42.02356],[-123.7769,41.99599],[-123.7003,41.99632],[-123.69989,42.0526],[-123.6809,42.0525],[-123.68146,42.03797],[-123.64188,42.03785],[-123.64151,42.00862],[-123.62207,42.00863],[-123.62243,42.03781],[-123.5831,42.03776],[-123.58311,42.08177],[-123.46531,42.08237],[-123.46529,42.19918],[-123.39529,42.18493],[-123.39526,42.17051],[-123.38565,42.17059],[-123.3663,42.14197],[-123.32685,42.13807],[-123.30874,42.12184],[-123.26983,42.12785],[-123.26972,42.11831],[-123.25997,42.11833],[-123.26008,42.12803],[-123.19067,42.12799],[-123.1908,42.14296],[-123.07261,42.14165],[-123.07264,42.1271],[-123.01373,42.12666],[-123.01321,42.09761],[-122.91429,42.0983],[-122.91427,42.11282],[-122.89495,42.11289],[-122.89485,42.12742],[-122.87553,42.12742],[-122.87558,42.14187],[-122.79658,42.14197],[-122.79652,42.15667],[-122.75782,42.15639],[-122.76264,42.17121],[-122.73158,42.17095],[-122.73291,42.1817],[-122.7178,42.1782],[-122.72022,42.15639],[-122.71294,42.1564],[-122.71294,42.17089],[-122.69837,42.17088],[-122.6984,42.15639],[-122.67877,42.15631],[-122.67832,42.14158],[-122.65903,42.14169],[-122.65924,42.12749]]],[[[-122.27322,43.13317],[-122.26337,43.12822],[-122.25372,43.11974],[-122.22554,43.1215],[-122.19706,43.11128],[-122.17938,43.08883],[-122.19794,43.08883],[-122.22326,43.07619],[-122.25293,43.0762],[-122.25295,43.06772],[-122.26659,43.06773],[-122.26663,43.0111],[-122.27567,42.99679],[-122.30245,42.986],[-122.30246,42.9761],[-122.27285,42.97612],[-122.2729,42.95436],[-122.28277,42.95438],[-122.28926,42.85992],[-122.26666,42.83819],[-122.26667,42.80098],[-122.17344,42.80098],[-122.18639,42.76583],[-122.17891,42.7507],[-122.18514,42.71508],[-122.19478,42.70403],[-122.17837,42.69441],[-122.16615,42.66162],[-122.16876,42.65463],[-122.22469,42.63691],[-122.21383,42.62289],[-122.21468,42.6],[-122.23555,42.57488],[-122.22655,42.52773],[-122.23115,42.50782],[-122.28466,42.49826],[-122.28768,42.37148],[-122.23213,42.35675],[-122.234,42.32758],[-122.26464,42.3094],[-122.26576,42.26772],[-122.2874,42.26775],[-122.28756,42.24354],[-122.36583,42.24387],[-122.3661,42.27302],[-122.3858,42.27318],[-122.38605,42.28779],[-122.46391,42.28768],[-122.46402,42.30221],[-122.4836,42.30219],[-122.48362,42.43315],[-122.50326,42.43306],[-122.50007,42.49055],[-122.50987,42.49067],[-122.50015,42.50526],[-122.50062,42.52721],[-122.40102,42.53323],[-122.40011,42.7219],[-122.41969,42.72184],[-122.41983,42.72913],[-122.4196,42.73623],[-122.40006,42.73633],[-122.40094,42.79464],[-122.42023,42.7947],[-122.42096,42.80922],[-122.44053,42.80924],[-122.44084,42.82384],[-122.46044,42.82358],[-122.45995,42.80915],[-122.46947,42.80934],[-122.46939,42.80191],[-122.45969,42.80185],[-122.45917,42.75803],[-122.50342,42.76551],[-122.5035,42.75782],[-122.5133,42.75775],[-122.5204,42.76625],[-122.53024,42.76629],[-122.53025,42.75903],[-122.54006,42.75905],[-122.54009,42.76634],[-122.56465,42.76202],[-122.57455,42.7699],[-122.55971,42.77337],[-122.55976,42.81705],[-122.57441,42.80982],[-122.56954,42.82072],[-122.57967,42.82309],[-122.65756,42.82433],[-122.65792,42.81719],[-122.67723,42.81721],[-122.67708,42.8241],[-122.75603,42.8232],[-122.76668,42.84249],[-122.75854,42.85058],[-122.74271,42.85059],[-122.74302,42.86237],[-122.69688,42.88682],[-122.59387,42.9017],[-122.59266,42.91627],[-122.56402,42.9267],[-122.54756,42.94508],[-122.49173,42.95303],[-122.47669,42.98012],[-122.47733,43.00315],[-122.45314,43.02904],[-122.46264,43.04305],[-122.44822,43.06514],[-122.3892,43.09876],[-122.35112,43.10745],[-122.33592,43.09818],[-122.32029,43.1111],[-122.2966,43.11438],[-122.27322,43.13317]]],[[[-123.98092,42.86401],[-123.9618,42.86824],[-123.95725,42.87583],[-123.94117,42.87511],[-123.94193,42.88261],[-123.87331,42.88242],[-123.88856,42.86053],[-123.90856,42.86081],[-123.90746,42.83937],[-123.92686,42.84326],[-123.9269,42.86103],[-123.94121,42.86107],[-123.94134,42.85343],[-123.9562,42.85683],[-123.96177,42.84592],[-124.00132,42.85003],[-124.00148,42.861],[-123.99121,42.8607],[-123.99123,42.86794],[-124.00825,42.87564],[-123.98605,42.87502],[-123.98092,42.86401]]],[[[-124.13992,42.18073],[-124.13906,42.18804],[-124.12484,42.18788],[-124.12539,42.18063],[-124.13992,42.18073]]],[[[-122.94584,42.35158],[-122.93258,42.35643],[-122.92978,42.34551],[-122.94584,42.35158]]],[[[-122.61424,42.7883],[-122.61418,42.78105],[-122.61912,42.78114],[-122.61921,42.79205],[-122.60929,42.79186],[-122.61424,42.7883]]],[[[-123.06771,42.15607],[-123.05994,42.15421],[-123.05805,42.14873],[-123.06771,42.1488],[-123.06771,42.15607]]],[[[-122.64842,42.80298],[-122.6431,42.81028],[-122.63765,42.8031],[-122.64842,42.80298]]],[[[-122.58707,42.7699],[-122.5795,42.77355],[-122.57945,42.7661],[-122.58707,42.7699]]],[[[-124.19732,42.11672],[-124.2022,42.1204],[-124.19245,42.12425],[-124.19732,42.11672]]],[[[-123.06287,42.14157],[-123.05802,42.14512],[-123.05316,42.14506],[-123.05312,42.14143],[-123.06287,42.14157]]],[[[-122.57458,42.77711],[-122.5794,42.78072],[-122.56974,42.78073],[-122.57458,42.77711]]],[[[-123.04334,42.16501],[-123.04336,42.17047],[-123.03847,42.17042],[-123.04334,42.16501]]],[[[-123.05327,42.1705],[-123.05079,42.17049],[-123.05077,42.16139],[-123.05327,42.1705]]],[[[-122.5896,42.76255],[-122.58453,42.7625],[-122.5845,42.7589],[-122.5896,42.76255]]],[[[-122.61428,42.80287],[-122.60935,42.80642],[-122.60934,42.80276],[-122.61428,42.80287]]],[[[-122.58925,42.80253],[-122.58927,42.8062],[-122.58435,42.80618],[-122.58925,42.80253]]],[[[-122.60935,42.80642],[-122.60446,42.80999],[-122.60444,42.80632],[-122.60935,42.80642]]],[[[-123.04339,42.18505],[-123.04339,42.18871],[-123.03848,42.18871],[-123.04339,42.18505]]],[[[-122.62417,42.79939],[-122.61923,42.79935],[-122.61922,42.79572],[-122.62417,42.79939]]],[[[-122.60443,42.79542],[-122.59956,42.79532],[-122.59955,42.79168],[-122.60443,42.79542]]],[[[-122.65903,42.14169],[-122.65903,42.14532],[-122.65419,42.14532],[-122.65903,42.14169]]],[[[-122.63763,42.79945],[-122.63351,42.79581],[-122.63762,42.79581],[-122.63763,42.79945]]],[[[-123.0421,42.16319],[-123.03838,42.16319],[-123.03838,42.15956],[-123.0421,42.16319]]],[[[-123.0237,42.18499],[-123.02123,42.18499],[-123.01877,42.18132],[-123.0237,42.18499]]],[[[-123.65147,42.15979],[-123.64709,42.16207],[-123.64846,42.15943],[-123.65147,42.15979]]],[[[-123.04339,42.19566],[-123.04093,42.19399],[-123.04339,42.19238],[-123.04339,42.19566]]],[[[-122.56825,42.54097],[-122.56466,42.541],[-122.56464,42.53981],[-122.56825,42.54097]]],[[[-124.07964,42.89783],[-124.07745,42.89597],[-124.08001,42.89687],[-124.07964,42.89783]]],[[[-124.42167,42.40157],[-124.42012,42.40266],[-124.41952,42.40163],[-124.42167,42.40157]]],[[[-124.42379,42.40258],[-124.42358,42.40335],[-124.4221,42.40331],[-124.42379,42.40258]]],[[[-124.06643,42.87814],[-124.06494,42.87909],[-124.06448,42.87879],[-124.06643,42.87814]]],[[[-122.56436,42.54067],[-122.5634,42.53994],[-122.56435,42.54001],[-122.56436,42.54067]]]]},"bbox":[-124.42379,41.88086,-122.16615,43.13317],"properties":{"divisionId":"national-forest:{9E37455D-DE45-4BB2-A187-6E8A5B225330}","divisionType":"national-forest","name":"Rogue River-Siskiyou National Forests","label":"Rogue River-Siskiyou National Forests","labelPoint":[-123.29497,42.507014999999996],"state":null,"sourceFeatureId":"{9E37455D-DE45-4BB2-A187-6E8A5B225330}","landAreaSqKm":7085.111,"cameraViewshedAreaSqKm":427.322,"cameraViewshedCoveragePct":6.03,"landMix":[{"label":"National Park","percentage":0.27,"areaSqKm":19.221},{"label":"National Forest","percentage":99.73,"areaSqKm":7065.89},{"label":"Other/unclassified","percentage":0.0,"areaSqKm":0.0}]}},{"type":"Feature","id":"national-forest:{A36F4B58-20C7-4C0D-8111-540600A94EDE}","geometry":{"type":"MultiPolygon","coordinates":[[[[-122.29419,45.14311],[-122.29416,45.15749],[-122.27361,45.15766],[-122.27354,45.17167],[-122.25021,45.17165],[-122.2502,45.2297],[-122.23001,45.22997],[-122.23022,45.24429],[-122.21985,45.24447],[-122.18905,45.24443],[-122.18919,45.23003],[-122.12741,45.22976],[-122.12743,45.24416],[-122.14794,45.24784],[-122.12746,45.24776],[-122.12728,45.34476],[-122.0042,45.34454],[-122.00385,45.33119],[-121.98384,45.3391],[-121.9833,45.32487],[-121.94244,45.31648],[-121.94251,45.32753],[-121.95195,45.32819],[-121.94294,45.36085],[-121.92276,45.3607],[-121.92152,45.37553],[-121.98386,45.368],[-121.98381,45.38956],[-122.00403,45.38941],[-122.004,45.40379],[-122.12727,45.4034],[-122.12708,45.4177],[-122.20913,45.41802],[-122.20941,45.43226],[-122.16829,45.43188],[-122.16738,45.47562],[-122.12645,45.47491],[-122.12542,45.54008],[-122.08346,45.52649],[-122.05336,45.53981],[-122.05328,45.55047],[-122.03269,45.55053],[-122.03263,45.56126],[-122.02223,45.56125],[-122.02219,45.57563],[-121.98685,45.576],[-121.98158,45.59018],[-121.94145,45.59871],[-121.93784,45.6098],[-121.94436,45.61508],[-121.92537,45.61476],[-121.90965,45.62926],[-121.8767,45.59876],[-121.89539,45.63078],[-121.87054,45.63651],[-121.87015,45.64461],[-121.85947,45.63847],[-121.84274,45.64906],[-121.8452,45.65723],[-121.83337,45.6684],[-121.80265,45.67697],[-121.77038,45.65234],[-121.75031,45.66957],[-121.75119,45.64755],[-121.71827,45.66256],[-121.70127,45.65757],[-121.64806,45.66365],[-121.64795,45.64916],[-121.67625,45.64885],[-121.68923,45.63408],[-121.69953,45.6342],[-121.69502,45.61311],[-121.70042,45.60716],[-121.65057,45.60691],[-121.65059,45.59092],[-121.7308,45.59245],[-121.73099,45.57824],[-121.75682,45.5767],[-121.75679,45.52041],[-121.60638,45.51971],[-121.60678,45.43196],[-121.58642,45.43207],[-121.58689,45.44642],[-121.56694,45.44613],[-121.56641,45.45989],[-121.54672,45.45991],[-121.54731,45.56344],[-121.52699,45.5639],[-121.52728,45.5781],[-121.50648,45.57814],[-121.50553,45.54892],[-121.48234,45.54905],[-121.4824,45.5196],[-121.42107,45.51941],[-121.42085,45.49045],[-121.40067,45.49025],[-121.40044,45.476],[-121.35927,45.47586],[-121.35853,45.40772],[-121.29202,45.42177],[-121.29725,45.40148],[-121.33856,45.39637],[-121.33328,45.38563],[-121.34376,45.37473],[-121.35885,45.37466],[-121.35867,45.34567],[-121.31789,45.34556],[-121.31763,45.33105],[-121.29711,45.33125],[-121.2972,45.25893],[-121.3381,45.25927],[-121.33814,45.24473],[-121.35838,45.24458],[-121.35885,45.17208],[-121.4407,45.17214],[-121.44148,45.11443],[-121.46172,45.11431],[-121.46644,45.10317],[-121.71941,45.15477],[-121.7883,44.76457],[-121.81547,44.77145],[-121.86355,44.81029],[-121.92354,44.8066],[-121.94496,44.82279],[-121.96465,44.81573],[-121.99444,44.82044],[-122.01612,44.83831],[-122.01363,44.8494],[-122.04032,44.8464],[-122.05765,44.83486],[-122.08822,44.83739],[-122.13709,44.82649],[-122.14316,44.85136],[-122.13151,44.85706],[-122.1348,44.86527],[-122.2079,44.86497],[-122.19974,44.87934],[-122.26033,44.89868],[-122.2483,44.90206],[-122.24556,44.9428],[-122.23539,44.94633],[-122.23531,44.96081],[-122.21939,44.96482],[-122.20423,44.98273],[-122.20417,45.00709],[-122.23479,45.01086],[-122.24037,45.01813],[-122.25312,45.02542],[-122.25316,45.0399],[-122.23478,45.03984],[-122.23478,45.05433],[-122.25315,45.05434],[-122.24552,45.08524],[-122.25304,45.08527],[-122.25304,45.09975],[-122.27353,45.09971],[-122.27354,45.11417],[-122.25303,45.11422],[-122.25303,45.1287],[-122.27345,45.12866],[-122.2735,45.14316],[-122.29419,45.14311]],[[-122.23478,45.03622],[-122.22968,45.0326],[-122.22458,45.03985],[-122.23478,45.03622]],[[-122.27356,45.15767],[-122.2684,45.14316],[-122.25311,45.14314],[-122.25319,45.15757],[-122.27356,45.15767]]],[[[-122.29397,45.1142],[-122.29402,45.12862],[-122.27345,45.12866],[-122.27354,45.11417],[-122.29397,45.1142]]],[[[-122.23481,45.00336],[-122.23483,44.99585],[-122.25287,44.9958],[-122.25307,45.01092],[-122.23479,45.01086],[-122.23481,45.00336]]],[[[-121.40483,45.0907],[-121.42041,45.09389],[-121.44916,45.09971],[-121.3999,45.09962],[-121.39965,45.08966],[-121.40483,45.0907]]],[[[-122.29419,45.14311],[-122.29406,45.13247],[-122.31462,45.1286],[-122.31289,45.14231],[-122.29419,45.14311]]],[[[-121.3642,45.08249],[-121.374,45.0845],[-121.37735,45.08518],[-121.35873,45.0851],[-121.3642,45.08249]]],[[[-121.24769,45.617],[-121.24768,45.62031],[-121.2441,45.61699],[-121.24769,45.617]]],[[[-121.27871,45.66271],[-121.27358,45.66393],[-121.27357,45.6627],[-121.27871,45.66271]]],[[[-121.64584,45.5669],[-121.64327,45.56709],[-121.64329,45.56528],[-121.64584,45.5669]]],[[[-122.39341,45.55098],[-122.39341,45.55276],[-122.39086,45.55276],[-122.39341,45.55098]]],[[[-121.57019,45.53421],[-121.56828,45.53351],[-121.57022,45.53301],[-121.57019,45.53421]]],[[[-121.12652,45.45641],[-121.12669,45.45753],[-121.12513,45.45749],[-121.12652,45.45641]]],[[[-121.59111,45.52093],[-121.5899,45.52093],[-121.58988,45.51964],[-121.59111,45.52093]]],[[[-121.24253,45.61335],[-121.24252,45.61484],[-121.24224,45.61428],[-121.24253,45.61335]]]]},"bbox":[-122.39341,44.76457,-121.12513,45.67697],"properties":{"divisionId":"national-forest:{A36F4B58-20C7-4C0D-8111-540600A94EDE}","divisionType":"national-forest","name":"Mt. Hood National Forest","label":"Mt. Hood National Forest","labelPoint":[-121.75927,45.22077],"state":null,"sourceFeatureId":"{A36F4B58-20C7-4C0D-8111-540600A94EDE}","landAreaSqKm":4268.614,"cameraViewshedAreaSqKm":253.835,"cameraViewshedCoveragePct":5.95,"landMix":[{"label":"Tribal land","percentage":0.01,"areaSqKm":0.447},{"label":"National Forest","percentage":99.99,"areaSqKm":4268.167},{"label":"Other/unclassified","percentage":0.0,"areaSqKm":0.0}]}},{"type":"Feature","id":"national-forest:{A8F81369-A926-4F66-B733-15F4EED76BAA}","geometry":{"type":"MultiPolygon","coordinates":[[[[-122.27534,44.89387],[-122.26032,44.89769],[-122.19974,44.87934],[-122.2084,44.87414],[-122.20773,44.86491],[-122.1348,44.86527],[-122.13151,44.85706],[-122.14316,44.85136],[-122.13967,44.82673],[-122.08822,44.83739],[-122.05765,44.83486],[-122.04032,44.8464],[-122.01363,44.8494],[-122.01612,44.83831],[-121.99444,44.82044],[-121.96465,44.81573],[-121.94496,44.82279],[-121.92354,44.8066],[-121.86355,44.81029],[-121.81547,44.77145],[-121.78422,44.76757],[-121.78573,44.7587],[-121.7782,44.75607],[-121.80046,44.67128],[-121.79792,44.6403],[-121.81148,44.61587],[-121.79391,44.59413],[-121.80329,44.55532],[-121.81632,44.53738],[-121.80927,44.51514],[-121.84669,44.4911],[-121.84945,44.46708],[-121.84118,44.44459],[-121.84764,44.42956],[-121.84092,44.41052],[-121.84587,44.3667],[-121.83673,44.35682],[-121.84386,44.34608],[-121.83758,44.33427],[-121.8413,44.28582],[-121.82543,44.28326],[-121.81918,44.26196],[-121.80028,44.25931],[-121.78949,44.2491],[-121.77785,44.22019],[-121.7854,44.21296],[-121.77408,44.19039],[-121.77973,44.17534],[-121.77158,44.1673],[-121.78426,44.14812],[-121.77264,44.13957],[-121.76801,44.11437],[-121.77257,44.09081],[-121.80247,44.05243],[-121.8195,44.05153],[-121.83433,44.04007],[-121.82223,44.01282],[-121.83341,43.9913],[-121.82816,43.97272],[-121.85804,43.96431],[-121.8692,43.91193],[-121.88157,43.9079],[-121.9207,43.92156],[-121.93958,43.90109],[-121.92906,43.89423],[-121.96288,43.87726],[-121.9754,43.85695],[-121.97597,43.80832],[-121.96062,43.78132],[-121.96933,43.7677],[-121.9608,43.76384],[-121.9812,43.74294],[-121.97518,43.73564],[-121.97958,43.71026],[-121.97336,43.70614],[-121.99121,43.68297],[-121.98057,43.63981],[-121.9647,43.62689],[-121.99994,43.62636],[-122.01082,43.6093],[-122.07173,43.58767],[-122.07125,43.57968],[-122.10404,43.5743],[-122.13101,43.5573],[-122.14954,43.52078],[-122.13256,43.51054],[-122.12865,43.49702],[-122.14064,43.46625],[-122.13676,43.45635],[-122.15299,43.44739],[-122.10166,43.42493],[-122.09137,43.42876],[-122.05711,43.39949],[-122.10529,43.38012],[-122.13281,43.37862],[-122.14671,43.39207],[-122.2015,43.40596],[-122.2314,43.38121],[-122.30049,43.36346],[-122.33859,43.36505],[-122.34564,43.35599],[-122.40509,43.38699],[-122.42158,43.38024],[-122.43845,43.39815],[-122.47815,43.4043],[-122.47929,43.41447],[-122.4624,43.42098],[-122.44941,43.44231],[-122.4756,43.45697],[-122.48293,43.47882],[-122.5148,43.48116],[-122.50503,43.50728],[-122.49277,43.51572],[-122.5167,43.52894],[-122.523,43.5355],[-122.51681,43.54301],[-122.56473,43.58056],[-122.54295,43.59619],[-122.54861,43.60623],[-122.52902,43.62211],[-122.5396,43.63412],[-122.56524,43.64],[-122.56818,43.70752],[-122.59115,43.72028],[-122.59542,43.74405],[-122.62405,43.76553],[-122.6368,43.76622],[-122.6565,43.79124],[-122.67432,43.79771],[-122.69539,43.7906],[-122.70708,43.79646],[-122.70714,43.81336],[-122.74429,43.82393],[-122.74519,43.86652],[-122.62777,43.86698],[-122.62068,44.04292],[-122.44107,44.0425],[-122.44057,44.0531],[-122.42543,44.05377],[-122.42508,44.08441],[-122.4006,44.08811],[-122.38577,44.08498],[-122.38568,44.05293],[-122.37636,44.04243],[-122.26369,44.04187],[-122.26401,44.08494],[-122.32379,44.08446],[-122.32426,44.12267],[-122.33468,44.11245],[-122.33885,44.12253],[-122.35393,44.11949],[-122.35392,44.13059],[-122.33992,44.13085],[-122.33973,44.14139],[-122.35745,44.14877],[-122.32099,44.14948],[-122.27904,44.16568],[-122.28176,44.17348],[-122.2638,44.18531],[-122.26376,44.19353],[-122.27384,44.1845],[-122.29391,44.18619],[-122.28392,44.18266],[-122.28409,44.16995],[-122.31452,44.15578],[-122.32956,44.15568],[-122.32907,44.16598],[-122.30417,44.16932],[-122.29895,44.17893],[-122.32379,44.17243],[-122.31484,44.18462],[-122.33295,44.18574],[-122.33407,44.1661],[-122.34988,44.16663],[-122.33959,44.15599],[-122.35915,44.15963],[-122.40581,44.14872],[-122.41112,44.12353],[-122.426,44.12712],[-122.42606,44.13447],[-122.41599,44.13415],[-122.4109,44.14515],[-122.42598,44.14526],[-122.44582,44.15604],[-122.44612,44.16321],[-122.52621,44.14509],[-122.52093,44.15555],[-122.48582,44.16308],[-122.49093,44.1738],[-122.48115,44.18086],[-122.46621,44.18087],[-122.46622,44.17019],[-122.44642,44.17039],[-122.44668,44.18831],[-122.38315,44.19442],[-122.39714,44.20221],[-122.39684,44.2096],[-122.38457,44.20948],[-122.38459,44.23882],[-122.36406,44.23849],[-122.36405,44.25311],[-122.38458,44.25334],[-122.38184,44.35987],[-122.39194,44.35957],[-122.39193,44.374],[-122.44171,44.3733],[-122.4421,44.47198],[-122.32396,44.47325],[-122.32448,44.48739],[-122.30486,44.48796],[-122.30415,44.47369],[-122.26451,44.47456],[-122.26586,44.54649],[-122.30651,44.54661],[-122.30623,44.55964],[-122.34565,44.55965],[-122.34536,44.57413],[-122.33556,44.57408],[-122.33589,44.5956],[-122.32593,44.59556],[-122.3249,44.65339],[-122.3047,44.65377],[-122.305,44.66114],[-122.32512,44.66095],[-122.33087,44.668],[-122.32641,44.68983],[-122.33657,44.68967],[-122.33676,44.697],[-122.30636,44.69742],[-122.29606,44.68676],[-122.30057,44.67602],[-122.27447,44.66908],[-122.28367,44.65421],[-122.25408,44.65461],[-122.25785,44.79948],[-122.2971,44.79739],[-122.29701,44.78967],[-122.31664,44.78903],[-122.31675,44.79682],[-122.35692,44.7954],[-122.35653,44.8097],[-122.33638,44.80982],[-122.34042,44.82774],[-122.35083,44.8275],[-122.35085,44.83871],[-122.34062,44.84249],[-122.35079,44.85707],[-122.34075,44.85708],[-122.3315,44.87174],[-122.31093,44.8714],[-122.311,44.87871],[-122.29042,44.87893],[-122.29037,44.88659],[-122.27532,44.88662],[-122.27534,44.89387]],[[-122.27083,44.16763],[-122.26395,44.1633],[-122.26387,44.17011],[-122.27083,44.16763]],[[-122.31965,44.1347],[-122.32424,44.12649],[-122.31391,44.12645],[-122.31965,44.1347]],[[-122.30379,44.13007],[-122.26385,44.12751],[-122.26414,44.14011],[-122.29395,44.13394],[-122.29933,44.14099],[-122.30379,44.13007]]],[[[-122.40544,44.12278],[-122.38778,44.12211],[-122.37436,44.11976],[-122.35425,44.09869],[-122.36943,44.0987],[-122.37424,44.09153],[-122.40052,44.10561],[-122.40544,44.12278]]],[[[-122.55699,44.36998],[-122.52155,44.36645],[-122.51667,44.37004],[-122.50173,44.35886],[-122.52157,44.35892],[-122.52669,44.34446],[-122.54233,44.34448],[-122.55712,44.35911],[-122.55699,44.36998]]],[[[-122.42755,44.30222],[-122.44254,44.30184],[-122.44259,44.31646],[-122.42232,44.30925],[-122.42755,44.30222]]],[[[-122.53318,44.31522],[-122.54331,44.31527],[-122.54311,44.3227],[-122.53293,44.3226],[-122.53318,44.31522]]],[[[-122.55311,44.32995],[-122.56331,44.3299],[-122.56326,44.33722],[-122.55295,44.33726],[-122.55311,44.32995]]],[[[-122.57856,44.33366],[-122.57841,44.34102],[-122.56323,44.34087],[-122.57856,44.33366]]],[[[-122.49336,44.31153],[-122.4932,44.31518],[-122.48321,44.3156],[-122.48351,44.30807],[-122.49336,44.31153]]],[[[-122.53293,44.3226],[-122.52757,44.3299],[-122.52276,44.32249],[-122.53293,44.3226]]],[[[-122.55295,44.33726],[-122.55286,44.34088],[-122.54767,44.34089],[-122.55295,44.33726]]],[[[-122.39061,44.09186],[-122.38568,44.08814],[-122.39066,44.08834],[-122.39061,44.09186]]],[[[-122.68846,44.40475],[-122.6875,44.40402],[-122.68845,44.40398],[-122.68846,44.40475]]],[[[-122.34185,44.15472],[-122.33996,44.15544],[-122.33981,44.15527],[-122.34185,44.15472]]],[[[-122.51505,44.39195],[-122.5088,44.39018],[-122.51074,44.39071],[-122.51505,44.39195]]]]},"bbox":[-122.74519,43.35599,-121.76801,44.89769],"properties":{"divisionId":"national-forest:{A8F81369-A926-4F66-B733-15F4EED76BAA}","divisionType":"national-forest","name":"Willamette National Forest","label":"Willamette National Forest","labelPoint":[-122.25659999999999,44.12684],"state":null,"sourceFeatureId":"{A8F81369-A926-4F66-B733-15F4EED76BAA}","landAreaSqKm":7210.026,"cameraViewshedAreaSqKm":810.895,"cameraViewshedCoveragePct":11.25,"landMix":[{"label":"Tribal land","percentage":0.05,"areaSqKm":3.759},{"label":"National Forest","percentage":99.95,"areaSqKm":7206.266},{"label":"Other/unclassified","percentage":0.0,"areaSqKm":0.0}]}},{"type":"Feature","id":"national-forest:{AC371C53-A9A7-4D17-B1ED-1180630E3388}","geometry":{"type":"MultiPolygon","coordinates":[[[[-116.03241,47.22438],[-116.03243,47.20997],[-116.05365,47.21001],[-116.05374,47.19918],[-116.06355,47.19559],[-116.05824,47.17839],[-116.08489,47.17832],[-116.07961,47.16751],[-116.01557,47.16756],[-116.01579,47.19552],[-115.90532,47.19497],[-115.90513,47.20939],[-115.90468,47.2675],[-115.92584,47.26761],[-115.92596,47.25485],[-115.94725,47.25315],[-115.94712,47.28319],[-115.98948,47.2833],[-115.98954,47.26771],[-116.00544,47.27129],[-116.00555,47.28328],[-116.13777,47.28327],[-116.13768,47.32706],[-116.18062,47.32691],[-116.18068,47.33774],[-116.23405,47.34503],[-116.22885,47.37037],[-116.20186,47.37022],[-116.20188,47.38105],[-116.19124,47.38466],[-116.20196,47.3991],[-116.19129,47.39906],[-116.19128,47.40633],[-116.15397,47.40992],[-116.15398,47.40268],[-116.14333,47.39905],[-116.13796,47.40626],[-116.1367,47.50142],[-116.07239,47.50052],[-116.07243,47.48609],[-116.00858,47.48618],[-116.0083,47.47213],[-115.96552,47.4723],[-115.96837,47.44267],[-115.88292,47.44271],[-115.88294,47.45849],[-115.75049,47.45882],[-115.75059,47.48783],[-115.79334,47.48763],[-115.79422,47.50264],[-115.81536,47.50266],[-115.81534,47.51649],[-115.79408,47.51652],[-115.79398,47.53083],[-115.81517,47.53112],[-115.81527,47.57244],[-115.87897,47.57242],[-115.87891,47.5434],[-115.90053,47.54341],[-115.9005,47.51465],[-115.92176,47.51462],[-115.92146,47.50019],[-115.94369,47.50003],[-115.96446,47.50184],[-115.96448,47.51453],[-116.00843,47.51595],[-116.00821,47.53046],[-116.05101,47.53019],[-116.05067,47.54344],[-116.11533,47.54345],[-116.11535,47.55792],[-116.22204,47.55892],[-116.22209,47.57272],[-116.2869,47.57312],[-116.2869,47.58769],[-116.45959,47.58705],[-116.45945,47.57251],[-116.50242,47.57236],[-116.50713,47.54288],[-116.51806,47.54279],[-116.51808,47.55016],[-116.50723,47.55397],[-116.51259,47.55777],[-116.52393,47.55764],[-116.52353,47.54275],[-116.56594,47.5423],[-116.56524,47.5278],[-116.5866,47.52758],[-116.58649,47.50938],[-116.59708,47.50566],[-116.59692,47.49837],[-116.67228,47.4978],[-116.67242,47.51255],[-116.73751,47.51178],[-116.73741,47.49717],[-116.78138,47.49732],[-116.78307,47.52498],[-116.7416,47.52553],[-116.74141,47.54003],[-116.72146,47.54029],[-116.72148,47.59129],[-116.69989,47.59495],[-116.70121,47.6058],[-116.67866,47.60596],[-116.67864,47.6152],[-116.61295,47.61648],[-116.61341,47.63141],[-116.56829,47.63183],[-116.56841,47.6609],[-116.67841,47.657],[-116.67878,47.70087],[-116.74375,47.70083],[-116.74313,47.78809],[-116.70015,47.78811],[-116.69941,47.84603],[-116.67786,47.84597],[-116.67777,47.86039],[-116.68856,47.86043],[-116.6885,47.86764],[-116.67771,47.8667],[-116.67766,47.88949],[-116.5909,47.8895],[-116.59083,47.91843],[-116.56953,47.91849],[-116.56837,47.99121],[-116.58995,47.99127],[-116.58948,48.10739],[-116.56766,48.10718],[-116.56776,48.15045],[-116.50294,48.15053],[-116.50322,48.19374],[-116.34258,48.19736],[-116.34239,48.15174],[-116.24615,48.15186],[-116.24612,48.13737],[-116.20278,48.13744],[-116.20272,48.12307],[-116.18113,48.12297],[-116.18107,48.1085],[-116.15959,48.10853],[-116.15958,48.09404],[-116.13785,48.09391],[-116.13782,48.0794],[-116.09484,48.07918],[-116.09477,48.0646],[-116.0491,48.06457],[-116.04971,48.03811],[-116.07632,48.03956],[-116.10431,48.02313],[-116.1034,48.01219],[-116.06229,47.9957],[-116.05273,47.9795],[-116.01883,47.96283],[-115.99369,47.92614],[-115.96628,47.91183],[-115.96824,47.89911],[-115.94036,47.88318],[-115.91889,47.85371],[-115.90144,47.84307],[-115.8816,47.84951],[-115.87066,47.83501],[-115.85221,47.82757],[-115.8453,47.81473],[-115.84759,47.78584],[-115.83157,47.75553],[-115.79755,47.7573],[-115.78094,47.74282],[-115.78445,47.73012],[-115.77659,47.71984],[-115.7532,47.71697],[-115.72255,47.69506],[-115.73673,47.65419],[-115.72952,47.64151],[-115.69484,47.62405],[-115.69849,47.60696],[-115.68854,47.59439],[-115.75581,47.54805],[-115.74298,47.53848],[-115.6986,47.53165],[-115.71148,47.51683],[-115.69011,47.50048],[-115.68635,47.48508],[-115.66781,47.48874],[-115.66094,47.47787],[-115.62945,47.47962],[-115.64655,47.45671],[-115.71596,47.4529],[-115.74821,47.44164],[-115.75932,47.42363],[-115.72076,47.42572],[-115.71278,47.41558],[-115.69169,47.41525],[-115.67542,47.40944],[-115.67731,47.40227],[-115.65778,47.40044],[-115.64378,47.37778],[-115.61732,47.38248],[-115.57845,47.36769],[-115.57521,47.35571],[-115.5516,47.3511],[-115.55059,47.33422],[-115.53955,47.32838],[-115.52838,47.29933],[-115.4829,47.28146],[-115.46649,47.28747],[-115.45602,47.27767],[-115.42602,47.28027],[-115.41096,47.26425],[-115.38488,47.26761],[-115.31961,47.25615],[-115.32472,47.24499],[-115.31736,47.23359],[-115.29456,47.22014],[-115.30019,47.18792],[-115.26183,47.18163],[-115.24464,47.15141],[-115.1996,47.14],[-115.17111,47.10641],[-115.14407,47.10175],[-115.13089,47.06863],[-115.1061,47.0484],[-115.08733,47.04565],[-115.06957,47.01496],[-115.09657,47.01192],[-115.12327,46.9967],[-115.16054,47.00702],[-115.18415,46.99437],[-115.20486,46.9688],[-115.22411,46.97175],[-115.24295,46.96006],[-115.26051,46.9616],[-115.28041,46.94349],[-115.35755,46.96143],[-115.36844,46.94296],[-115.4132,46.94673],[-115.43275,46.95824],[-115.43097,46.98011],[-115.47499,46.99054],[-115.48108,46.98679],[-115.47441,46.96757],[-115.50391,46.93923],[-115.5185,46.94544],[-115.54012,46.93703],[-115.55442,46.94371],[-115.57941,46.93549],[-115.6025,46.94893],[-115.67252,46.9533],[-115.70521,46.94647],[-115.70247,46.93963],[-115.72444,46.92388],[-115.7564,46.91643],[-115.76407,46.92049],[-115.76405,46.93385],[-115.78518,46.93437],[-115.7852,46.96301],[-115.80105,46.96305],[-115.80632,46.94866],[-115.80633,46.96307],[-115.81691,46.9631],[-115.80634,46.96668],[-115.80635,46.9775],[-115.84861,46.97758],[-115.84862,47.00645],[-115.86981,47.00648],[-115.86983,47.02094],[-115.91166,47.02095],[-115.91694,47.01367],[-115.91168,47.00283],[-115.89581,46.99922],[-115.92226,46.99199],[-115.91701,46.96319],[-115.93802,46.93446],[-115.95369,46.94533],[-115.96421,46.93442],[-116.1424,46.93442],[-116.14252,47.0475],[-116.13348,47.0475],[-116.14252,47.0511],[-116.14252,47.06191],[-116.12302,47.0655],[-116.12309,47.07992],[-116.14252,47.07992],[-116.14252,47.10276],[-116.19026,47.10612],[-116.19026,47.09886],[-116.20613,47.09876],[-116.21142,47.09152],[-116.20614,47.08421],[-116.22212,47.08057],[-116.22723,47.0551],[-116.23778,47.05501],[-116.24836,47.06581],[-116.24849,47.09133],[-116.23259,47.09513],[-116.2379,47.09509],[-116.23802,47.1164],[-116.24868,47.11635],[-116.24899,47.14543],[-116.20656,47.16018],[-116.20658,47.16746],[-116.19595,47.16751],[-116.18524,47.15293],[-116.14272,47.15294],[-116.14271,47.16746],[-116.12213,47.16741],[-116.11682,47.17467],[-116.12217,47.18917],[-116.13284,47.1892],[-116.12815,47.20285],[-116.09609,47.21009],[-116.09615,47.1993],[-116.1122,47.19926],[-116.11151,47.19282],[-116.07504,47.19561],[-116.07488,47.21004],[-116.06427,47.21003],[-116.0642,47.21724],[-116.05362,47.21362],[-116.05353,47.22444],[-116.03241,47.22438]],[[-116.1431,47.34506],[-116.13777,47.34151],[-116.13771,47.3487],[-116.1431,47.34506]],[[-116.2128,47.35217],[-116.20216,47.34854],[-116.20222,47.35574],[-116.2128,47.35217]],[[-116.1808,47.35215],[-116.16462,47.34854],[-116.16475,47.35575],[-116.1808,47.35215]],[[-115.92575,47.27482],[-115.91527,47.27476],[-115.91535,47.28208],[-115.92597,47.28215],[-115.92575,47.27482]],[[-115.96994,46.9776],[-115.96967,46.96686],[-115.95392,46.96685],[-115.93814,46.97759],[-115.96994,46.9776]],[[-115.91139,47.09687],[-115.89021,47.09327],[-115.89012,47.10776],[-115.90073,47.10776],[-115.91133,47.10776],[-115.91139,47.09687]],[[-115.81534,47.63058],[-115.87879,47.63076],[-115.87878,47.62323],[-115.87878,47.61594],[-115.85805,47.61586],[-115.85799,47.6014],[-115.81522,47.60134],[-115.81534,47.63058]],[[-116.00675,47.02087],[-115.95387,47.02098],[-115.96442,47.02819],[-115.95385,47.03181],[-115.93275,47.02096],[-115.91165,47.02457],[-115.91163,47.03541],[-115.89054,47.0354],[-115.89572,47.0607],[-115.89044,47.0607],[-115.89029,47.07877],[-115.91147,47.07878],[-115.91142,47.08963],[-115.94322,47.08241],[-115.93255,47.10777],[-115.98563,47.10774],[-115.98029,47.09325],[-115.9856,47.09325],[-115.9856,47.07156],[-115.95379,47.0788],[-115.9538,47.06433],[-115.97497,47.06432],[-115.97498,47.04986],[-115.98556,47.04986],[-115.98556,47.03539],[-116.00671,47.03536],[-116.00675,47.02087]]],[[[-117.03242,48.9992],[-116.57171,48.99981],[-116.57158,48.96314],[-116.54975,48.96315],[-116.54959,48.9488],[-116.52778,48.94868],[-116.52573,48.91969],[-116.4952,48.9197],[-116.49512,48.90524],[-116.4841,48.90525],[-116.48967,48.91609],[-116.48416,48.9161],[-116.46199,48.90526],[-116.46195,48.89805],[-116.48408,48.89803],[-116.48368,48.89084],[-116.44,48.89078],[-116.43944,48.83296],[-116.41811,48.83296],[-116.41779,48.76798],[-116.41869,48.75341],[-116.4295,48.75332],[-116.42917,48.71351],[-116.41869,48.71737],[-116.41841,48.70847],[-116.42939,48.70749],[-116.41841,48.7084],[-116.41832,48.65941],[-116.44007,48.65938],[-116.44008,48.65219],[-116.41833,48.6522],[-116.41837,48.63057],[-116.44011,48.63063],[-116.43992,48.58739],[-116.46168,48.58739],[-116.46169,48.55918],[-116.52563,48.55924],[-116.52567,48.53028],[-116.50515,48.53028],[-116.50514,48.51579],[-116.48333,48.50854],[-116.48344,48.48693],[-116.50524,48.4869],[-116.50535,48.47252],[-116.52566,48.47243],[-116.53109,48.48325],[-116.55841,48.4796],[-116.56378,48.49398],[-116.56917,48.50112],[-116.59118,48.50085],[-116.59126,48.48641],[-116.61314,48.48616],[-116.61312,48.50057],[-116.6945,48.50035],[-116.69452,48.51481],[-116.67848,48.51842],[-116.67876,48.54383],[-116.70066,48.54358],[-116.69901,48.60226],[-116.70973,48.60231],[-116.70973,48.61681],[-116.67735,48.62761],[-116.66689,48.64619],[-116.66722,48.68497],[-116.6564,48.68495],[-116.65656,48.71388],[-116.66732,48.7139],[-116.67269,48.72474],[-116.65658,48.73194],[-116.65676,48.77529],[-116.71517,48.78244],[-116.72032,48.81856],[-116.75834,48.83295],[-116.75837,48.86189],[-116.77477,48.86546],[-116.78021,48.8871],[-116.79628,48.88705],[-116.79629,48.87984],[-116.81272,48.87256],[-116.83463,48.87248],[-116.84009,48.87967],[-116.83461,48.88331],[-116.86735,48.88677],[-116.86735,48.89761],[-116.88366,48.8975],[-116.88366,48.90473],[-116.91548,48.90453],[-116.91617,48.79861],[-116.90705,48.80435],[-116.90039,48.799],[-116.8949,48.80747],[-116.88943,48.79665],[-116.8949,48.79657],[-116.85925,48.77143],[-116.85649,48.76062],[-116.8682,48.75511],[-116.86389,48.7433],[-116.83563,48.74498],[-116.8248,48.73392],[-116.83812,48.72103],[-116.84265,48.70307],[-116.83754,48.68783],[-116.82252,48.6824],[-116.85224,48.65763],[-116.85729,48.64802],[-116.84716,48.6361],[-116.8737,48.61459],[-116.86124,48.60131],[-116.83068,48.61011],[-116.83771,48.58033],[-116.8268,48.56153],[-116.8222,48.52565],[-116.83328,48.52454],[-116.83748,48.54031],[-116.84944,48.53694],[-116.85252,48.52311],[-116.83533,48.50101],[-116.85284,48.47638],[-116.87546,48.47868],[-116.87327,48.49231],[-116.907,48.49044],[-116.919,48.47052],[-116.8988,48.46374],[-116.8921,48.45006],[-116.90378,48.44966],[-116.90371,48.43718],[-116.89353,48.43459],[-116.92695,48.40944],[-116.90944,48.40506],[-116.91163,48.41081],[-116.88804,48.41583],[-116.8854,48.40938],[-116.86918,48.41057],[-116.87463,48.40114],[-116.86944,48.39693],[-116.87655,48.39388],[-116.86288,48.38861],[-116.87773,48.3779],[-116.85107,48.3719],[-116.86508,48.36536],[-116.8578,48.36658],[-116.85091,48.35052],[-116.84571,48.35759],[-116.82943,48.35731],[-116.81844,48.37074],[-116.74819,48.37513],[-116.72691,48.34666],[-116.84041,48.34334],[-116.84061,48.32908],[-116.85845,48.33236],[-116.86231,48.31194],[-116.88214,48.30303],[-116.87282,48.2902],[-116.87632,48.28323],[-116.86304,48.28533],[-116.86935,48.27829],[-116.85548,48.27153],[-116.86394,48.26078],[-116.85403,48.25209],[-116.86477,48.24165],[-116.88334,48.2424],[-116.87848,48.2385],[-117.03788,48.23872],[-117.0371,48.27216],[-117.06531,48.2963],[-117.06463,48.31463],[-117.08107,48.33374],[-117.12876,48.33139],[-117.14251,48.34371],[-117.1526,48.35682],[-117.14379,48.36133],[-117.13375,48.38831],[-117.13809,48.40629],[-117.1315,48.42057],[-117.13795,48.42433],[-117.14112,48.44487],[-117.13465,48.45137],[-117.14151,48.46387],[-117.11736,48.5125],[-117.12145,48.52471],[-117.15612,48.54642],[-117.15819,48.58448],[-117.14902,48.59229],[-117.15207,48.60142],[-117.13849,48.62868],[-117.15225,48.63745],[-117.17136,48.67496],[-117.1843,48.67831],[-117.18551,48.68325],[-117.1711,48.68389],[-117.166,48.69716],[-117.17655,48.72263],[-117.1906,48.7316],[-117.14527,48.76552],[-117.15898,48.78091],[-117.13308,48.79407],[-117.11092,48.83602],[-117.09762,48.84197],[-117.05989,48.88737],[-117.05372,48.92913],[-117.04597,48.9436],[-117.03234,48.94646],[-117.03242,48.9992]],[[-116.8736,48.64647],[-116.87364,48.63197],[-116.86507,48.63559],[-116.8736,48.64647]],[[-116.52559,48.50133],[-116.51609,48.49411],[-116.52157,48.48687],[-116.50522,48.49051],[-116.50515,48.50131],[-116.52559,48.50133]]],[[[-116.37443,48.4443],[-116.37473,48.45512],[-116.36377,48.4551],[-116.36936,48.45871],[-116.41831,48.45794],[-116.41827,48.46874],[-116.42911,48.46877],[-116.39676,48.47226],[-116.39629,48.50118],[-116.42889,48.5012],[-116.42887,48.51566],[-116.41799,48.51564],[-116.418,48.53011],[-116.39641,48.53015],[-116.39631,48.54462],[-116.37459,48.54476],[-116.37459,48.55916],[-116.30915,48.5595],[-116.30925,48.57393],[-116.2875,48.57395],[-116.2874,48.58726],[-116.30994,48.58722],[-116.30996,48.61607],[-116.28832,48.61619],[-116.28827,48.63054],[-116.24507,48.63075],[-116.24482,48.64499],[-116.20097,48.64518],[-116.2009,48.67364],[-116.17923,48.66992],[-116.18467,48.65924],[-116.16814,48.65949],[-116.16721,48.68807],[-116.11799,48.68458],[-116.11235,48.67356],[-116.10054,48.67356],[-116.05163,48.62365],[-116.07047,48.60125],[-116.06635,48.57261],[-116.11628,48.52028],[-116.14816,48.51271],[-116.18276,48.51509],[-116.20107,48.49839],[-116.17864,48.48398],[-116.16507,48.4461],[-116.178,48.43411],[-116.17827,48.41701],[-116.1431,48.4117],[-116.12187,48.39158],[-116.12868,48.38329],[-116.12422,48.37183],[-116.09532,48.36136],[-116.09828,48.34726],[-116.08337,48.33788],[-116.08857,48.33245],[-116.08311,48.32016],[-116.06711,48.30727],[-116.07232,48.2978],[-116.05971,48.2902],[-116.04273,48.29707],[-116.02903,48.29276],[-116.0191,48.28392],[-116.02107,48.26938],[-115.9894,48.26172],[-115.99083,48.24543],[-116.03036,48.24079],[-116.01888,48.22934],[-116.02885,48.21058],[-116.01291,48.19698],[-116.02127,48.19157],[-116.01814,48.16996],[-115.99919,48.15654],[-116.00256,48.14538],[-116.02208,48.12863],[-116.04903,48.11957],[-116.07287,48.12279],[-116.07277,48.13728],[-116.08893,48.13722],[-116.08361,48.15167],[-116.11616,48.15176],[-116.11593,48.12998],[-116.15941,48.13754],[-116.15939,48.19518],[-116.1919,48.19502],[-116.18647,48.18789],[-116.20272,48.184],[-116.20272,48.19425],[-116.22462,48.19424],[-116.22448,48.20514],[-116.23522,48.20526],[-116.22444,48.20878],[-116.2244,48.22304],[-116.24559,48.22322],[-116.24599,48.23766],[-116.28309,48.23785],[-116.283,48.24864],[-116.29911,48.25228],[-116.29919,48.26686],[-116.33154,48.26684],[-116.33146,48.28138],[-116.35316,48.28141],[-116.35874,48.29587],[-116.35333,48.29577],[-116.3533,48.31055],[-116.37496,48.31063],[-116.37482,48.34246],[-116.33132,48.34238],[-116.33116,48.35694],[-116.2874,48.35678],[-116.28721,48.3713],[-116.24362,48.37142],[-116.24351,48.38595],[-116.22171,48.38596],[-116.2216,48.40049],[-116.24335,48.40046],[-116.2433,48.41494],[-116.26474,48.41496],[-116.26466,48.42948],[-116.24316,48.42948],[-116.24887,48.44844],[-116.28693,48.4441],[-116.28658,48.42962],[-116.29766,48.42966],[-116.30916,48.44416],[-116.33086,48.44431],[-116.33065,48.43347],[-116.34163,48.43348],[-116.35251,48.43708],[-116.35243,48.44434],[-116.37443,48.4443]],[[-116.34177,48.45154],[-116.34157,48.44424],[-116.33085,48.44793],[-116.34177,48.45154]],[[-116.28697,48.45857],[-116.28692,48.45134],[-116.27588,48.45133],[-116.27587,48.4585],[-116.28697,48.45857]]],[[[-115.97434,48.95808],[-115.96891,48.93935],[-115.98142,48.9293],[-116.02137,48.93333],[-116.05088,48.89493],[-116.05043,48.87121],[-116.02526,48.84616],[-116.03639,48.83726],[-116.02275,48.81437],[-116.02943,48.77293],[-116.04906,48.7657],[-116.05187,48.74242],[-116.23806,48.74601],[-116.24352,48.73879],[-116.24352,48.74603],[-116.28695,48.74585],[-116.28684,48.81844],[-116.30879,48.8186],[-116.30886,48.83307],[-116.33069,48.8331],[-116.33077,48.84754],[-116.35253,48.84753],[-116.35226,48.91976],[-116.37437,48.91975],[-116.37435,48.93416],[-116.39631,48.93426],[-116.39623,48.96315],[-116.41827,48.9632],[-116.41808,49.00025],[-115.97214,49.00094],[-115.96445,48.97662],[-115.97434,48.95808]]],[[[-116.32581,46.95184],[-116.33028,46.95106],[-116.33028,46.9568],[-116.34615,46.9568],[-116.34086,46.95271],[-116.34531,46.94918],[-116.35102,46.96041],[-116.34614,46.96404],[-116.37131,46.96035],[-116.36735,46.96755],[-116.44669,46.97199],[-116.45052,46.98816],[-116.47511,47.00207],[-116.48228,47.01498],[-116.47779,47.0252],[-116.48689,47.03294],[-116.50764,47.03072],[-116.5247,47.04212],[-116.5815,47.03344],[-116.61533,47.05332],[-116.62263,47.06777],[-116.65819,47.06383],[-116.69528,47.07152],[-116.71952,47.09273],[-116.70867,47.10071],[-116.71886,47.12642],[-116.74165,47.13536],[-116.71257,47.16679],[-116.71256,47.15236],[-116.60625,47.15189],[-116.60625,47.10862],[-116.39505,47.10904],[-116.3948,47.02195],[-116.32126,47.0293],[-116.31599,47.02208],[-116.31596,47.02932],[-116.30012,47.02939],[-116.29482,47.02209],[-116.28958,47.03671],[-116.24836,47.03679],[-116.24831,47.02221],[-116.26837,47.03181],[-116.25867,47.00869],[-116.27199,47.00347],[-116.27729,46.97834],[-116.28784,46.98198],[-116.28782,46.97117],[-116.27209,46.9711],[-116.27554,46.96164],[-116.27643,46.96142],[-116.29309,46.96396],[-116.29843,46.9566],[-116.30852,46.95485],[-116.30938,46.95586],[-116.32581,46.95184]],[[-116.39478,47.01408],[-116.37289,47.01409],[-116.38879,47.01766],[-116.39478,47.01408]]],[[[-116.26677,46.96387],[-116.25864,46.98189],[-116.26392,46.98549],[-116.24807,46.98188],[-116.24806,46.99271],[-116.22692,46.99275],[-116.22693,47.0],[-116.20589,47.00007],[-116.20584,46.99277],[-116.18482,46.99275],[-116.1845,46.96005],[-116.20565,46.94938],[-116.20567,46.96377],[-116.22685,46.96384],[-116.22689,46.97824],[-116.24807,46.97826],[-116.24803,46.96746],[-116.26677,46.96387]]],[[[-115.89064,46.90543],[-115.87498,46.9199],[-115.84856,46.91268],[-115.8116,46.91628],[-115.82216,46.90905],[-115.81687,46.89821],[-115.82744,46.89099],[-115.89066,46.89096],[-115.89064,46.90543]]],[[[-116.28745,47.36675],[-116.27149,47.37045],[-116.2769,47.34861],[-116.26622,47.34863],[-116.26619,47.35592],[-116.25544,47.35228],[-116.26093,47.32685],[-116.26629,47.33406],[-116.29823,47.334],[-116.29818,47.34127],[-116.30877,47.34125],[-116.30872,47.3558],[-116.32975,47.36289],[-116.32976,47.37025],[-116.30853,47.37037],[-116.29794,47.36674],[-116.29807,47.35947],[-116.28745,47.36675]]],[[[-116.72983,48.11804],[-116.71902,48.12168],[-116.71906,48.10715],[-116.7083,48.1072],[-116.70824,48.08904],[-116.68668,48.09266],[-116.69209,48.0854],[-116.68129,48.07091],[-116.719,48.08542],[-116.71882,48.06434],[-116.74018,48.06427],[-116.74008,48.11077],[-116.72444,48.11078],[-116.72983,48.11804]]],[[[-116.5176,47.37104],[-116.44676,47.37016],[-116.44692,47.35931],[-116.42562,47.35918],[-116.43628,47.35562],[-116.43659,47.34475],[-116.45798,47.34489],[-116.45777,47.35214],[-116.47913,47.35599],[-116.47875,47.36325],[-116.49008,47.35606],[-116.49527,47.36701],[-116.49556,47.3561],[-116.51184,47.35625],[-116.5176,47.37104]],[[-116.46293,47.35944],[-116.45242,47.35211],[-116.45224,47.35935],[-116.46293,47.35944]]],[[[-116.55847,48.44373],[-116.54775,48.44368],[-116.55293,48.43643],[-116.56936,48.44364],[-116.56907,48.43268],[-116.59091,48.43234],[-116.59646,48.43945],[-116.57489,48.44357],[-116.59111,48.45741],[-116.5912,48.47205],[-116.58026,48.47218],[-116.58027,48.47938],[-116.56929,48.47953],[-116.5585,48.45446],[-116.55847,48.44373]]],[[[-116.74118,48.00596],[-116.71434,48.00622],[-116.71962,47.98736],[-116.74155,47.98441],[-116.74189,47.97737],[-116.76341,47.97751],[-116.76306,47.99206],[-116.74125,47.99138],[-116.74118,48.00596]]],[[[-116.50827,48.26597],[-116.4804,48.25484],[-116.48023,48.23669],[-116.49647,48.23676],[-116.50294,48.23706],[-116.50827,48.26597]]],[[[-116.25859,46.95664],[-116.23214,46.95665],[-116.22686,46.93868],[-116.23215,46.94228],[-116.25863,46.93508],[-116.26388,46.94939],[-116.25859,46.95664]]],[[[-116.33035,47.3012],[-116.30889,47.30126],[-116.30912,47.26788],[-116.31445,47.26789],[-116.31979,47.2679],[-116.31976,47.28275],[-116.33007,47.28256],[-116.33035,47.3012]]],[[[-116.68676,47.19534],[-116.66971,47.19537],[-116.66973,47.18117],[-116.69125,47.18123],[-116.69121,47.17392],[-116.69123,47.16664],[-116.71253,47.16683],[-116.68676,47.19534]]],[[[-116.75075,48.27338],[-116.73994,48.26615],[-116.73987,48.24439],[-116.74529,48.24439],[-116.76376,48.24438],[-116.76374,48.25163],[-116.75618,48.25163],[-116.75619,48.26617],[-116.76374,48.26978],[-116.75075,48.27338]]],[[[-116.5804,48.34257],[-116.5804,48.33547],[-116.59134,48.33551],[-116.59107,48.35697],[-116.56391,48.35699],[-116.56402,48.34617],[-116.5804,48.34257]]],[[[-116.45974,48.2226],[-116.46507,48.2226],[-116.48656,48.22263],[-116.48674,48.22976],[-116.45855,48.24408],[-116.45974,48.2226]]],[[[-116.42059,47.38783],[-116.43119,47.38423],[-116.44689,47.3878],[-116.44131,47.40213],[-116.42034,47.39858],[-116.42059,47.38783]]],[[[-116.39667,48.44442],[-116.37443,48.4443],[-116.37443,48.42986],[-116.38537,48.42988],[-116.3966,48.42987],[-116.39667,48.44442]]],[[[-116.03241,47.22438],[-116.03214,47.2388],[-116.01086,47.23883],[-116.01092,47.22436],[-116.03241,47.22438]]],[[[-116.67811,48.44304],[-116.65669,48.44289],[-116.65664,48.42856],[-116.67816,48.42868],[-116.67813,48.43586],[-116.67811,48.44304]]],[[[-116.55456,47.21031],[-116.56489,47.21011],[-116.56459,47.22464],[-116.5435,47.22462],[-116.54359,47.21013],[-116.55092,47.21039],[-116.5523,47.21036],[-116.55337,47.21056],[-116.55456,47.21031]]],[[[-116.32975,47.38862],[-116.31914,47.38503],[-116.31915,47.37779],[-116.33506,47.38139],[-116.34566,47.38502],[-116.34577,47.39584],[-116.32978,47.39583],[-116.32975,47.38862]]],[[[-115.86445,46.94874],[-115.8486,46.94872],[-115.84859,46.93433],[-115.85916,46.93435],[-115.86972,46.93436],[-115.86973,46.94155],[-115.86445,46.94874]]],[[[-115.82749,46.94874],[-115.80632,46.94866],[-115.80632,46.93795],[-115.82748,46.93436],[-115.82749,46.94874]]],[[[-116.24627,46.93511],[-116.22595,46.93127],[-116.22579,46.91954],[-116.23173,46.92064],[-116.24614,46.92045],[-116.24627,46.93511]]],[[[-117.02317,48.12294],[-117.00139,48.12287],[-117.01239,48.10834],[-117.0233,48.10837],[-117.02317,48.12294]]],[[[-116.82866,48.0645],[-116.80717,48.06461],[-116.80691,48.05019],[-116.81816,48.05016],[-116.82866,48.0645]]],[[[-116.42382,48.5591],[-116.41803,48.55909],[-116.41798,48.54462],[-116.43967,48.55193],[-116.43977,48.55914],[-116.42382,48.5591]]],[[[-116.42373,48.43274],[-116.44002,48.42912],[-116.44001,48.44357],[-116.41832,48.44356],[-116.42373,48.43274]]],[[[-116.79868,47.99188],[-116.80681,47.99172],[-116.80687,48.00626],[-116.78509,47.99901],[-116.78466,47.99216],[-116.79868,47.99188]]],[[[-116.78581,48.10807],[-116.76429,48.1079],[-116.76437,48.09342],[-116.78584,48.10081],[-116.78581,48.10807]]],[[[-116.32581,46.95184],[-116.30852,46.95485],[-116.30375,46.94918],[-116.30919,46.93861],[-116.31434,46.94926],[-116.33034,46.94239],[-116.33028,46.95075],[-116.32581,46.95184]]],[[[-116.27218,46.9242],[-116.28807,46.92229],[-116.28805,46.93142],[-116.26393,46.93507],[-116.27218,46.9242]]],[[[-115.98954,47.26771],[-115.98427,47.26053],[-115.96853,47.2605],[-115.96847,47.25325],[-115.98968,47.2533],[-115.98954,47.26771]]],[[[-116.11621,48.1083],[-116.09999,48.10827],[-116.09469,48.09739],[-116.11627,48.10106],[-116.11621,48.1083]]],[[[-116.30395,46.9351],[-116.28804,46.93509],[-116.29336,46.92419],[-116.30922,46.92419],[-116.30394,46.9278],[-116.30395,46.9351]]],[[[-116.28309,48.22468],[-116.27226,48.21982],[-116.27227,48.2126],[-116.2915,48.21907],[-116.28853,48.22896],[-116.28309,48.22468]]],[[[-116.31983,46.91368],[-116.33042,46.91337],[-116.33905,46.9242],[-116.31452,46.92058],[-116.31983,46.91368]]],[[[-116.6113,48.3167],[-116.57321,48.31293],[-116.61127,48.30946],[-116.6113,48.3167]]],[[[-116.41803,48.55909],[-116.41807,48.57357],[-116.4072,48.56993],[-116.40715,48.55907],[-116.41803,48.55909]]],[[[-116.63422,47.49086],[-116.62876,47.48722],[-116.63925,47.47985],[-116.64497,47.49437],[-116.62899,47.49453],[-116.63422,47.49086]]],[[[-116.69126,48.18689],[-116.6967,48.18331],[-116.69667,48.19052],[-116.66989,48.19728],[-116.67499,48.19041],[-116.69126,48.18689]]],[[[-115.93276,46.88732],[-115.91701,46.89098],[-115.91175,46.88155],[-115.93275,46.88308],[-115.93276,46.88732]]],[[[-117.04109,48.12303],[-117.04062,48.13758],[-117.02304,48.13385],[-117.02851,48.13024],[-117.03389,48.13391],[-117.03399,48.123],[-117.04109,48.12303]]],[[[-116.28684,47.05123],[-116.26825,47.05115],[-116.26836,47.04034],[-116.27364,47.04395],[-116.28047,47.04396],[-116.28684,47.05123]]],[[[-116.79654,48.13327],[-116.80737,48.12973],[-116.80736,48.13691],[-116.78573,48.14397],[-116.79654,48.13327]]],[[[-116.55963,47.50972],[-116.55424,47.50614],[-116.56329,47.49871],[-116.57561,47.50221],[-116.55963,47.50972]]],[[[-116.27643,46.96142],[-116.27566,46.9613],[-116.27554,46.96164],[-116.26677,46.96387],[-116.26681,46.94938],[-116.28139,46.96016],[-116.27643,46.96142]]],[[[-116.16324,46.91363],[-116.16324,46.91999],[-116.14237,46.92008],[-116.14234,46.91282],[-116.15129,46.91708],[-116.16324,46.91363]]],[[[-116.08635,48.65959],[-116.06996,48.65951],[-116.07003,48.647],[-116.08089,48.65552],[-116.08635,48.65959]]],[[[-116.80717,48.06461],[-116.80713,48.0723],[-116.79649,48.07543],[-116.79633,48.06459],[-116.80717,48.06461]]],[[[-116.46158,48.53383],[-116.43963,48.5374],[-116.4397,48.53014],[-116.45066,48.53018],[-116.46158,48.53383]]],[[[-116.47453,48.21032],[-116.47583,48.21898],[-116.46506,48.21903],[-116.465,48.20827],[-116.47453,48.21032]]],[[[-116.42054,48.25084],[-116.41515,48.24376],[-116.43144,48.24364],[-116.43139,48.25083],[-116.42054,48.25084]]],[[[-117.02346,48.06102],[-117.01806,48.06102],[-117.01269,48.05015],[-117.02347,48.05016],[-117.02346,48.06102]]],[[[-116.4778,47.54693],[-116.47461,47.53602],[-116.48527,47.53554],[-116.48522,47.54317],[-116.4778,47.54693]]],[[[-116.65424,48.17955],[-116.6542,48.18305],[-116.63778,48.18644],[-116.63779,48.17941],[-116.65424,48.17955]]],[[[-116.35209,47.4716],[-116.34661,47.47154],[-116.3465,47.45659],[-116.35191,47.4566],[-116.35209,47.4716]]],[[[-116.08373,48.11551],[-116.07293,48.11551],[-116.073,48.10823],[-116.08379,48.10825],[-116.08373,48.11551]]],[[[-116.63256,48.13243],[-116.64341,48.12884],[-116.64878,48.13248],[-116.64333,48.13608],[-116.6325,48.13607],[-116.63256,48.13243]]],[[[-116.73994,48.26615],[-116.73993,48.27337],[-116.72911,48.27336],[-116.72912,48.26614],[-116.73994,48.26615]]],[[[-116.73993,48.2878],[-116.72911,48.28779],[-116.72911,48.28058],[-116.73992,48.28059],[-116.73993,48.2878]]],[[[-116.71902,48.12168],[-116.71904,48.12889],[-116.70826,48.1289],[-116.70827,48.1217],[-116.71902,48.12168]]],[[[-116.698,48.00637],[-116.68726,48.00613],[-116.68702,47.99902],[-116.69791,47.99913],[-116.698,48.00637]]],[[[-116.28264,46.94936],[-116.29319,46.9493],[-116.29314,46.95663],[-116.28259,46.95665],[-116.28264,46.94936]]],[[[-116.63293,47.99856],[-116.62227,47.99857],[-116.62225,47.99136],[-116.63293,47.9915],[-116.63293,47.99856]]],[[[-115.88034,46.97757],[-115.86977,46.97757],[-115.86976,46.97037],[-115.88033,46.97037],[-115.88034,46.97757]]],[[[-115.83277,46.96313],[-115.82749,46.94874],[-115.83805,46.94873],[-115.83277,46.96313]]],[[[-115.89594,46.86566],[-115.88543,46.86566],[-115.88541,46.85845],[-115.9012,46.86206],[-115.89594,46.86566]]],[[[-116.40036,47.13436],[-116.38531,47.13802],[-116.38526,47.13074],[-116.39505,47.13077],[-116.40036,47.13436]]],[[[-116.82346,47.91891],[-116.81637,47.91888],[-116.81642,47.91159],[-116.8289,47.91163],[-116.82346,47.91891]]],[[[-116.27181,47.27872],[-116.26645,47.28342],[-116.26648,47.27148],[-116.27719,47.27149],[-116.27181,47.27872]]],[[[-116.82976,47.72113],[-116.81297,47.7156],[-116.81893,47.71563],[-116.82966,47.71192],[-116.82976,47.72113]]],[[[-116.74222,47.4899],[-116.74138,47.48389],[-116.74232,47.48248],[-116.74739,47.48247],[-116.75339,47.48997],[-116.74222,47.4899]]],[[[-116.80737,48.09364],[-116.79659,48.09362],[-116.80198,48.08635],[-116.80739,48.08637],[-116.80737,48.09364]]],[[[-116.65433,48.12166],[-116.64349,48.12164],[-116.64362,48.11439],[-116.65438,48.11806],[-116.65433,48.12166]]],[[[-115.90983,46.88014],[-115.90123,46.88012],[-115.90123,46.87289],[-115.9101,46.87413],[-115.90983,46.88014]]],[[[-116.80723,47.4935],[-116.80764,47.50069],[-116.79714,47.50077],[-116.80193,47.49358],[-116.80723,47.4935]]],[[[-116.99255,48.16003],[-117.00076,48.15916],[-117.00061,48.16635],[-116.9924,48.16631],[-116.99255,48.16003]]],[[[-115.88035,46.98118],[-115.88034,46.97757],[-115.89057,46.97757],[-115.89055,46.98477],[-115.88035,46.98118]]],[[[-116.57539,47.4915],[-116.57523,47.48039],[-116.59118,47.47664],[-116.59651,47.4783],[-116.57777,47.48181],[-116.57539,47.4915]]],[[[-116.73533,48.14697],[-116.72988,48.13761],[-116.74005,48.13604],[-116.73533,48.14697]]],[[[-117.02283,48.14476],[-117.01197,48.14474],[-117.01757,48.13751],[-117.02292,48.14112],[-117.02283,48.14476]]],[[[-116.66513,48.17964],[-116.65424,48.17955],[-116.6542,48.16868],[-116.65962,48.17597],[-116.66513,48.17964]]],[[[-116.4151,47.38058],[-116.41483,47.37333],[-116.42018,47.37333],[-116.42067,47.38425],[-116.4151,47.38058]]],[[[-116.80671,48.23412],[-116.80138,48.23051],[-116.80138,48.22332],[-116.80674,48.22335],[-116.80671,48.23412]]],[[[-116.34507,46.94859],[-116.34089,46.95223],[-116.33566,46.93875],[-116.34034,46.94202],[-116.34507,46.94859]]],[[[-115.90953,47.45774],[-115.90419,47.44998],[-115.91488,47.44998],[-115.90953,47.45774]]],[[[-117.00133,48.13015],[-116.99588,48.13743],[-116.99051,48.13014],[-117.00133,48.13015]]],[[[-116.1107,48.14809],[-116.08899,48.14808],[-116.089,48.14445],[-116.1107,48.14809]]],[[[-115.83796,46.86565],[-115.81683,46.86565],[-115.83796,46.86203],[-115.83796,46.86565]]],[[[-116.90447,48.224],[-116.89393,48.22398],[-116.90469,48.21676],[-116.90447,48.224]]],[[[-115.8486,46.94872],[-115.8486,46.96315],[-115.84332,46.95233],[-115.8486,46.94872]]],[[[-115.96847,47.25325],[-115.94842,47.24888],[-115.96847,47.24959],[-115.96847,47.25325]]],[[[-116.82322,48.05011],[-116.81759,48.04285],[-116.82305,48.03778],[-116.82322,48.05011]]],[[[-117.01274,48.04288],[-117.00194,48.03926],[-117.00737,48.03562],[-117.01274,48.04288]]],[[[-116.54916,47.52819],[-116.54382,47.52817],[-116.54382,47.52455],[-116.55451,47.52458],[-116.54916,47.52819]]],[[[-116.29791,47.38856],[-116.28738,47.38495],[-116.29266,47.38137],[-116.29791,47.38856]]],[[[-116.83906,47.48067],[-116.83882,47.47365],[-116.8387,47.47019],[-116.84416,47.47247],[-116.83906,47.48067]]],[[[-115.91893,46.85485],[-115.91171,46.85125],[-115.9173,46.84809],[-115.91853,46.85066],[-115.91893,46.85485]]],[[[-116.09717,48.67355],[-116.09168,48.67351],[-116.09176,48.66558],[-116.09717,48.67355]]],[[[-116.63804,48.15049],[-116.63235,48.14329],[-116.63799,48.14331],[-116.63804,48.15049]]],[[[-116.44517,48.55193],[-116.43967,48.5483],[-116.44515,48.54469],[-116.44517,48.55193]]],[[[-116.54755,48.47246],[-116.54204,48.47966],[-116.54208,48.47245],[-116.54755,48.47246]]],[[[-116.61095,48.17951],[-116.60013,48.17952],[-116.60013,48.17588],[-116.61095,48.17951]]],[[[-116.67594,48.12531],[-116.66511,48.1253],[-116.66514,48.12168],[-116.67594,48.12531]]],[[[-116.69385,47.87489],[-116.68845,47.87486],[-116.6939,47.86767],[-116.69385,47.87489]]],[[[-116.48903,47.38429],[-116.48367,47.37698],[-116.48896,47.37699],[-116.48903,47.38429]]],[[[-115.82749,46.97034],[-115.8222,46.97033],[-115.8222,46.96311],[-115.82749,46.97034]]],[[[-116.41488,47.36636],[-116.40953,47.36993],[-116.40424,47.36634],[-116.41488,47.36636]]],[[[-116.50832,48.22252],[-116.50296,48.22248],[-116.50834,48.21542],[-116.50832,48.22252]]],[[[-116.25671,48.18776],[-116.25665,48.19446],[-116.25215,48.1875],[-116.25671,48.18776]]],[[[-116.18339,48.73883],[-116.17792,48.74067],[-116.17795,48.73522],[-116.18339,48.73883]]],[[[-116.19978,48.70264],[-116.18625,48.70625],[-116.19212,48.70262],[-116.19978,48.70264]]],[[[-116.65832,47.99865],[-116.65462,47.99501],[-116.65837,47.99146],[-116.65832,47.99865]]],[[[-116.05577,48.63047],[-116.04911,48.63046],[-116.05259,48.62686],[-116.05577,48.63047]]],[[[-116.48789,47.51768],[-116.48005,47.51774],[-116.48721,47.51498],[-116.48789,47.51768]]],[[[-116.81254,47.49342],[-116.80723,47.4935],[-116.81246,47.48958],[-116.81254,47.49342]]],[[[-116.85529,48.03922],[-116.84976,48.03561],[-116.85524,48.03559],[-116.85529,48.03922]]],[[[-117.02336,48.09384],[-117.01789,48.09383],[-117.02337,48.0902],[-117.02336,48.09384]]],[[[-116.43974,48.51929],[-116.4343,48.51928],[-116.43975,48.51567],[-116.43974,48.51929]]],[[[-116.65439,48.08185],[-116.64901,48.08184],[-116.64901,48.0782],[-116.65439,48.08185]]],[[[-117.00061,47.96608],[-116.99525,47.9661],[-117.00062,47.96244],[-117.00061,47.96608]]],[[[-116.05682,48.10818],[-116.05143,48.10816],[-116.05684,48.10457],[-116.05682,48.10818]]],[[[-116.91558,47.82461],[-116.91021,47.82458],[-116.91558,47.82099],[-116.91558,47.82461]]],[[[-116.54935,47.41814],[-116.54409,47.41452],[-116.5494,47.41451],[-116.54935,47.41814]]],[[[-115.80104,46.92351],[-115.79576,46.92351],[-115.80104,46.9199],[-115.80104,46.92351]]],[[[-116.57592,47.44346],[-116.57061,47.44344],[-116.5759,47.43987],[-116.57592,47.44346]]],[[[-116.43085,47.36645],[-116.42552,47.37001],[-116.42555,47.36642],[-116.43085,47.36645]]],[[[-116.5662,48.97036],[-116.56122,48.97036],[-116.56095,48.96674],[-116.5662,48.97036]]],[[[-116.73523,48.11803],[-116.74007,48.11803],[-116.73523,48.12166],[-116.73523,48.11803]]],[[[-116.4813,48.21177],[-116.47453,48.21032],[-116.4743,48.20881],[-116.4813,48.21177]]],[[[-116.57143,48.26911],[-116.56944,48.26687],[-116.57304,48.266],[-116.57143,48.26911]]],[[[-116.12669,46.90986],[-116.12246,46.91006],[-116.12246,46.90817],[-116.12669,46.90986]]],[[[-116.17367,46.91061],[-116.16324,46.91363],[-116.16324,46.91287],[-116.17367,46.91061]]],[[[-116.33879,48.6736],[-116.33739,48.67124],[-116.34051,48.67116],[-116.33879,48.6736]]],[[[-116.47104,47.54231],[-116.46926,47.54334],[-116.47134,47.5382],[-116.47104,47.54231]]],[[[-116.04909,48.0896],[-116.05149,48.0896],[-116.04909,48.09193],[-116.04909,48.0896]]],[[[-116.05149,48.08648],[-116.04949,48.08858],[-116.04909,48.0863],[-116.05149,48.08648]]],[[[-116.28953,47.05123],[-116.28292,47.04625],[-116.28093,47.04396],[-116.28953,47.05123]]],[[[-116.28407,47.32206],[-116.28229,47.32142],[-116.28721,47.32038],[-116.28407,47.32206]]],[[[-116.57855,47.43808],[-116.57589,47.43807],[-116.57854,47.43628],[-116.57855,47.43808]]],[[[-115.9221,47.25337],[-115.91657,47.25299],[-115.91925,47.25238],[-115.9221,47.25337]]],[[[-116.1615,48.12925],[-116.15956,48.13013],[-116.15955,48.12797],[-116.1615,48.12925]]],[[[-116.75134,47.67234],[-116.74893,47.67322],[-116.74871,47.67172],[-116.75134,47.67234]]],[[[-116.74138,47.48389],[-116.73735,47.48987],[-116.74131,47.48344],[-116.74138,47.48389]]],[[[-116.02367,47.25034],[-116.02031,47.24959],[-116.02314,47.24961],[-116.02367,47.25034]]],[[[-116.39717,47.3257],[-116.393,47.32334],[-116.39708,47.3252],[-116.39717,47.3257]]],[[[-116.11283,46.90276],[-116.11185,46.90284],[-116.11185,46.9014],[-116.11283,46.90276]]],[[[-115.96704,47.08332],[-115.96572,47.08332],[-115.96689,47.08241],[-115.96704,47.08332]]],[[[-116.55313,47.1748],[-116.55313,47.1757],[-116.55181,47.17479],[-116.55313,47.1748]]],[[[-116.25914,47.00707],[-116.25992,47.00706],[-116.25873,47.00822],[-116.25914,47.00707]]],[[[-116.55456,47.21031],[-116.5523,47.21036],[-116.55102,47.21012],[-116.55489,47.21025],[-116.55456,47.21031]]],[[[-115.76127,47.46852],[-115.7603,47.4692],[-115.76003,47.46851],[-115.76127,47.46852]]],[[[-116.1091,46.89923],[-116.10472,46.89756],[-116.10792,46.89859],[-116.1091,46.89923]]],[[[-116.2591,47.01382],[-116.25872,47.01295],[-116.25871,47.0126],[-116.2591,47.01382]]],[[[-116.57087,47.31673],[-116.57051,47.31637],[-116.57086,47.31637],[-116.57087,47.31673]]],[[[-116.25889,47.01433],[-116.25874,47.01433],[-116.25873,47.01394],[-116.25889,47.01433]]]]},"bbox":[-117.1906,46.84809,-115.06957,49.00094],"properties":{"divisionId":"national-forest:{AC371C53-A9A7-4D17-B1ED-1180630E3388}","divisionType":"national-forest","name":"Idaho Panhandle National Forests","label":"Idaho Panhandle National Forests","labelPoint":[-116.13008500000001,47.924515],"state":null,"sourceFeatureId":"{AC371C53-A9A7-4D17-B1ED-1180630E3388}","landAreaSqKm":507.015,"cameraViewshedAreaSqKm":0.0,"cameraViewshedCoveragePct":0.0,"landMix":[{"label":"National Forest","percentage":100.0,"areaSqKm":507.015},{"label":"Other/unclassified","percentage":0.0,"areaSqKm":0.0}]}},{"type":"Feature","id":"national-forest:{AF321744-0FAE-4AFE-8369-11530B376C8D}","geometry":{"type":"MultiPolygon","coordinates":[[[[-117.70373,45.10113],[-117.66027,45.11762],[-117.64269,45.11612],[-117.64238,45.12327],[-117.65769,45.13048],[-117.66261,45.12309],[-117.67312,45.14507],[-117.70379,45.13743],[-117.70417,45.15185],[-117.67371,45.16248],[-117.67425,45.18056],[-117.68455,45.18058],[-117.68339,45.22323],[-117.69361,45.22338],[-117.70471,45.25199],[-117.73368,45.2659],[-117.73372,45.27998],[-117.74685,45.28352],[-117.7472,45.31126],[-117.77799,45.32605],[-117.778,45.34767],[-117.80868,45.35494],[-117.80921,45.39846],[-117.82944,45.39808],[-117.82957,45.4276],[-117.7477,45.42769],[-117.74741,45.51455],[-117.60382,45.51506],[-117.60375,45.50059],[-117.56223,45.5006],[-117.56256,45.48623],[-117.54221,45.48251],[-117.5524,45.47906],[-117.54227,45.47161],[-117.50647,45.47159],[-117.50635,45.48256],[-117.50115,45.47495],[-117.48525,45.47488],[-117.48064,45.44198],[-117.43513,45.44137],[-117.43639,45.39609],[-117.4157,45.39614],[-117.4157,45.41067],[-117.39524,45.41058],[-117.37988,45.40694],[-117.38505,45.39604],[-117.36439,45.39613],[-117.36914,45.38178],[-117.33289,45.38172],[-117.32753,45.36707],[-117.33287,45.35212],[-117.31751,45.35997],[-117.31755,45.34888],[-117.28664,45.33625],[-117.27634,45.32186],[-117.261,45.32179],[-117.24281,45.30019],[-117.21766,45.30022],[-117.22263,45.2643],[-117.17617,45.27877],[-117.17682,45.28939],[-117.16006,45.27902],[-117.12492,45.27837],[-117.12495,45.2712],[-117.02243,45.27144],[-117.02247,45.2932],[-117.00206,45.29335],[-117.00179,45.35111],[-116.93996,45.35147],[-116.94004,45.36596],[-116.91933,45.36614],[-116.91927,45.38072],[-116.89878,45.38101],[-116.89891,45.39532],[-116.97039,45.395],[-116.97093,45.40959],[-116.9605,45.40964],[-116.96099,45.42441],[-116.94038,45.42391],[-116.93977,45.4809],[-116.91929,45.48144],[-116.91935,45.4963],[-116.87809,45.49538],[-116.87714,45.55875],[-116.80669,45.55846],[-116.80758,45.63064],[-116.81761,45.63057],[-116.81711,45.65178],[-116.87685,45.65286],[-116.87691,45.68918],[-116.939,45.68979],[-116.93881,45.68257],[-116.94913,45.68271],[-116.94931,45.68997],[-116.99968,45.69054],[-116.99997,45.72683],[-117.02048,45.72741],[-117.12467,45.72184],[-117.12454,45.70723],[-117.166,45.70726],[-117.16017,45.69256],[-117.13463,45.69261],[-117.13455,45.63399],[-117.16545,45.63383],[-117.16551,45.60471],[-117.24989,45.60466],[-117.24993,45.61185],[-117.27081,45.61177],[-117.27067,45.66249],[-117.29111,45.66258],[-117.29109,45.67726],[-117.36487,45.67753],[-117.36998,45.68859],[-117.36461,45.69226],[-117.44267,45.69223],[-117.44329,45.68136],[-117.42805,45.67771],[-117.42812,45.67039],[-117.43342,45.66311],[-117.45946,45.66319],[-117.45929,45.67049],[-117.48019,45.67052],[-117.47435,45.69225],[-117.50117,45.69236],[-117.50183,45.85262],[-117.47864,45.85278],[-117.47841,45.83815],[-117.3954,45.8386],[-117.39514,45.85328],[-117.41625,45.85307],[-117.41651,45.86158],[-117.35563,45.86164],[-117.33964,45.84587],[-117.33949,45.83139],[-117.34997,45.846],[-117.355,45.83887],[-117.37038,45.83873],[-117.37498,45.84596],[-117.37492,45.80964],[-117.33408,45.80944],[-117.33378,45.78021],[-117.25116,45.78031],[-117.25604,45.81662],[-117.26129,45.81661],[-117.25611,45.83121],[-117.26639,45.83125],[-117.25616,45.85311],[-117.26134,45.86039],[-117.22807,45.86172],[-117.22788,45.87659],[-117.20705,45.87641],[-117.20706,45.89104],[-117.18628,45.89092],[-117.18615,45.90563],[-117.12375,45.90565],[-117.12382,45.91962],[-116.99986,45.91962],[-117.00002,45.94948],[-116.97928,45.94947],[-116.97408,45.97112],[-116.99998,45.98022],[-116.99999,45.9969],[-116.90914,45.99568],[-116.87346,45.97705],[-116.85749,45.90993],[-116.80311,45.87718],[-116.79276,45.85911],[-116.7824,45.85911],[-116.77725,45.82654],[-116.70538,45.83044],[-116.68985,45.82311],[-116.67952,45.79758],[-116.65875,45.78314],[-116.63806,45.78898],[-116.59201,45.78538],[-116.53499,45.74926],[-116.53495,45.73841],[-116.52461,45.73841],[-116.53489,45.72755],[-116.53484,45.71308],[-116.41671,45.71394],[-116.42787,45.69284],[-116.39836,45.67455],[-116.38087,45.64218],[-116.38672,45.63504],[-116.37915,45.61849],[-116.39056,45.60745],[-116.37854,45.5793],[-116.39367,45.56024],[-116.40863,45.55506],[-116.42271,45.53086],[-116.42315,45.51325],[-116.45077,45.50071],[-116.44164,45.4702],[-116.46029,45.46266],[-116.47397,45.44212],[-116.48187,45.38844],[-116.50873,45.34853],[-116.49515,45.33673],[-116.49621,45.32619],[-116.52478,45.30659],[-116.51968,45.29929],[-116.52518,45.29424],[-116.54103,45.29004],[-116.52773,45.26431],[-116.52134,45.24737],[-116.53039,45.23409],[-116.52459,45.21941],[-116.53221,45.18606],[-116.55027,45.1748],[-116.56253,45.14087],[-116.58498,45.15265],[-116.61695,45.15385],[-116.62004,45.20158],[-116.61301,45.20631],[-116.63434,45.22203],[-116.63541,45.25884],[-116.69776,45.24568],[-116.70891,45.2372],[-116.70373,45.23244],[-116.70852,45.20408],[-116.72462,45.17787],[-116.72985,45.14172],[-116.75279,45.12434],[-116.75674,45.11155],[-116.79899,45.10812],[-116.79899,45.09365],[-116.83987,45.09365],[-116.83985,45.07824],[-116.86035,45.07867],[-116.86045,45.06423],[-116.88044,45.06456],[-116.88624,45.03955],[-116.88115,45.0138],[-116.90148,44.99409],[-116.90137,44.93493],[-116.95626,44.93501],[-116.96631,44.9458],[-116.96634,44.93503],[-117.12376,44.92847],[-117.12383,44.94308],[-117.18512,44.94973],[-117.18983,44.90579],[-117.16435,44.89912],[-117.14906,44.88084],[-117.14335,44.84842],[-117.20445,44.84808],[-117.20536,44.86288],[-117.22606,44.86274],[-117.22587,44.8771],[-117.34563,44.87653],[-117.34558,44.88398],[-117.37477,44.89121],[-117.37395,44.90546],[-117.38453,44.90578],[-117.38098,44.91243],[-117.3921,44.91251],[-117.39111,44.91967],[-117.4013,44.91968],[-117.40175,44.89039],[-117.44285,44.89043],[-117.44157,44.91969],[-117.4517,44.91971],[-117.45104,44.93412],[-117.48211,44.93428],[-117.48205,44.94152],[-117.56429,44.94198],[-117.56428,44.94926],[-117.5744,44.94928],[-117.57428,44.96379],[-117.58448,44.96387],[-117.58437,44.99286],[-117.59453,44.99285],[-117.59402,45.02174],[-117.62527,45.02163],[-117.62557,45.05042],[-117.64588,45.05082],[-117.64582,45.07952],[-117.65824,45.07954],[-117.66842,45.09048],[-117.6736,45.07947],[-117.69385,45.08298],[-117.6937,45.10121],[-117.70373,45.10113]],[[-117.40034,45.39977],[-117.39016,45.39609],[-117.39016,45.40337],[-117.40034,45.39977]],[[-117.63276,45.1014],[-117.63276,45.09413],[-117.62273,45.09443],[-117.62278,45.10131],[-117.63276,45.1014]],[[-117.67318,45.15227],[-117.66288,45.13791],[-117.66301,45.15236],[-117.67318,45.15227]],[[-117.36142,45.36875],[-117.34867,45.36871],[-117.34577,45.37597],[-117.3536,45.37594],[-117.36135,45.37591],[-117.36142,45.36875]]],[[[-118.48995,44.71096],[-118.48903,44.72416],[-118.47873,44.72877],[-118.47934,44.73717],[-118.49226,44.73138],[-118.49173,44.75574],[-118.48232,44.76122],[-118.48744,44.7727],[-118.46319,44.76829],[-118.4516,44.77583],[-118.47395,44.78692],[-118.47229,44.79837],[-118.44816,44.817],[-118.42359,44.80901],[-118.41576,44.83204],[-118.39194,44.85419],[-118.4068,44.86997],[-118.39446,44.9084],[-118.4045,44.91903],[-118.39585,44.93485],[-118.41036,44.93054],[-118.43147,44.9371],[-118.43733,44.98475],[-118.49646,45.00583],[-118.5106,45.0007],[-118.53219,45.04238],[-118.56992,45.05364],[-118.56233,45.08471],[-118.60918,45.11901],[-118.60932,45.13888],[-118.58783,45.13894],[-118.58757,45.19691],[-118.59997,45.19685],[-118.59977,45.21057],[-118.62466,45.22188],[-118.63547,45.22204],[-118.63163,45.20905],[-118.66124,45.21707],[-118.67947,45.24139],[-118.71988,45.25674],[-118.73716,45.28196],[-118.71942,45.30817],[-118.69648,45.30639],[-118.68806,45.31132],[-118.68988,45.32014],[-118.65207,45.32362],[-118.61324,45.33988],[-118.61324,45.34577],[-118.53596,45.3401],[-118.54113,45.34551],[-118.51044,45.34658],[-118.51048,45.34008],[-118.48997,45.34014],[-118.48997,45.35475],[-118.50617,45.35487],[-118.49863,45.36937],[-118.48982,45.36936],[-118.48952,45.38384],[-118.45435,45.38483],[-118.45431,45.39212],[-118.4492,45.38487],[-118.38703,45.38513],[-118.38727,45.39979],[-118.36644,45.39965],[-118.36643,45.38505],[-118.35065,45.37773],[-118.36124,45.38871],[-118.35558,45.40683],[-118.36142,45.41427],[-118.33552,45.40332],[-118.33028,45.42171],[-118.30426,45.42799],[-118.2989,45.42298],[-118.25703,45.43416],[-118.2277,45.42797],[-118.22755,45.44842],[-118.20207,45.45172],[-118.19266,45.47167],[-118.15978,45.48681],[-118.15967,45.49309],[-118.07655,45.5],[-118.07659,45.41319],[-118.11663,45.41264],[-118.1166,45.39813],[-118.12694,45.39831],[-118.12693,45.39108],[-118.13706,45.41299],[-118.14717,45.41305],[-118.14748,45.39849],[-118.15775,45.39847],[-118.1576,45.38772],[-118.16265,45.39859],[-118.17915,45.39873],[-118.18436,45.38789],[-118.18923,45.39869],[-118.18953,45.38787],[-118.22009,45.37799],[-118.22081,45.36618],[-118.24151,45.35558],[-118.2232,45.34889],[-118.22607,45.3445],[-118.27264,45.35566],[-118.27267,45.34833],[-118.25199,45.34097],[-118.25217,45.32992],[-118.2678,45.32986],[-118.27314,45.30759],[-118.28883,45.31135],[-118.30425,45.30383],[-118.30419,45.28897],[-118.3094,45.29641],[-118.33528,45.29656],[-118.33528,45.28905],[-118.3509,45.28538],[-118.34573,45.27798],[-118.36656,45.27429],[-118.36648,45.29653],[-118.42815,45.29651],[-118.43879,45.31196],[-118.51029,45.31071],[-118.51057,45.25276],[-118.50051,45.25133],[-118.51067,45.24759],[-118.49536,45.24769],[-118.49532,45.23678],[-118.43981,45.23288],[-118.43976,45.22193],[-118.44997,45.2147],[-118.44503,45.19656],[-118.40315,45.19634],[-118.39867,45.21818],[-118.39308,45.2109],[-118.38327,45.21457],[-118.37815,45.20367],[-118.37299,45.23264],[-118.3626,45.23267],[-118.35753,45.21451],[-118.34195,45.21087],[-118.17242,45.2103],[-118.14634,45.2212],[-118.14681,45.21013],[-118.13667,45.21005],[-118.13659,45.19559],[-118.11644,45.19531],[-118.11635,45.18065],[-118.13669,45.18114],[-118.13656,45.16668],[-118.11628,45.16604],[-118.11173,45.17688],[-118.11181,45.16605],[-118.05559,45.16625],[-118.05502,45.1076],[-118.06591,45.10776],[-118.0649,45.09299],[-118.07606,45.09369],[-118.07594,45.07894],[-118.1064,45.07897],[-118.11646,45.09346],[-118.13678,45.09332],[-118.13678,45.07903],[-118.10588,45.07464],[-118.11568,45.06369],[-118.11072,45.04576],[-118.11807,44.90475],[-118.07546,44.89778],[-118.07454,44.83235],[-118.03351,44.83209],[-118.03354,44.81781],[-118.01287,44.81785],[-118.01295,44.8034],[-117.97263,44.80384],[-117.97256,44.7964],[-117.95217,44.79628],[-117.95723,44.78895],[-117.93695,44.78529],[-117.94704,44.7816],[-117.94696,44.76327],[-117.9369,44.76329],[-117.94213,44.77442],[-117.93192,44.77445],[-117.93188,44.78169],[-117.91148,44.77429],[-117.91555,44.76581],[-117.9117,44.76702],[-117.91681,44.75278],[-117.91181,44.74907],[-117.93182,44.75606],[-117.95201,44.74499],[-117.95203,44.73775],[-117.93689,44.73785],[-117.93171,44.74514],[-117.93196,44.73067],[-117.92178,44.7343],[-117.93183,44.72353],[-117.93185,44.70546],[-117.94719,44.70176],[-117.94203,44.7162],[-117.95225,44.71626],[-117.96231,44.71258],[-117.95728,44.69811],[-117.96727,44.7017],[-117.96247,44.66917],[-117.9524,44.66563],[-117.95222,44.65479],[-117.96226,44.65473],[-117.95664,44.62684],[-117.94663,44.63034],[-117.93157,44.61206],[-117.98678,44.61705],[-117.97679,44.60206],[-117.95157,44.60139],[-117.95165,44.59418],[-118.01086,44.59546],[-118.01574,44.61357],[-118.04099,44.61717],[-118.04606,44.60272],[-118.02589,44.59191],[-118.03105,44.58479],[-118.05613,44.58835],[-118.05108,44.5812],[-118.07128,44.57756],[-118.07117,44.58832],[-118.06119,44.58835],[-118.06121,44.59555],[-118.09163,44.60281],[-118.08144,44.5812],[-118.09659,44.58126],[-118.09156,44.57404],[-118.11201,44.57413],[-118.11711,44.55972],[-118.13215,44.55968],[-118.14719,44.5632],[-118.13722,44.57035],[-118.14211,44.58476],[-118.16212,44.58827],[-118.18213,44.58108],[-118.17702,44.59181],[-118.16214,44.59186],[-118.15706,44.60625],[-118.22705,44.60667],[-118.22729,44.58499],[-118.21763,44.58507],[-118.2126,44.59597],[-118.20754,44.58142],[-118.23149,44.57427],[-118.23193,44.55995],[-118.20254,44.55625],[-118.20295,44.5384],[-118.19287,44.53483],[-118.23248,44.53142],[-118.23237,44.51699],[-118.28311,44.51706],[-118.26783,44.49531],[-118.26779,44.48092],[-118.27788,44.48101],[-118.27279,44.47018],[-118.29326,44.47756],[-118.29239,44.45209],[-118.28256,44.45211],[-118.2826,44.44489],[-118.31253,44.44495],[-118.31254,44.43058],[-118.28252,44.43773],[-118.28736,44.42697],[-118.27741,44.4234],[-118.29222,44.4234],[-118.29284,44.39874],[-118.27768,44.39469],[-118.27769,44.3874],[-118.26253,44.38705],[-118.24737,44.38155],[-118.23215,44.38681],[-118.22292,44.37218],[-118.17255,44.376],[-118.17262,44.36515],[-118.11202,44.35772],[-118.11209,44.31427],[-118.13235,44.31431],[-118.13214,44.29948],[-118.11212,44.29979],[-118.11236,44.27061],[-118.17324,44.26345],[-118.17329,44.27067],[-118.18821,44.27069],[-118.20427,44.28554],[-118.24726,44.28969],[-118.28554,44.32579],[-118.34199,44.34236],[-118.39582,44.34001],[-118.40829,44.35991],[-118.40101,44.36875],[-118.42825,44.39409],[-118.42517,44.39866],[-118.43633,44.39653],[-118.4184,44.4324],[-118.41953,44.45674],[-118.37535,44.45913],[-118.36076,44.47168],[-118.36728,44.47872],[-118.35786,44.48448],[-118.37478,44.50784],[-118.37159,44.53065],[-118.35933,44.53613],[-118.33837,44.56686],[-118.3256,44.56107],[-118.31729,44.56788],[-118.30593,44.58783],[-118.317,44.60405],[-118.3387,44.61083],[-118.34315,44.63125],[-118.3548,44.63912],[-118.37964,44.6464],[-118.40528,44.64153],[-118.42483,44.65487],[-118.44642,44.6499],[-118.50411,44.66469],[-118.51867,44.69116],[-118.51873,44.706],[-118.49436,44.70559],[-118.49353,44.71346],[-118.48995,44.71096]],[[-118.48995,44.71096],[-118.49003,44.70986],[-118.47974,44.70381],[-118.48995,44.71096]],[[-117.91555,44.76581],[-117.92932,44.76149],[-117.91672,44.76336],[-117.91555,44.76581]],[[-117.9724,44.78157],[-117.96226,44.78526],[-117.97247,44.78711],[-117.9724,44.78157]],[[-118.09286,44.64381],[-118.09648,44.63534],[-118.08645,44.63897],[-118.09286,44.64381]],[[-117.98255,44.74879],[-117.97241,44.74875],[-117.98255,44.75607],[-117.98255,44.74879]],[[-118.29353,45.39235],[-118.30393,45.38503],[-118.28831,45.38867],[-118.29353,45.39235]],[[-118.14212,44.6027],[-118.1421,44.59195],[-118.13203,44.59922],[-118.14212,44.6027]],[[-117.95197,44.7596],[-117.952,44.74864],[-117.9419,44.756],[-117.95197,44.7596]],[[-118.24153,45.3627],[-118.23085,45.36623],[-118.24157,45.37347],[-118.24153,45.3627]],[[-118.48507,45.22953],[-118.4807,45.21863],[-118.47553,45.23307],[-118.48507,45.22953]],[[-118.11172,44.62451],[-118.10149,44.6245],[-118.10147,44.63172],[-118.11167,44.63171],[-118.11172,44.62451]],[[-118.32861,45.37767],[-118.34058,45.39238],[-118.3509,45.39237],[-118.35078,45.38506],[-118.33526,45.38506],[-118.32747,45.37444],[-118.30269,45.37609],[-118.32861,45.37767]],[[-118.27793,45.36669],[-118.26522,45.37041],[-118.25705,45.37772],[-118.2779,45.38135],[-118.27793,45.36669]],[[-118.19312,44.69111],[-118.18845,44.70184],[-118.19848,44.71268],[-118.20826,44.69466],[-118.19312,44.69111]],[[-118.37868,45.0566],[-118.33773,45.0568],[-118.34423,45.0798],[-118.32129,45.07967],[-118.34179,45.09064],[-118.34174,45.09785],[-118.36231,45.09813],[-118.35713,45.12347],[-118.37298,45.12346],[-118.37304,45.11275],[-118.39914,45.09844],[-118.46573,45.10237],[-118.46545,45.11335],[-118.45046,45.12061],[-118.48547,45.12414],[-118.48571,45.09877],[-118.50626,45.09146],[-118.48581,45.09148],[-118.48563,45.08064],[-118.45661,45.08063],[-118.45662,45.06812],[-118.43609,45.06857],[-118.43609,45.08047],[-118.40367,45.08372],[-118.39897,45.06414],[-118.37817,45.06418],[-118.37868,45.0566]],[[-118.19479,44.74911],[-118.20054,44.77386],[-118.21529,44.76317],[-118.23057,44.76655],[-118.2254,44.75231],[-118.2088,44.74174],[-118.21512,44.73449],[-118.16356,44.70542],[-118.16848,44.69451],[-118.15321,44.68736],[-118.15309,44.67286],[-118.13299,44.66545],[-118.13299,44.65103],[-118.08767,44.6581],[-118.08781,44.64738],[-118.07279,44.64737],[-118.06768,44.66903],[-118.09784,44.68004],[-118.09786,44.69286],[-118.02783,44.69807],[-118.03778,44.7199],[-118.05776,44.71635],[-118.05788,44.73455],[-118.068,44.73096],[-118.06785,44.72364],[-118.08316,44.73097],[-118.08313,44.73823],[-118.09328,44.73098],[-118.16428,44.73107],[-118.15922,44.74537],[-118.18463,44.74183],[-118.18476,44.74901],[-118.19479,44.74911]]],[[[-117.91152,44.60809],[-117.89634,44.61144],[-117.86403,44.61635],[-117.86188,44.58749],[-117.87091,44.58571],[-117.86452,44.56957],[-117.8495,44.57307],[-117.84949,44.5803],[-117.86201,44.57682],[-117.85689,44.58748],[-117.83422,44.58388],[-117.83419,44.5893],[-117.85935,44.59112],[-117.86147,44.61634],[-117.82953,44.60912],[-117.81982,44.61633],[-117.81952,44.60553],[-117.82917,44.60186],[-117.80968,44.60192],[-117.80928,44.58406],[-117.78906,44.58409],[-117.79439,44.61645],[-117.78417,44.61652],[-117.77897,44.63112],[-117.76378,44.63109],[-117.76379,44.62379],[-117.77907,44.61654],[-117.77905,44.60571],[-117.75372,44.60569],[-117.74365,44.59332],[-117.69809,44.58977],[-117.6928,44.60056],[-117.70294,44.61497],[-117.6826,44.61491],[-117.67741,44.62566],[-117.66725,44.62558],[-117.67243,44.61478],[-117.6572,44.61094],[-117.65728,44.60364],[-117.67758,44.60762],[-117.68782,44.59695],[-117.67792,44.58594],[-117.69303,44.58976],[-117.69827,44.58256],[-117.71851,44.58254],[-117.7243,44.55743],[-117.7496,44.55886],[-117.74966,44.55182],[-117.73444,44.55174],[-117.73501,44.54107],[-117.77025,44.54805],[-117.77018,44.53746],[-117.78017,44.53752],[-117.7801,44.53056],[-117.81035,44.53046],[-117.81041,44.5162],[-117.87101,44.51283],[-117.88102,44.53332],[-117.89609,44.52986],[-117.89107,44.54064],[-117.92124,44.53728],[-117.92121,44.5481],[-117.93125,44.55175],[-117.92626,44.56159],[-117.9515,44.56545],[-117.93135,44.56886],[-117.93145,44.58326],[-117.91639,44.58301],[-117.90881,44.5793],[-117.90882,44.57929],[-117.9088,44.57929],[-117.90122,44.57558],[-117.90626,44.57205],[-117.90619,44.56492],[-117.89612,44.56479],[-117.9011,44.55775],[-117.89105,44.55765],[-117.89122,44.59344],[-117.90133,44.59357],[-117.9014,44.60071],[-117.89133,44.60055],[-117.8913,44.60775],[-117.91152,44.60809]],[[-117.7789,44.58413],[-117.76879,44.58053],[-117.77382,44.59137],[-117.7789,44.58413]],[[-117.83516,44.55521],[-117.81006,44.55171],[-117.81465,44.55879],[-117.83516,44.55521]]],[[[-117.70615,45.85072],[-117.70606,45.83611],[-117.72686,45.83593],[-117.732,45.82884],[-117.72688,45.82146],[-117.73712,45.82169],[-117.73718,45.8144],[-117.73201,45.79626],[-117.72161,45.79267],[-117.7216,45.7782],[-117.7268,45.78543],[-117.74765,45.78187],[-117.75162,45.74724],[-117.76771,45.74745],[-117.77257,45.73266],[-117.78809,45.72511],[-117.78313,45.73596],[-117.78864,45.75046],[-117.7745,45.74724],[-117.77302,45.75442],[-117.76262,45.75496],[-117.75598,45.78262],[-117.7446,45.79248],[-117.74991,45.79821],[-117.74087,45.7987],[-117.75362,45.82035],[-117.74234,45.8471],[-117.73337,45.84533],[-117.72853,45.85424],[-117.67531,45.88092],[-117.6593,45.87581],[-117.62351,45.86127],[-117.62358,45.85078],[-117.70615,45.85072]]],[[[-118.4673,45.43201],[-118.45802,45.45003],[-118.45609,45.44279],[-118.44589,45.44641],[-118.44402,45.4141],[-118.46957,45.40307],[-118.45948,45.38845],[-118.47976,45.38804],[-118.48495,45.3956],[-118.46868,45.42935],[-118.46122,45.42927],[-118.4673,45.43201]],[[-118.46941,45.41403],[-118.45933,45.41042],[-118.45931,45.41771],[-118.46941,45.41403]]],[[[-117.68722,45.07218],[-117.67686,45.06141],[-117.67679,45.05423],[-117.71233,45.05398],[-117.71233,45.06469],[-117.69224,45.06131],[-117.68722,45.07218]]],[[[-117.72418,45.10116],[-117.70373,45.10113],[-117.71418,45.08661],[-117.72947,45.08662],[-117.72418,45.10116]]],[[[-118.41527,45.44255],[-118.39963,45.43889],[-118.40788,45.42902],[-118.41522,45.42904],[-118.41527,45.44255]]],[[[-117.74973,44.53777],[-117.73013,44.53744],[-117.73022,44.53032],[-117.74977,44.53065],[-117.74973,44.53777]]],[[[-117.5279,45.77558],[-117.53831,45.77545],[-117.53302,45.7828],[-117.5329,45.79744],[-117.52768,45.79759],[-117.5279,45.77558]]],[[[-117.7601,45.11975],[-117.74988,45.12314],[-117.74469,45.11194],[-117.76001,45.11242],[-117.7601,45.11975]]],[[[-118.43376,45.40304],[-118.4337,45.41037],[-118.42867,45.39936],[-118.44915,45.3994],[-118.44918,45.40676],[-118.43376,45.40304]]],[[[-118.00595,44.58097],[-118.00591,44.57373],[-118.01598,44.5738],[-118.01099,44.5846],[-117.99595,44.58452],[-118.00595,44.58097]]],[[[-118.37687,45.26335],[-118.3717,45.27069],[-118.36651,45.25589],[-118.37687,45.25595],[-118.37687,45.26335]]],[[[-117.6649,45.58186],[-117.67542,45.57809],[-117.67523,45.58897],[-117.66479,45.58914],[-117.6649,45.58186]]],[[[-117.7587,44.62738],[-117.74855,44.62725],[-117.74855,44.62],[-117.7587,44.62011],[-117.7587,44.62738]]],[[[-117.97165,44.57663],[-117.97666,44.57318],[-117.97675,44.58401],[-117.96672,44.5873],[-117.97165,44.57663]]],[[[-118.08525,44.98522],[-118.09581,44.98508],[-118.09506,44.99181],[-118.08495,44.99202],[-118.08525,44.98522]]],[[[-118.09627,45.18061],[-118.08109,45.18053],[-118.09137,45.17336],[-118.09627,45.18061]]],[[[-117.33991,45.86164],[-117.31893,45.86166],[-117.31895,45.85673],[-117.33991,45.86164]]],[[[-117.73762,45.67532],[-117.73239,45.66809],[-117.74613,45.66798],[-117.73762,45.67532]]],[[[-117.73436,45.1521],[-117.72409,45.15218],[-117.72427,45.1447],[-117.73185,45.14844],[-117.73436,45.1521]]],[[[-118.04375,44.86167],[-118.02841,44.86162],[-118.03352,44.85792],[-118.04371,44.85797],[-118.04375,44.86167]]],[[[-117.95247,44.67278],[-117.9575,44.67278],[-117.95745,44.68363],[-117.9524,44.68002],[-117.95247,44.67278]]],[[[-117.72758,45.57324],[-117.71714,45.57753],[-117.7172,45.57031],[-117.72758,45.57324]]],[[[-117.81441,45.44217],[-117.81951,45.44215],[-117.81402,45.4566],[-117.81441,45.44217]]],[[[-117.69634,45.52242],[-117.7015,45.52235],[-117.7015,45.52975],[-117.69631,45.52614],[-117.69634,45.52242]]],[[[-118.11329,44.72016],[-118.0978,44.72008],[-118.11328,44.71655],[-118.11329,44.72016]]],[[[-117.91148,44.60087],[-117.90125,44.58643],[-117.90889,44.59188],[-117.91148,44.60087]]],[[[-118.11646,45.221],[-118.1116,45.22402],[-118.11161,45.21305],[-118.11646,45.221]]],[[[-117.74607,45.69494],[-117.73687,45.69492],[-117.73687,45.68974],[-117.74607,45.69494]]],[[[-117.52784,45.81568],[-117.52259,45.80854],[-117.52783,45.80842],[-117.52784,45.81568]]],[[[-118.4235,45.40672],[-118.41852,45.39943],[-118.4236,45.3994],[-118.4235,45.40672]]],[[[-117.64428,45.82524],[-117.63399,45.82524],[-117.64427,45.82163],[-117.64428,45.82524]]],[[[-117.65456,45.82882],[-117.64941,45.82884],[-117.64942,45.82161],[-117.65456,45.82882]]],[[[-117.64408,45.58545],[-117.63388,45.58538],[-117.63389,45.58174],[-117.64408,45.58545]]],[[[-118.18804,45.24305],[-118.17782,45.24305],[-118.18791,45.23946],[-118.18804,45.24305]]],[[[-118.34855,45.07139],[-118.34278,45.06412],[-118.34782,45.06411],[-118.34855,45.07139]]],[[[-118.02097,44.59908],[-118.01589,44.59549],[-118.02085,44.59184],[-118.02097,44.59908]]],[[[-117.95169,44.59058],[-117.94159,44.5905],[-117.9416,44.5869],[-117.95169,44.59058]]],[[[-117.81478,44.61632],[-117.80982,44.60922],[-117.81472,44.6092],[-117.81478,44.61632]]],[[[-117.62321,45.74164],[-117.61599,45.73815],[-117.62325,45.73802],[-117.62321,45.74164]]],[[[-117.68064,45.53385],[-117.6806,45.5377],[-117.67544,45.53381],[-117.68064,45.53385]]],[[[-117.68053,45.54532],[-117.67533,45.54152],[-117.68057,45.54151],[-117.68053,45.54532]]],[[[-117.69106,45.53379],[-117.69628,45.53368],[-117.69104,45.53759],[-117.69106,45.53379]]],[[[-117.69108,45.52998],[-117.69106,45.53379],[-117.68587,45.53009],[-117.69108,45.52998]]],[[[-117.73761,45.68614],[-117.73211,45.68625],[-117.73214,45.68265],[-117.73761,45.68614]]],[[[-117.68604,45.56335],[-117.68074,45.55976],[-117.68607,45.55968],[-117.68604,45.56335]]],[[[-118.40838,45.39951],[-118.403,45.39591],[-118.40826,45.39583],[-118.40838,45.39951]]],[[[-118.43369,45.41775],[-118.42852,45.41774],[-118.42849,45.41401],[-118.43369,45.41775]]],[[[-117.63863,45.55267],[-117.63347,45.55627],[-117.63336,45.55261],[-117.63863,45.55267]]],[[[-118.39762,45.39231],[-118.39241,45.39238],[-118.39234,45.38869],[-118.39762,45.39231]]],[[[-118.40302,45.40691],[-118.3978,45.40331],[-118.40306,45.40324],[-118.40302,45.40691]]],[[[-117.56934,45.73515],[-117.56406,45.73158],[-117.56929,45.73148],[-117.56934,45.73515]]],[[[-117.70158,45.54867],[-117.69624,45.54511],[-117.70147,45.54501],[-117.70158,45.54867]]],[[[-117.71709,45.52959],[-117.71187,45.52593],[-117.71706,45.5259],[-117.71709,45.52959]]],[[[-117.72228,45.52956],[-117.72224,45.52588],[-117.72741,45.52585],[-117.72228,45.52956]]],[[[-117.73243,45.66445],[-117.73239,45.66809],[-117.7272,45.66449],[-117.73243,45.66445]]],[[[-117.60953,45.58522],[-117.60953,45.58887],[-117.60432,45.58519],[-117.60953,45.58522]]],[[[-117.30808,45.82037],[-117.30287,45.81671],[-117.30808,45.81672],[-117.30808,45.82037]]],[[[-118.33035,45.26683],[-118.32515,45.27049],[-118.3252,45.26681],[-118.33035,45.26683]]],[[[-117.76721,45.7256],[-117.76192,45.722],[-117.76715,45.72198],[-117.76721,45.7256]]],[[[-118.21879,45.2142],[-118.21358,45.21781],[-118.21358,45.21417],[-118.21879,45.2142]]],[[[-117.61971,45.55606],[-117.6145,45.55218],[-117.61967,45.5524],[-117.61971,45.55606]]],[[[-117.53301,45.80468],[-117.52773,45.8012],[-117.53296,45.80106],[-117.53301,45.80468]]],[[[-117.48534,45.67784],[-117.49054,45.67783],[-117.48524,45.68148],[-117.48534,45.67784]]],[[[-117.45625,45.4565],[-117.45096,45.45281],[-117.45621,45.4529],[-117.45625,45.4565]]],[[[-117.56957,45.77879],[-117.5748,45.77872],[-117.56957,45.7824],[-117.56957,45.77879]]],[[[-117.29771,45.79481],[-117.29254,45.79114],[-117.29767,45.79115],[-117.29771,45.79481]]],[[[-117.59013,45.73477],[-117.58495,45.73116],[-117.59012,45.73114],[-117.59013,45.73477]]],[[[-117.67024,45.52999],[-117.67019,45.52635],[-117.67535,45.52628],[-117.67024,45.52999]]],[[[-118.19804,45.22862],[-118.19282,45.22501],[-118.19801,45.22501],[-118.19804,45.22862]]],[[[-117.72215,45.64631],[-117.7273,45.64631],[-117.72214,45.64995],[-117.72215,45.64631]]],[[[-117.34956,45.82436],[-117.34442,45.82061],[-117.34954,45.8207],[-117.34956,45.82436]]],[[[-118.4183,45.41409],[-118.41321,45.41413],[-118.41327,45.41047],[-118.4183,45.41409]]],[[[-117.1406,45.2856],[-117.13543,45.2892],[-117.13542,45.2856],[-117.1406,45.2856]]],[[[-118.12656,45.23573],[-118.12152,45.23574],[-118.1215,45.23207],[-118.12656,45.23573]]],[[[-118.05505,45.22026],[-118.04993,45.2166],[-118.05499,45.2166],[-118.05505,45.22026]]],[[[-117.95224,44.71262],[-117.94714,44.71262],[-117.95223,44.70899],[-117.95224,44.71262]]],[[[-117.33949,45.83139],[-117.33429,45.82768],[-117.33941,45.82778],[-117.33949,45.83139]]],[[[-118.12649,45.2284],[-118.12148,45.22839],[-118.12146,45.22471],[-118.12649,45.2284]]],[[[-118.38338,45.22536],[-118.37822,45.22535],[-118.37818,45.22178],[-118.38338,45.22536]]],[[[-117.07904,45.27864],[-117.07385,45.27508],[-117.07899,45.27506],[-117.07904,45.27864]]],[[[-117.03775,45.28227],[-117.0377,45.27866],[-117.04279,45.27863],[-117.03775,45.28227]]],[[[-117.37519,45.67381],[-117.37027,45.67016],[-117.37526,45.67013],[-117.37519,45.67381]]],[[[-118.03999,45.18408],[-118.03485,45.18767],[-118.03488,45.18408],[-118.03999,45.18408]]],[[[-118.03995,45.18766],[-118.04506,45.18766],[-118.03992,45.19125],[-118.03995,45.18766]]],[[[-117.99592,44.59178],[-117.99101,44.58818],[-117.996,44.58811],[-117.99592,44.59178]]],[[[-118.05111,44.57399],[-118.05617,44.57399],[-118.05109,44.5776],[-118.05111,44.57399]]],[[[-118.08651,44.57402],[-118.0865,44.57762],[-118.08146,44.574],[-118.08651,44.57402]]],[[[-117.93654,44.59046],[-117.9315,44.59401],[-117.93149,44.59041],[-117.93654,44.59046]]],[[[-117.91653,44.60818],[-117.91152,44.60809],[-117.91651,44.60457],[-117.91653,44.60818]]],[[[-117.70677,45.55594],[-117.70189,45.55953],[-117.70178,45.55593],[-117.70677,45.55594]]],[[[-118.20556,44.7668],[-118.20054,44.76684],[-118.20556,44.76328],[-118.20556,44.7668]]],[[[-117.16088,45.28572],[-117.1552,45.28235],[-117.16047,45.28237],[-117.16088,45.28572]]],[[[-117.6237,45.58893],[-117.62367,45.59258],[-117.61993,45.58891],[-117.6237,45.58893]]],[[[-117.90881,44.5793],[-117.9063,44.58287],[-117.90629,44.57926],[-117.9088,44.57929],[-117.90881,44.5793]]],[[[-118.33545,45.25212],[-118.33143,45.25211],[-118.33148,45.25091],[-118.33545,45.25212]]],[[[-117.84507,44.78878],[-117.84252,44.78807],[-117.84506,44.78805],[-117.84507,44.78878]]],[[[-117.08824,44.86091],[-117.08697,44.86123],[-117.08443,44.86072],[-117.08824,44.86091]]],[[[-116.84957,45.6413],[-116.85141,45.64],[-116.84772,45.64318],[-116.84957,45.6413]]],[[[-118.1881,44.43646],[-118.18631,44.43698],[-118.18749,44.43618],[-118.1881,44.43646]]],[[[-117.2811,45.41976],[-117.28107,45.42047],[-117.28002,45.41963],[-117.2811,45.41976]]],[[[-118.48742,44.72947],[-118.48709,44.7297],[-118.48655,44.72931],[-118.48742,44.72947]]],[[[-118.48375,44.72968],[-118.48363,44.72971],[-118.4833,44.72931],[-118.48375,44.72968]]]]},"bbox":[-118.73716,44.26345,-116.37854,45.9969],"properties":{"divisionId":"national-forest:{AF321744-0FAE-4AFE-8369-11530B376C8D}","divisionType":"national-forest","name":"Wallowa-Whitman National Forest","label":"Wallowa-Whitman National Forest","labelPoint":[-117.55785,45.130174999999994],"state":null,"sourceFeatureId":"{AF321744-0FAE-4AFE-8369-11530B376C8D}","landAreaSqKm":9591.569,"cameraViewshedAreaSqKm":0.0,"cameraViewshedCoveragePct":0.0,"landMix":[{"label":"Tribal land","percentage":0.0,"areaSqKm":0.131},{"label":"National Forest","percentage":100.0,"areaSqKm":9591.438},{"label":"Other/unclassified","percentage":0.0,"areaSqKm":0.0}]}},{"type":"Feature","id":"national-forest:{BA19519D-E8A4-4882-9814-76BB35ECEBE8}","geometry":{"type":"MultiPolygon","coordinates":[[[[-121.96129,46.83504],[-121.93961,46.83507],[-121.93966,46.82066],[-121.91852,46.8205],[-121.91534,46.73679],[-121.84327,46.72809],[-121.82883,46.73527],[-121.62966,46.73586],[-121.6182,46.71871],[-121.60422,46.71868],[-121.59805,46.70802],[-121.5915,46.71861],[-121.5608,46.71875],[-121.51174,46.74799],[-121.49285,46.7491],[-121.46917,46.76728],[-121.44753,46.77014],[-121.43849,46.76218],[-121.44238,46.75842],[-121.42455,46.75679],[-121.42922,46.73916],[-121.40677,46.727],[-121.36891,46.72603],[-121.35406,46.71472],[-121.37983,46.70229],[-121.37696,46.68619],[-121.39936,46.68798],[-121.41308,46.67586],[-121.41573,46.65105],[-121.39487,46.64611],[-121.39828,46.64096],[-121.38652,46.63611],[-121.38735,46.61953],[-121.40804,46.60199],[-121.40173,46.59307],[-121.4071,46.58109],[-121.42485,46.5701],[-121.4125,46.55817],[-121.41949,46.55459],[-121.41678,46.54765],[-121.45219,46.53637],[-121.45619,46.51458],[-121.44985,46.50369],[-121.42305,46.49271],[-121.43597,46.47581],[-121.41199,46.45962],[-121.40787,46.43065],[-121.38652,46.41083],[-121.39378,46.38995],[-121.44384,46.39109],[-121.44745,46.38457],[-121.46559,46.39569],[-121.47698,46.39407],[-121.49615,46.38301],[-121.50056,46.35992],[-121.51284,46.35446],[-121.49451,46.32206],[-121.48502,46.32031],[-121.48899,46.31123],[-121.46367,46.27622],[-121.47028,46.26422],[-121.459,46.24587],[-121.463,46.22521],[-121.49096,46.20241],[-121.43408,46.11123],[-121.42744,46.0882],[-121.43639,46.07198],[-121.42527,46.06324],[-121.42696,46.05178],[-121.44793,46.05163],[-121.44793,46.04441],[-121.61245,46.04393],[-121.61265,45.95602],[-121.57097,45.95605],[-121.57093,45.94155],[-121.55014,45.94159],[-121.54979,45.92775],[-121.56985,45.92784],[-121.56981,45.86994],[-121.58906,45.87002],[-121.58915,45.86165],[-121.59966,45.86171],[-121.59975,45.84005],[-121.60868,45.84006],[-121.59999,45.78245],[-121.73405,45.786],[-121.7591,45.77095],[-121.79449,45.76727],[-121.85591,45.775],[-121.85585,45.78366],[-121.96176,45.78012],[-121.96179,45.77372],[-121.95144,45.7739],[-121.95167,45.75235],[-121.92078,45.75192],[-121.9208,45.73758],[-121.96197,45.73789],[-121.96203,45.7523],[-121.99312,45.75221],[-121.99314,45.76669],[-122.0447,45.76706],[-122.05556,45.73817],[-122.0868,45.73007],[-122.08668,45.75047],[-122.10693,45.75025],[-122.10619,45.77883],[-122.16776,45.77901],[-122.16803,45.74412],[-122.14708,45.74395],[-122.14671,45.73672],[-122.16702,45.73687],[-122.17655,45.72247],[-122.2597,45.72244],[-122.26583,45.75485],[-122.26037,45.75471],[-122.25987,45.76909],[-122.25006,45.76907],[-122.25478,45.81918],[-122.24487,45.86674],[-122.24577,45.95352],[-122.18358,45.95364],[-122.18967,45.99696],[-122.18459,45.99695],[-122.18388,46.04037],[-121.99725,46.04034],[-121.99722,46.08395],[-122.02834,46.08396],[-122.02838,46.05493],[-122.05984,46.0549],[-122.05982,46.06954],[-122.08048,46.0693],[-122.08049,46.08388],[-122.10141,46.08389],[-122.10122,46.09829],[-122.16326,46.09844],[-122.16314,46.11304],[-122.20514,46.11298],[-122.20499,46.06948],[-122.26543,46.06342],[-122.28729,46.06943],[-122.28733,46.09824],[-122.27143,46.0984],[-122.27146,46.10601],[-122.28763,46.1131],[-122.28776,46.12703],[-122.34962,46.12668],[-122.34982,46.14247],[-122.36909,46.14252],[-122.36949,46.1862],[-122.28776,46.18603],[-122.28771,46.21158],[-122.26209,46.21154],[-122.26228,46.22081],[-122.29778,46.24434],[-122.29783,46.25756],[-122.30871,46.2694],[-122.36493,46.2698],[-122.38067,46.27698],[-122.38567,46.29136],[-122.34524,46.28784],[-122.33539,46.30459],[-122.31362,46.3063],[-122.30302,46.29644],[-122.28269,46.31064],[-122.26154,46.30554],[-122.25128,46.32011],[-122.241,46.32018],[-122.24132,46.42934],[-122.21947,46.42953],[-122.21976,46.44357],[-122.19869,46.44375],[-122.19872,46.4603],[-122.09456,46.46076],[-122.09475,46.44588],[-122.07368,46.44625],[-122.07367,46.43132],[-122.05287,46.43147],[-122.05288,46.44584],[-122.03148,46.446],[-122.03175,46.43179],[-122.01058,46.43202],[-122.01031,46.41729],[-121.98955,46.41657],[-121.99009,46.49484],[-121.95886,46.49865],[-121.95914,46.50571],[-121.94842,46.50588],[-121.94814,46.49884],[-121.92768,46.50654],[-121.92756,46.4995],[-121.90683,46.49965],[-121.90687,46.50691],[-121.88654,46.50695],[-121.8865,46.51437],[-121.82159,46.51296],[-121.76897,46.52361],[-121.76411,46.53759],[-121.74826,46.53792],[-121.74834,46.54509],[-121.69672,46.56314],[-121.69622,46.57397],[-121.66627,46.58818],[-121.66104,46.60632],[-121.65059,46.6063],[-121.65009,46.62458],[-121.63456,46.62469],[-121.63449,46.63908],[-121.61338,46.64278],[-121.6134,46.65382],[-121.64465,46.65365],[-121.65543,46.63929],[-121.69742,46.63201],[-121.69742,46.62442],[-121.70827,46.6244],[-121.70833,46.60288],[-121.71882,46.60271],[-121.71881,46.5882],[-121.70838,46.58828],[-121.70785,46.57431],[-121.76911,46.55215],[-121.76915,46.54477],[-121.8109,46.54495],[-121.81085,46.53737],[-121.82123,46.53365],[-121.85801,46.53675],[-121.86573,46.54378],[-121.91831,46.54292],[-121.93879,46.53464],[-121.94885,46.53771],[-121.94893,46.55099],[-122.03191,46.54208],[-122.03184,46.54926],[-122.05281,46.5494],[-122.05298,46.55638],[-122.09535,46.56166],[-122.09526,46.57613],[-122.11624,46.57622],[-122.11621,46.59043],[-122.09524,46.59043],[-122.09521,46.60483],[-122.07401,46.60499],[-122.03199,46.60474],[-122.03194,46.56154],[-121.99034,46.56117],[-121.98985,46.64864],[-121.98076,46.64865],[-121.98204,46.82102],[-121.96082,46.82083],[-121.96129,46.83504]]],[[[-122.28776,46.77036],[-122.26669,46.76309],[-122.26629,46.74133],[-122.25609,46.74142],[-122.25576,46.73404],[-122.23463,46.73391],[-122.23292,46.64824],[-122.24065,46.64825],[-122.24082,46.61199],[-122.26158,46.61132],[-122.26165,46.5827],[-122.31408,46.57487],[-122.31412,46.58946],[-122.3345,46.58936],[-122.33477,46.59652],[-122.39617,46.58894],[-122.39674,46.5958],[-122.4274,46.59636],[-122.42745,46.60345],[-122.48971,46.60457],[-122.49079,46.67597],[-122.51136,46.67619],[-122.51105,46.71818],[-122.49007,46.7186],[-122.48653,46.74848],[-122.40205,46.74852],[-122.4026,46.73369],[-122.36042,46.73423],[-122.35962,46.76337],[-122.3186,46.76319],[-122.30845,46.77752],[-122.28761,46.7775],[-122.28776,46.77036]]],[[[-121.48132,45.83887],[-121.47716,45.81948],[-121.48454,45.80081],[-121.47412,45.80089],[-121.48231,45.79352],[-121.51054,45.79328],[-121.50502,45.78962],[-121.51621,45.78031],[-121.51596,45.79503],[-121.50234,45.80431],[-121.49216,45.79901],[-121.48806,45.81862],[-121.51128,45.85745],[-121.48132,45.83887]]],[[[-121.83563,45.76769],[-121.81492,45.7676],[-121.81466,45.75456],[-121.82515,45.75471],[-121.83564,45.7549],[-121.83563,45.76769]]],[[[-121.67279,45.75061],[-121.67085,45.73978],[-121.68237,45.73792],[-121.69988,45.75164],[-121.71035,45.75387],[-121.67279,45.75061]]],[[[-121.67622,46.62821],[-121.66583,46.62824],[-121.66589,46.62041],[-121.67301,46.62097],[-121.67622,46.62821]]],[[[-121.20709,45.76592],[-121.2018,45.76042],[-121.19918,45.75319],[-121.20703,45.75331],[-121.20709,45.76592]]],[[[-121.3685,45.79526],[-121.374,45.79295],[-121.35567,45.80407],[-121.35789,45.79782],[-121.3685,45.79526]]],[[[-121.38149,45.79011],[-121.37699,45.79012],[-121.37874,45.78292],[-121.38149,45.79011]]],[[[-122.38498,45.92785],[-122.37983,45.92781],[-122.38497,45.92425],[-122.38498,45.92785]]],[[[-121.53911,46.02552],[-121.52988,46.01901],[-121.52904,46.01651],[-121.53911,46.02552]]],[[[-121.38763,45.78652],[-121.38399,45.78291],[-121.38758,45.78291],[-121.38763,45.78652]]],[[[-121.99807,45.71973],[-121.99595,45.71973],[-122.00376,45.71548],[-121.99807,45.71973]]],[[[-121.9946,45.71974],[-121.98466,45.71845],[-121.99146,45.71868],[-121.9946,45.71974]]],[[[-122.19736,45.58777],[-122.19383,45.58867],[-122.19873,45.58564],[-122.19736,45.58777]]],[[[-122.19383,45.58867],[-122.18727,45.59271],[-122.19165,45.58922],[-122.19383,45.58867]]],[[[-121.38402,45.77555],[-121.38138,45.77556],[-121.38139,45.77373],[-121.38402,45.77555]]],[[[-121.38909,45.75747],[-121.38521,45.75661],[-121.38908,45.75657],[-121.38909,45.75747]]],[[[-121.67022,45.73023],[-121.66532,45.73205],[-121.66909,45.73004],[-121.67022,45.73023]]],[[[-121.41517,45.76544],[-121.41206,45.76453],[-121.41517,45.76451],[-121.41517,45.76544]]],[[[-122.23086,46.05924],[-122.2297,46.05875],[-122.23149,46.05712],[-122.23086,46.05924]]],[[[-121.41523,45.77183],[-121.41262,45.77093],[-121.41522,45.77091],[-121.41523,45.77183]]],[[[-121.39792,45.78293],[-121.39706,45.78113],[-121.39826,45.78091],[-121.39792,45.78293]]],[[[-121.54455,46.00026],[-121.54009,46.00033],[-121.53912,45.99986],[-121.54455,46.00026]]],[[[-122.12594,45.62912],[-122.12272,45.62912],[-122.12593,45.62853],[-122.12594,45.62912]]],[[[-121.93389,46.5341],[-121.93246,46.53406],[-121.93373,46.53311],[-121.93389,46.5341]]],[[[-121.39772,45.78015],[-121.39706,45.78027],[-121.39706,45.77923],[-121.39772,45.78015]]],[[[-122.16586,45.60657],[-122.16677,45.60629],[-122.16551,45.607],[-122.16586,45.60657]]],[[[-121.40597,45.76094],[-121.40543,45.76054],[-121.40568,45.76068],[-121.40597,45.76094]]]]},"bbox":[-122.51136,45.58564,-121.19918,46.83507],"properties":{"divisionId":"national-forest:{BA19519D-E8A4-4882-9814-76BB35ECEBE8}","divisionType":"national-forest","name":"Gifford Pinchot National Forest","label":"Gifford Pinchot National Forest","labelPoint":[-121.85526999999999,46.210355],"state":null,"sourceFeatureId":"{BA19519D-E8A4-4882-9814-76BB35ECEBE8}","landAreaSqKm":6032.944,"cameraViewshedAreaSqKm":0.0,"cameraViewshedCoveragePct":0.0,"landMix":[{"label":"Tribal land","percentage":0.22,"areaSqKm":13.085},{"label":"National Park","percentage":0.06,"areaSqKm":3.596},{"label":"National Forest","percentage":99.72,"areaSqKm":6016.263},{"label":"Other/unclassified","percentage":0.0,"areaSqKm":0.0}]}},{"type":"Feature","id":"national-forest:{D4249C32-8972-45EB-A126-24DBB46AF689}","geometry":{"type":"MultiPolygon","coordinates":[[[[-121.17499,47.19078],[-121.17503,47.20517],[-121.1539,47.20514],[-121.15317,47.19791],[-121.13331,47.19779],[-121.1333,47.19046],[-121.12269,47.19049],[-121.11207,47.17591],[-121.09114,47.17595],[-121.0912,47.16118],[-121.02775,47.1614],[-121.02788,47.14679],[-120.90014,47.14618],[-120.89992,47.11662],[-120.88979,47.1167],[-120.88985,47.10217],[-120.8998,47.10213],[-120.89815,46.91728],[-120.89783,46.91136],[-120.88564,46.91124],[-120.88536,46.82671],[-120.92745,46.82672],[-120.92741,46.86999],[-120.94839,46.86997],[-120.94853,46.89869],[-120.99088,46.89905],[-120.9904,46.91129],[-121.01324,46.91135],[-121.01357,46.88467],[-120.99075,46.88454],[-120.99072,46.83032],[-121.01346,46.82656],[-121.01355,46.73985],[-120.88774,46.73971],[-120.88732,46.65186],[-121.01242,46.65119],[-121.01177,46.6367],[-121.04304,46.63677],[-121.043,46.62212],[-121.05338,46.62206],[-121.05375,46.60766],[-121.07471,46.6077],[-121.07453,46.59323],[-121.08481,46.59325],[-121.08515,46.57875],[-121.11648,46.57888],[-121.11642,46.5643],[-121.15674,46.56443],[-121.15676,46.55395],[-121.20925,46.55394],[-121.21098,46.51082],[-121.2707,46.48891],[-121.27073,46.4689],[-121.31847,46.45497],[-121.38028,46.46793],[-121.40795,46.4884],[-121.44985,46.50369],[-121.45622,46.51438],[-121.45219,46.53637],[-121.41678,46.54765],[-121.41949,46.55459],[-121.4125,46.55817],[-121.42485,46.5701],[-121.4071,46.58109],[-121.40173,46.59307],[-121.40804,46.60199],[-121.38735,46.61953],[-121.38652,46.63611],[-121.39828,46.64096],[-121.39487,46.64611],[-121.41573,46.65105],[-121.41308,46.67586],[-121.39936,46.68798],[-121.37696,46.68619],[-121.37983,46.70229],[-121.35272,46.71218],[-121.36891,46.72603],[-121.40677,46.727],[-121.42931,46.73923],[-121.42455,46.75679],[-121.44238,46.75842],[-121.43849,46.76218],[-121.45515,46.78056],[-121.44307,46.79344],[-121.47427,46.82034],[-121.47084,46.82931],[-121.48349,46.83466],[-121.49552,46.86277],[-121.52262,46.87344],[-121.49633,46.9089],[-121.45624,46.92387],[-121.44917,46.93457],[-121.45741,46.96422],[-121.44206,46.9729],[-121.4461,46.98008],[-121.40728,46.99812],[-121.40661,47.01213],[-121.39485,47.02309],[-121.40023,47.03359],[-121.37435,47.05667],[-121.38365,47.0841],[-121.37687,47.09041],[-121.40264,47.09829],[-121.40589,47.12088],[-121.394,47.13302],[-121.36492,47.14171],[-121.31565,47.13383],[-121.29752,47.14861],[-121.31793,47.17365],[-121.30614,47.18785],[-121.31111,47.20757],[-121.36516,47.22438],[-121.36068,47.24054],[-121.33222,47.25698],[-121.34146,47.28163],[-121.36166,47.29183],[-121.37211,47.28508],[-121.41604,47.29347],[-121.42693,47.2888],[-121.43249,47.30474],[-121.44526,47.3099],[-121.4306,47.33472],[-121.46418,47.35428],[-121.44875,47.36881],[-121.40265,47.37249],[-121.40267,47.37965],[-121.3894,47.37997],[-121.38748,47.39171],[-121.38051,47.38807],[-121.3763,47.40124],[-121.35973,47.4013],[-121.35651,47.42974],[-121.3821,47.43916],[-121.37924,47.45434],[-121.3481,47.46535],[-121.3386,47.47633],[-121.31216,47.47917],[-121.29219,47.50211],[-121.29194,47.51347],[-121.24261,47.53605],[-121.22907,47.56551],[-121.18015,47.56486],[-121.16974,47.57871],[-121.17212,47.59019],[-121.11959,47.59135],[-121.11122,47.59966],[-121.12023,47.61264],[-121.11312,47.619],[-121.13371,47.64565],[-121.12329,47.66352],[-121.12879,47.67625],[-121.09032,47.70286],[-121.06682,47.70657],[-121.06614,47.71395],[-121.08737,47.72843],[-121.07911,47.73923],[-121.094,47.75847],[-121.11037,47.75802],[-121.10753,47.76676],[-121.12055,47.78375],[-121.09301,47.80015],[-121.07014,47.83015],[-121.11314,47.82971],[-121.15358,47.84532],[-121.14691,47.8579],[-121.15726,47.88223],[-121.16703,47.87953],[-121.18073,47.89812],[-121.17103,47.91255],[-121.1793,47.91884],[-121.16196,47.94419],[-121.16505,47.95601],[-121.14836,47.97048],[-121.14703,47.98147],[-121.11701,47.99983],[-121.15289,48.04086],[-121.13117,48.04428],[-121.09661,48.06454],[-121.08184,48.06151],[-121.03228,48.07806],[-121.01576,48.07493],[-120.98088,48.0945],[-120.97238,48.10863],[-120.94729,48.11281],[-120.96494,48.134],[-120.95461,48.15235],[-120.90666,48.16479],[-120.91927,48.191],[-120.96435,48.21087],[-120.95944,48.22768],[-121.01195,48.27952],[-121.00244,48.28606],[-121.00313,48.29886],[-121.07173,48.31754],[-121.06587,48.32608],[-121.06967,48.33882],[-121.04053,48.34851],[-121.04311,48.36347],[-121.062,48.37941],[-121.06237,48.40544],[-121.0555,48.41267],[-121.04159,48.4112],[-121.04248,48.43065],[-121.0259,48.43374],[-120.95713,48.43236],[-120.95672,48.39192],[-120.90548,48.38761],[-120.89596,48.4014],[-120.87467,48.40748],[-120.85617,48.38321],[-120.85197,48.36074],[-120.82028,48.35618],[-120.80071,48.33864],[-120.76484,48.34831],[-120.75309,48.33599],[-120.73198,48.34477],[-120.73108,48.31654],[-120.7007,48.31888],[-120.68356,48.30959],[-120.69749,48.28579],[-120.68811,48.24672],[-120.65326,48.25844],[-120.64112,48.25271],[-120.62735,48.26396],[-120.62397,48.25205],[-120.61288,48.25812],[-120.61815,48.2665],[-120.59784,48.27262],[-120.57429,48.26873],[-120.56291,48.28371],[-120.54518,48.29011],[-120.56178,48.31569],[-120.58945,48.3229],[-120.55998,48.3607],[-120.56314,48.37232],[-120.62195,48.39872],[-120.65061,48.39777],[-120.64461,48.40912],[-120.65587,48.42961],[-120.65121,48.43662],[-120.66866,48.44981],[-120.63189,48.46936],[-120.65273,48.4781],[-120.65435,48.48586],[-120.74883,48.4854],[-120.77059,48.50786],[-120.80992,48.51471],[-120.81801,48.52047],[-120.80955,48.52992],[-120.82605,48.54198],[-120.8253,48.56448],[-120.85621,48.57913],[-120.86532,48.60097],[-120.87436,48.59917],[-120.88669,48.61147],[-120.92918,48.62732],[-120.91931,48.64434],[-120.9227,48.66162],[-120.95965,48.68166],[-120.95398,48.69376],[-120.96796,48.71856],[-120.96261,48.72754],[-120.97664,48.73692],[-120.98698,48.76101],[-121.00452,48.77109],[-121.01052,48.79073],[-121.0062,48.8252],[-120.99393,48.83084],[-120.9903,48.84205],[-120.99332,48.86876],[-120.95898,48.88697],[-120.97715,48.91729],[-120.97216,48.93874],[-120.98387,48.95098],[-120.98045,48.96234],[-121.00339,48.97146],[-121.01949,49.00012],[-120.02437,48.99944],[-120.02709,48.97801],[-120.04403,48.9699],[-120.01127,48.92694],[-120.01106,48.91008],[-120.00012,48.90867],[-120.01762,48.89449],[-120.02111,48.87014],[-120.00678,48.84268],[-119.99185,48.83365],[-120.0024,48.80501],[-120.04671,48.78008],[-120.03654,48.7723],[-120.05734,48.75591],[-120.01025,48.74956],[-119.99889,48.71601],[-119.97179,48.70317],[-119.98287,48.67721],[-119.96628,48.66329],[-119.97835,48.65849],[-119.96291,48.64563],[-119.98085,48.63525],[-119.9812,48.62059],[-119.96215,48.61558],[-119.94609,48.6206],[-119.93639,48.61187],[-119.95101,48.61023],[-119.9442,48.6003],[-119.96162,48.58321],[-119.94424,48.53002],[-119.89571,48.49861],[-119.87452,48.49875],[-119.86533,48.45806],[-119.84738,48.43793],[-119.82033,48.43985],[-119.82027,48.43125],[-119.86385,48.43129],[-119.86376,48.42403],[-119.88432,48.41716],[-119.88452,48.33721],[-119.87365,48.33723],[-119.87364,48.30826],[-119.88453,48.30828],[-119.88439,48.22143],[-120.01392,48.22123],[-120.01394,48.23691],[-120.03557,48.23715],[-120.03556,48.25164],[-120.05706,48.25162],[-120.05697,48.2809],[-120.03531,48.28075],[-120.03526,48.29521],[-120.01354,48.2952],[-120.01355,48.35913],[-119.97158,48.35915],[-119.97153,48.39534],[-120.01347,48.39543],[-120.01347,48.40998],[-120.03527,48.40998],[-120.03522,48.42802],[-120.01894,48.43177],[-120.01894,48.43902],[-120.03517,48.43166],[-120.03518,48.43895],[-120.05425,48.44154],[-120.0572,48.45335],[-120.08437,48.45696],[-120.08994,48.48208],[-120.10089,48.48206],[-120.10056,48.49613],[-120.12281,48.49662],[-120.12269,48.51085],[-120.14342,48.51093],[-120.14298,48.57002],[-120.27333,48.57005],[-120.27344,48.5556],[-120.26283,48.55561],[-120.27349,48.55193],[-120.27357,48.53415],[-120.3175,48.53415],[-120.31762,48.54142],[-120.32849,48.54145],[-120.32844,48.56332],[-120.33939,48.56335],[-120.33947,48.5707],[-120.38316,48.57066],[-120.38289,48.55636],[-120.35019,48.55607],[-120.3502,48.54153],[-120.33936,48.54147],[-120.33939,48.52692],[-120.31741,48.52689],[-120.30652,48.51242],[-120.29561,48.51243],[-120.29572,48.48351],[-120.2632,48.48342],[-120.26331,48.46896],[-120.25257,48.46893],[-120.25272,48.42525],[-120.23115,48.4252],[-120.23122,48.39629],[-120.25287,48.39633],[-120.25282,48.38168],[-120.20949,48.38156],[-120.20953,48.36716],[-120.18771,48.36713],[-120.18754,48.35263],[-120.16597,48.35261],[-120.17142,48.36349],[-120.16052,48.36346],[-120.15505,48.35251],[-120.14413,48.35244],[-120.14425,48.3379],[-120.10088,48.33785],[-120.10056,48.30273],[-120.12224,48.3027],[-120.12258,48.28088],[-120.14354,48.2809],[-120.14335,48.22273],[-120.13298,48.22269],[-120.13277,48.19383],[-120.12242,48.19389],[-120.12286,48.16472],[-120.07937,48.16464],[-120.07937,48.15014],[-120.06854,48.15011],[-120.0686,48.1356],[-120.03611,48.1355],[-120.03589,48.12086],[-120.02507,48.12078],[-120.02545,48.07746],[-119.99334,48.07006],[-119.99318,48.06284],[-119.97162,48.06283],[-119.97185,48.04834],[-119.94838,48.04825],[-119.9488,48.02555],[-119.92714,48.02549],[-119.92691,47.96773],[-119.95897,47.96777],[-119.959,47.97493],[-119.96971,47.9749],[-119.96985,47.98924],[-120.01194,47.98918],[-120.01832,47.92376],[-120.03451,47.92373],[-120.03452,47.91654],[-120.05614,47.91647],[-120.05591,47.92369],[-120.03991,47.92012],[-120.04508,47.9309],[-120.08248,47.93086],[-120.08264,47.93804],[-120.07184,47.93811],[-120.07204,47.96066],[-120.10423,47.95278],[-120.09877,47.93071],[-120.10956,47.9306],[-120.12036,47.93412],[-120.10964,47.94145],[-120.1258,47.94485],[-120.10964,47.94897],[-120.10955,47.96062],[-120.12569,47.96067],[-120.12951,47.94483],[-120.12941,47.95091],[-120.14021,47.951],[-120.13442,47.95818],[-120.14509,47.96069],[-120.21568,47.96094],[-120.21534,47.90754],[-120.2364,47.9076],[-120.23651,47.893],[-120.23641,47.88572],[-120.21487,47.88573],[-120.21469,47.87859],[-120.23689,47.87842],[-120.23686,47.87186],[-120.21566,47.86528],[-120.21557,47.84347],[-120.21027,47.84346],[-120.21549,47.81814],[-120.20487,47.80366],[-120.21018,47.79277],[-120.17801,47.7927],[-120.19953,47.80363],[-120.20488,47.81448],[-120.20498,47.8362],[-120.18896,47.83621],[-120.1943,47.82526],[-120.18335,47.82164],[-120.18881,47.81802],[-120.18338,47.8072],[-120.17256,47.81077],[-120.17258,47.80353],[-120.1511,47.79983],[-120.1459,47.78895],[-120.16719,47.79263],[-120.16753,47.78197],[-120.17274,47.78905],[-120.19955,47.78879],[-120.21677,47.77329],[-120.2371,47.7785],[-120.23297,47.77138],[-120.21748,47.76934],[-120.21894,47.76145],[-120.22903,47.76157],[-120.23502,47.73821],[-120.22929,47.71523],[-120.23967,47.71527],[-120.24534,47.73066],[-120.26095,47.73171],[-120.2615,47.71585],[-120.28266,47.71597],[-120.28417,47.70115],[-120.30462,47.70194],[-120.3039,47.71294],[-120.28295,47.71981],[-120.28182,47.73074],[-120.29907,47.71644],[-120.32468,47.71725],[-120.32301,47.73179],[-120.34385,47.73133],[-120.34185,47.74604],[-120.32153,47.74636],[-120.31977,47.761],[-120.30489,47.76441],[-120.33891,47.76804],[-120.33994,47.76074],[-120.37179,47.76048],[-120.37485,47.73085],[-120.36508,47.72735],[-120.38668,47.72328],[-120.36565,47.72363],[-120.36681,47.71623],[-120.35627,47.7165],[-120.35761,47.70737],[-120.34651,47.70943],[-120.34886,47.65663],[-120.32742,47.65649],[-120.32718,47.64153],[-120.28372,47.6418],[-120.28334,47.61222],[-120.25907,47.61251],[-120.26062,47.57915],[-120.28241,47.58233],[-120.28316,47.56772],[-120.32773,47.56752],[-120.32575,47.52869],[-120.38928,47.52416],[-120.38903,47.53884],[-120.44257,47.53777],[-120.44227,47.53061],[-120.4529,47.53057],[-120.45322,47.53775],[-120.51818,47.5457],[-120.51801,47.56739],[-120.58262,47.56782],[-120.58231,47.58234],[-120.60367,47.58254],[-120.60297,47.61318],[-120.63344,47.6131],[-120.63703,47.66867],[-120.63165,47.66839],[-120.63647,47.6831],[-120.63105,47.70126],[-120.65212,47.70134],[-120.65273,47.68675],[-120.64184,47.68321],[-120.64208,47.67612],[-120.65289,47.67951],[-120.65469,47.61314],[-120.67927,47.61335],[-120.67966,47.56801],[-120.69058,47.56806],[-120.69067,47.55351],[-120.64744,47.55337],[-120.64763,47.54603],[-120.62557,47.53867],[-120.6363,47.51705],[-120.64798,47.51706],[-120.64801,47.50997],[-120.63626,47.51006],[-120.63838,47.49572],[-120.6499,47.49604],[-120.64897,47.48156],[-120.62716,47.48123],[-120.63406,47.50645],[-120.62579,47.51009],[-120.62653,47.50277],[-120.60624,47.4953],[-120.60584,47.46669],[-120.58489,47.46652],[-120.58544,47.45242],[-120.5538,47.45272],[-120.56378,47.48112],[-120.54332,47.48476],[-120.54341,47.47448],[-120.49618,47.47995],[-120.50287,47.43969],[-120.49618,47.43513],[-120.45286,47.43567],[-120.45289,47.45033],[-120.43141,47.45034],[-120.43128,47.43591],[-120.4096,47.4362],[-120.41024,47.40272],[-120.42128,47.40259],[-120.41562,47.39151],[-120.4323,47.39144],[-120.43208,47.38407],[-120.41004,47.38413],[-120.41003,47.37664],[-120.43199,47.38036],[-120.43123,47.34703],[-120.38796,47.34689],[-120.38763,47.28958],[-120.36659,47.2824],[-120.36659,47.27532],[-120.38741,47.27537],[-120.3874,47.26094],[-120.40666,47.26083],[-120.40702,47.24817],[-120.4283,47.24815],[-120.42804,47.26045],[-120.49097,47.26039],[-120.49106,47.25506],[-120.51205,47.26043],[-120.50187,47.248],[-120.51241,47.24822],[-120.51325,47.23365],[-120.49199,47.2334],[-120.49195,47.21894],[-120.5132,47.21913],[-120.51351,47.20462],[-120.49188,47.20469],[-120.49202,47.18997],[-120.51325,47.19016],[-120.51311,47.17564],[-120.6456,47.17543],[-120.64534,47.18986],[-120.68788,47.18974],[-120.6879,47.19701],[-120.66658,47.19348],[-120.66659,47.20068],[-120.67727,47.20431],[-120.64531,47.2043],[-120.64519,47.21856],[-120.69847,47.21855],[-120.68231,47.24742],[-120.69288,47.24746],[-120.70105,47.22935],[-120.70895,47.22926],[-120.73558,47.23304],[-120.73547,47.24747],[-120.77269,47.24751],[-120.77269,47.25992],[-120.80892,47.25977],[-120.80879,47.33218],[-120.8301,47.3322],[-120.83009,47.34301],[-120.84069,47.34663],[-120.85131,47.34665],[-120.85137,47.33216],[-120.91423,47.33227],[-120.91429,47.31779],[-120.95639,47.31783],[-120.95644,47.30359],[-120.98276,47.3037],[-120.98282,47.29638],[-120.99893,47.3038],[-120.99889,47.28938],[-121.01999,47.28945],[-121.01959,47.26046],[-121.06325,47.26063],[-121.06394,47.24279],[-121.05596,47.23363],[-121.06786,47.24275],[-121.08518,47.23744],[-121.08407,47.24825],[-121.10081,47.26081],[-121.11145,47.25565],[-121.10111,47.24835],[-121.11156,47.24843],[-121.11189,47.22291],[-121.12902,47.2208],[-121.13303,47.23408],[-121.15367,47.23425],[-121.15347,47.26109],[-121.23843,47.26153],[-121.2385,47.24856],[-121.2798,47.25742],[-121.25634,47.24879],[-121.27982,47.25492],[-121.26491,47.24878],[-121.28002,47.24866],[-121.28068,47.19104],[-121.25995,47.19103],[-121.26019,47.17647],[-121.21754,47.17672],[-121.20677,47.19076],[-121.17499,47.19078]],[[-121.17499,47.19078],[-121.17516,47.18325],[-121.17532,47.17634],[-121.1542,47.17629],[-121.15384,47.19066],[-121.17499,47.19078]],[[-120.2371,47.7785],[-120.23755,47.77928],[-120.23842,47.77884],[-120.2371,47.7785]],[[-120.23842,47.77884],[-120.24819,47.78134],[-120.24858,47.77365],[-120.23842,47.77884]],[[-120.3874,47.71956],[-120.38279,47.71596],[-120.37683,47.71977],[-120.3874,47.71956]],[[-120.27394,47.7343],[-120.27016,47.7307],[-120.26593,47.73986],[-120.27394,47.7343]],[[-120.25818,47.83655],[-120.25831,47.82929],[-120.2477,47.82917],[-120.24766,47.83578],[-120.25818,47.83655]],[[-120.36122,47.77537],[-120.37209,47.77165],[-120.37207,47.76081],[-120.35974,47.76088],[-120.36122,47.77537]],[[-120.38063,47.67141],[-120.38071,47.65646],[-120.37004,47.6565],[-120.36987,47.67141],[-120.38063,47.67141]],[[-120.39397,47.77542],[-120.37752,47.77522],[-120.38295,47.79016],[-120.3952,47.78652],[-120.39015,47.78637],[-120.39397,47.77542]],[[-120.39996,47.84206],[-120.39959,47.83463],[-120.36752,47.83456],[-120.37295,47.84196],[-120.39996,47.84206]],[[-120.25907,47.78986],[-120.25868,47.80468],[-120.27814,47.80473],[-120.27834,47.78991],[-120.25907,47.78986]],[[-120.41031,47.71587],[-120.41285,47.70099],[-120.40189,47.701],[-120.39082,47.70101],[-120.38811,47.71582],[-120.41031,47.71587]],[[-120.23167,47.81095],[-120.23165,47.80007],[-120.23706,47.80733],[-120.24785,47.80737],[-120.24798,47.79288],[-120.22627,47.79278],[-120.22091,47.80735],[-120.23167,47.81095]],[[-120.42233,47.84814],[-120.42011,47.83744],[-120.43068,47.81927],[-120.3937,47.79023],[-120.39784,47.80465],[-120.40931,47.81199],[-120.37537,47.80492],[-120.3767,47.82718],[-120.39917,47.8273],[-120.4042,47.84107],[-120.42233,47.84814]]],[[[-120.62579,47.51009],[-120.62047,47.52428],[-120.60334,47.52783],[-120.60927,47.53878],[-120.58245,47.53872],[-120.5821,47.52421],[-120.6003,47.52423],[-120.59508,47.50982],[-120.58457,47.50984],[-120.58491,47.49528],[-120.60624,47.4953],[-120.60588,47.50258],[-120.62579,47.51009]]],[[[-120.26147,47.71525],[-120.23967,47.71527],[-120.23975,47.70064],[-120.21805,47.70019],[-120.21813,47.68542],[-120.24021,47.68573],[-120.24529,47.70072],[-120.26199,47.70103],[-120.26147,47.71525]]],[[[-120.17801,47.8325],[-120.1672,47.83247],[-120.17265,47.83975],[-120.15655,47.84696],[-120.16189,47.83609],[-120.14563,47.83605],[-120.12928,47.82153],[-120.15117,47.82882],[-120.14567,47.8216],[-120.15647,47.8107],[-120.16714,47.82523],[-120.17789,47.82159],[-120.17801,47.8325]]],[[[-120.28348,47.6862],[-120.25098,47.67837],[-120.26167,47.67079],[-120.28421,47.67142],[-120.28348,47.6862]]],[[[-120.28066,47.26127],[-120.27957,47.24772],[-120.30074,47.24794],[-120.30156,47.26125],[-120.28066,47.26127]]],[[[-119.9687,47.90596],[-119.96332,47.90235],[-119.96871,47.90236],[-119.97943,47.90594],[-119.97399,47.91685],[-119.98462,47.91686],[-119.98476,47.92406],[-119.9633,47.92403],[-119.9687,47.90596]]],[[[-120.3648,47.26126],[-120.36447,47.24828],[-120.3859,47.24791],[-120.38585,47.25492],[-120.38588,47.26095],[-120.3648,47.26126]]],[[[-120.32742,47.65649],[-120.32698,47.67147],[-120.31095,47.66767],[-120.30581,47.65655],[-120.32742,47.65649]]],[[[-120.27991,47.23368],[-120.27957,47.24772],[-120.25849,47.24035],[-120.25851,47.23336],[-120.27991,47.23368]]],[[[-120.64744,47.55337],[-120.64738,47.56059],[-120.62527,47.56419],[-120.62547,47.55347],[-120.64744,47.55337]]],[[[-121.11291,46.49482],[-121.12543,46.4948],[-121.12544,46.50928],[-121.11282,46.50916],[-121.11291,46.49482]]],[[[-119.82598,48.40603],[-119.83689,48.40603],[-119.84218,48.42033],[-119.82591,48.41682],[-119.82598,48.40603]]],[[[-119.96082,48.21411],[-119.93913,48.21418],[-119.93893,48.20686],[-119.94997,48.20694],[-119.96067,48.20685],[-119.96082,48.21411]]],[[[-120.4745,47.43914],[-120.49062,47.4389],[-120.4851,47.45005],[-120.47447,47.45021],[-120.4745,47.43914]]],[[[-120.00788,47.94935],[-119.99051,47.94935],[-119.99034,47.93129],[-120.0009,47.93488],[-119.99578,47.94561],[-120.00788,47.94935]]],[[[-121.21183,47.24495],[-121.196,47.24126],[-121.19604,47.23399],[-121.21194,47.2341],[-121.21183,47.24495]]],[[[-120.85819,47.10976],[-120.83523,47.1095],[-120.83578,47.10226],[-120.85174,47.10242],[-120.85819,47.10976]]],[[[-120.18334,47.94417],[-120.16712,47.95125],[-120.16181,47.9404],[-120.17264,47.94054],[-120.18334,47.94417]]],[[[-120.16225,47.78194],[-120.14599,47.78534],[-120.14091,47.7778],[-120.16236,47.77829],[-120.16225,47.78194]]],[[[-120.28716,47.29007],[-120.2819,47.28002],[-120.28189,47.27559],[-120.30248,47.27565],[-120.28717,47.28287],[-120.28716,47.29007]]],[[[-120.45312,47.47611],[-120.44227,47.4725],[-120.44227,47.46507],[-120.45304,47.46867],[-120.45312,47.47611]]],[[[-120.38815,47.38434],[-120.39897,47.38431],[-120.39898,47.39163],[-120.38811,47.39176],[-120.38815,47.38434]]],[[[-120.48109,47.2407],[-120.4916,47.24061],[-120.4912,47.24782],[-120.4807,47.24792],[-120.48109,47.2407]]],[[[-120.52185,47.49523],[-120.49651,47.50229],[-120.50261,47.49493],[-120.50896,47.49503],[-120.52185,47.49523]]],[[[-120.36411,47.74401],[-120.35199,47.74589],[-120.35672,47.73846],[-120.36207,47.73904],[-120.36411,47.74401]]],[[[-120.13512,47.78883],[-120.12978,47.78871],[-120.13019,47.7783],[-120.13542,47.78129],[-120.13512,47.78883]]],[[[-120.57698,47.53148],[-120.56644,47.53139],[-120.57156,47.52423],[-120.57694,47.52783],[-120.57698,47.53148]]],[[[-120.33815,47.25523],[-120.33263,47.25157],[-120.33261,47.24801],[-120.34317,47.24827],[-120.33815,47.25523]]],[[[-120.37228,47.39547],[-120.36668,47.39933],[-120.36724,47.39164],[-120.38282,47.39545],[-120.37228,47.39547]]],[[[-120.38804,47.40666],[-120.37719,47.40684],[-120.388,47.39924],[-120.38804,47.40666]]],[[[-120.17824,47.85432],[-120.16742,47.85428],[-120.16736,47.84702],[-120.17824,47.85432]]],[[[-120.26273,48.56283],[-120.25215,48.56283],[-120.25749,48.55564],[-120.26273,48.56283]]],[[[-120.41998,47.81934],[-120.39997,47.81909],[-120.40408,47.81546],[-120.41998,47.81934]]],[[[-119.98525,47.95641],[-119.99582,47.9564],[-119.99086,47.96053],[-119.98516,47.96049],[-119.98525,47.95641]]],[[[-121.19612,47.21959],[-121.18027,47.2232],[-121.18023,47.21954],[-121.19612,47.21959]]],[[[-120.19986,47.78084],[-120.18912,47.78103],[-120.19985,47.77685],[-120.19986,47.78084]]],[[[-120.48158,47.18999],[-120.48153,47.18638],[-120.49206,47.18638],[-120.48158,47.18999]]],[[[-120.4762,47.21196],[-120.4814,47.21188],[-120.47606,47.21924],[-120.4762,47.21196]]],[[[-121.23857,47.19098],[-121.22801,47.19444],[-121.22796,47.1909],[-121.23857,47.19098]]],[[[-120.26899,47.24411],[-120.25833,47.24748],[-120.25845,47.24397],[-120.26899,47.24411]]],[[[-120.2663,47.3043],[-120.26628,47.29767],[-120.2714,47.2975],[-120.2663,47.3043]]],[[[-120.70115,47.222],[-120.70112,47.21854],[-120.70905,47.21851],[-120.70115,47.222]]],[[[-120.25098,47.67837],[-120.24552,47.68209],[-120.24552,47.67828],[-120.25098,47.67837]]],[[[-120.27838,47.6935],[-120.27299,47.69719],[-120.27286,47.69346],[-120.27838,47.6935]]],[[[-120.43688,47.46878],[-120.43149,47.47257],[-120.43152,47.46878],[-120.43688,47.46878]]],[[[-120.16179,47.944],[-120.15639,47.94754],[-120.1564,47.94394],[-120.16179,47.944]]],[[[-120.12573,47.93408],[-120.12036,47.93412],[-120.12033,47.93051],[-120.12573,47.93408]]],[[[-120.63085,47.54243],[-120.62553,47.54607],[-120.62553,47.54242],[-120.63085,47.54243]]],[[[-120.17805,47.83602],[-120.17801,47.8325],[-120.18347,47.83251],[-120.17805,47.83602]]],[[[-120.05591,47.92369],[-120.06111,47.9273],[-120.05579,47.9273],[-120.05591,47.92369]]],[[[-120.34617,47.71308],[-120.35143,47.71296],[-120.34583,47.71671],[-120.34617,47.71308]]],[[[-120.3272,47.24989],[-120.32208,47.25144],[-120.32196,47.2478],[-120.3272,47.24989]]],[[[-120.1562,47.95476],[-120.15101,47.9547],[-120.15103,47.95109],[-120.1562,47.95476]]],[[[-120.17817,47.84705],[-120.17548,47.8434],[-120.17813,47.84341],[-120.17817,47.84705]]],[[[-120.95828,47.19703],[-120.95819,47.19935],[-120.95583,47.19699],[-120.95828,47.19703]]],[[[-120.57705,47.46304],[-120.57434,47.4648],[-120.57443,47.46304],[-120.57705,47.46304]]],[[[-120.12092,48.36113],[-120.1191,48.36253],[-120.11956,48.36049],[-120.12092,48.36113]]],[[[-120.18787,48.47711],[-120.18494,48.47598],[-120.18728,48.476],[-120.18787,48.47711]]],[[[-120.1925,48.47965],[-120.18988,48.47881],[-120.18904,48.47757],[-120.1925,48.47965]]],[[[-120.14697,48.42655],[-120.14397,48.42504],[-120.14396,48.42424],[-120.14697,48.42655]]],[[[-120.66055,47.59773],[-120.65775,47.59857],[-120.65945,47.59739],[-120.66055,47.59773]]],[[[-120.21202,47.67536],[-120.21013,47.67518],[-120.21201,47.67518],[-120.21202,47.67536]]],[[[-120.34441,47.44108],[-120.34399,47.44149],[-120.34399,47.44108],[-120.34441,47.44108]]],[[[-120.21079,47.67681],[-120.21074,47.6769],[-120.20993,47.67593],[-120.21079,47.67681]]],[[[-120.65732,47.59964],[-120.65732,47.59939],[-120.65774,47.59939],[-120.65732,47.59964]]],[[[-120.02377,47.83779],[-120.02314,47.83837],[-120.02367,47.83778],[-120.02377,47.83779]]]]},"bbox":[-121.52262,46.45497,-119.82027,49.00012],"properties":{"divisionId":"national-forest:{D4249C32-8972-45EB-A126-24DBB46AF689}","divisionType":"national-forest","name":"Okanogan-Wenatchee National Forest","label":"Okanogan-Wenatchee National Forest","labelPoint":[-120.671445,47.727545000000006],"state":null,"sourceFeatureId":"{D4249C32-8972-45EB-A126-24DBB46AF689}","landAreaSqKm":15419.496,"cameraViewshedAreaSqKm":293.156,"cameraViewshedCoveragePct":1.9,"landMix":[{"label":"Tribal land","percentage":0.01,"areaSqKm":1.262},{"label":"National Park","percentage":0.05,"areaSqKm":8.034},{"label":"National Forest","percentage":99.94,"areaSqKm":15410.199},{"label":"Other/unclassified","percentage":0.0,"areaSqKm":0.0}]}},{"type":"Feature","id":"national-forest:{D780657B-35C1-40C7-8DD0-8D6264730F08}","geometry":{"type":"MultiPolygon","coordinates":[[[[-121.55171,47.21466],[-121.55166,47.22752],[-121.57299,47.22737],[-121.57271,47.24187],[-121.68938,47.24147],[-121.68939,47.23432],[-121.72001,47.24196],[-121.72008,47.34202],[-121.84876,47.34359],[-121.84782,47.42757],[-121.696,47.42658],[-121.69579,47.44582],[-121.65382,47.44018],[-121.65343,47.45469],[-121.6428,47.45463],[-121.63773,47.49787],[-121.65144,47.512],[-121.65144,47.54092],[-121.66219,47.54091],[-121.66203,47.56991],[-121.64066,47.5699],[-121.64089,47.6003],[-121.65123,47.60032],[-121.65033,47.64324],[-121.60762,47.64321],[-121.60772,47.65756],[-121.58632,47.65754],[-121.58653,47.68621],[-121.60688,47.68638],[-121.60699,47.70068],[-121.58638,47.70072],[-121.58578,47.72924],[-121.62729,47.72938],[-121.62788,47.71526],[-121.64937,47.71534],[-121.64904,47.72952],[-121.66954,47.72993],[-121.66944,47.75911],[-121.69105,47.75904],[-121.69108,47.74493],[-121.71326,47.7455],[-121.71329,47.82058],[-121.67037,47.82074],[-121.67022,47.83481],[-121.64864,47.83497],[-121.64338,47.82062],[-121.64874,47.82066],[-121.64889,47.80593],[-121.58502,47.81345],[-121.60662,47.81875],[-121.60643,47.82807],[-121.58489,47.83486],[-121.58493,47.84941],[-121.62723,47.84617],[-121.62695,47.90764],[-121.58243,47.90758],[-121.58239,47.91489],[-121.60443,47.91126],[-121.60442,47.92214],[-121.57409,47.92853],[-121.57406,47.93577],[-121.49873,47.93601],[-121.49421,47.95412],[-121.51036,47.95412],[-121.51578,47.97945],[-121.49424,47.97945],[-121.48886,47.97221],[-121.49423,47.96498],[-121.47273,47.96496],[-121.47276,47.95191],[-121.45123,47.95048],[-121.45122,47.96494],[-121.4566,47.96495],[-121.45124,47.99388],[-121.47274,47.99389],[-121.47272,48.00835],[-121.49427,48.00839],[-121.49427,48.02285],[-121.51578,48.02286],[-121.51578,48.00838],[-121.52115,48.00838],[-121.53724,48.01198],[-121.53724,48.02282],[-121.55858,48.02293],[-121.55869,48.02999],[-121.58023,48.02254],[-121.62363,48.0295],[-121.63441,48.01536],[-121.71048,48.01535],[-121.71047,48.03657],[-121.74369,48.03652],[-121.74368,48.04376],[-121.75416,48.04371],[-121.75421,48.05818],[-121.83969,48.0649],[-121.83996,48.09382],[-121.77572,48.094],[-121.76504,48.07955],[-121.74892,48.07961],[-121.74372,48.10132],[-121.77596,48.10828],[-121.77612,48.1155],[-121.81869,48.11532],[-121.8188,48.12272],[-121.84021,48.12287],[-121.83981,48.16573],[-121.86128,48.16568],[-121.8613,48.19518],[-121.92552,48.1956],[-121.92577,48.21023],[-121.83503,48.21031],[-121.83541,48.25412],[-121.77137,48.25409],[-121.77153,48.26852],[-121.70641,48.26875],[-121.70637,48.25415],[-121.68729,48.2545],[-121.68731,48.23995],[-121.66505,48.24022],[-121.66484,48.23308],[-121.59889,48.23325],[-121.59859,48.22606],[-121.58238,48.21851],[-121.57711,48.21941],[-121.57784,48.26993],[-121.53467,48.27044],[-121.53473,48.28519],[-121.51294,48.2855],[-121.51319,48.29629],[-121.41222,48.29597],[-121.41225,48.31043],[-121.43373,48.31776],[-121.43371,48.34689],[-121.44438,48.34689],[-121.44438,48.36896],[-121.46569,48.36907],[-121.46569,48.38384],[-121.53036,48.38395],[-121.53039,48.45484],[-121.48513,48.45497],[-121.48476,48.46848],[-121.30888,48.46803],[-121.30752,48.54103],[-121.39446,48.54095],[-121.39429,48.55579],[-121.41047,48.55577],[-121.41056,48.54105],[-121.4238,48.5411],[-121.41586,48.55578],[-121.43835,48.55573],[-121.43813,48.53396],[-121.47125,48.5266],[-121.47163,48.51944],[-121.49364,48.51964],[-121.49421,48.50524],[-121.53826,48.50576],[-121.55513,48.49132],[-121.57136,48.49146],[-121.57141,48.49806],[-121.6095,48.49196],[-121.62035,48.49587],[-121.61479,48.51256],[-121.63694,48.51394],[-121.63666,48.54124],[-121.62561,48.54114],[-121.61463,48.55551],[-121.66779,48.5553],[-121.66769,48.56946],[-121.65687,48.56935],[-121.6579,48.59858],[-121.63593,48.59826],[-121.63588,48.61285],[-121.67785,48.61285],[-121.67736,48.62755],[-121.66655,48.6274],[-121.66632,48.64302],[-121.78627,48.64399],[-121.78664,48.63077],[-121.80875,48.63089],[-121.80797,48.64412],[-121.83504,48.64427],[-121.83302,48.63099],[-121.89898,48.6312],[-121.89865,48.61686],[-121.93192,48.61666],[-121.93185,48.62389],[-121.94277,48.62385],[-121.94256,48.64462],[-121.96291,48.64468],[-121.96274,48.65934],[-121.98467,48.65958],[-121.98459,48.67402],[-122.00569,48.67406],[-122.00626,48.70329],[-122.0171,48.70348],[-122.0159,48.73241],[-122.00491,48.7324],[-122.00506,48.74678],[-121.96073,48.74654],[-121.961,48.77548],[-121.98314,48.77546],[-121.98286,48.83224],[-122.00475,48.83232],[-122.00476,48.86131],[-121.96085,48.86125],[-121.94977,49.00031],[-121.5218,48.99953],[-121.5216,48.86114],[-121.62939,48.86112],[-121.62934,48.81769],[-121.64028,48.81769],[-121.63991,48.78762],[-121.55207,48.78766],[-121.54326,48.77683],[-121.5416,48.70895],[-121.56378,48.68669],[-121.56385,48.6529],[-121.54671,48.65009],[-121.51204,48.62651],[-121.48576,48.63325],[-121.48226,48.62084],[-121.46604,48.61355],[-121.46045,48.61475],[-121.46696,48.65765],[-121.40071,48.6761],[-121.38839,48.64562],[-121.3644,48.6272],[-121.3856,48.61675],[-121.38045,48.59988],[-121.38951,48.58176],[-121.37403,48.57475],[-121.30654,48.5979],[-121.31796,48.57869],[-121.30853,48.55805],[-121.2465,48.53017],[-121.21134,48.53405],[-121.17047,48.51811],[-121.18965,48.51527],[-121.20467,48.49513],[-121.17026,48.48879],[-121.15221,48.47404],[-121.10471,48.4736],[-121.04261,48.447],[-121.03707,48.43255],[-121.04627,48.419],[-121.04159,48.4112],[-121.05636,48.4123],[-121.06654,48.39344],[-121.062,48.37941],[-121.04311,48.36347],[-121.04066,48.34783],[-121.06967,48.33882],[-121.06587,48.32608],[-121.07173,48.31754],[-121.00313,48.29886],[-121.00244,48.28606],[-121.01195,48.27952],[-120.95944,48.22768],[-120.96435,48.21087],[-120.91927,48.191],[-120.90687,48.16589],[-120.95461,48.15235],[-120.96494,48.134],[-120.94729,48.11281],[-120.97238,48.10863],[-120.98088,48.0945],[-121.01576,48.07493],[-121.03228,48.07806],[-121.08184,48.06151],[-121.09661,48.06454],[-121.13117,48.04428],[-121.15289,48.04086],[-121.11701,47.99983],[-121.14703,47.98147],[-121.14836,47.97048],[-121.16505,47.95601],[-121.16196,47.94419],[-121.1793,47.91884],[-121.17103,47.91255],[-121.18073,47.89812],[-121.16703,47.87953],[-121.15726,47.88223],[-121.14691,47.8579],[-121.15358,47.84532],[-121.11314,47.82971],[-121.07014,47.83015],[-121.09301,47.80015],[-121.12053,47.78389],[-121.10753,47.76676],[-121.11037,47.75802],[-121.094,47.75847],[-121.07903,47.73911],[-121.08389,47.72286],[-121.06593,47.71341],[-121.06703,47.70628],[-121.09032,47.70286],[-121.12879,47.67625],[-121.12329,47.66352],[-121.13371,47.64565],[-121.11393,47.6218],[-121.12023,47.61264],[-121.1115,47.59905],[-121.12,47.59123],[-121.17212,47.59019],[-121.16974,47.57871],[-121.1799,47.56493],[-121.22907,47.56551],[-121.24261,47.53605],[-121.29194,47.51347],[-121.29219,47.50211],[-121.31216,47.47917],[-121.3386,47.47633],[-121.3481,47.46535],[-121.37924,47.45434],[-121.3821,47.43916],[-121.35651,47.42974],[-121.35973,47.4013],[-121.3763,47.40124],[-121.38051,47.38807],[-121.38748,47.39171],[-121.3894,47.37997],[-121.40267,47.37965],[-121.40265,47.37249],[-121.46186,47.36228],[-121.4639,47.35363],[-121.4306,47.33472],[-121.44526,47.3099],[-121.43249,47.30474],[-121.42774,47.28932],[-121.41946,47.28663],[-121.41604,47.29347],[-121.37211,47.28508],[-121.36166,47.29183],[-121.34146,47.28163],[-121.33222,47.25698],[-121.36068,47.24054],[-121.36516,47.22438],[-121.31111,47.20757],[-121.30614,47.18785],[-121.31793,47.17365],[-121.29752,47.14861],[-121.31565,47.13383],[-121.36474,47.14174],[-121.38177,47.13736],[-121.408,47.118],[-121.39898,47.10468],[-121.40264,47.09829],[-121.37687,47.09041],[-121.38365,47.0841],[-121.37435,47.05667],[-121.40023,47.03359],[-121.39485,47.02309],[-121.40661,47.01213],[-121.40728,46.99812],[-121.4461,46.98008],[-121.44206,46.9729],[-121.45741,46.96422],[-121.44917,46.93457],[-121.45624,46.92387],[-121.50252,46.91083],[-121.50857,46.92167],[-121.50111,46.95288],[-121.51872,46.97822],[-121.54078,46.97827],[-121.53372,46.99505],[-121.90581,47.00039],[-121.91633,46.99638],[-121.91852,46.8205],[-121.93966,46.82066],[-121.93961,46.83507],[-121.96129,46.83504],[-121.96082,46.82083],[-121.98204,46.82102],[-121.97197,47.08331],[-121.59407,47.08412],[-121.59428,47.17085],[-121.61545,47.17082],[-121.61546,47.15633],[-121.63657,47.15638],[-121.636,47.17079],[-121.72102,47.17083],[-121.72038,47.20595],[-121.74162,47.2059],[-121.74165,47.19867],[-121.7731,47.20615],[-121.77307,47.21336],[-121.76253,47.21319],[-121.76766,47.22774],[-121.76218,47.23863],[-121.72549,47.23498],[-121.72032,47.22751],[-121.65757,47.22694],[-121.65751,47.21357],[-121.63609,47.21382],[-121.63089,47.22048],[-121.59396,47.21337],[-121.59408,47.2003],[-121.57323,47.20001],[-121.57337,47.18494],[-121.54128,47.18487],[-121.54123,47.19253],[-121.53059,47.1885],[-121.51467,47.20381],[-121.46718,47.20613],[-121.46711,47.19876],[-121.44667,47.19912],[-121.44672,47.21352],[-121.42552,47.21349],[-121.42541,47.22794],[-121.46258,47.22797],[-121.46256,47.22072],[-121.4667,47.22796],[-121.48768,47.22795],[-121.48779,47.2135],[-121.53044,47.20749],[-121.53035,47.21457],[-121.55171,47.21466]],[[-121.36558,47.69952],[-121.3652,47.69248],[-121.34409,47.69323],[-121.34424,47.70035],[-121.36558,47.69952]],[[-121.53187,48.02283],[-121.51577,48.02648],[-121.51576,48.03638],[-121.53725,48.03635],[-121.53187,48.02283]],[[-121.25385,47.70769],[-121.19558,47.70758],[-121.19559,47.71373],[-121.21684,47.7118],[-121.21663,47.72213],[-121.23762,47.7221],[-121.23772,47.71124],[-121.25385,47.70769]],[[-121.58517,47.79215],[-121.57214,47.79206],[-121.57979,47.79385],[-121.57966,47.80293],[-121.56839,47.79569],[-121.54149,47.7993],[-121.51888,47.79243],[-121.51935,47.80704],[-121.54144,47.80669],[-121.54711,47.82101],[-121.52027,47.81765],[-121.52031,47.82712],[-121.53001,47.82428],[-121.5206,47.83531],[-121.57418,47.83495],[-121.56321,47.82796],[-121.57953,47.82765],[-121.57966,47.82096],[-121.56327,47.82446],[-121.56319,47.81696],[-121.57769,47.81393],[-121.56491,47.80651],[-121.58499,47.80662],[-121.58517,47.79215]],[[-121.45235,47.74983],[-121.45301,47.77838],[-121.49801,47.77774],[-121.49772,47.78878],[-121.51567,47.7924],[-121.5008,47.78487],[-121.49689,47.77082],[-121.51634,47.77758],[-121.51632,47.7492],[-121.47364,47.74929],[-121.47471,47.75813],[-121.44267,47.74428],[-121.45236,47.74816],[-121.43855,47.73521],[-121.43919,47.74166],[-121.42107,47.73341],[-121.43186,47.73256],[-121.42813,47.72902],[-121.41313,47.7299],[-121.45235,47.74983]],[[-121.32286,47.70798],[-121.32273,47.69356],[-121.25929,47.6932],[-121.25391,47.70405],[-121.25899,47.72209],[-121.28026,47.72222],[-121.28061,47.71097],[-121.29657,47.7042],[-121.29654,47.69712],[-121.30182,47.71064],[-121.3231,47.71502],[-121.32917,47.72581],[-121.36766,47.70805],[-121.38873,47.72121],[-121.41022,47.72076],[-121.40943,47.70614],[-121.37691,47.70662],[-121.32286,47.70798]]],[[[-121.70258,48.42762],[-121.61638,48.42719],[-121.61651,48.3845],[-121.57392,48.38407],[-121.57537,48.34223],[-121.59923,48.33502],[-121.59905,48.29878],[-121.57842,48.29896],[-121.57815,48.28448],[-121.61181,48.28444],[-121.60997,48.30594],[-121.62085,48.30586],[-121.62096,48.34235],[-121.63175,48.34236],[-121.63192,48.3278],[-121.64292,48.32774],[-121.64247,48.29117],[-121.70494,48.29896],[-121.70681,48.29062],[-121.72856,48.29046],[-121.72783,48.29891],[-121.74842,48.29895],[-121.75028,48.29058],[-121.83602,48.29038],[-121.83528,48.39833],[-121.87854,48.39872],[-121.87856,48.38424],[-121.94378,48.38379],[-121.94333,48.41283],[-121.9649,48.4131],[-121.96391,48.50111],[-121.90037,48.49408],[-121.88571,48.49361],[-121.87472,48.47946],[-121.85322,48.47942],[-121.85314,48.47219],[-121.72411,48.47151],[-121.72404,48.45766],[-121.70228,48.4576],[-121.70258,48.42762]]],[[[-121.81835,47.97885],[-121.80751,47.97882],[-121.79667,47.97879],[-121.79676,47.99335],[-121.83955,47.99695],[-121.83959,48.00419],[-121.79685,48.00786],[-121.7968,48.02217],[-121.77528,48.02227],[-121.77497,48.00806],[-121.75354,48.00811],[-121.75354,47.99342],[-121.77459,47.99337],[-121.77492,47.97893],[-121.74789,47.98261],[-121.74337,47.9754],[-121.71096,47.97213],[-121.71043,47.97962],[-121.68952,47.98313],[-121.60738,47.98297],[-121.60174,47.99385],[-121.58048,47.98654],[-121.58049,47.97221],[-121.62362,47.97575],[-121.62408,47.96491],[-121.63946,47.96494],[-121.62364,47.95412],[-121.62545,47.94742],[-121.64995,47.95413],[-121.65005,47.96137],[-121.66578,47.95417],[-121.66612,47.9651],[-121.68459,47.96862],[-121.67922,47.95048],[-121.66833,47.95053],[-121.68012,47.93641],[-121.6914,47.93642],[-121.69155,47.95045],[-121.70116,47.95044],[-121.69051,47.96499],[-121.74344,47.96824],[-121.74861,47.9754],[-121.76443,47.97537],[-121.76461,47.96461],[-121.77531,47.96456],[-121.76437,47.95023],[-121.83205,47.94985],[-121.83994,47.95842],[-121.83994,47.96442],[-121.81834,47.96431],[-121.81835,47.97885]],[[-121.78589,47.97167],[-121.78598,47.96453],[-121.77525,47.96815],[-121.78589,47.97167]],[[-121.80208,47.95717],[-121.80207,47.96437],[-121.81833,47.96069],[-121.80208,47.95717]]],[[[-121.79708,48.03629],[-121.7968,48.02217],[-121.81837,48.01851],[-121.81833,48.00773],[-121.83954,48.00781],[-121.83953,48.01493],[-121.83418,48.02563],[-121.83931,48.03637],[-121.79708,48.03629]]],[[[-122.14486,48.49063],[-122.14005,48.5034],[-122.12636,48.50225],[-122.09454,48.51557],[-122.09847,48.50338],[-122.09914,48.494],[-122.12769,48.4934],[-122.12894,48.48519],[-122.14486,48.49063]]],[[[-121.647,47.92173],[-121.63724,47.9075],[-121.66921,47.90728],[-121.66891,47.92896],[-121.647,47.92173]]],[[[-121.78333,47.23518],[-121.78323,47.22798],[-121.8045,47.22807],[-121.80435,47.24224],[-121.78864,47.24595],[-121.78861,47.25314],[-121.77279,47.23871],[-121.78333,47.23518]]],[[[-121.54703,47.99928],[-121.54271,47.97949],[-121.55347,47.97951],[-121.55868,48.00843],[-121.5426,48.00838],[-121.54703,47.99928]]],[[[-121.81835,47.97885],[-121.83971,47.9828],[-121.83955,47.99332],[-121.81816,47.99335],[-121.81835,47.97885]]],[[[-121.85508,47.51083],[-121.84978,47.50337],[-121.8655,47.49984],[-121.8706,47.50714],[-121.85986,47.5106],[-121.85508,47.51083]]],[[[-121.73206,47.99359],[-121.72685,48.00078],[-121.71053,48.00073],[-121.71058,47.9936],[-121.73206,47.99359]]],[[[-122.05439,48.52291],[-122.04997,48.51253],[-122.06128,48.51064],[-122.06589,48.52075],[-122.05439,48.52291]]],[[[-122.17267,48.50625],[-122.16567,48.50349],[-122.16683,48.49294],[-122.18136,48.49786],[-122.17267,48.50625]]],[[[-121.83669,47.51342],[-121.82687,47.50585],[-121.82706,47.502],[-121.84462,47.50727],[-121.83923,47.50896],[-121.84473,47.51354],[-121.83669,47.51342]]],[[[-121.75354,48.00811],[-121.75393,48.0153],[-121.74316,48.01523],[-121.74302,48.00801],[-121.75354,48.00811]]],[[[-121.77528,48.02227],[-121.77548,48.02931],[-121.76491,48.02963],[-121.76439,48.02242],[-121.77528,48.02227]]],[[[-121.47574,47.77108],[-121.46424,47.77117],[-121.46391,47.76397],[-121.47526,47.76558],[-121.47574,47.77108]]],[[[-122.14574,48.48959],[-122.14524,48.48606],[-122.16116,48.48592],[-122.15172,48.49388],[-122.14574,48.48959]]],[[[-121.82822,47.49598],[-121.82282,47.49079],[-121.82283,47.48509],[-121.8336,47.48876],[-121.82822,47.49598]]],[[[-121.7428,47.99355],[-121.73206,47.99359],[-121.73727,47.98625],[-121.74262,47.98623],[-121.7428,47.99355]]],[[[-121.56945,48.01925],[-121.5586,48.01931],[-121.55865,48.01206],[-121.56943,48.01565],[-121.56945,48.01925]]],[[[-121.50771,48.012],[-121.49964,48.00477],[-121.51578,48.00476],[-121.50771,48.012]]],[[[-121.6102,48.45929],[-121.59944,48.45203],[-121.61093,48.45532],[-121.61543,48.47007],[-121.6101,48.46465],[-121.6102,48.45929]]],[[[-122.1938,48.48906],[-122.1858,48.49517],[-122.1784,48.48843],[-122.1938,48.48906]]],[[[-121.53093,47.95051],[-121.52016,47.95051],[-121.53095,47.94316],[-121.53093,47.95051]]],[[[-121.70681,48.50178],[-121.70263,48.50286],[-121.70181,48.50297],[-121.70232,48.50294],[-121.70089,48.50331],[-121.70129,48.5031],[-121.69449,48.50457],[-121.69231,48.50553],[-121.69001,48.50613],[-121.69549,48.49983],[-121.70681,48.50178]]],[[[-121.56235,47.21437],[-121.55171,47.21466],[-121.55712,47.20744],[-121.56235,47.21437]]],[[[-121.75358,47.95385],[-121.74338,47.95749],[-121.74329,47.95027],[-121.75358,47.95385]]],[[[-121.88109,47.50711],[-121.87621,47.50125],[-121.87621,47.49997],[-121.88485,47.50007],[-121.88109,47.50711]]],[[[-121.5566,48.38298],[-121.55809,48.38498],[-121.55385,48.39047],[-121.55217,48.39178],[-121.55073,48.38853],[-121.5566,48.38298]]],[[[-121.70089,48.50331],[-121.68448,48.51222],[-121.68855,48.5072],[-121.69231,48.50553],[-121.70089,48.50331]]],[[[-121.83147,48.53805],[-121.82321,48.53884],[-121.82064,48.53278],[-121.83147,48.53805]]],[[[-121.54403,48.33072],[-121.53469,48.32941],[-121.53847,48.32456],[-121.54403,48.33072]]],[[[-121.725,48.51859],[-121.7197,48.52191],[-121.72237,48.51117],[-121.725,48.51859]]],[[[-121.42088,48.52649],[-121.41933,48.52367],[-121.43186,48.52164],[-121.42088,48.52649]]],[[[-121.57482,48.01202],[-121.57476,48.0084],[-121.58507,48.00797],[-121.57482,48.01202]]],[[[-121.55534,48.39892],[-121.55861,48.40629],[-121.55049,48.39482],[-121.5516,48.39338],[-121.55534,48.39892]]],[[[-121.5582,48.4024],[-121.55726,48.40176],[-121.55534,48.39892],[-121.55242,48.39233],[-121.55385,48.39047],[-121.56106,48.38485],[-121.55315,48.39266],[-121.5582,48.4024]]],[[[-121.84006,47.94981],[-121.84006,47.94981],[-121.83997,47.95519],[-121.83488,47.94988],[-121.84006,47.94981]]],[[[-121.70889,48.50213],[-121.71071,48.50177],[-121.70851,48.50207],[-121.70681,48.50178],[-121.71068,48.50077],[-121.72181,48.50436],[-121.70889,48.50213]]],[[[-121.61811,47.83709],[-121.6168,47.83513],[-121.62732,47.83504],[-121.61811,47.83709]]],[[[-121.60457,48.24412],[-121.59906,48.24416],[-121.60442,48.24042],[-121.60457,48.24412]]],[[[-121.3937,47.71373],[-121.39351,47.71004],[-121.39904,47.71002],[-121.3937,47.71373]]],[[[-121.84868,47.28202],[-121.84318,47.28199],[-121.84855,47.27839],[-121.84868,47.28202]]],[[[-121.56323,47.95051],[-121.55786,47.95051],[-121.56323,47.94684],[-121.56323,47.95051]]],[[[-121.63798,47.83499],[-121.63265,47.83502],[-121.63265,47.83141],[-121.63798,47.83499]]],[[[-121.55857,48.40632],[-121.55726,48.41278],[-121.55614,48.40529],[-121.55857,48.40632]]],[[[-122.11886,48.51537],[-122.11628,48.51532],[-122.12075,48.50951],[-122.11886,48.51537]]],[[[-121.48625,47.7531],[-121.47487,47.75004],[-121.48592,47.75168],[-121.48625,47.7531]]],[[[-121.55352,48.34796],[-121.54977,48.34489],[-121.55373,48.34431],[-121.55352,48.34796]]],[[[-121.54567,48.31141],[-121.53924,48.31126],[-121.54572,48.30941],[-121.54567,48.31141]]],[[[-121.53322,48.3221],[-121.53317,48.32578],[-121.52981,48.32209],[-121.53322,48.3221]]],[[[-122.19352,48.49624],[-122.18973,48.49449],[-122.1935,48.49293],[-122.19352,48.49624]]],[[[-121.34249,47.71716],[-121.3365,47.71784],[-121.34032,47.71535],[-121.34249,47.71716]]],[[[-121.22696,47.71754],[-121.22209,47.71739],[-121.22212,47.71487],[-121.22696,47.71754]]],[[[-121.65316,48.48263],[-121.65312,48.48522],[-121.64865,48.47841],[-121.65316,48.48263]]],[[[-122.07192,48.52212],[-122.07007,48.5216],[-122.07706,48.51756],[-122.07192,48.52212]]],[[[-121.33405,47.71498],[-121.32867,47.7151],[-121.33271,47.71296],[-121.33405,47.71498]]],[[[-121.67896,48.5148],[-121.6737,48.51441],[-121.68442,48.51338],[-121.67896,48.5148]]],[[[-121.71816,48.51459],[-121.72176,48.51062],[-121.71712,48.51825],[-121.71816,48.51459]]],[[[-121.88563,47.5059],[-121.88473,47.50368],[-121.88693,47.50009],[-121.88563,47.5059]]],[[[-121.60492,48.26248],[-121.60204,48.2589],[-121.60413,48.25887],[-121.60492,48.26248]]],[[[-121.77432,47.49119],[-121.77161,47.48989],[-121.77438,47.48946],[-121.77432,47.49119]]],[[[-121.54145,48.31492],[-121.54011,48.31488],[-121.54291,48.31185],[-121.54145,48.31492]]],[[[-121.39476,48.52695],[-121.39473,48.52821],[-121.39186,48.52646],[-121.39476,48.52695]]],[[[-121.55842,48.40284],[-121.5582,48.4024],[-121.56127,48.4045],[-121.56159,48.40562],[-121.55842,48.40284]]],[[[-122.14005,48.5034],[-122.14523,48.50384],[-122.13987,48.50389],[-122.14005,48.5034]]],[[[-121.22732,47.71776],[-121.2273,47.71847],[-121.22371,47.71759],[-121.22732,47.71776]]],[[[-121.70889,48.50213],[-121.70588,48.50273],[-121.70232,48.50294],[-121.70263,48.50286],[-121.70851,48.50207],[-121.70889,48.50213]]],[[[-121.55242,48.39233],[-121.5516,48.39338],[-121.55109,48.39263],[-121.55217,48.39178],[-121.55242,48.39233]]],[[[-121.55842,48.40284],[-121.55986,48.40561],[-121.55735,48.40189],[-121.55842,48.40284]]],[[[-121.84596,48.54015],[-121.84254,48.54116],[-121.84805,48.53919],[-121.84596,48.54015]]],[[[-121.88273,47.50684],[-121.88154,47.5072],[-121.8834,47.50569],[-121.88273,47.50684]]],[[[-121.53936,48.32485],[-121.53848,48.32432],[-121.53851,48.32312],[-121.53936,48.32485]]],[[[-121.55669,48.38289],[-121.5566,48.38298],[-121.55249,48.37747],[-121.55669,48.38289]]],[[[-121.53626,48.32671],[-121.53306,48.32669],[-121.53628,48.32656],[-121.53626,48.32671]]],[[[-121.72195,48.50557],[-121.72191,48.50628],[-121.72136,48.50461],[-121.72195,48.50557]]],[[[-121.68657,48.50761],[-121.68453,48.50819],[-121.68741,48.5072],[-121.68657,48.50761]]],[[[-121.6028,48.2588],[-121.60279,48.25852],[-121.60336,48.2585],[-121.6028,48.2588]]],[[[-121.72273,48.50661],[-121.72265,48.50715],[-121.72277,48.50607],[-121.72273,48.50661]]],[[[-121.42582,47.73596],[-121.42566,47.73589],[-121.42577,47.73578],[-121.42582,47.73596]]],[[[-121.55735,48.40189],[-121.557,48.40159],[-121.55726,48.40176],[-121.55735,48.40189]]]]},"bbox":[-122.1938,46.8205,-120.90687,49.00031],"properties":{"divisionId":"national-forest:{D780657B-35C1-40C7-8DD0-8D6264730F08}","divisionType":"national-forest","name":"Mt. Baker-Snoqualmie National Forest","label":"Mt. Baker-Snoqualmie National Forest","labelPoint":[-121.55033499999999,47.910405],"state":null,"sourceFeatureId":"{D780657B-35C1-40C7-8DD0-8D6264730F08}","landAreaSqKm":8108.454,"cameraViewshedAreaSqKm":0.0,"cameraViewshedCoveragePct":0.0,"landMix":[{"label":"National Park","percentage":0.11,"areaSqKm":9.155},{"label":"National Forest","percentage":99.89,"areaSqKm":8099.3},{"label":"Other/unclassified","percentage":0.0,"areaSqKm":0.0}]}},{"type":"Feature","id":"national-forest:{DDE1415D-EC50-4B42-8B93-C0395D871716}","geometry":{"type":"MultiPolygon","coordinates":[[[[-121.79954,44.64674],[-121.78544,44.63778],[-121.7765,44.63289],[-121.71286,44.64081],[-121.68394,44.61847],[-121.67494,44.58906],[-121.64073,44.56798],[-121.62002,44.57595],[-121.62086,44.58647],[-121.597,44.61981],[-121.61287,44.64963],[-121.55546,44.67564],[-121.46314,44.61581],[-121.4374,44.58504],[-121.42948,44.59414],[-121.41219,44.59322],[-121.41759,44.55291],[-121.43279,44.53825],[-121.43285,44.52364],[-121.44285,44.52363],[-121.44285,44.51636],[-121.47222,44.51637],[-121.47245,44.49457],[-121.4632,44.49454],[-121.45314,44.47345],[-121.45856,44.43702],[-121.47304,44.43678],[-121.47311,44.33511],[-121.53407,44.33517],[-121.53394,44.32045],[-121.51379,44.32087],[-121.51364,44.26237],[-121.4935,44.26234],[-121.49339,44.23316],[-121.48318,44.23322],[-121.48813,44.21866],[-121.46484,44.21866],[-121.46506,44.16718],[-121.4441,44.15626],[-121.45429,44.15263],[-121.45396,44.13818],[-121.40374,44.13102],[-121.40373,44.10935],[-121.38866,44.10215],[-121.38382,44.03686],[-121.3688,44.03695],[-121.36395,44.02252],[-121.36485,43.96447],[-121.32455,43.96454],[-121.32418,43.98629],[-121.29926,43.98621],[-121.29932,43.97897],[-121.28935,43.97899],[-121.28928,43.98623],[-121.24431,43.98611],[-121.24443,43.97878],[-121.2041,43.97508],[-121.2041,43.96419],[-121.17397,43.96423],[-121.17619,43.95518],[-121.14805,43.94052],[-121.14788,43.92594],[-121.11779,43.91122],[-121.11776,43.89674],[-121.09747,43.8966],[-121.09748,43.8748],[-121.08745,43.87473],[-121.0875,43.86055],[-121.07756,43.86042],[-121.07768,43.84598],[-121.05774,43.84581],[-121.05791,43.83867],[-121.03799,43.8313],[-121.03806,43.81684],[-120.9876,43.81609],[-120.9875,43.83053],[-120.86729,43.82909],[-120.86751,43.80768],[-120.89781,43.80803],[-120.89789,43.80085],[-120.90785,43.80086],[-120.91341,43.76127],[-120.85351,43.76116],[-120.85347,43.74661],[-120.83408,43.74652],[-120.83414,43.75385],[-120.79394,43.76085],[-120.79395,43.74641],[-120.80397,43.74642],[-120.80398,43.72826],[-120.78893,43.72828],[-120.7889,43.72101],[-120.80397,43.72464],[-120.80395,43.71741],[-120.78384,43.71009],[-120.78388,43.69561],[-120.77383,43.69559],[-120.77384,43.68832],[-120.80381,43.67382],[-120.80387,43.65923],[-120.78379,43.65193],[-120.78378,43.64465],[-120.75377,43.64452],[-120.75391,43.61174],[-120.77381,43.60082],[-120.77393,43.55732],[-120.79391,43.55733],[-120.79399,43.52836],[-120.89381,43.52853],[-120.89382,43.54295],[-120.99457,43.54449],[-121.00453,43.51562],[-121.03434,43.50836],[-121.03433,43.5011],[-121.0544,43.50114],[-121.05425,43.48664],[-121.07411,43.48671],[-121.07404,43.47219],[-121.09366,43.47226],[-121.09362,43.45777],[-121.1338,43.45747],[-121.13343,43.44316],[-121.15335,43.44323],[-121.15345,43.42878],[-121.1636,43.42876],[-121.16319,43.41439],[-121.18308,43.40721],[-121.18285,43.37836],[-121.1927,43.37837],[-121.19291,43.35652],[-121.25285,43.35658],[-121.2527,43.37107],[-121.2429,43.37114],[-121.24285,43.37842],[-121.25282,43.37844],[-121.25289,43.41459],[-121.32249,43.41448],[-121.33261,43.42903],[-121.31271,43.42908],[-121.31262,43.43627],[-121.33265,43.43629],[-121.33266,43.45807],[-121.35231,43.45816],[-121.35197,43.45034],[-121.3824,43.43655],[-121.38232,43.45091],[-121.43192,43.44329],[-121.43231,43.45789],[-121.46677,43.45777],[-121.46663,43.41383],[-121.58486,43.41378],[-121.58536,43.39919],[-121.60555,43.39921],[-121.60538,43.38478],[-121.64541,43.38491],[-121.64553,43.37039],[-121.66537,43.37042],[-121.66525,43.35586],[-121.68668,43.35583],[-121.68679,43.34133],[-121.7061,43.34124],[-121.70581,43.26873],[-121.94364,43.26941],[-121.94364,43.25626],[-121.98639,43.25626],[-121.97426,43.26169],[-122.00765,43.28817],[-122.0084,43.301],[-121.99941,43.3089],[-122.01597,43.32381],[-122.00817,43.33721],[-122.02179,43.36213],[-122.03366,43.35667],[-122.03234,43.36864],[-122.05601,43.38124],[-122.06274,43.39428],[-122.05712,43.39955],[-122.09137,43.42876],[-122.10166,43.42493],[-122.15299,43.44739],[-122.13676,43.45635],[-122.14064,43.46625],[-122.12865,43.49702],[-122.13256,43.51054],[-122.14954,43.52078],[-122.13101,43.5573],[-122.10404,43.5743],[-122.07125,43.57968],[-122.07173,43.58767],[-122.01082,43.6093],[-121.99994,43.62636],[-121.9647,43.62689],[-121.98057,43.63981],[-121.99121,43.68297],[-121.97336,43.70614],[-121.97958,43.71026],[-121.97518,43.73564],[-121.9812,43.74294],[-121.9608,43.76384],[-121.96933,43.7677],[-121.96062,43.78132],[-121.97597,43.80832],[-121.9754,43.85695],[-121.96288,43.87726],[-121.92906,43.89423],[-121.93958,43.90109],[-121.9207,43.92156],[-121.88157,43.9079],[-121.8692,43.91193],[-121.85804,43.96431],[-121.82816,43.97272],[-121.83341,43.9913],[-121.82223,44.01282],[-121.83433,44.04007],[-121.8195,44.05153],[-121.80247,44.05243],[-121.76899,44.10173],[-121.77264,44.13957],[-121.78426,44.14812],[-121.77158,44.1673],[-121.77977,44.1756],[-121.77411,44.19049],[-121.78559,44.20774],[-121.77814,44.22141],[-121.78949,44.2491],[-121.80028,44.25931],[-121.81918,44.26196],[-121.82543,44.28326],[-121.8413,44.28582],[-121.83758,44.33427],[-121.84386,44.34608],[-121.83673,44.35682],[-121.84587,44.3667],[-121.84092,44.41052],[-121.84764,44.42956],[-121.84118,44.44459],[-121.84945,44.46708],[-121.84669,44.4911],[-121.80951,44.51416],[-121.81632,44.53738],[-121.80329,44.55532],[-121.79391,44.59413],[-121.81146,44.61606],[-121.79954,44.64674]],[[-120.79877,43.61549],[-120.7838,43.60809],[-120.78382,43.61549],[-120.79877,43.61549]],[[-121.55699,43.79084],[-121.58474,43.79089],[-121.58405,43.77236],[-121.56172,43.77601],[-121.56105,43.76875],[-121.54686,43.76868],[-121.54594,43.72529],[-121.55533,43.72518],[-121.5555,43.68885],[-121.54546,43.68881],[-121.54544,43.67433],[-121.55532,43.67423],[-121.55499,43.66001],[-121.56485,43.65999],[-121.56486,43.6453],[-121.57437,43.64522],[-121.57434,43.61645],[-121.68232,43.60934],[-121.68327,43.55888],[-121.65332,43.55886],[-121.6534,43.54436],[-121.68316,43.54436],[-121.68314,43.53009],[-121.67333,43.53002],[-121.67339,43.51554],[-121.64871,43.51571],[-121.64864,43.5299],[-121.63347,43.52992],[-121.62352,43.54461],[-121.61352,43.54445],[-121.61334,43.58045],[-121.55553,43.57345],[-121.55546,43.55899],[-121.57534,43.55518],[-121.57535,43.54069],[-121.59899,43.50793],[-121.60416,43.4863],[-121.58439,43.47898],[-121.54624,43.48628],[-121.54628,43.4645],[-121.5364,43.46446],[-121.53659,43.47176],[-121.52644,43.47166],[-121.52628,43.48618],[-121.53631,43.48629],[-121.53626,43.4935],[-121.51636,43.49346],[-121.51644,43.50068],[-121.49653,43.50067],[-121.49655,43.50792],[-121.46682,43.50801],[-121.46673,43.59492],[-121.48664,43.59479],[-121.48619,43.61671],[-121.46647,43.61661],[-121.46644,43.63109],[-121.4474,43.63832],[-121.44727,43.6456],[-121.47131,43.64561],[-121.47126,43.66003],[-121.46684,43.67454],[-121.45767,43.67451],[-121.45767,43.68905],[-121.44765,43.68906],[-121.44258,43.71813],[-121.42737,43.71808],[-121.42727,43.72531],[-121.44767,43.72542],[-121.44757,43.73997],[-121.43746,43.73988],[-121.43737,43.74716],[-121.44758,43.74722],[-121.44687,43.79031],[-121.54689,43.79075],[-121.54672,43.78326],[-121.55687,43.78333],[-121.55699,43.79084]]],[[[-121.55563,43.52973],[-121.53576,43.53344],[-121.53598,43.52254],[-121.54586,43.52252],[-121.54606,43.50448],[-121.57073,43.50443],[-121.55563,43.52973]]],[[[-121.26219,44.0885],[-121.27373,44.08745],[-121.27374,44.09471],[-121.25869,44.09475],[-121.26219,44.0885]]],[[[-121.54672,43.78326],[-121.53685,43.77956],[-121.53683,43.7759],[-121.54681,43.77594],[-121.54672,43.78326]]],[[[-121.51074,43.63832],[-121.51072,43.64195],[-121.5058,43.64195],[-121.50584,43.63471],[-121.51074,43.63832]]],[[[-121.26529,44.08436],[-121.26,44.08953],[-121.25872,44.08748],[-121.26529,44.08436]]],[[[-121.50639,43.70349],[-121.50175,43.70346],[-121.50153,43.69983],[-121.50639,43.70349]]],[[[-121.30631,44.04941],[-121.30439,44.0502],[-121.30399,44.04836],[-121.30631,44.04941]]],[[[-121.3289,44.06681],[-121.32602,44.06681],[-121.3261,44.06591],[-121.3289,44.06681]]],[[[-121.33194,44.07698],[-121.33168,44.07693],[-121.33179,44.07666],[-121.33194,44.07698]]]]},"bbox":[-122.15299,43.25626,-120.75377,44.67564],"properties":{"divisionId":"national-forest:{DDE1415D-EC50-4B42-8B93-C0395D871716}","divisionType":"national-forest","name":"Deschutes National Forest","label":"Deschutes National Forest","labelPoint":[-121.45338000000001,43.96595],"state":null,"sourceFeatureId":"{DDE1415D-EC50-4B42-8B93-C0395D871716}","landAreaSqKm":7432.971,"cameraViewshedAreaSqKm":650.879,"cameraViewshedCoveragePct":8.76,"landMix":[{"label":"Tribal land","percentage":0.05,"areaSqKm":3.459},{"label":"National Forest","percentage":99.95,"areaSqKm":7429.513},{"label":"Other/unclassified","percentage":0.0,"areaSqKm":0.0}]}},{"type":"Feature","id":"national-forest:{EF500B4F-062D-456F-BBF3-B474D847D708}","geometry":{"type":"MultiPolygon","coordinates":[[[[-122.85791,41.68539],[-122.85811,41.6999],[-123.03024,41.69994],[-123.03083,41.68552],[-123.04953,41.68531],[-123.05112,41.52754],[-123.03201,41.52742],[-123.03186,41.51297],[-123.05089,41.5133],[-123.05027,41.47058],[-123.03138,41.46995],[-123.03152,41.48429],[-122.99292,41.48319],[-122.99275,41.46862],[-122.95442,41.46743],[-122.95399,41.42381],[-122.93493,41.42361],[-122.93532,41.37956],[-122.95396,41.38098],[-122.95409,41.36653],[-122.93505,41.36537],[-122.93484,41.35127],[-122.91907,41.35111],[-122.91911,41.33664],[-122.88545,41.34102],[-122.87738,41.3588],[-122.87257,41.35162],[-122.84195,41.35172],[-122.84168,41.30851],[-122.801,41.30839],[-122.80105,41.29402],[-122.76336,41.29433],[-122.76314,41.32285],[-122.744,41.32287],[-122.74484,41.33606],[-122.70665,41.33572],[-122.70623,41.35127],[-122.69133,41.35121],[-122.69102,41.36599],[-122.65262,41.36554],[-122.65267,41.39359],[-122.63342,41.39362],[-122.63436,41.43707],[-122.59594,41.43689],[-122.59542,41.42434],[-122.5708,41.41078],[-122.56584,41.38132],[-122.5761,41.37771],[-122.57272,41.36556],[-122.58596,41.35814],[-122.58102,41.3371],[-122.58858,41.32739],[-122.62759,41.33179],[-122.6451,41.3251],[-122.65256,41.289],[-122.66335,41.29184],[-122.68108,41.27793],[-122.71239,41.27442],[-122.72443,41.24793],[-122.77694,41.23094],[-122.7799,41.21892],[-122.80181,41.20321],[-122.82626,41.20969],[-122.84512,41.2],[-122.88612,41.20518],[-122.92938,41.17875],[-122.96141,41.1815],[-122.95163,41.15034],[-122.96529,41.13821],[-122.95932,41.12379],[-122.9737,41.11134],[-122.97133,41.091],[-122.95308,41.07423],[-122.92326,41.07198],[-122.89693,41.02908],[-122.90165,41.01501],[-122.91342,41.00887],[-122.91748,40.99392],[-122.93448,40.99247],[-122.96006,41.01076],[-122.98112,41.01445],[-123.03696,41.0041],[-123.05525,41.04659],[-123.09632,41.05937],[-123.10924,41.07556],[-123.23938,41.07581],[-123.29521,41.14059],[-123.32478,41.14161],[-123.33048,41.15268],[-123.35357,41.16309],[-123.38127,41.15168],[-123.43498,41.21267],[-123.43408,41.22286],[-123.45478,41.23598],[-123.44319,41.24986],[-123.4438,41.27298],[-123.46314,41.28556],[-123.38746,41.30066],[-123.36118,41.29874],[-123.34192,41.32305],[-123.31413,41.33451],[-123.31435,41.39868],[-123.34285,41.39867],[-123.34819,41.42171],[-123.30914,41.42979],[-123.28669,41.42197],[-123.26185,41.45123],[-123.27853,41.47009],[-123.27993,41.48252],[-123.26947,41.55971],[-123.31823,41.56006],[-123.34316,41.55001],[-123.37761,41.57296],[-123.43146,41.56961],[-123.48655,41.6162],[-123.51021,41.59906],[-123.51456,41.58455],[-123.52437,41.57689],[-123.53655,41.57938],[-123.54585,41.56811],[-123.56873,41.57297],[-123.57232,41.58558],[-123.60527,41.60209],[-123.61638,41.61723],[-123.66054,41.63575],[-123.68053,41.63401],[-123.68975,41.66908],[-123.66309,41.69354],[-123.67018,41.70167],[-123.65995,41.72028],[-123.67852,41.73911],[-123.68801,41.78073],[-123.67463,41.78589],[-123.67233,41.79603],[-123.68988,41.80297],[-123.7038,41.82932],[-123.67101,41.83532],[-123.66185,41.85646],[-123.64935,41.86061],[-123.6466,41.87669],[-123.6524,41.87896],[-123.64262,41.88962],[-123.60659,41.88064],[-123.59362,41.90623],[-123.55952,41.90599],[-123.55444,41.9301],[-123.53323,41.95506],[-123.54093,41.98544],[-123.51782,42.00076],[-123.35126,41.99933],[-123.33694,41.97362],[-123.30294,41.9619],[-123.30366,41.946],[-123.2763,41.94832],[-123.24181,41.924],[-123.20312,41.91716],[-123.1644,41.9395],[-123.1144,41.93724],[-123.07313,41.95586],[-123.01609,41.9488],[-123.0003,41.93133],[-122.97926,41.93751],[-122.96634,41.93206],[-122.95756,41.95446],[-122.89936,41.99476],[-122.88727,42.01758],[-122.87583,42.02306],[-122.87754,42.03305],[-122.86264,42.03702],[-122.85937,42.04549],[-122.84173,42.05254],[-122.79756,42.04993],[-122.79498,42.06168],[-122.75909,42.06846],[-122.73243,42.08636],[-122.70183,42.08211],[-122.69641,42.07207],[-122.67907,42.06995],[-122.67904,42.06186],[-122.64025,42.06938],[-122.64013,42.05495],[-122.6596,42.05465],[-122.65945,42.04014],[-122.66913,42.04009],[-122.66897,42.02926],[-122.67855,42.02568],[-122.67814,42.00457],[-122.72874,42.00248],[-122.72898,41.97335],[-122.74781,41.97303],[-122.74782,41.95894],[-122.72898,41.95891],[-122.7286,41.94468],[-122.7105,41.94391],[-122.71592,41.90227],[-122.63446,41.8869],[-122.63638,41.87267],[-122.62222,41.87265],[-122.61624,41.88337],[-122.59353,41.8798],[-122.59328,41.87263],[-122.61483,41.87265],[-122.62267,41.83074],[-122.61552,41.80031],[-122.63545,41.80085],[-122.6366,41.78594],[-122.65267,41.78591],[-122.65146,41.75783],[-122.67067,41.7581],[-122.6706,41.73555],[-122.68063,41.73529],[-122.68057,41.72792],[-122.74748,41.72653],[-122.74739,41.70481],[-122.768,41.70454],[-122.76686,41.68994],[-122.78617,41.68632],[-122.78684,41.6974],[-122.80579,41.69724],[-122.80492,41.68255],[-122.82008,41.68246],[-122.82021,41.70079],[-122.83916,41.70035],[-122.83905,41.68602],[-122.85791,41.68539]],[[-122.73385,42.00724],[-122.73873,42.00416],[-122.72302,42.00992],[-122.73385,42.00724]],[[-122.75753,41.99062],[-122.75262,41.98712],[-122.74794,41.99069],[-122.75753,41.99062]],[[-122.70022,42.04003],[-122.70042,42.02548],[-122.69663,42.03648],[-122.70022,42.04003]],[[-122.71976,42.03266],[-122.71494,42.02538],[-122.71002,42.03275],[-122.71976,42.03266]],[[-122.75841,42.05794],[-122.74716,42.05436],[-122.74249,42.06161],[-122.75841,42.05794]],[[-122.75873,42.00412],[-122.74898,42.00414],[-122.74891,42.01086],[-122.75864,42.01087],[-122.75873,42.00412]],[[-122.73435,42.02173],[-122.73921,42.01086],[-122.71985,42.01087],[-122.71978,42.02535],[-122.73435,42.02173]],[[-122.71828,42.069],[-122.71817,42.05439],[-122.6986,42.05445],[-122.69875,42.06915],[-122.71828,42.069]]],[[[-122.2629,41.55178],[-122.26347,41.53737],[-122.2536,41.53738],[-122.24368,41.53739],[-122.24373,41.55024],[-122.22488,41.54972],[-122.22481,41.56445],[-122.20524,41.56453],[-122.20537,41.57908],[-122.18607,41.5793],[-122.19339,41.61787],[-122.17589,41.62347],[-122.17575,41.6309],[-122.18503,41.63819],[-122.13643,41.64197],[-122.13633,41.66038],[-122.14139,41.66775],[-122.16631,41.66745],[-122.17136,41.68905],[-122.18562,41.69265],[-122.17031,41.69902],[-122.18494,41.7024],[-122.18521,41.70977],[-122.20481,41.70993],[-122.20474,41.6957],[-122.22428,41.69592],[-122.22444,41.68288],[-122.24404,41.68161],[-122.24428,41.71075],[-122.26273,41.71103],[-122.26264,41.69625],[-122.27229,41.69624],[-122.27235,41.68524],[-122.28194,41.69624],[-122.27233,41.711],[-122.30106,41.71079],[-122.30085,41.72556],[-122.28225,41.72574],[-122.28249,41.74054],[-122.29159,41.74045],[-122.29161,41.74776],[-122.28236,41.74783],[-122.28228,41.75511],[-122.25404,41.75445],[-122.26407,41.76912],[-122.28297,41.76976],[-122.28415,41.81238],[-122.26481,41.81233],[-122.26489,41.78699],[-122.25341,41.78719],[-122.25384,41.77671],[-122.24403,41.77644],[-122.23929,41.74335],[-122.20517,41.73958],[-122.20492,41.72477],[-122.18564,41.72451],[-122.18551,41.71713],[-122.17059,41.71375],[-122.16601,41.73602],[-122.18085,41.73974],[-122.17098,41.73972],[-122.16118,41.7544],[-122.14622,41.75443],[-122.14635,41.73969],[-122.15622,41.73971],[-122.15577,41.71376],[-122.13119,41.72084],[-122.14136,41.73216],[-122.12652,41.73899],[-122.12626,41.70984],[-122.11159,41.69523],[-122.08304,41.69269],[-122.10045,41.68683],[-122.09556,41.68303],[-122.08091,41.68274],[-122.08089,41.6925],[-122.06111,41.69073],[-122.06791,41.69523],[-122.06804,41.72427],[-122.05823,41.7244],[-122.05822,41.73167],[-122.08732,41.7388],[-122.09234,41.76084],[-122.06788,41.76095],[-122.07274,41.74619],[-122.01944,41.7354],[-122.00209,41.7155],[-121.9925,41.73742],[-121.9632,41.74109],[-121.96321,41.75569],[-121.94362,41.75565],[-121.94363,41.74105],[-121.90436,41.73579],[-121.77983,41.73603],[-121.77981,41.74335],[-121.74076,41.75065],[-121.74075,41.75801],[-121.70193,41.75802],[-121.70192,41.75079],[-121.68237,41.75073],[-121.68237,41.72885],[-121.63306,41.72856],[-121.63323,41.72128],[-121.614,41.71377],[-121.61427,41.69914],[-121.60462,41.69906],[-121.60476,41.60456],[-121.62662,41.60443],[-121.65398,41.58043],[-121.6759,41.57945],[-121.68471,41.56783],[-121.70125,41.58104],[-121.71279,41.57086],[-121.72991,41.57013],[-121.74504,41.55999],[-121.74604,41.54525],[-121.76489,41.55277],[-121.77408,41.54266],[-121.80953,41.54583],[-121.81073,41.53347],[-121.82299,41.52619],[-121.84903,41.53052],[-121.85771,41.51821],[-121.88652,41.51217],[-121.91146,41.4754],[-121.9565,41.47372],[-121.97799,41.46115],[-122.01177,41.47402],[-122.03064,41.46025],[-122.04612,41.45909],[-122.04898,41.44748],[-122.07944,41.46133],[-122.09898,41.48072],[-122.17979,41.50313],[-122.20925,41.55912],[-122.23791,41.53574],[-122.27069,41.53399],[-122.29086,41.52288],[-122.34068,41.52294],[-122.34063,41.53017],[-122.28216,41.5376],[-122.28222,41.55251],[-122.2629,41.55178]],[[-121.86188,41.63734],[-121.86756,41.63365],[-121.85788,41.63368],[-121.86188,41.63734]],[[-121.8822,41.63364],[-121.87245,41.62998],[-121.87729,41.6373],[-121.8822,41.63364]],[[-122.12654,41.64606],[-122.12014,41.6458],[-122.12465,41.65663],[-122.12654,41.64606]],[[-121.97286,41.63468],[-121.96314,41.63087],[-121.96314,41.63812],[-121.97286,41.63468]],[[-121.90449,41.64836],[-121.89678,41.65195],[-121.90153,41.65933],[-121.90449,41.64836]],[[-122.12865,41.54928],[-122.11509,41.54967],[-122.11509,41.55697],[-122.12865,41.54928]],[[-121.9611,41.60917],[-121.95335,41.60919],[-121.95337,41.61652],[-121.96313,41.61638],[-121.9611,41.60917]],[[-122.11032,41.68313],[-122.10533,41.67564],[-122.10063,41.66823],[-122.10045,41.68313],[-122.11032,41.68313]],[[-121.98765,41.69127],[-121.98678,41.69086],[-121.98767,41.69291],[-121.98765,41.69127]],[[-121.98765,41.69127],[-121.99258,41.69358],[-121.98759,41.68632],[-121.98765,41.69127]],[[-121.98678,41.69086],[-121.98386,41.68418],[-121.95359,41.67529],[-121.98678,41.69086]],[[-122.13692,41.59416],[-122.12709,41.59415],[-122.12711,41.6089],[-122.13689,41.60885],[-122.13692,41.59416]],[[-122.04162,41.66849],[-122.03172,41.66811],[-122.02678,41.68256],[-122.04158,41.67956],[-122.04162,41.66849]],[[-121.96195,41.63812],[-121.95436,41.63815],[-121.95351,41.6605],[-121.96325,41.66045],[-121.96195,41.63812]],[[-122.02901,41.69529],[-122.01166,41.69534],[-122.00968,41.70622],[-122.02907,41.7062],[-122.02901,41.69529]],[[-121.97335,41.58703],[-121.96354,41.58334],[-121.9631,41.60916],[-121.97308,41.60547],[-121.97335,41.58703]],[[-122.16655,41.54987],[-122.14763,41.5499],[-122.14722,41.55725],[-122.12781,41.56049],[-122.15668,41.56472],[-122.16655,41.54987]],[[-121.82879,41.61549],[-121.83363,41.60446],[-121.79947,41.60446],[-121.79956,41.61923],[-121.82879,41.61549]],[[-121.91412,41.68102],[-121.90143,41.67764],[-121.887,41.68507],[-121.90421,41.69362],[-121.91412,41.68539],[-121.92392,41.69723],[-121.93871,41.6972],[-121.93881,41.6826],[-121.91412,41.68102]],[[-121.83338,41.68142],[-121.82847,41.66672],[-121.83829,41.65585],[-121.85785,41.66318],[-121.85789,41.64838],[-121.83838,41.651],[-121.81862,41.65562],[-121.80899,41.68499],[-121.83338,41.68142]],[[-122.06584,41.57939],[-122.06111,41.60896],[-122.08075,41.60894],[-122.0858,41.56464],[-122.08045,41.56093],[-122.10014,41.55731],[-122.0998,41.54999],[-122.04075,41.55034],[-122.0413,41.56458],[-122.061,41.56459],[-122.06584,41.57939]],[[-122.02182,41.62384],[-122.02179,41.63614],[-121.96556,41.64545],[-122.0023,41.64243],[-122.01205,41.65301],[-122.0416,41.65363],[-122.05114,41.63126],[-122.04149,41.63134],[-122.04147,41.60901],[-122.0021,41.60898],[-121.99733,41.62745],[-122.02182,41.62384]],[[-121.8968,41.64828],[-121.89677,41.62304],[-121.92877,41.62413],[-121.9341,41.57241],[-121.93401,41.55019],[-121.91944,41.5502],[-121.9242,41.56496],[-121.90484,41.56498],[-121.90485,41.60818],[-121.89681,41.60844],[-121.89681,41.61939],[-121.88709,41.6265],[-121.88704,41.64828],[-121.8968,41.64828]]],[[[-122.30482,41.91852],[-122.30471,41.93321],[-122.28479,41.93338],[-122.28487,41.94791],[-122.3049,41.94803],[-122.30434,41.96247],[-122.26522,41.95529],[-122.26521,41.96254],[-122.24583,41.9628],[-122.22819,41.95931],[-122.22836,41.95236],[-122.20891,41.95234],[-122.21048,41.9397],[-122.23008,41.9396],[-122.22976,41.91015],[-122.21008,41.9101],[-122.20983,41.88072],[-122.17014,41.85912],[-122.17009,41.85163],[-122.13183,41.85161],[-122.11204,41.83363],[-122.08295,41.82984],[-122.08295,41.82249],[-122.09275,41.82267],[-122.09273,41.81537],[-122.08297,41.8189],[-122.08302,41.81167],[-122.09273,41.81171],[-122.0929,41.79715],[-122.11237,41.80071],[-122.11239,41.79345],[-122.09294,41.79352],[-122.09309,41.77897],[-122.12188,41.78617],[-122.12175,41.77541],[-122.14508,41.77888],[-122.1461,41.76917],[-122.1663,41.76903],[-122.16595,41.77884],[-122.15023,41.77887],[-122.15044,41.79344],[-122.17006,41.7934],[-122.1707,41.77878],[-122.19626,41.77648],[-122.20937,41.77849],[-122.20921,41.78535],[-122.24346,41.78935],[-122.24504,41.81647],[-122.26959,41.81603],[-122.26956,41.82697],[-122.30375,41.83417],[-122.30383,41.84505],[-122.2844,41.84512],[-122.28437,41.85615],[-122.26476,41.85995],[-122.26513,41.87498],[-122.28468,41.87484],[-122.28478,41.88944],[-122.28473,41.88944],[-122.28478,41.88959],[-122.28497,41.91881],[-122.30482,41.91852]],[[-122.1505,41.80071],[-122.14623,41.79343],[-122.14084,41.80068],[-122.1505,41.80071]],[[-122.27445,41.83052],[-122.26466,41.83435],[-122.27451,41.83778],[-122.27445,41.83052]],[[-122.27035,41.90066],[-122.26526,41.88971],[-122.26554,41.90439],[-122.27035,41.90066]],[[-122.2657,41.91543],[-122.24547,41.90437],[-122.24577,41.91918],[-122.2657,41.91543]],[[-122.28014,41.91887],[-122.26565,41.91905],[-122.2654,41.93359],[-122.28489,41.92518],[-122.28014,41.91887]],[[-122.17017,41.82622],[-122.15053,41.81536],[-122.15057,41.83722],[-122.1702,41.83715],[-122.17017,41.82622]]],[[[-121.996,41.84411],[-121.996,41.83687],[-122.00415,41.84046],[-122.0152,41.84041],[-122.01531,41.82953],[-122.03462,41.82962],[-122.0248,41.87293],[-122.06348,41.89458],[-122.06346,41.90181],[-122.03448,41.90176],[-122.03462,41.95219],[-121.95833,41.95231],[-121.95806,41.90901],[-121.97669,41.90904],[-121.97655,41.89457],[-121.95747,41.89459],[-121.95729,41.88018],[-121.97653,41.88038],[-121.97644,41.86584],[-121.95703,41.86579],[-121.95733,41.85137],[-121.996,41.84411]]],[[[-122.57408,42.00204],[-122.55471,42.00226],[-122.55494,41.98791],[-122.54025,41.98807],[-122.53562,41.97355],[-122.55512,41.97342],[-122.55519,41.95894],[-122.56992,41.95886],[-122.56497,41.96972],[-122.59401,41.9734],[-122.59401,41.98783],[-122.57462,41.98761],[-122.57408,42.00204]]],[[[-122.85805,41.67102],[-122.87749,41.67101],[-122.87742,41.67822],[-122.90674,41.67083],[-122.90654,41.67802],[-122.91623,41.67792],[-122.91364,41.65639],[-122.92509,41.65683],[-122.92582,41.6817],[-122.89666,41.68531],[-122.89651,41.69609],[-122.87738,41.69624],[-122.87734,41.68543],[-122.85791,41.68539],[-122.85805,41.67102]]],[[[-122.15095,41.93693],[-122.1312,41.93736],[-122.13114,41.94439],[-122.13111,41.95156],[-122.11202,41.95167],[-122.11717,41.90932],[-122.13175,41.9094],[-122.13185,41.92335],[-122.15072,41.92267],[-122.15095,41.93693]],[[-122.13153,41.93035],[-122.12698,41.92339],[-122.12178,41.93088],[-122.13153,41.93035]]],[[[-122.6701,41.71328],[-122.66992,41.6987],[-122.69029,41.69435],[-122.68946,41.68352],[-122.7085,41.68312],[-122.70852,41.69034],[-122.69943,41.69054],[-122.69993,41.69771],[-122.70853,41.69758],[-122.70853,41.71226],[-122.6701,41.71328]]],[[[-121.93836,41.89461],[-121.89988,41.89466],[-121.89925,41.88001],[-121.91875,41.88002],[-121.93801,41.88011],[-121.93836,41.89461]]],[[[-122.26315,41.57945],[-122.26299,41.56527],[-122.28717,41.56741],[-122.30182,41.56715],[-122.30161,41.58728],[-122.29219,41.58709],[-122.29216,41.57577],[-122.26315,41.57945]]],[[[-122.15117,41.95151],[-122.15095,41.93693],[-122.17101,41.94242],[-122.18031,41.94593],[-122.18059,41.93913],[-122.19005,41.93902],[-122.18961,41.95238],[-122.15117,41.95151]]],[[[-122.10711,41.7608],[-122.10705,41.75352],[-122.12651,41.7535],[-122.12665,41.76806],[-122.10225,41.76814],[-122.10711,41.7608]]],[[[-122.30396,41.85968],[-122.30423,41.87471],[-122.28468,41.87484],[-122.28436,41.85982],[-122.30396,41.85968]]],[[[-122.3406,41.56753],[-122.32115,41.56745],[-122.32111,41.55997],[-122.3211,41.55249],[-122.34058,41.55244],[-122.3406,41.56753]]],[[[-122.32415,41.88921],[-122.30435,41.8893],[-122.30426,41.87471],[-122.32394,41.87464],[-122.32401,41.88103],[-122.32415,41.88921]]],[[[-122.74659,41.62468],[-122.74675,41.63912],[-122.72758,41.63934],[-122.72678,41.62454],[-122.74659,41.62468]]],[[[-122.78252,41.35185],[-122.78249,41.33708],[-122.79188,41.33701],[-122.80127,41.33693],[-122.80132,41.35195],[-122.78252,41.35185]]],[[[-122.07333,41.99495],[-122.07308,41.98051],[-122.09236,41.98051],[-122.09247,41.98751],[-122.09259,41.99491],[-122.07333,41.99495]]],[[[-122.22469,41.62364],[-122.2437,41.6232],[-122.24369,41.63039],[-122.24366,41.63766],[-122.22443,41.638],[-122.22469,41.62364]]],[[[-122.22442,41.66701],[-122.22432,41.65332],[-122.24362,41.65206],[-122.24377,41.66664],[-122.22442,41.66701]]],[[[-122.26299,41.56527],[-122.25333,41.56511],[-122.24367,41.56496],[-122.24372,41.55211],[-122.2629,41.55178],[-122.26299,41.56527]]],[[[-122.3046,41.90404],[-122.28996,41.90412],[-122.28478,41.88959],[-122.28478,41.88944],[-122.30435,41.8893],[-122.3046,41.90404]]],[[[-122.30482,41.91852],[-122.3046,41.90404],[-122.32434,41.90746],[-122.32446,41.9186],[-122.30482,41.91852]]],[[[-122.30396,41.85968],[-122.30383,41.84505],[-122.32304,41.84867],[-122.32307,41.85949],[-122.30396,41.85968]]],[[[-122.13127,42.00633],[-122.10261,42.00597],[-122.10277,41.99504],[-122.12152,41.99795],[-122.13127,42.00633]]],[[[-122.61421,41.90124],[-122.61433,41.91554],[-122.6041,41.9155],[-122.60404,41.90834],[-122.5938,41.90829],[-122.59376,41.90111],[-122.61421,41.90124]]],[[[-122.6346,41.90113],[-122.61421,41.90124],[-122.61415,41.88694],[-122.6243,41.88692],[-122.62435,41.89405],[-122.63453,41.89401],[-122.6346,41.90113]]],[[[-122.61369,41.92983],[-122.61327,41.94447],[-122.6033,41.9445],[-122.59393,41.92997],[-122.61369,41.92983]]],[[[-122.88297,41.3803],[-122.88229,41.36611],[-122.89671,41.36599],[-122.89693,41.38043],[-122.88297,41.3803]]],[[[-121.99729,41.75199],[-121.98276,41.75565],[-121.98281,41.74102],[-121.99732,41.7411],[-121.99729,41.75199]]],[[[-122.85796,41.6287],[-122.85771,41.64262],[-122.83864,41.63951],[-122.84859,41.62872],[-122.85796,41.6287]]],[[[-122.85805,41.67102],[-122.8438,41.67145],[-122.83854,41.65728],[-122.85802,41.6639],[-122.85805,41.67102]]],[[[-122.89882,41.64348],[-122.91631,41.64332],[-122.9134,41.64925],[-122.89462,41.65654],[-122.89882,41.64348]]],[[[-122.83877,41.37371],[-122.83862,41.3664],[-122.85776,41.36627],[-122.85801,41.37355],[-122.84825,41.37363],[-122.83877,41.37371]]],[[[-122.07317,41.97335],[-122.07308,41.98051],[-122.05376,41.98065],[-122.05373,41.97345],[-122.07317,41.97335]]],[[[-122.79066,41.67539],[-122.79066,41.67176],[-122.80521,41.6681],[-122.79543,41.68261],[-122.78594,41.68267],[-122.79066,41.67539]]],[[[-122.69821,41.63976],[-122.68847,41.625],[-122.7029,41.62487],[-122.70306,41.63201],[-122.69821,41.63976]]],[[[-122.22469,41.62364],[-122.20486,41.62106],[-122.20506,41.61603],[-122.2246,41.61614],[-122.22469,41.62364]]],[[[-122.66923,41.63966],[-122.68832,41.64005],[-122.68358,41.64709],[-122.66911,41.64692],[-122.66923,41.63966]]],[[[-122.78249,41.33708],[-122.76811,41.33712],[-122.76325,41.32987],[-122.78237,41.32992],[-122.78249,41.33708]]],[[[-121.996,41.83687],[-121.98249,41.83686],[-121.97654,41.82967],[-121.99597,41.82959],[-121.996,41.83687]]],[[[-122.66923,41.63966],[-122.65958,41.63971],[-122.66435,41.62872],[-122.65462,41.62508],[-122.66918,41.62505],[-122.66923,41.63966]]],[[[-122.79043,41.65361],[-122.78558,41.65359],[-122.78567,41.63922],[-122.79519,41.64286],[-122.79043,41.65361]]],[[[-122.24491,41.99685],[-122.23841,41.99674],[-122.23844,41.98201],[-122.24487,41.98586],[-122.24491,41.99685]]],[[[-122.61327,41.94447],[-122.62296,41.94435],[-122.61813,41.9533],[-122.61325,41.95879],[-122.61327,41.94447]]],[[[-122.34562,41.582],[-122.3406,41.56753],[-122.35062,41.56727],[-122.34562,41.582]]],[[[-122.19888,41.99622],[-122.19886,41.98887],[-122.20875,41.98877],[-122.20883,41.99614],[-122.19888,41.99622]]],[[[-122.28208,41.65955],[-122.27241,41.65953],[-122.2724,41.65213],[-122.28214,41.65215],[-122.28208,41.65955]]],[[[-122.17624,41.76913],[-122.1663,41.76903],[-122.1662,41.76171],[-122.17585,41.7618],[-122.17624,41.76913]]],[[[-122.75643,41.62466],[-122.74659,41.62468],[-122.74652,41.61746],[-122.75633,41.61745],[-122.75643,41.62466]]],[[[-122.26276,41.64489],[-122.2532,41.64487],[-122.25326,41.63767],[-122.26285,41.63767],[-122.26276,41.64489]]],[[[-122.14587,41.85525],[-122.15093,41.85523],[-122.15085,41.86613],[-122.14063,41.86643],[-122.1456,41.86256],[-122.14587,41.85525]]],[[[-122.86711,41.64967],[-122.87648,41.64967],[-122.87613,41.65661],[-122.86695,41.65666],[-122.86711,41.64967]]],[[[-122.89978,41.35139],[-122.88541,41.3515],[-122.89024,41.34476],[-122.89992,41.34824],[-122.89978,41.35139]]],[[[-122.75701,41.65374],[-122.75192,41.65389],[-122.75175,41.64285],[-122.7617,41.65012],[-122.75701,41.65374]]],[[[-122.20517,41.73958],[-122.19066,41.74343],[-122.19077,41.75457],[-122.18578,41.73974],[-122.20517,41.73958]]],[[[-122.69842,41.92991],[-122.6935,41.92977],[-122.69631,41.91539],[-122.70067,41.91935],[-122.69842,41.92991]]],[[[-122.73244,41.65766],[-122.72778,41.66859],[-122.72757,41.65403],[-122.74202,41.65403],[-122.73244,41.65766]]],[[[-122.34054,41.59313],[-122.33095,41.58529],[-122.34074,41.58219],[-122.34054,41.59313]]],[[[-122.72758,41.63934],[-122.72757,41.64668],[-122.7178,41.64654],[-122.72267,41.63942],[-122.72758,41.63934]]],[[[-122.21868,41.9706],[-122.22864,41.97058],[-122.22855,41.97768],[-122.21865,41.97417],[-122.21868,41.9706]]],[[[-122.21858,41.98132],[-122.20866,41.98141],[-122.2087,41.97422],[-122.21727,41.97776],[-122.21858,41.98132]]],[[[-122.67032,41.7242],[-122.66068,41.72457],[-122.65578,41.71733],[-122.67032,41.7242]]],[[[-122.82434,41.65776],[-122.8198,41.65087],[-122.82917,41.65083],[-122.82434,41.65776]]],[[[-122.63079,41.61791],[-122.6356,41.6179],[-122.63526,41.62514],[-122.63061,41.62153],[-122.63079,41.61791]]],[[[-122.6455,41.61062],[-122.65029,41.61061],[-122.65003,41.61785],[-122.64536,41.61424],[-122.6455,41.61062]]],[[[-122.13589,41.89152],[-122.13117,41.89523],[-122.131,41.88443],[-122.13589,41.89152]]],[[[-122.6935,41.92977],[-122.68668,41.93979],[-122.68846,41.92977],[-122.6935,41.92977]]],[[[-122.13122,41.99374],[-122.12645,41.99404],[-122.12628,41.98348],[-122.13122,41.99374]]],[[[-122.22064,41.75793],[-122.21072,41.75813],[-122.21063,41.75443],[-122.22064,41.75793]]],[[[-122.76649,41.64648],[-122.76154,41.63921],[-122.76647,41.63923],[-122.76649,41.64648]]],[[[-122.62417,41.91901],[-122.61417,41.91911],[-122.61941,41.91549],[-122.62417,41.91901]]],[[[-122.61893,41.92263],[-122.61369,41.92983],[-122.61401,41.92268],[-122.61893,41.92263]]],[[[-122.04902,41.98789],[-122.04423,41.98793],[-122.04418,41.98071],[-122.04902,41.98789]]],[[[-122.82476,41.67566],[-122.81995,41.67227],[-122.8295,41.67195],[-122.82476,41.67566]]],[[[-122.85773,41.64615],[-122.85771,41.64262],[-122.86728,41.64268],[-122.85773,41.64615]]],[[[-122.05824,41.76098],[-122.062,41.76097],[-122.05585,41.76829],[-122.05824,41.76098]]],[[[-121.92924,41.57978],[-121.92435,41.57977],[-121.92824,41.57516],[-121.92924,41.57978]]],[[[-122.18638,41.68459],[-122.18129,41.68534],[-122.18147,41.68169],[-122.18638,41.68459]]],[[[-122.68601,41.94762],[-122.68104,41.94394],[-122.68595,41.94391],[-122.68601,41.94762]]],[[[-122.20866,41.98141],[-122.20871,41.98509],[-122.20375,41.98146],[-122.20866,41.98141]]],[[[-122.17585,41.72455],[-122.17076,41.7211],[-122.17574,41.72095],[-122.17585,41.72455]]],[[[-122.74704,41.66865],[-122.74218,41.66496],[-122.747,41.66496],[-122.74704,41.66865]]],[[[-122.64977,41.62509],[-122.64507,41.62149],[-122.6499,41.62147],[-122.64977,41.62509]]],[[[-122.90631,41.35494],[-122.90621,41.35137],[-122.91098,41.35125],[-122.90631,41.35494]]],[[[-122.6389,41.72277],[-122.6365,41.72416],[-122.63751,41.72258],[-122.6389,41.72277]]],[[[-122.19635,41.6309],[-122.19514,41.63271],[-122.19512,41.6309],[-122.19635,41.6309]]],[[[-122.9008,41.45847],[-122.89853,41.45921],[-122.8987,41.45826],[-122.9008,41.45847]]],[[[-122.08304,41.69269],[-122.08089,41.69341],[-122.08089,41.6925],[-122.08304,41.69269]]],[[[-122.00622,41.78492],[-122.00441,41.78493],[-122.00563,41.78402],[-122.00622,41.78492]]],[[[-122.84956,41.60532],[-122.84754,41.60563],[-122.84808,41.60477],[-122.84956,41.60532]]],[[[-122.04859,41.77546],[-122.04972,41.77546],[-122.04858,41.77679],[-122.04859,41.77546]]],[[[-122.00623,41.7856],[-122.00441,41.78515],[-122.00622,41.78515],[-122.00623,41.7856]]],[[[-122.01204,41.64693],[-122.01152,41.64568],[-122.01204,41.64568],[-122.01204,41.64693]]],[[[-122.80083,41.30822],[-122.80004,41.3081],[-122.80055,41.30772],[-122.80083,41.30822]]]]},"bbox":[-123.7038,40.99247,-121.60462,42.08636],"properties":{"divisionId":"national-forest:{EF500B4F-062D-456F-BBF3-B474D847D708}","divisionType":"national-forest","name":"Klamath National Forest","label":"Klamath National Forest","labelPoint":[-122.65421,41.539415],"state":null,"sourceFeatureId":"{EF500B4F-062D-456F-BBF3-B474D847D708}","landAreaSqKm":111.321,"cameraViewshedAreaSqKm":0.0,"cameraViewshedCoveragePct":0.0,"landMix":[{"label":"National Forest","percentage":100.0,"areaSqKm":111.321},{"label":"Other/unclassified","percentage":0.0,"areaSqKm":0.0}]}}],"metadata":{"schemaVersion":1,"divisionType":"national-forest","source":"https://apps.fs.usda.gov/arcx/rest/services/EDW/EDW_ForestSystemBoundaries_01/MapServer/0/query?where=1%3D1&outFields=adminforestid%2Cforestname%2Cregion&returnGeometry=true&outSR=4326&geometryPrecision=5&f=json&orderByFields=OBJECTID","sourceLayer":"Administrative Forest Boundaries - National Extent","vintage":"current","sourceSha256":"e19393b7786eed593931da9163027cf4e9333dca4c531e58e6a95bad512a1af2","areaCrs":"EPSG:5070","metricsStatus":"complete","excludedEmptyLandFeatures":[{"id":"national-forest:{473B5907-B4E1-4560-8206-69A35903E7E3}","name":"Nez Perce-Clearwater National Forest","reason":"no land overlap with OR/WA coastal mask minus Census hydrography"}],"landFootprint":"regional coastal mask minus Census areal hydrography","hydroVintage":"2025-01-01","overlapHandling":"displayed dissolved camera viewshed coverage","designationPriority":["Tribal land","National Park","National Forest","Federal land"],"inputSha256":{"coastalMaskSha256":"2c723deac9d470b735f5b54684292cd60a83b9efd6b5278789b74924dd92d8c5","hydroSha256":"71db00b97bfbcbcb5f8a56174bc78681d28ce8e954b32ed7e25196259735686b","viewshedsSha256":"38092311528616ed6e345d58079676c9e4edc2e338b37b6f5dea0742891409bc"}}}
