{"type":"FeatureCollection","features":[{"type":"Feature","id":"state:41","geometry":{"type":"Polygon","coordinates":[[[-121.44123,45.69728],[-121.42442,45.69416],[-121.42396,45.69407],[-121.40373,45.693],[-121.40174,45.69289],[-121.38354,45.69922],[-121.38345,45.69925],[-121.38238,45.69962],[-121.37257,45.70303],[-121.36547,45.7034],[-121.3626,45.70355],[-121.35126,45.70414],[-121.34184,45.70463],[-121.33771,45.70484],[-121.32143,45.70164],[-121.3123,45.69984],[-121.30472,45.69591],[-121.30071,45.69383],[-121.29453,45.69062],[-121.2873,45.68687],[-121.28027,45.6852],[-121.26352,45.68122],[-121.25886,45.68011],[-121.24896,45.67776],[-121.23954,45.6759],[-121.21824,45.67172],[-121.2181,45.67169],[-121.21577,45.67123],[-121.21189,45.66585],[-121.2048,45.65601],[-121.20139,45.65128],[-121.20135,45.65123],[-121.20035,45.64984],[-121.19986,45.64793],[-121.19698,45.63662],[-121.19658,45.63506],[-121.19518,45.62956],[-121.19538,45.62753],[-121.19545,45.62681],[-121.19591,45.62215],[-121.19606,45.62065],[-121.19646,45.61661],[-121.19505,45.61547],[-121.19441,45.61496],[-121.19365,45.61434],[-121.18368,45.60645],[-121.17943,45.60635],[-121.17718,45.6063],[-121.17409,45.60623],[-121.17048,45.60615],[-121.169,45.60612],[-121.16785,45.6061],[-121.16536,45.6063],[-121.15655,45.60703],[-121.14558,45.60794],[-121.14216,45.61021],[-121.14057,45.61126],[-121.13939,45.61204],[-121.13596,45.61101],[-121.13183,45.60975],[-121.13151,45.60996],[-121.12922,45.61151],[-121.12773,45.6125],[-121.12464,45.61457],[-121.12412,45.61493],[-121.12387,45.61509],[-121.1237,45.61521],[-121.12241,45.61607],[-121.12199,45.61624],[-121.12111,45.6166],[-121.12016,45.61699],[-121.11718,45.6182],[-121.11827,45.62005],[-121.11839,45.62025],[-121.11861,45.62063],[-121.11863,45.62065],[-121.11878,45.62092],[-121.11926,45.62172],[-121.12011,45.62317],[-121.11863,45.62421],[-121.11647,45.62572],[-121.11567,45.62628],[-121.11476,45.62693],[-121.11395,45.6275],[-121.11217,45.62875],[-121.11205,45.62883],[-121.11006,45.63023],[-121.10742,45.63208],[-121.10698,45.6324],[-121.10421,45.63434],[-121.10207,45.63584],[-121.10162,45.63616],[-121.09743,45.63911],[-121.09602,45.6401],[-121.08668,45.64667],[-121.08493,45.64789],[-121.08491,45.6479],[-121.08486,45.64793],[-121.07694,45.6497],[-121.07138,45.65095],[-121.07097,45.65104],[-121.06446,45.65249],[-121.05159,45.65185],[-121.05134,45.65184],[-121.03382,45.65096],[-121.03079,45.65122],[-121.01019,45.65296],[-121.00737,45.6532],[-121.00118,45.65194],[-120.99692,45.65108],[-120.99301,45.65029],[-120.98981,45.64964],[-120.98553,45.64877],[-120.98349,45.64836],[-120.9816,45.6487],[-120.98153,45.64872],[-120.97782,45.6494],[-120.97305,45.65082],[-120.9689,45.65206],[-120.95312,45.65674],[-120.94814,45.65656],[-120.94402,45.65639],[-120.93368,45.65082],[-120.92663,45.64703],[-120.91585,45.6412],[-120.91361,45.63999],[-120.90642,45.64118],[-120.89582,45.64292],[-120.88669,45.64943],[-120.88573,45.65012],[-120.88567,45.65016],[-120.88479,45.65079],[-120.86494,45.66494],[-120.86483,45.66502],[-120.85567,45.67154],[-120.85541,45.67173],[-120.84385,45.67428],[-120.83617,45.67596],[-120.82323,45.67881],[-120.82082,45.67934],[-120.80241,45.68339],[-120.78857,45.68642],[-120.78154,45.68864],[-120.76687,45.69327],[-120.76105,45.6951],[-120.74066,45.70153],[-120.72863,45.70532],[-120.72131,45.70722],[-120.71986,45.70759],[-120.70918,45.71036],[-120.70414,45.71167],[-120.69958,45.71294],[-120.69292,45.71479],[-120.69226,45.71497],[-120.68954,45.71573],[-120.6794,45.72281],[-120.67861,45.72336],[-120.67058,45.72897],[-120.66928,45.72988],[-120.65732,45.73541],[-120.6535,45.73718],[-120.63613,45.74521],[-120.63505,45.74571],[-120.62289,45.74623],[-120.59493,45.74648],[-120.59114,45.74651],[-120.57392,45.74208],[-120.55929,45.73831],[-120.55747,45.73692],[-120.55329,45.73372],[-120.55267,45.73325],[-120.53871,45.72254],[-120.53195,45.71736],[-120.52273,45.71029],[-120.51877,45.70787],[-120.5114,45.70339],[-120.50574,45.69995],[-120.50116,45.69885],[-120.49044,45.69628],[-120.48261,45.69441],[-120.46994,45.69522],[-120.46079,45.6958],[-120.4531,45.6963],[-120.44898,45.69656],[-120.43038,45.69775],[-120.40935,45.69908],[-120.40365,45.69944],[-120.38842,45.70181],[-120.37616,45.70371],[-120.36699,45.70513],[-120.36191,45.70592],[-120.35344,45.70723],[-120.34697,45.70823],[-120.33498,45.71008],[-120.33465,45.71013],[-120.32633,45.71142],[-120.32614,45.71147],[-120.32256,45.71228],[-120.30531,45.7162],[-120.29461,45.71863],[-120.28761,45.72022],[-120.28463,45.72089],[-120.28343,45.72117],[-120.26385,45.72245],[-120.24323,45.7238],[-120.22271,45.72514],[-120.21646,45.72554],[-120.21157,45.72586],[-120.21155,45.72587],[-120.21077,45.72592],[-120.20204,45.73376],[-120.20059,45.73506],[-120.19915,45.73636],[-120.19907,45.73643],[-120.1989,45.73658],[-120.19881,45.73666],[-120.19262,45.74222],[-120.19243,45.7424],[-120.19229,45.74252],[-120.19211,45.74268],[-120.19171,45.74303],[-120.19112,45.74357],[-120.19105,45.74363],[-120.1908,45.74385],[-120.18415,45.74982],[-120.17997,45.75358],[-120.1706,45.76198],[-120.16179,45.76538],[-120.15907,45.76643],[-120.14148,45.77321],[-120.13824,45.77375],[-120.13801,45.77379],[-120.12921,45.77527],[-120.12615,45.7758],[-120.12359,45.77623],[-120.09906,45.78032],[-120.09676,45.78071],[-120.07792,45.78387],[-120.07024,45.78516],[-120.05522,45.79111],[-120.05513,45.79115],[-120.05343,45.79182],[-120.04916,45.79352],[-120.03276,45.80002],[-120.01484,45.80712],[-120.01358,45.80756],[-120.01254,45.80793],[-120.00115,45.81194],[-119.9995,45.81252],[-119.99419,45.81439],[-119.97643,45.82063],[-119.97518,45.82107],[-119.97153,45.82235],[-119.96577,45.82438],[-119.95171,45.82529],[-119.93065,45.82666],[-119.90906,45.82806],[-119.90893,45.82807],[-119.90892,45.82807],[-119.90724,45.82818],[-119.88859,45.83202],[-119.87353,45.83512],[-119.86878,45.8361],[-119.86831,45.8362],[-119.86813,45.83625],[-119.86746,45.83638],[-119.84934,45.84018],[-119.84717,45.84053],[-119.82643,45.84384],[-119.80568,45.84716],[-119.80271,45.84763],[-119.7846,45.84648],[-119.77388,45.84582],[-119.77285,45.84573],[-119.75669,45.84749],[-119.73248,45.85013],[-119.72994,45.8504],[-119.71857,45.85164],[-119.69782,45.85389],[-119.69397,45.85431],[-119.69325,45.85439],[-119.67377,45.8565],[-119.67235,45.85665],[-119.66997,45.85691],[-119.66965,45.85725],[-119.66364,45.86356],[-119.6529,45.87485],[-119.62723,45.90183],[-119.62614,45.90297],[-119.62586,45.90326],[-119.62429,45.90491],[-119.62363,45.9056],[-119.62205,45.90656],[-119.60965,45.91408],[-119.60575,45.91644],[-119.60348,45.91781],[-119.60066,45.91951],[-119.60054,45.91955],[-119.59642,45.92039],[-119.58508,45.92272],[-119.58261,45.92322],[-119.5716,45.92548],[-119.54787,45.91695],[-119.53695,45.91303],[-119.5364,45.91284],[-119.52898,45.91017],[-119.52726,45.90955],[-119.52462,45.9086],[-119.52456,45.90859],[-119.52452,45.90857],[-119.51143,45.90778],[-119.50447,45.90736],[-119.50113,45.90715],[-119.48808,45.90636],[-119.45626,45.91567],[-119.45201,45.91691],[-119.4504,45.91738],[-119.43738,45.91802],[-119.43215,45.91827],[-119.43203,45.91828],[-119.37613,45.92099],[-119.37375,45.9211],[-119.3722,45.92118],[-119.36836,45.92136],[-119.3645,45.92155],[-119.36207,45.92225],[-119.36076,45.92263],[-119.35696,45.92372],[-119.35143,45.92531],[-119.3509,45.92547],[-119.34806,45.92629],[-119.34709,45.92657],[-119.33352,45.93048],[-119.33244,45.93079],[-119.32899,45.93159],[-119.32885,45.93162],[-119.32871,45.93165],[-119.32845,45.93171],[-119.32838,45.93173],[-119.32789,45.93184],[-119.32472,45.93257],[-119.32462,45.9326],[-119.32257,45.93307],[-119.31613,45.93384],[-119.31518,45.93394],[-119.3128,45.93424],[-119.3019,45.93554],[-119.29887,45.9359],[-119.2981,45.93599],[-119.29776,45.93602],[-119.29537,45.93631],[-119.28785,45.93721],[-119.28606,45.93742],[-119.27819,45.93808],[-119.27754,45.93813],[-119.26578,45.93913],[-119.26294,45.93937],[-119.2628,45.93938],[-119.26071,45.93956],[-119.25804,45.93978],[-119.25707,45.93987],[-119.25113,45.93853],[-119.24656,45.9375],[-119.2463,45.93745],[-119.24624,45.93743],[-119.24131,45.93633],[-119.23533,45.93498],[-119.23495,45.93489],[-119.22563,45.9328],[-119.22548,45.93277],[-119.21786,45.93153],[-119.20942,45.93016],[-119.2093,45.93014],[-119.20434,45.92933],[-119.20401,45.92928],[-119.20187,45.92893],[-119.20148,45.92887],[-119.19552,45.9279],[-119.18322,45.92781],[-119.16919,45.9277],[-119.14401,45.93069],[-119.14155,45.93098],[-119.14139,45.931],[-119.13504,45.93175],[-119.12632,45.93278],[-119.12612,45.93284],[-119.1261,45.93285],[-119.11358,45.93662],[-119.09929,45.94091],[-119.09329,45.94272],[-119.09304,45.94285],[-119.07848,45.95009],[-119.07703,45.95082],[-119.0615,45.95854],[-119.05801,45.95962],[-119.04162,45.96467],[-119.0402,45.96511],[-119.02721,45.96911],[-119.02528,45.97017],[-119.00865,45.97922],[-119.0049,45.98284],[-119.00111,45.98654],[-118.99857,45.98897],[-118.99832,45.98921],[-118.99729,45.99018],[-118.99658,45.99087],[-118.99523,45.99217],[-118.99249,45.99481],[-118.99216,45.99513],[-118.98966,45.99754],[-118.98726,45.99985],[-118.98714,45.99986],[-118.98712,45.99986],[-118.98152,46.00014],[-118.97905,46.00027],[-118.97883,46.00028],[-118.97778,46.00034],[-118.97651,46.0004],[-118.97634,46.00041],[-118.97629,46.00042],[-118.97606,46.00042],[-118.97482,46.00042],[-118.97184,46.00042],[-118.95543,46.00047],[-118.95384,46.00047],[-118.95373,46.00047],[-118.94842,46.00049],[-118.94794,46.00049],[-118.94529,46.00049],[-118.93423,46.00052],[-118.93215,46.00053],[-118.93044,46.00055],[-118.92978,46.00055],[-118.92898,46.00055],[-118.92518,46.00056],[-118.9214,46.00056],[-118.91915,46.00057],[-118.91748,46.00057],[-118.91118,46.00058],[-118.90982,46.00062],[-118.8987,46.00062],[-118.89438,46.00063],[-118.89334,46.00063],[-118.89279,46.00063],[-118.89209,46.00063],[-118.89148,46.00063],[-118.89107,46.00063],[-118.89041,46.00063],[-118.8889,46.00069],[-118.86948,46.00068],[-118.86813,46.00068],[-118.86741,46.00068],[-118.86077,46.0007],[-118.85263,46.00072],[-118.84881,46.00073],[-118.84871,46.00073],[-118.84611,46.00074],[-118.84349,46.00074],[-118.83831,46.00076],[-118.83811,46.00076],[-118.82794,46.00078],[-118.82531,46.00079],[-118.8179,46.0008],[-118.81208,46.00084],[-118.79005,46.00097],[-118.78942,46.00098],[-118.78898,46.00098],[-118.7887,46.00098],[-118.78838,46.00098],[-118.78811,46.00099],[-118.78771,46.00099],[-118.78751,46.00099],[-118.78529,46.00101],[-118.78482,46.00101],[-118.78419,46.00102],[-118.78379,46.00102],[-118.77583,46.0011],[-118.77373,46.0011],[-118.77334,46.00109],[-118.77295,46.0011],[-118.76842,46.00108],[-118.76751,46.00108],[-118.76565,46.00108],[-118.76308,46.00108],[-118.76241,46.00108],[-118.76211,46.00108],[-118.7619,46.00108],[-118.74582,46.00111],[-118.74457,46.00112],[-118.73407,46.00114],[-118.73267,46.00114],[-118.72524,46.00116],[-118.72236,46.00116],[-118.72116,46.00116],[-118.72093,46.00115],[-118.71995,46.00115],[-118.70657,46.00109],[-118.70364,46.00108],[-118.70313,46.00108],[-118.70049,46.00107],[-118.68878,46.00107],[-118.68829,46.00107],[-118.68635,46.00107],[-118.68355,46.00107],[-118.67883,46.00107],[-118.6779,46.00096],[-118.6766,46.00098],[-118.67513,46.00097],[-118.67167,46.00097],[-118.67142,46.00097],[-118.6713,46.00097],[-118.66953,46.00098],[-118.66888,46.00098],[-118.66836,46.00099],[-118.66781,46.00099],[-118.66671,46.00097],[-118.66669,46.00097],[-118.66606,46.00099],[-118.66535,46.00099],[-118.66526,46.00099],[-118.66455,46.00098],[-118.66348,46.00097],[-118.66266,46.00098],[-118.6598,46.00099],[-118.6586,46.00096],[-118.6577,46.00105],[-118.65369,46.00105],[-118.6491,46.00104],[-118.64242,46.00103],[-118.63922,46.00103],[-118.63777,46.00103],[-118.63773,46.00103],[-118.63764,46.00103],[-118.63761,46.00103],[-118.63485,46.00104],[-118.63199,46.00105],[-118.63108,46.00105],[-118.62441,46.00104],[-118.6223,46.00105],[-118.61998,46.00104],[-118.61917,46.00103],[-118.61807,46.00104],[-118.61737,46.00105],[-118.61599,46.00104],[-118.61301,46.00105],[-118.61276,46.00105],[-118.61261,46.00105],[-118.6114,46.00104],[-118.611,46.00104],[-118.6102,46.00104],[-118.60686,46.00102],[-118.60679,46.00102],[-118.60388,46.001],[-118.60249,46.00098],[-118.60101,46.001],[-118.59997,46.00098],[-118.59062,46.00094],[-118.59006,46.00094],[-118.58912,46.00094],[-118.58815,46.00093],[-118.58563,46.00091],[-118.58471,46.00091],[-118.58395,46.00092],[-118.58313,46.00095],[-118.58145,46.00101],[-118.58032,46.00105],[-118.58009,46.00105],[-118.57988,46.00104],[-118.57935,46.00102],[-118.57882,46.001],[-118.57795,46.00097],[-118.57571,46.00097],[-118.57563,46.00097],[-118.57558,46.00097],[-118.57407,46.00098],[-118.57382,46.00098],[-118.57122,46.001],[-118.56951,46.00102],[-118.56909,46.00102],[-118.56346,46.00107],[-118.56236,46.00107],[-118.5621,46.00108],[-118.56149,46.00108],[-118.55915,46.0011],[-118.55906,46.0011],[-118.55523,46.00113],[-118.5549,46.00114],[-118.55472,46.00114],[-118.55433,46.00113],[-118.5444,46.00106],[-118.54394,46.00106],[-118.53976,46.00103],[-118.53771,46.00102],[-118.53732,46.00104],[-118.53464,46.00099],[-118.53384,46.00101],[-118.53381,46.00101],[-118.53349,46.00101],[-118.53337,46.00101],[-118.53252,46.00099],[-118.52317,46.00096],[-118.51751,46.00098],[-118.5132,46.00095],[-118.513,46.00096],[-118.51288,46.00096],[-118.51162,46.00097],[-118.50939,46.00098],[-118.50888,46.00096],[-118.50876,46.00096],[-118.50547,46.00096],[-118.50273,46.00099],[-118.50024,46.00101],[-118.4979,46.00095],[-118.49704,46.00093],[-118.49405,46.00093],[-118.49296,46.00093],[-118.49276,46.00092],[-118.48933,46.00094],[-118.48771,46.00094],[-118.48452,46.00095],[-118.48423,46.00095],[-118.48399,46.00095],[-118.48251,46.00095],[-118.48149,46.00094],[-118.47923,46.00095],[-118.47484,46.00096],[-118.47255,46.00096],[-118.47246,46.00096],[-118.47069,46.00096],[-118.46937,46.00095],[-118.46884,46.00095],[-118.46787,46.00094],[-118.46669,46.00093],[-118.4665,46.00093],[-118.46454,46.00092],[-118.46447,46.00092],[-118.46228,46.00092],[-118.46177,46.00091],[-118.46078,46.00091],[-118.45982,46.00091],[-118.45968,46.0009],[-118.45864,46.00088],[-118.45821,46.00088],[-118.45783,46.00089],[-118.4573,46.00089],[-118.45698,46.00089],[-118.45689,46.00089],[-118.45658,46.00088],[-118.45602,46.00088],[-118.45495,46.00089],[-118.45391,46.0009],[-118.45141,46.00087],[-118.44982,46.00086],[-118.44836,46.00084],[-118.44604,46.00083],[-118.44308,46.00081],[-118.44189,46.00081],[-118.44164,46.00081],[-118.44092,46.0008],[-118.43998,46.00082],[-118.43982,46.00082],[-118.43902,46.00083],[-118.43763,46.00082],[-118.4356,46.00082],[-118.43552,46.00082],[-118.4342,46.00078],[-118.43351,46.00077],[-118.43173,46.00078],[-118.43155,46.00078],[-118.42769,46.00078],[-118.42403,46.00076],[-118.42327,46.00077],[-118.41533,46.00076],[-118.41527,46.00075],[-118.41467,46.00076],[-118.41259,46.00075],[-118.41164,46.00075],[-118.41128,46.00075],[-118.40949,46.00074],[-118.40858,46.00076],[-118.40802,46.00075],[-118.40718,46.00076],[-118.40627,46.00075],[-118.40506,46.00076],[-118.40382,46.00077],[-118.40323,46.00076],[-118.40047,46.00076],[-118.39889,46.00075],[-118.39883,46.00075],[-118.39777,46.00075],[-118.39722,46.00074],[-118.39656,46.00074],[-118.39421,46.00075],[-118.39268,46.00075],[-118.39235,46.00074],[-118.39233,46.00074],[-118.38983,46.00075],[-118.38847,46.00074],[-118.3883,46.00074],[-118.38729,46.00073],[-118.38627,46.00073],[-118.38557,46.00072],[-118.38395,46.0007],[-118.38373,46.0007],[-118.38349,46.00069],[-118.38327,46.00068],[-118.38265,46.00067],[-118.38014,46.00066],[-118.37814,46.00065],[-118.37505,46.00063],[-118.3716,46.00061],[-118.36925,46.00067],[-118.3676,46.00071],[-118.36717,46.00071],[-118.36659,46.0007],[-118.36352,46.00068],[-118.3606,46.00066],[-118.35899,46.00066],[-118.35845,46.00066],[-118.35804,46.00066],[-118.35746,46.00065],[-118.35486,46.00065],[-118.35459,46.00065],[-118.34937,46.00066],[-118.34633,46.00064],[-118.34571,46.00062],[-118.34544,46.00064],[-118.34471,46.00066],[-118.34318,46.00066],[-118.34244,46.00065],[-118.34145,46.00065],[-118.34052,46.00065],[-118.34041,46.00065],[-118.3388,46.00065],[-118.33752,46.00065],[-118.33582,46.00064],[-118.33472,46.00064],[-118.33366,46.00064],[-118.33203,46.00064],[-118.33194,46.00064],[-118.32975,46.00063],[-118.32681,46.00064],[-118.32485,46.00065],[-118.32389,46.00065],[-118.32244,46.00066],[-118.31846,46.00067],[-118.31647,46.00067],[-118.31507,46.00066],[-118.31486,46.00064],[-118.30887,46.00058],[-118.30452,46.00059],[-118.29209,46.0006],[-118.29146,46.0006],[-118.2883,46.0006],[-118.28806,46.0006],[-118.28795,46.0006],[-118.28767,46.0006],[-118.28362,46.00061],[-118.28354,46.00061],[-118.2778,46.00061],[-118.26711,46.00062],[-118.26278,46.00062],[-118.25659,46.00062],[-118.25352,46.00062],[-118.2516,46.00062],[-118.25114,46.00062],[-118.24547,46.00062],[-118.24198,46.00062],[-118.23667,46.00062],[-118.23484,46.00063],[-118.22903,46.00062],[-118.21445,46.00062],[-118.21096,46.00062],[-118.18958,46.0006],[-118.18348,46.00058],[-118.18013,46.00057],[-118.18008,46.00057],[-118.17742,46.00057],[-118.17106,46.00055],[-118.17075,46.00055],[-118.16292,46.00053],[-118.15849,46.00052],[-118.15149,46.00055],[-118.1461,46.00058],[-118.14588,46.00058],[-118.14221,46.00059],[-118.13747,46.00061],[-118.13084,46.00061],[-118.12863,46.00062],[-118.12775,46.00062],[-118.12526,46.00062],[-118.12432,46.00062],[-118.12319,46.00062],[-118.11893,46.00062],[-118.11596,46.00061],[-118.11565,46.00062],[-118.11525,46.00062],[-118.11444,46.00062],[-118.09626,46.0006],[-118.08534,46.00058],[-118.08084,46.00058],[-118.07471,46.00063],[-118.05865,46.00057],[-118.05786,46.00057],[-118.05372,46.00057],[-118.04924,46.00058],[-118.04355,46.00059],[-118.03545,46.00058],[-118.03324,46.00058],[-118.03023,46.00057],[-118.02851,46.00057],[-118.02405,46.00056],[-118.02344,46.00056],[-118.02334,46.00056],[-118.01484,46.00058],[-118.01195,46.00058],[-118.0066,46.00058],[-117.99697,46.00056],[-117.9957,46.00056],[-117.99265,46.00055],[-117.99077,46.00055],[-117.98953,46.00055],[-117.98138,46.00053],[-117.97814,46.00052],[-117.97776,46.00052],[-117.97766,46.00052],[-117.97677,46.00052],[-117.97563,46.00052],[-117.96935,46.00051],[-117.96765,46.00051],[-117.95285,46.00047],[-117.95022,46.00046],[-117.94655,46.00045],[-117.94567,46.00044],[-117.93565,46.00042],[-117.92876,46.0004],[-117.92576,46.00039],[-117.92428,46.00038],[-117.91918,46.00042],[-117.91859,46.00042],[-117.9139,46.00032],[-117.91201,46.0003],[-117.91168,46.0003],[-117.91107,46.00031],[-117.91024,46.00031],[-117.90608,46.00025],[-117.90539,46.00024],[-117.90171,46.0002],[-117.88636,46.00016],[-117.88329,46.00015],[-117.86721,46.00014],[-117.86491,46.00014],[-117.85931,46.00013],[-117.85496,46.00013],[-117.85483,46.00013],[-117.85424,46.00013],[-117.84983,46.00013],[-117.83811,46.00012],[-117.83786,46.00011],[-117.83662,46.0001],[-117.83264,46.00009],[-117.83142,46.00009],[-117.8308,46.00008],[-117.82744,46.00008],[-117.82623,46.00008],[-117.82223,46.00007],[-117.82103,46.00006],[-117.81703,46.00006],[-117.81688,46.00006],[-117.8147,46.00005],[-117.8129,46.00005],[-117.80828,46.00004],[-117.80048,46.00001],[-117.79986,46.00002],[-117.79525,46.0],[-117.78577,45.99998],[-117.78492,45.99998],[-117.78419,45.99997],[-117.7828,45.99997],[-117.78043,45.99996],[-117.77794,45.99996],[-117.77623,45.99995],[-117.77159,45.99994],[-117.76609,45.99993],[-117.76302,45.99992],[-117.75872,45.9999],[-117.75358,45.99989],[-117.74908,45.99988],[-117.74834,45.99988],[-117.74691,45.99987],[-117.74645,45.99986],[-117.7457,45.99986],[-117.74064,45.99984],[-117.73006,45.99981],[-117.73,45.99981],[-117.72021,45.99981],[-117.71776,45.9998],[-117.70936,45.9998],[-117.70358,45.9998],[-117.70179,45.9998],[-117.70021,45.9998],[-117.69811,45.9998],[-117.69689,45.9998],[-117.69293,45.99979],[-117.6917,45.99979],[-117.68774,45.99979],[-117.6865,45.99979],[-117.68255,45.99979],[-117.68214,45.99979],[-117.68131,45.99978],[-117.67735,45.99973],[-117.67611,45.99972],[-117.67208,45.99968],[-117.67091,45.99966],[-117.6668,45.99962],[-117.66571,45.99961],[-117.66167,45.99956],[-117.66142,45.99956],[-117.66052,45.99955],[-117.65654,45.99951],[-117.65532,45.99949],[-117.65133,45.99945],[-117.65012,45.99944],[-117.64613,45.9994],[-117.64492,45.99939],[-117.64093,45.99935],[-117.63973,45.99933],[-117.63573,45.99929],[-117.63558,45.99929],[-117.63453,45.99929],[-117.63054,45.99931],[-117.62934,45.99932],[-117.62588,45.99933],[-117.62414,45.99934],[-117.62374,45.99934],[-117.6236,45.99933],[-117.61433,45.99922],[-117.61378,45.9992],[-117.60887,45.99908],[-117.60362,45.99896],[-117.60342,45.99895],[-117.60337,45.99895],[-117.60333,45.99895],[-117.60316,45.99895],[-117.60301,45.99894],[-117.6028,45.99894],[-117.59897,45.99884],[-117.58993,45.99862],[-117.58879,45.99859],[-117.58801,45.99859],[-117.58788,45.99859],[-117.58288,45.99857],[-117.58263,45.99857],[-117.57776,45.99855],[-117.57745,45.99855],[-117.57264,45.99853],[-117.57227,45.99853],[-117.56752,45.99851],[-117.5671,45.99851],[-117.56673,45.99851],[-117.5624,45.99849],[-117.56193,45.99849],[-117.55728,45.99847],[-117.55675,45.99847],[-117.5543,45.99846],[-117.55026,45.99844],[-117.54661,45.99843],[-117.54505,45.99842],[-117.53603,45.99839],[-117.53149,45.99837],[-117.52903,45.99836],[-117.51986,45.99833],[-117.51896,45.99831],[-117.51709,45.99829],[-117.51581,45.99827],[-117.51526,45.99826],[-117.51062,45.99819],[-117.51007,45.99818],[-117.50576,45.99812],[-117.50575,45.99814],[-117.5057,45.99814],[-117.50548,45.99816],[-117.50496,45.9982],[-117.50457,45.99817],[-117.50388,45.99816],[-117.50378,45.99816],[-117.50254,45.99815],[-117.50213,45.99813],[-117.50173,45.99813],[-117.50144,45.99814],[-117.50118,45.99814],[-117.50096,45.99814],[-117.50067,45.99815],[-117.50053,45.99815],[-117.49994,45.99813],[-117.4996,45.9981],[-117.49918,45.9981],[-117.49768,45.99807],[-117.49647,45.99805],[-117.49617,45.99805],[-117.49277,45.99803],[-117.49209,45.998],[-117.48979,45.99796],[-117.48902,45.99796],[-117.48762,45.99791],[-117.48706,45.9979],[-117.48642,45.99789],[-117.4864,45.99789],[-117.48506,45.99786],[-117.4847,45.99786],[-117.48393,45.99789],[-117.48317,45.99788],[-117.48234,45.99787],[-117.4809,45.99783],[-117.48014,45.99781],[-117.47993,45.9978],[-117.47975,45.99778],[-117.47584,45.99783],[-117.47526,45.99783],[-117.47438,45.99784],[-117.47416,45.99784],[-117.47393,45.99785],[-117.47304,45.99786],[-117.47274,45.99785],[-117.46964,45.99789],[-117.46834,45.99791],[-117.46683,45.99793],[-117.46666,45.99795],[-117.46595,45.99796],[-117.46448,45.998],[-117.46204,45.99805],[-117.4594,45.99811],[-117.45905,45.99815],[-117.45885,45.99815],[-117.45861,45.99814],[-117.45828,45.99815],[-117.45804,45.99816],[-117.44499,45.99839],[-117.44493,45.99839],[-117.44389,45.99839],[-117.44146,45.9984],[-117.44127,45.99841],[-117.43711,45.99842],[-117.43673,45.99842],[-117.43358,45.99843],[-117.4315,45.99844],[-117.43139,45.99844],[-117.43067,45.99844],[-117.42871,45.99844],[-117.42783,45.99845],[-117.42304,45.99845],[-117.42048,45.99846],[-117.41757,45.99846],[-117.4131,45.99846],[-117.41185,45.99849],[-117.41179,45.99849],[-117.41172,45.99849],[-117.4058,45.99848],[-117.40439,45.99845],[-117.40101,45.99841],[-117.39741,45.99836],[-117.39496,45.99832],[-117.39029,45.99826],[-117.38543,45.99819],[-117.38268,45.99804],[-117.38213,45.99801],[-117.38148,45.99797],[-117.3768,45.99772],[-117.37386,45.99755],[-117.3728,45.99749],[-117.37157,45.99742],[-117.37116,45.9974],[-117.36775,45.99721],[-117.3669,45.99717],[-117.3667,45.99715],[-117.36656,45.99715],[-117.36638,45.99714],[-117.36603,45.99712],[-117.36459,45.99704],[-117.36313,45.99696],[-117.36125,45.99685],[-117.35843,45.9967],[-117.35612,45.99657],[-117.35595,45.99657],[-117.35489,45.99657],[-117.35443,45.99656],[-117.35401,45.99656],[-117.35184,45.99683],[-117.35121,45.99691],[-117.33791,45.99857],[-117.33742,45.99857],[-117.32162,45.99851],[-117.32039,45.9985],[-117.31908,45.99849],[-117.31895,45.99849],[-117.31602,45.99848],[-117.31333,45.99847],[-117.29505,45.99839],[-117.2839,45.99833],[-117.28309,45.99833],[-117.28047,45.99832],[-117.27841,45.99831],[-117.27327,45.99828],[-117.26031,45.99846],[-117.25992,45.99848],[-117.25962,45.99848],[-117.25947,45.99848],[-117.255,45.99846],[-117.25265,45.99845],[-117.25104,45.99844],[-117.25073,45.99844],[-117.25011,45.99844],[-117.24877,45.99843],[-117.24782,45.99843],[-117.24586,45.99842],[-117.23291,45.99836],[-117.22997,45.99835],[-117.22869,45.99833],[-117.22852,45.99835],[-117.2281,45.99835],[-117.22428,45.99834],[-117.22411,45.99834],[-117.22361,45.99833],[-117.2197,45.99832],[-117.2191,45.99831],[-117.21857,45.9983],[-117.21388,45.99828],[-117.21331,45.99828],[-117.21173,45.99827],[-117.20867,45.99826],[-117.20805,45.99826],[-117.2034,45.99824],[-117.20216,45.99824],[-117.19813,45.99822],[-117.19627,45.99821],[-117.19287,45.9982],[-117.1922,45.9982],[-117.19039,45.99819],[-117.18842,45.99818],[-117.18765,45.99818],[-117.17916,45.99814],[-117.17721,45.99813],[-117.17614,45.99813],[-117.17553,45.99813],[-117.17404,45.99812],[-117.16299,45.99808],[-117.15509,45.99804],[-117.1489,45.99801],[-117.14765,45.998],[-117.13403,45.99793],[-117.12615,45.9979],[-117.12232,45.99787],[-117.10622,45.99776],[-117.1023,45.99773],[-117.09599,45.99767],[-117.09018,45.99763],[-117.08805,45.99761],[-117.08037,45.99755],[-117.08001,45.99752],[-117.06146,45.99721],[-117.05919,45.99719],[-117.05054,45.99714],[-117.05006,45.99714],[-117.04169,45.99708],[-117.04148,45.99708],[-117.03833,45.99714],[-117.03814,45.99715],[-117.0363,45.99714],[-117.03308,45.99712],[-117.03111,45.99711],[-117.02875,45.9971],[-117.02782,45.99709],[-117.02593,45.99708],[-117.02257,45.99706],[-117.02074,45.99704],[-117.02052,45.99704],[-117.01733,45.99702],[-117.01556,45.99701],[-117.01213,45.99699],[-117.01038,45.99697],[-117.00694,45.99695],[-117.0068,45.99695],[-117.0052,45.99694],[-117.00175,45.99691],[-116.99999,45.9969],[-116.99656,45.99687],[-116.99482,45.99685],[-116.99467,45.99685],[-116.99457,45.99685],[-116.98807,45.99681],[-116.98711,45.99679],[-116.98587,45.99678],[-116.98455,45.99677],[-116.98434,45.99677],[-116.98423,45.99677],[-116.98019,45.99671],[-116.97846,45.99669],[-116.97702,45.99668],[-116.97698,45.99667],[-116.97681,45.99667],[-116.96946,45.99658],[-116.96544,45.99653],[-116.96426,45.99652],[-116.963,45.99651],[-116.96292,45.9965],[-116.9607,45.99647],[-116.95766,45.99644],[-116.9547,45.99639],[-116.94874,45.99627],[-116.94777,45.99625],[-116.9462,45.99622],[-116.9453,45.9962],[-116.94382,45.99618],[-116.94069,45.99611],[-116.93686,45.99605],[-116.93675,45.99605],[-116.93622,45.99606],[-116.93464,45.99607],[-116.93342,45.99607],[-116.93095,45.99597],[-116.92828,45.99588],[-116.91837,45.99548],[-116.91749,45.99544],[-116.91667,45.99539],[-116.91626,45.99537],[-116.91607,45.99536],[-116.91582,45.99517],[-116.91564,45.99496],[-116.91532,45.99462],[-116.91447,45.99357],[-116.91443,45.9935],[-116.91371,45.99228],[-116.91348,45.99161],[-116.91318,45.99114],[-116.91285,45.99074],[-116.91267,45.99053],[-116.91233,45.99014],[-116.91176,45.98941],[-116.91147,45.98905],[-116.91099,45.98868],[-116.90987,45.98799],[-116.90861,45.98708],[-116.90765,45.98639],[-116.90673,45.98572],[-116.90596,45.9852],[-116.90584,45.98511],[-116.90571,45.98503],[-116.90566,45.985],[-116.9043,45.9842],[-116.90175,45.98322],[-116.90102,45.983],[-116.90096,45.98295],[-116.9005,45.9828],[-116.8999,45.98234],[-116.89857,45.98129],[-116.89841,45.98119],[-116.89837,45.98116],[-116.8971,45.98026],[-116.89673,45.97959],[-116.89643,45.97943],[-116.89485,45.97858],[-116.8941,45.97798],[-116.89393,45.97784],[-116.89375,45.9777],[-116.89361,45.97758],[-116.89355,45.9775],[-116.89286,45.97637],[-116.89293,45.97452],[-116.89293,45.9744],[-116.89314,45.97343],[-116.89317,45.97326],[-116.89321,45.97309],[-116.89325,45.97292],[-116.8939,45.9716],[-116.89426,45.97089],[-116.89428,45.97082],[-116.89442,45.97039],[-116.89456,45.96995],[-116.89465,45.96969],[-116.89474,45.96942],[-116.8948,45.96925],[-116.89485,45.96909],[-116.89491,45.96892],[-116.89456,45.96815],[-116.89451,45.96804],[-116.89366,45.96543],[-116.89357,45.96526],[-116.89267,45.96351],[-116.89151,45.96155],[-116.89135,45.9606],[-116.8913,45.96033],[-116.89091,45.96001],[-116.88935,45.9593],[-116.88752,45.9588],[-116.88731,45.95874],[-116.88684,45.95862],[-116.88444,45.9584],[-116.8819,45.95866],[-116.88174,45.95868],[-116.88156,45.95865],[-116.88051,45.95851],[-116.87942,45.95799],[-116.8793,45.95793],[-116.87873,45.95755],[-116.87862,45.95747],[-116.8785,45.9574],[-116.87796,45.95704],[-116.87731,45.95626],[-116.87672,45.95556],[-116.87598,45.95477],[-116.87598,45.95468],[-116.87598,45.95441],[-116.87598,45.95432],[-116.87568,45.95402],[-116.87546,45.95329],[-116.87516,45.95217],[-116.8749,45.95096],[-116.87488,45.95057],[-116.87487,45.95025],[-116.87516,45.94969],[-116.87518,45.94964],[-116.87551,45.94945],[-116.87563,45.94889],[-116.87564,45.94883],[-116.87576,45.94837],[-116.87579,45.9478],[-116.8758,45.94749],[-116.87581,45.94688],[-116.87582,45.94627],[-116.87576,45.94563],[-116.87571,45.94501],[-116.87538,45.94359],[-116.87527,45.94299],[-116.87521,45.94266],[-116.87515,45.94233],[-116.87512,45.9422],[-116.87511,45.94216],[-116.87503,45.94198],[-116.87495,45.94181],[-116.87446,45.94076],[-116.87393,45.93989],[-116.87338,45.93848],[-116.87268,45.93758],[-116.87204,45.93626],[-116.87157,45.93502],[-116.8714,45.93456],[-116.87048,45.93241],[-116.87022,45.93129],[-116.87007,45.93047],[-116.87031,45.92933],[-116.8704,45.92691],[-116.87037,45.92676],[-116.87018,45.92557],[-116.86984,45.92435],[-116.86966,45.9238],[-116.86902,45.92328],[-116.86857,45.92244],[-116.86771,45.92],[-116.86767,45.91988],[-116.8674,45.91912],[-116.86675,45.91789],[-116.86654,45.91696],[-116.86608,45.91633],[-116.86574,45.91585],[-116.86503,45.9145],[-116.8639,45.91322],[-116.86304,45.91205],[-116.86295,45.91191],[-116.86286,45.91178],[-116.86266,45.91149],[-116.86246,45.9112],[-116.86229,45.91094],[-116.86211,45.91068],[-116.86198,45.91048],[-116.86185,45.91029],[-116.86132,45.9095],[-116.86079,45.90872],[-116.85979,45.90726],[-116.8592,45.90653],[-116.85896,45.90624],[-116.85872,45.90594],[-116.8586,45.90579],[-116.85848,45.90565],[-116.85773,45.90472],[-116.85725,45.90416],[-116.85658,45.9038],[-116.85565,45.9035],[-116.85467,45.90297],[-116.85302,45.90184],[-116.85135,45.90035],[-116.85066,45.8999],[-116.84976,45.89932],[-116.84842,45.89816],[-116.84696,45.89665],[-116.84557,45.89475],[-116.84437,45.89297],[-116.84429,45.8929],[-116.84355,45.89227],[-116.84232,45.8916],[-116.84081,45.89079],[-116.83928,45.89034],[-116.83885,45.89011],[-116.83806,45.88969],[-116.83803,45.88969],[-116.83704,45.88941],[-116.83251,45.88748],[-116.83,45.88641],[-116.82869,45.88574],[-116.82759,45.88514],[-116.82694,45.8848],[-116.82671,45.88468],[-116.82648,45.88456],[-116.8241,45.8833],[-116.82328,45.88294],[-116.8192,45.88095],[-116.81918,45.88094],[-116.81877,45.88049],[-116.81855,45.88026],[-116.81746,45.87984],[-116.81592,45.879],[-116.81413,45.87764],[-116.81351,45.87698],[-116.81317,45.87636],[-116.8127,45.87599],[-116.81196,45.87488],[-116.81097,45.87407],[-116.81065,45.87363],[-116.81032,45.87341],[-116.81014,45.8732],[-116.80979,45.87279],[-116.80954,45.87217],[-116.80903,45.87156],[-116.80808,45.87039],[-116.80806,45.87038],[-116.80689,45.86875],[-116.80635,45.86784],[-116.80576,45.86701],[-116.80572,45.86676],[-116.8057,45.86665],[-116.80553,45.8664],[-116.80529,45.86621],[-116.8049,45.86582],[-116.80374,45.86493],[-116.80264,45.86424],[-116.80205,45.86391],[-116.80134,45.86351],[-116.80119,45.86342],[-116.80104,45.86333],[-116.79972,45.86259],[-116.79944,45.86248],[-116.79715,45.86157],[-116.79646,45.86122],[-116.79602,45.86062],[-116.79588,45.85991],[-116.79599,45.85901],[-116.79605,45.85847],[-116.79604,45.8584],[-116.79598,45.85809],[-116.79553,45.8574],[-116.79511,45.85682],[-116.79475,45.85632],[-116.79471,45.85626],[-116.7946,45.8561],[-116.79456,45.85605],[-116.79451,45.85598],[-116.79443,45.85587],[-116.79436,45.85576],[-116.79431,45.85569],[-116.79429,45.85566],[-116.79428,45.85563],[-116.79426,45.85559],[-116.79425,45.85556],[-116.7942,45.85546],[-116.79414,45.85532],[-116.79408,45.85517],[-116.79403,45.85508],[-116.79383,45.85463],[-116.79376,45.85447],[-116.79297,45.85342],[-116.79267,45.85302],[-116.79193,45.85204],[-116.79148,45.85149],[-116.79015,45.84985],[-116.7891,45.84775],[-116.78881,45.84714],[-116.78853,45.84649],[-116.78825,45.84584],[-116.7879,45.84465],[-116.78784,45.84443],[-116.78779,45.84427],[-116.78778,45.84375],[-116.78778,45.84352],[-116.78777,45.84344],[-116.78777,45.84332],[-116.78777,45.84319],[-116.78777,45.84311],[-116.78776,45.84273],[-116.78773,45.84255],[-116.78748,45.84111],[-116.78749,45.84089],[-116.78751,45.84034],[-116.78752,45.8402],[-116.78754,45.84016],[-116.78776,45.83966],[-116.78784,45.83949],[-116.78785,45.83946],[-116.78795,45.83924],[-116.7881,45.83891],[-116.78825,45.83857],[-116.78835,45.83835],[-116.78836,45.83833],[-116.78838,45.83829],[-116.78839,45.83825],[-116.7884,45.83823],[-116.78854,45.83785],[-116.78892,45.83674],[-116.78893,45.8367],[-116.78896,45.83629],[-116.78896,45.83626],[-116.78897,45.83621],[-116.78897,45.83615],[-116.78897,45.83612],[-116.78898,45.83607],[-116.78898,45.83601],[-116.78899,45.83594],[-116.78899,45.83589],[-116.789,45.83577],[-116.789,45.83575],[-116.78901,45.83555],[-116.78901,45.8354],[-116.78902,45.83539],[-116.78903,45.83528],[-116.78907,45.83488],[-116.78907,45.83419],[-116.78907,45.83347],[-116.78833,45.83193],[-116.78774,45.83132],[-116.78699,45.83053],[-116.78661,45.83014],[-116.78619,45.8297],[-116.78587,45.82949],[-116.78555,45.82895],[-116.78553,45.8289],[-116.78514,45.82859],[-116.78424,45.82787],[-116.78382,45.82694],[-116.7831,45.82605],[-116.7825,45.82561],[-116.78233,45.82537],[-116.78215,45.82513],[-116.78214,45.82512],[-116.78209,45.82509],[-116.78189,45.82501],[-116.78182,45.82498],[-116.78151,45.82484],[-116.78057,45.82444],[-116.78039,45.82436],[-116.78026,45.82435],[-116.78024,45.82434],[-116.78013,45.82432],[-116.78007,45.82431],[-116.77991,45.8243],[-116.7798,45.82428],[-116.7797,45.82426],[-116.77947,45.82424],[-116.77916,45.8242],[-116.77879,45.82415],[-116.77856,45.82413],[-116.77778,45.82402],[-116.77637,45.82384],[-116.77544,45.82364],[-116.77467,45.82347],[-116.77435,45.8234],[-116.77422,45.82337],[-116.77364,45.82274],[-116.77342,45.8225],[-116.77339,45.82247],[-116.77334,45.82242],[-116.77329,45.82237],[-116.77326,45.82233],[-116.77308,45.82214],[-116.77259,45.8221],[-116.77205,45.82195],[-116.77139,45.82177],[-116.77039,45.82132],[-116.76975,45.82098],[-116.76861,45.82024],[-116.76855,45.8202],[-116.768,45.81978],[-116.76789,45.8195],[-116.76762,45.81932],[-116.76754,45.81927],[-116.76741,45.81919],[-116.76728,45.81911],[-116.7672,45.81906],[-116.76703,45.81895],[-116.76685,45.81883],[-116.76654,45.81863],[-116.76638,45.81852],[-116.76607,45.81832],[-116.76562,45.81803],[-116.76517,45.81773],[-116.76487,45.81754],[-116.76482,45.81751],[-116.76475,45.81746],[-116.76467,45.81741],[-116.76462,45.81737],[-116.76453,45.81732],[-116.7644,45.81723],[-116.76427,45.81715],[-116.76419,45.81709],[-116.76361,45.81672],[-116.7634,45.81658],[-116.76254,45.81623],[-116.76166,45.8162],[-116.76108,45.81618],[-116.76101,45.81625],[-116.76096,45.8163],[-116.76088,45.81639],[-116.7608,45.81647],[-116.76075,45.81653],[-116.7606,45.81647],[-116.76037,45.81639],[-116.76015,45.8163],[-116.76,45.81625],[-116.75979,45.81617],[-116.75943,45.81623],[-116.75861,45.81638],[-116.75768,45.81655],[-116.75746,45.8166],[-116.75713,45.81675],[-116.75684,45.8169],[-116.75673,45.81695],[-116.75655,45.81704],[-116.75598,45.81705],[-116.75541,45.81706],[-116.75529,45.81706],[-116.75392,45.81743],[-116.75113,45.81859],[-116.7511,45.81861],[-116.75101,45.81864],[-116.75098,45.81865],[-116.75057,45.81881],[-116.74934,45.81926],[-116.74933,45.81926],[-116.74894,45.81946],[-116.74819,45.81984],[-116.74727,45.82031],[-116.74597,45.821],[-116.74522,45.82139],[-116.74517,45.82143],[-116.74502,45.82154],[-116.74497,45.82158],[-116.74477,45.82177],[-116.74436,45.82215],[-116.74414,45.82227],[-116.7439,45.82241],[-116.7438,45.82249],[-116.7436,45.82261],[-116.74268,45.82319],[-116.74237,45.82339],[-116.7423,45.82343],[-116.74223,45.82347],[-116.74208,45.82357],[-116.74201,45.82362],[-116.74198,45.82363],[-116.74192,45.82367],[-116.74189,45.82368],[-116.74161,45.82384],[-116.74075,45.82431],[-116.74049,45.82446],[-116.74047,45.82447],[-116.74039,45.82451],[-116.74028,45.82456],[-116.74016,45.82462],[-116.74009,45.82465],[-116.7399,45.82474],[-116.73963,45.82487],[-116.73936,45.825],[-116.73918,45.82509],[-116.73894,45.8252],[-116.7389,45.82523],[-116.73823,45.82555],[-116.738,45.82567],[-116.73757,45.82586],[-116.73738,45.82595],[-116.73627,45.82618],[-116.73621,45.82621],[-116.73601,45.82631],[-116.73578,45.82636],[-116.7354,45.82639],[-116.73476,45.82649],[-116.73454,45.82653],[-116.73167,45.82647],[-116.73073,45.82646],[-116.73064,45.82646],[-116.72964,45.82649],[-116.72664,45.82657],[-116.7264,45.82658],[-116.72565,45.82656],[-116.72532,45.82656],[-116.72494,45.82653],[-116.72469,45.82652],[-116.72449,45.82638],[-116.72365,45.82599],[-116.72296,45.82585],[-116.72238,45.82574],[-116.72227,45.82574],[-116.72202,45.82574],[-116.72152,45.82574],[-116.72129,45.82579],[-116.72105,45.82584],[-116.72077,45.82589],[-116.72016,45.82602],[-116.71995,45.82607],[-116.71967,45.82614],[-116.71954,45.82618],[-116.71933,45.82623],[-116.71913,45.82627],[-116.719,45.82631],[-116.71894,45.82632],[-116.71885,45.82634],[-116.71877,45.82636],[-116.71871,45.82638],[-116.71869,45.82638],[-116.71863,45.8264],[-116.71861,45.8264],[-116.71856,45.82642],[-116.71855,45.82642],[-116.71837,45.82645],[-116.71831,45.82646],[-116.71703,45.82669],[-116.71694,45.82671],[-116.71553,45.82677],[-116.71426,45.82664],[-116.71336,45.82648],[-116.71315,45.82645],[-116.71186,45.82627],[-116.71182,45.82627],[-116.71157,45.8262],[-116.71119,45.8261],[-116.71081,45.826],[-116.71056,45.82594],[-116.70975,45.82573],[-116.70941,45.82557],[-116.70845,45.82512],[-116.70716,45.82429],[-116.70631,45.8237],[-116.70531,45.82301],[-116.70514,45.82289],[-116.70462,45.82254],[-116.70459,45.82252],[-116.70445,45.82242],[-116.70398,45.82209],[-116.70342,45.8217],[-116.70241,45.82148],[-116.70218,45.82143],[-116.70185,45.82135],[-116.70164,45.82129],[-116.70132,45.82121],[-116.70099,45.82113],[-116.70078,45.82107],[-116.70072,45.82106],[-116.70027,45.82098],[-116.69972,45.82088],[-116.69878,45.82088],[-116.69875,45.82088],[-116.69823,45.82086],[-116.69808,45.82085],[-116.69733,45.82025],[-116.69719,45.82013],[-116.6965,45.81935],[-116.69562,45.81811],[-116.69534,45.81759],[-116.69481,45.81663],[-116.6948,45.81662],[-116.69471,45.81615],[-116.69447,45.81495],[-116.69444,45.81475],[-116.69438,45.81427],[-116.69436,45.81415],[-116.69434,45.81403],[-116.69422,45.81379],[-116.69416,45.81368],[-116.694,45.81338],[-116.69397,45.81328],[-116.69382,45.81263],[-116.69357,45.81201],[-116.69342,45.81164],[-116.6934,45.8116],[-116.6931,45.81114],[-116.69307,45.81112],[-116.6918,45.81002],[-116.69176,45.80999],[-116.69129,45.80966],[-116.69112,45.80953],[-116.69053,45.80933],[-116.69041,45.80929],[-116.68871,45.80812],[-116.68849,45.80791],[-116.68789,45.80733],[-116.68784,45.80729],[-116.68772,45.80715],[-116.68724,45.80659],[-116.68708,45.8064],[-116.68701,45.80632],[-116.68673,45.80585],[-116.68575,45.80416],[-116.68568,45.80404],[-116.68546,45.80364],[-116.68545,45.80358],[-116.68541,45.80337],[-116.68539,45.80324],[-116.68549,45.80273],[-116.68553,45.80251],[-116.68555,45.80238],[-116.68538,45.80215],[-116.68502,45.8017],[-116.68464,45.80123],[-116.68334,45.79921],[-116.68327,45.79909],[-116.68289,45.79831],[-116.68267,45.79787],[-116.68235,45.7972],[-116.68202,45.79653],[-116.68181,45.79609],[-116.68156,45.79566],[-116.68082,45.79439],[-116.68046,45.79406],[-116.68005,45.79367],[-116.67958,45.79324],[-116.67871,45.79243],[-116.6778,45.7919],[-116.6767,45.7911],[-116.67643,45.7909],[-116.67581,45.79031],[-116.67564,45.79015],[-116.67518,45.78972],[-116.67512,45.78968],[-116.67493,45.78954],[-116.67468,45.78936],[-116.6743,45.78909],[-116.67391,45.78882],[-116.67366,45.78864],[-116.67289,45.78824],[-116.6723,45.78793],[-116.67081,45.7869],[-116.67069,45.78681],[-116.67016,45.78641],[-116.67004,45.78624],[-116.66975,45.78584],[-116.66973,45.78581],[-116.6694,45.78516],[-116.66904,45.78466],[-116.66895,45.78462],[-116.66852,45.78438],[-116.66836,45.78429],[-116.66807,45.78421],[-116.66796,45.78413],[-116.66649,45.7831],[-116.66646,45.78308],[-116.66594,45.78275],[-116.66548,45.78228],[-116.66527,45.78206],[-116.66372,45.78141],[-116.66311,45.78116],[-116.66262,45.78097],[-116.66246,45.7809],[-116.66117,45.78031],[-116.66054,45.78019],[-116.65986,45.78006],[-116.65963,45.78002],[-116.65935,45.78],[-116.65782,45.77991],[-116.6573,45.77987],[-116.6571,45.77986],[-116.65687,45.77985],[-116.65648,45.77986],[-116.65627,45.77988],[-116.65589,45.77989],[-116.65559,45.77991],[-116.65474,45.7799],[-116.65436,45.7799],[-116.65362,45.77979],[-116.65339,45.77976],[-116.65164,45.7798],[-116.65137,45.77979],[-116.65062,45.77977],[-116.65043,45.77976],[-116.65014,45.77976],[-116.64986,45.77974],[-116.64967,45.77974],[-116.64941,45.77974],[-116.64917,45.77973],[-116.64863,45.77977],[-116.64837,45.77979],[-116.6482,45.7798],[-116.64803,45.77982],[-116.64769,45.77982],[-116.64752,45.77982],[-116.64694,45.77982],[-116.64634,45.77982],[-116.64521,45.77997],[-116.64496,45.78001],[-116.64463,45.78006],[-116.64441,45.78009],[-116.64394,45.78015],[-116.64375,45.78019],[-116.64354,45.78024],[-116.64298,45.78037],[-116.6427,45.78044],[-116.64141,45.78076],[-116.6413,45.78079],[-116.64075,45.78094],[-116.64071,45.78096],[-116.64065,45.78097],[-116.64058,45.78099],[-116.64054,45.781],[-116.64042,45.78103],[-116.64039,45.78104],[-116.63997,45.78117],[-116.63983,45.78122],[-116.63972,45.78125],[-116.63964,45.78127],[-116.63941,45.78144],[-116.63932,45.78151],[-116.63931,45.78151],[-116.63928,45.78153],[-116.63927,45.78154],[-116.63924,45.78156],[-116.63878,45.78189],[-116.63785,45.78254],[-116.63772,45.78263],[-116.63581,45.78364],[-116.63338,45.78468],[-116.63325,45.78472],[-116.63268,45.78489],[-116.63203,45.78498],[-116.63159,45.78493],[-116.63102,45.78487],[-116.63091,45.78485],[-116.63018,45.78468],[-116.6293,45.78437],[-116.62893,45.78435],[-116.62827,45.78431],[-116.62825,45.78431],[-116.62819,45.78431],[-116.62799,45.7843],[-116.62793,45.7843],[-116.62769,45.78426],[-116.62697,45.78413],[-116.62676,45.78401],[-116.6266,45.78391],[-116.62632,45.78372],[-116.62613,45.78358],[-116.626,45.78348],[-116.62598,45.78346],[-116.62597,45.78345],[-116.62594,45.7834],[-116.62594,45.78339],[-116.62579,45.78314],[-116.6256,45.78281],[-116.62539,45.78261],[-116.62521,45.78249],[-116.62516,45.78245],[-116.62497,45.78232],[-116.62471,45.78214],[-116.6246,45.7821],[-116.62374,45.78181],[-116.62336,45.78184],[-116.62293,45.78188],[-116.62286,45.78188],[-116.62264,45.7819],[-116.62256,45.78191],[-116.62244,45.78192],[-116.62226,45.78194],[-116.62208,45.78196],[-116.62197,45.78198],[-116.62181,45.78199],[-116.62167,45.78201],[-116.62141,45.78198],[-116.62135,45.78198],[-116.6212,45.78197],[-116.62069,45.78196],[-116.62043,45.78196],[-116.61944,45.78204],[-116.61917,45.78212],[-116.61868,45.78226],[-116.61838,45.78234],[-116.6183,45.78236],[-116.61747,45.78242],[-116.61716,45.78245],[-116.61696,45.78246],[-116.61694,45.78246],[-116.61635,45.78239],[-116.61615,45.78237],[-116.61554,45.78229],[-116.61534,45.78227],[-116.61383,45.78198],[-116.61374,45.78197],[-116.61313,45.7819],[-116.61265,45.78184],[-116.61256,45.78183],[-116.61146,45.78181],[-116.61084,45.78176],[-116.61027,45.78171],[-116.61015,45.7817],[-116.60978,45.78167],[-116.60966,45.78166],[-116.60899,45.78156],[-116.60858,45.7815],[-116.60721,45.7813],[-116.60697,45.78126],[-116.6063,45.78117],[-116.60625,45.78116],[-116.60595,45.78113],[-116.60504,45.78102],[-116.60489,45.78097],[-116.60455,45.78087],[-116.6044,45.78082],[-116.60395,45.78068],[-116.60389,45.78066],[-116.60381,45.78063],[-116.60379,45.78063],[-116.60375,45.78061],[-116.60374,45.7806],[-116.60366,45.78057],[-116.60356,45.78051],[-116.60345,45.78046],[-116.60338,45.78043],[-116.60332,45.7804],[-116.60325,45.78036],[-116.60317,45.78033],[-116.60312,45.7803],[-116.60298,45.78023],[-116.60284,45.78017],[-116.60255,45.78005],[-116.60241,45.78],[-116.60235,45.77998],[-116.60219,45.77992],[-116.60214,45.77991],[-116.60201,45.77988],[-116.60183,45.77984],[-116.60164,45.7798],[-116.60151,45.77978],[-116.60149,45.77977],[-116.60123,45.77971],[-116.60076,45.77958],[-116.60038,45.77957],[-116.60009,45.77956],[-116.60001,45.77956],[-116.5997,45.77955],[-116.59925,45.77953],[-116.59851,45.77945],[-116.59812,45.77941],[-116.59777,45.77938],[-116.59691,45.77932],[-116.59672,45.77932],[-116.59638,45.77932],[-116.59615,45.77932],[-116.5955,45.77932],[-116.59548,45.77931],[-116.59525,45.77927],[-116.59522,45.77927],[-116.59519,45.77926],[-116.59512,45.77925],[-116.5951,45.77924],[-116.59506,45.77924],[-116.59503,45.77923],[-116.59499,45.77923],[-116.59494,45.77922],[-116.5949,45.77921],[-116.59478,45.77919],[-116.5946,45.77915],[-116.59443,45.77912],[-116.59431,45.7791],[-116.59428,45.77909],[-116.59426,45.77909],[-116.59421,45.77908],[-116.5942,45.77907],[-116.59418,45.77906],[-116.59386,45.77886],[-116.59334,45.77867],[-116.593,45.77854],[-116.5917,45.7777],[-116.59102,45.7771],[-116.59098,45.77706],[-116.59033,45.77647],[-116.59004,45.77622],[-116.58972,45.77601],[-116.58917,45.77567],[-116.58809,45.77498],[-116.58788,45.77471],[-116.58741,45.77412],[-116.58737,45.77408],[-116.58719,45.77393],[-116.58651,45.77338],[-116.58638,45.77328],[-116.58629,45.77319],[-116.586,45.77295],[-116.58578,45.77275],[-116.58518,45.77231],[-116.58509,45.77227],[-116.58475,45.77211],[-116.58461,45.77205],[-116.5843,45.77191],[-116.58419,45.77186],[-116.58404,45.77181],[-116.58393,45.77176],[-116.58375,45.77169],[-116.58358,45.77162],[-116.58346,45.77158],[-116.58313,45.77145],[-116.58281,45.77132],[-116.58221,45.77095],[-116.58191,45.77077],[-116.58179,45.77069],[-116.58112,45.77022],[-116.581,45.77014],[-116.5793,45.76916],[-116.57862,45.76877],[-116.5786,45.76876],[-116.57807,45.76827],[-116.57792,45.76811],[-116.57775,45.76791],[-116.57742,45.76753],[-116.5772,45.76738],[-116.57699,45.76723],[-116.57662,45.76699],[-116.57582,45.76645],[-116.57554,45.76621],[-116.5752,45.76592],[-116.57513,45.76586],[-116.57502,45.76581],[-116.57442,45.76553],[-116.57422,45.76544],[-116.57404,45.76536],[-116.57398,45.76533],[-116.57322,45.76507],[-116.57296,45.76498],[-116.57282,45.76494],[-116.57262,45.76488],[-116.57241,45.76482],[-116.57227,45.76478],[-116.57218,45.76476],[-116.57208,45.76473],[-116.57193,45.76463],[-116.57185,45.76458],[-116.57162,45.76443],[-116.5713,45.76432],[-116.57052,45.76404],[-116.5699,45.76387],[-116.56957,45.76377],[-116.56899,45.76359],[-116.56897,45.76358],[-116.56889,45.76356],[-116.5686,45.7635],[-116.5685,45.76348],[-116.56845,45.76346],[-116.56836,45.76345],[-116.56828,45.76343],[-116.56823,45.76342],[-116.56815,45.7634],[-116.56811,45.76338],[-116.56777,45.76322],[-116.56766,45.76316],[-116.56753,45.7631],[-116.56734,45.763],[-116.56715,45.76283],[-116.56704,45.76273],[-116.56686,45.76257],[-116.5666,45.76227],[-116.56642,45.76204],[-116.56636,45.76163],[-116.566,45.76123],[-116.56567,45.76082],[-116.56556,45.76074],[-116.56505,45.76036],[-116.56499,45.76032],[-116.56439,45.75992],[-116.56427,45.75977],[-116.56402,45.75944],[-116.56358,45.75892],[-116.563,45.75832],[-116.56236,45.75796],[-116.56213,45.75779],[-116.56156,45.75737],[-116.56132,45.75723],[-116.56096,45.75702],[-116.56076,45.7569],[-116.56018,45.75638],[-116.56003,45.75616],[-116.55982,45.75583],[-116.55981,45.75581],[-116.55944,45.75519],[-116.55858,45.75475],[-116.55753,45.75438],[-116.55746,45.75437],[-116.55676,45.75425],[-116.55637,45.75418],[-116.5555,45.75394],[-116.55355,45.75339],[-116.55253,45.75325],[-116.5517,45.75315],[-116.55153,45.75314],[-116.55041,45.75313],[-116.5504,45.75312],[-116.54933,45.75281],[-116.54908,45.75273],[-116.54809,45.75236],[-116.54724,45.75168],[-116.54664,45.75097],[-116.54663,45.75094],[-116.54638,45.7504],[-116.54634,45.74988],[-116.54629,45.74949],[-116.54629,45.74947],[-116.54605,45.74919],[-116.54581,45.74876],[-116.54561,45.74856],[-116.54532,45.74829],[-116.54529,45.74826],[-116.54505,45.74803],[-116.54465,45.74764],[-116.54426,45.74723],[-116.54425,45.74722],[-116.54404,45.74691],[-116.54403,45.7469],[-116.544,45.74686],[-116.544,45.74684],[-116.54379,45.74654],[-116.5433,45.74596],[-116.54308,45.7457],[-116.54251,45.74501],[-116.54214,45.74472],[-116.54177,45.74445],[-116.54161,45.74409],[-116.54132,45.74341],[-116.54128,45.74336],[-116.54072,45.74239],[-116.5407,45.74235],[-116.54048,45.74198],[-116.53998,45.74114],[-116.53978,45.74076],[-116.53956,45.74034],[-116.53946,45.74015],[-116.53934,45.73991],[-116.53913,45.73961],[-116.539,45.73944],[-116.53892,45.73932],[-116.53867,45.73896],[-116.53864,45.73893],[-116.53857,45.73886],[-116.53836,45.73868],[-116.53778,45.73816],[-116.53775,45.73812],[-116.53759,45.73789],[-116.53729,45.73745],[-116.53717,45.73729],[-116.53676,45.73613],[-116.53674,45.73597],[-116.53667,45.73544],[-116.53665,45.73525],[-116.53641,45.73481],[-116.5357,45.73423],[-116.53565,45.73391],[-116.53569,45.73307],[-116.53571,45.73288],[-116.53575,45.73239],[-116.53578,45.73197],[-116.53588,45.73074],[-116.53591,45.73037],[-116.53593,45.73034],[-116.53611,45.73],[-116.53619,45.72984],[-116.5367,45.72903],[-116.53673,45.72899],[-116.53685,45.72868],[-116.5369,45.72856],[-116.53704,45.7282],[-116.53705,45.72807],[-116.53709,45.72747],[-116.53709,45.72741],[-116.53711,45.72615],[-116.53697,45.72547],[-116.53684,45.72483],[-116.53681,45.72464],[-116.5368,45.72463],[-116.53687,45.72413],[-116.53689,45.72407],[-116.53694,45.72389],[-116.53696,45.72381],[-116.53698,45.7237],[-116.53701,45.72359],[-116.53703,45.72352],[-116.53707,45.72336],[-116.53711,45.72304],[-116.5373,45.7216],[-116.53737,45.72112],[-116.53738,45.72104],[-116.53741,45.72082],[-116.53754,45.7199],[-116.53758,45.71959],[-116.53762,45.7193],[-116.53769,45.71886],[-116.53775,45.71842],[-116.53779,45.71813],[-116.53779,45.71808],[-116.53784,45.71791],[-116.53785,45.71785],[-116.53785,45.71783],[-116.53787,45.71777],[-116.53788,45.71775],[-116.53791,45.71764],[-116.53795,45.71746],[-116.538,45.71729],[-116.53803,45.71717],[-116.53808,45.71697],[-116.53814,45.71674],[-116.53818,45.71636],[-116.5382,45.71616],[-116.53816,45.71588],[-116.53803,45.71502],[-116.53801,45.71493],[-116.53795,45.71475],[-116.53794,45.7147],[-116.53791,45.71463],[-116.53789,45.71456],[-116.53788,45.71452],[-116.53787,45.71449],[-116.53785,45.71445],[-116.53784,45.7144],[-116.53783,45.71437],[-116.53781,45.71434],[-116.5378,45.71428],[-116.53778,45.71422],[-116.53777,45.71419],[-116.53773,45.71409],[-116.53768,45.71394],[-116.53763,45.71379],[-116.5376,45.71369],[-116.53756,45.71357],[-116.5375,45.71339],[-116.53745,45.71319],[-116.53743,45.71306],[-116.53737,45.71281],[-116.5373,45.71246],[-116.53726,45.71206],[-116.53723,45.7118],[-116.53717,45.7112],[-116.53715,45.71106],[-116.53726,45.7094],[-116.53728,45.70905],[-116.53729,45.7088],[-116.53729,45.70855],[-116.53731,45.7078],[-116.53731,45.70763],[-116.5373,45.70755],[-116.53729,45.70748],[-116.53728,45.70736],[-116.53726,45.70725],[-116.53725,45.70717],[-116.53725,45.70715],[-116.53724,45.70709],[-116.53724,45.70707],[-116.5372,45.70674],[-116.53719,45.70662],[-116.53687,45.7058],[-116.53676,45.70549],[-116.53659,45.70505],[-116.5366,45.70475],[-116.53663,45.70396],[-116.53647,45.70244],[-116.53638,45.70167],[-116.53637,45.70155],[-116.53635,45.70134],[-116.53628,45.70036],[-116.53626,45.70004],[-116.53626,45.7],[-116.53626,45.69994],[-116.53626,45.69988],[-116.53627,45.69985],[-116.53628,45.69952],[-116.53632,45.69868],[-116.53632,45.69855],[-116.53633,45.69823],[-116.53633,45.69811],[-116.53633,45.69793],[-116.53633,45.69775],[-116.53633,45.69763],[-116.53633,45.69759],[-116.53634,45.69747],[-116.53637,45.69697],[-116.53639,45.69681],[-116.53639,45.69676],[-116.5364,45.69665],[-116.53638,45.6966],[-116.53637,45.69655],[-116.53637,45.69654],[-116.53636,45.69651],[-116.53636,45.6965],[-116.53633,45.69637],[-116.53628,45.69618],[-116.53624,45.69599],[-116.53621,45.69586],[-116.53614,45.6956],[-116.53605,45.69529],[-116.53583,45.6946],[-116.53542,45.69362],[-116.5354,45.69356],[-116.53521,45.69307],[-116.53517,45.69297],[-116.53517,45.69294],[-116.5352,45.69268],[-116.53522,45.69253],[-116.53523,45.69251],[-116.53525,45.6924],[-116.53527,45.69229],[-116.53531,45.69213],[-116.53534,45.69197],[-116.53537,45.69186],[-116.53538,45.6918],[-116.5354,45.69173],[-116.53532,45.69162],[-116.53529,45.69156],[-116.5352,45.69142],[-116.53512,45.69128],[-116.53498,45.69111],[-116.53433,45.69037],[-116.5339,45.68988],[-116.53355,45.68947],[-116.5332,45.68907],[-116.53297,45.68881],[-116.5324,45.68818],[-116.53215,45.68791],[-116.53209,45.68785],[-116.53187,45.68749],[-116.53187,45.68747],[-116.53186,45.68746],[-116.53183,45.68743],[-116.53183,45.68742],[-116.53153,45.687],[-116.5314,45.68681],[-116.53065,45.68616],[-116.53046,45.68593],[-116.53015,45.68553],[-116.53013,45.68552],[-116.53011,45.68548],[-116.53001,45.68529],[-116.52998,45.68524],[-116.52992,45.68513],[-116.52976,45.68485],[-116.52975,45.68481],[-116.52974,45.68469],[-116.52974,45.68465],[-116.52973,45.68459],[-116.52973,45.68453],[-116.52973,45.68449],[-116.5297,45.68419],[-116.52968,45.68408],[-116.52958,45.68355],[-116.52925,45.68292],[-116.52908,45.68259],[-116.52905,45.68255],[-116.52867,45.68202],[-116.52827,45.68147],[-116.5273,45.68063],[-116.52682,45.68023],[-116.5268,45.68021],[-116.52666,45.68013],[-116.52645,45.68001],[-116.52624,45.67989],[-116.52611,45.67981],[-116.52603,45.67977],[-116.52591,45.6797],[-116.52584,45.67961],[-116.5258,45.67954],[-116.52568,45.67938],[-116.52551,45.67916],[-116.52532,45.67895],[-116.52519,45.67881],[-116.52511,45.67873],[-116.52499,45.67861],[-116.52488,45.67849],[-116.5248,45.67841],[-116.52473,45.67833],[-116.52442,45.67806],[-116.52396,45.67764],[-116.52317,45.67717],[-116.52314,45.67715],[-116.52273,45.67691],[-116.52252,45.6768],[-116.52221,45.67662],[-116.52188,45.67652],[-116.52165,45.67646],[-116.52154,45.67642],[-116.52134,45.67636],[-116.52119,45.67632],[-116.52107,45.67629],[-116.5209,45.67624],[-116.52064,45.67617],[-116.52038,45.6761],[-116.52021,45.67605],[-116.52013,45.67603],[-116.5199,45.67597],[-116.51986,45.67595],[-116.51978,45.67592],[-116.51968,45.67588],[-116.51952,45.67583],[-116.51937,45.67577],[-116.51926,45.67574],[-116.51909,45.67567],[-116.51878,45.67556],[-116.5186,45.67547],[-116.51843,45.6754],[-116.51821,45.67529],[-116.51767,45.67504],[-116.51755,45.67493],[-116.51736,45.67477],[-116.51723,45.67465],[-116.51682,45.67429],[-116.51671,45.6742],[-116.51668,45.67417],[-116.51656,45.67408],[-116.51638,45.67393],[-116.5162,45.67378],[-116.51608,45.67369],[-116.51593,45.67356],[-116.51583,45.67348],[-116.51547,45.67315],[-116.51532,45.67302],[-116.51508,45.6728],[-116.51471,45.67247],[-116.51435,45.67215],[-116.51411,45.67193],[-116.51409,45.67191],[-116.51405,45.67187],[-116.51403,45.67186],[-116.5139,45.67174],[-116.51371,45.67157],[-116.51351,45.67139],[-116.51338,45.67128],[-116.51326,45.67116],[-116.51321,45.67112],[-116.51289,45.6708],[-116.51277,45.67068],[-116.5126,45.6705],[-116.51233,45.67022],[-116.51212,45.66992],[-116.51198,45.66971],[-116.51192,45.66962],[-116.51179,45.66943],[-116.51174,45.66936],[-116.51168,45.66927],[-116.51157,45.66909],[-116.5114,45.66883],[-116.51129,45.66866],[-116.51122,45.66856],[-116.5112,45.66852],[-116.51111,45.66838],[-116.51108,45.66833],[-116.51102,45.66825],[-116.51097,45.66817],[-116.51094,45.66811],[-116.51086,45.66798],[-116.51075,45.66778],[-116.51063,45.66758],[-116.51056,45.66745],[-116.51042,45.66721],[-116.51036,45.66713],[-116.50991,45.66649],[-116.50961,45.66632],[-116.5093,45.66612],[-116.50922,45.66608],[-116.50911,45.66601],[-116.50904,45.66592],[-116.50899,45.66586],[-116.50889,45.66574],[-116.50884,45.66568],[-116.50858,45.66542],[-116.50848,45.66532],[-116.50843,45.66527],[-116.50829,45.66513],[-116.50824,45.6651],[-116.50783,45.66482],[-116.50756,45.66464],[-116.50675,45.66408],[-116.50662,45.66398],[-116.50623,45.66369],[-116.50618,45.66365],[-116.50614,45.66357],[-116.50596,45.66321],[-116.50594,45.66316],[-116.50589,45.66302],[-116.50581,45.66281],[-116.50573,45.66262],[-116.50563,45.66218],[-116.50562,45.66215],[-116.50547,45.66197],[-116.50543,45.66191],[-116.50537,45.66188],[-116.50502,45.66165],[-116.50491,45.66158],[-116.50486,45.66155],[-116.5048,45.66151],[-116.50473,45.66147],[-116.50468,45.66145],[-116.50464,45.66142],[-116.50458,45.66139],[-116.50452,45.66135],[-116.50448,45.66133],[-116.50397,45.66104],[-116.50381,45.66095],[-116.50248,45.66035],[-116.50237,45.66029],[-116.50186,45.66],[-116.50175,45.65994],[-116.50154,45.65982],[-116.50144,45.65973],[-116.50135,45.65964],[-116.50132,45.65962],[-116.50128,45.65958],[-116.50124,45.65954],[-116.50121,45.65951],[-116.50113,45.65944],[-116.50097,45.65928],[-116.50087,45.65928],[-116.50077,45.65927],[-116.50075,45.65927],[-116.50055,45.65907],[-116.50035,45.65884],[-116.50032,45.65882],[-116.50004,45.65857],[-116.49961,45.65843],[-116.49917,45.65822],[-116.49874,45.65804],[-116.49865,45.658],[-116.49824,45.65782],[-116.49819,45.65778],[-116.4979,45.65761],[-116.49777,45.65754],[-116.49722,45.65742],[-116.49694,45.6573],[-116.49683,45.65725],[-116.49668,45.65711],[-116.49657,45.65701],[-116.49622,45.65674],[-116.49606,45.65663],[-116.49574,45.65641],[-116.49506,45.65604],[-116.49451,45.65568],[-116.49411,45.65537],[-116.49407,45.65534],[-116.49366,45.65496],[-116.49354,45.65485],[-116.49331,45.65465],[-116.49321,45.65456],[-116.4929,45.65428],[-116.49257,45.65396],[-116.49222,45.65372],[-116.49209,45.65363],[-116.49188,45.65346],[-116.49149,45.65326],[-116.49074,45.65256],[-116.48985,45.65179],[-116.48931,45.65126],[-116.48882,45.6508],[-116.48847,45.65023],[-116.48798,45.64964],[-116.48747,45.64888],[-116.48745,45.64881],[-116.48741,45.64858],[-116.48736,45.64828],[-116.48726,45.64781],[-116.48726,45.64779],[-116.48727,45.64768],[-116.4873,45.64737],[-116.48731,45.64728],[-116.48732,45.64711],[-116.48736,45.64679],[-116.48741,45.64633],[-116.48745,45.64607],[-116.48745,45.64605],[-116.48747,45.64599],[-116.48747,45.64597],[-116.48748,45.64594],[-116.48758,45.64553],[-116.48761,45.64545],[-116.48773,45.6448],[-116.48783,45.6443],[-116.48785,45.64424],[-116.48773,45.64396],[-116.4877,45.64392],[-116.48748,45.64371],[-116.48745,45.64368],[-116.48683,45.64333],[-116.48668,45.64326],[-116.4864,45.64313],[-116.48634,45.6431],[-116.48625,45.64306],[-116.48616,45.64302],[-116.4861,45.64299],[-116.48591,45.64291],[-116.48548,45.64272],[-116.48537,45.64269],[-116.48518,45.64263],[-116.48509,45.6426],[-116.48499,45.64257],[-116.48483,45.64252],[-116.48474,45.6425],[-116.4847,45.64249],[-116.48464,45.64248],[-116.48458,45.64247],[-116.48454,45.64246],[-116.48445,45.64244],[-116.48435,45.64242],[-116.48422,45.64232],[-116.48415,45.64227],[-116.48408,45.64223],[-116.48396,45.64214],[-116.48389,45.64209],[-116.48383,45.64204],[-116.48356,45.64185],[-116.48349,45.64179],[-116.48329,45.64153],[-116.48316,45.64115],[-116.48308,45.641],[-116.48291,45.64072],[-116.48291,45.64071],[-116.48267,45.64034],[-116.48257,45.64009],[-116.48249,45.63992],[-116.48247,45.63935],[-116.48251,45.63875],[-116.48255,45.63799],[-116.48256,45.63796],[-116.48267,45.63725],[-116.48267,45.63721],[-116.48268,45.63718],[-116.48269,45.6371],[-116.4827,45.63706],[-116.48271,45.637],[-116.48273,45.63691],[-116.48275,45.63682],[-116.48276,45.63676],[-116.48284,45.63636],[-116.4829,45.63609],[-116.48299,45.63567],[-116.48306,45.63511],[-116.48306,45.63453],[-116.48301,45.63405],[-116.483,45.63402],[-116.48281,45.6336],[-116.48266,45.63342],[-116.48243,45.63313],[-116.48235,45.63306],[-116.48198,45.63267],[-116.48156,45.63237],[-116.48121,45.63223],[-116.48102,45.63215],[-116.48076,45.63208],[-116.48034,45.63197],[-116.48015,45.63196],[-116.47957,45.63191],[-116.47871,45.63184],[-116.47828,45.63184],[-116.47804,45.63184],[-116.47766,45.63182],[-116.47722,45.63179],[-116.47713,45.63179],[-116.47664,45.63179],[-116.4758,45.6317],[-116.47555,45.6316],[-116.47506,45.6314],[-116.47454,45.6311],[-116.47435,45.631],[-116.47379,45.63059],[-116.47321,45.63015],[-116.47309,45.63004],[-116.47267,45.62968],[-116.47263,45.62965],[-116.47256,45.62959],[-116.47245,45.6295],[-116.47235,45.62941],[-116.47227,45.62935],[-116.47224,45.62932],[-116.4722,45.62928],[-116.47215,45.62924],[-116.47212,45.62921],[-116.4721,45.6292],[-116.47177,45.6288],[-116.47159,45.62857],[-116.4715,45.62847],[-116.4713,45.62806],[-116.47124,45.62767],[-116.47136,45.62719],[-116.47168,45.62679],[-116.47198,45.62641],[-116.47203,45.62634],[-116.4724,45.62592],[-116.47249,45.62576],[-116.4726,45.62556],[-116.4726,45.62554],[-116.47274,45.62519],[-116.47288,45.62488],[-116.47274,45.62468],[-116.47268,45.6246],[-116.47259,45.62448],[-116.47251,45.62436],[-116.47245,45.62427],[-116.47225,45.624],[-116.47197,45.62359],[-116.47167,45.62318],[-116.47148,45.62291],[-116.47122,45.62255],[-116.47104,45.62229],[-116.47044,45.62147],[-116.47029,45.62127],[-116.47018,45.62111],[-116.47008,45.62097],[-116.46981,45.6206],[-116.46976,45.62056],[-116.46964,45.62045],[-116.46933,45.62018],[-116.4691,45.62005],[-116.46734,45.61909],[-116.46732,45.61909],[-116.46671,45.61881],[-116.46662,45.61877],[-116.46646,45.61869],[-116.46634,45.61865],[-116.46625,45.61862],[-116.46603,45.61854],[-116.4658,45.61845],[-116.46544,45.61819],[-116.46526,45.61805],[-116.46524,45.61804],[-116.46519,45.618],[-116.46517,45.61799],[-116.46478,45.61765],[-116.46458,45.61748],[-116.46424,45.61706],[-116.46386,45.61642],[-116.46362,45.61599],[-116.46358,45.61591],[-116.4635,45.61579],[-116.46348,45.61568],[-116.46346,45.61559],[-116.46339,45.6153],[-116.46336,45.61517],[-116.4633,45.61476],[-116.4634,45.6144],[-116.46341,45.61437],[-116.46353,45.61412],[-116.46357,45.61406],[-116.46361,45.61364],[-116.46362,45.61356],[-116.4636,45.61301],[-116.46349,45.61237],[-116.46345,45.61218],[-116.46335,45.6117],[-116.46333,45.61159],[-116.46326,45.61093],[-116.46326,45.61081],[-116.46331,45.60933],[-116.46338,45.6081],[-116.46344,45.6072],[-116.46345,45.6069],[-116.46346,45.60681],[-116.4636,45.606],[-116.46362,45.60591],[-116.46362,45.60569],[-116.46362,45.60558],[-116.46362,45.60542],[-116.46361,45.60526],[-116.46361,45.60515],[-116.46361,45.60504],[-116.46362,45.60495],[-116.46363,45.60457],[-116.46356,45.60435],[-116.4635,45.60416],[-116.46341,45.60386],[-116.46344,45.60356],[-116.46346,45.60337],[-116.46363,45.60279],[-116.46398,45.60221],[-116.46417,45.6019],[-116.46448,45.60137],[-116.46452,45.6013],[-116.46458,45.6012],[-116.46464,45.60109],[-116.46468,45.60102],[-116.46472,45.60096],[-116.46487,45.6008],[-116.46517,45.60048],[-116.46553,45.60023],[-116.46557,45.60021],[-116.46575,45.60003],[-116.46588,45.5999],[-116.46605,45.59974],[-116.46624,45.5995],[-116.46635,45.59936],[-116.46651,45.59916],[-116.46658,45.59907],[-116.46692,45.59853],[-116.46706,45.59832],[-116.46714,45.59819],[-116.46736,45.59796],[-116.46836,45.59698],[-116.46869,45.59665],[-116.46885,45.5965],[-116.46908,45.59627],[-116.46932,45.59603],[-116.46947,45.59588],[-116.46956,45.59579],[-116.4697,45.59565],[-116.46984,45.59552],[-116.46993,45.59543],[-116.47013,45.59523],[-116.47039,45.59498],[-116.4707,45.5946],[-116.47088,45.59439],[-116.47096,45.5943],[-116.47102,45.59424],[-116.47133,45.59393],[-116.47147,45.59381],[-116.47152,45.59377],[-116.47162,45.59367],[-116.47165,45.59365],[-116.47168,45.59361],[-116.47174,45.59358],[-116.47177,45.59356],[-116.47196,45.59343],[-116.47246,45.59311],[-116.47253,45.59306],[-116.47272,45.59294],[-116.47276,45.59291],[-116.4728,45.59289],[-116.47287,45.59285],[-116.47293,45.59281],[-116.47297,45.59279],[-116.47329,45.59259],[-116.47338,45.59254],[-116.47405,45.59216],[-116.47426,45.59204],[-116.47459,45.59185],[-116.4747,45.59179],[-116.47474,45.59177],[-116.475,45.59154],[-116.4751,45.59146],[-116.47519,45.59132],[-116.47534,45.59111],[-116.47549,45.59091],[-116.47558,45.59077],[-116.47559,45.59075],[-116.47562,45.59072],[-116.47562,45.59071],[-116.47565,45.59067],[-116.47574,45.59051],[-116.47597,45.59009],[-116.47615,45.58995],[-116.47634,45.58981],[-116.47652,45.58967],[-116.47697,45.58945],[-116.47715,45.58936],[-116.47788,45.58923],[-116.47891,45.58891],[-116.47906,45.58884],[-116.47972,45.58854],[-116.4798,45.5885],[-116.47997,45.58842],[-116.48003,45.58838],[-116.48011,45.58834],[-116.48045,45.58814],[-116.48079,45.58794],[-116.4814,45.58742],[-116.48163,45.58722],[-116.4817,45.58715],[-116.48204,45.5868],[-116.48216,45.58668],[-116.48267,45.58596],[-116.48287,45.58559],[-116.48307,45.58523],[-116.4831,45.58516],[-116.48313,45.58511],[-116.48318,45.58503],[-116.48322,45.58495],[-116.48324,45.5849],[-116.48328,45.58483],[-116.4833,45.58475],[-116.48339,45.58428],[-116.48343,45.58413],[-116.48345,45.58406],[-116.48349,45.58394],[-116.48352,45.58383],[-116.48354,45.58376],[-116.48359,45.58358],[-116.48361,45.58351],[-116.48362,45.58301],[-116.48362,45.58296],[-116.48355,45.58284],[-116.48349,45.58275],[-116.48341,45.58262],[-116.48333,45.58248],[-116.48328,45.58239],[-116.48327,45.58237],[-116.48322,45.58233],[-116.48304,45.58216],[-116.48298,45.5821],[-116.48295,45.58208],[-116.48289,45.58203],[-116.48288,45.58202],[-116.48285,45.582],[-116.48272,45.58192],[-116.48253,45.58178],[-116.48233,45.58165],[-116.48221,45.58157],[-116.48212,45.5815],[-116.48186,45.58132],[-116.48152,45.58108],[-116.48121,45.5806],[-116.4812,45.5803],[-116.48119,45.57994],[-116.48121,45.57987],[-116.48137,45.57917],[-116.48138,45.57914],[-116.48158,45.57852],[-116.48194,45.5779],[-116.48242,45.57745],[-116.48259,45.57731],[-116.48297,45.57701],[-116.48321,45.5769],[-116.48335,45.57684],[-116.48356,45.57675],[-116.48377,45.57668],[-116.48391,45.57663],[-116.48405,45.57658],[-116.48448,45.57646],[-116.48462,45.57642],[-116.48485,45.57636],[-116.48511,45.57629],[-116.48553,45.57616],[-116.48576,45.57609],[-116.48594,45.57603],[-116.48624,45.57593],[-116.4865,45.57587],[-116.48669,45.57582],[-116.48707,45.57573],[-116.48791,45.57552],[-116.48821,45.5754],[-116.48857,45.57526],[-116.48925,45.57499],[-116.48955,45.57487],[-116.49028,45.5745],[-116.49073,45.57419],[-116.4911,45.57387],[-116.49125,45.57375],[-116.49162,45.57346],[-116.49168,45.57343],[-116.49181,45.57338],[-116.49203,45.5733],[-116.49221,45.57322],[-116.49235,45.57316],[-116.49241,45.57313],[-116.49266,45.57304],[-116.49301,45.57291],[-116.49357,45.57262],[-116.4937,45.57255],[-116.49386,45.57246],[-116.49393,45.57241],[-116.49404,45.57234],[-116.49415,45.57227],[-116.49423,45.57223],[-116.49443,45.57207],[-116.49475,45.57182],[-116.49503,45.57159],[-116.49519,45.57147],[-116.49524,45.57144],[-116.49547,45.57128],[-116.49563,45.57118],[-116.49613,45.57076],[-116.49637,45.57061],[-116.49669,45.57041],[-116.49687,45.57031],[-116.49766,45.56979],[-116.49798,45.56958],[-116.49817,45.56946],[-116.49835,45.56934],[-116.49876,45.56909],[-116.49896,45.56896],[-116.49898,45.56895],[-116.49902,45.56893],[-116.49903,45.56892],[-116.4993,45.56877],[-116.4997,45.56854],[-116.50011,45.56831],[-116.50037,45.56815],[-116.50079,45.56791],[-116.50097,45.56781],[-116.50193,45.56718],[-116.502,45.56713],[-116.5024,45.56686],[-116.50268,45.56666],[-116.50276,45.56661],[-116.50323,45.56617],[-116.50341,45.56596],[-116.50353,45.56582],[-116.50357,45.56568],[-116.5036,45.56557],[-116.50365,45.56541],[-116.50369,45.56524],[-116.50372,45.56514],[-116.50373,45.5651],[-116.50372,45.56502],[-116.50371,45.56466],[-116.5037,45.56454],[-116.5037,45.56437],[-116.50354,45.56427],[-116.50343,45.5642],[-116.50323,45.56331],[-116.50315,45.56297],[-116.50316,45.56288],[-116.50316,45.56275],[-116.50318,45.56262],[-116.50318,45.56259],[-116.50319,45.56249],[-116.50326,45.56229],[-116.50345,45.56169],[-116.50347,45.56166],[-116.50359,45.56148],[-116.50396,45.56095],[-116.5042,45.56073],[-116.50506,45.55994],[-116.50595,45.5592],[-116.50642,45.55884],[-116.50697,45.55843],[-116.50723,45.55831],[-116.50764,45.55811],[-116.50788,45.558],[-116.50877,45.55745],[-116.50884,45.55742],[-116.50927,45.55725],[-116.50945,45.55717],[-116.50953,45.55714],[-116.51,45.55695],[-116.51019,45.55687],[-116.51022,45.55686],[-116.51026,45.55684],[-116.51031,45.55682],[-116.51034,45.55681],[-116.51055,45.55672],[-116.51084,45.55666],[-116.51175,45.55645],[-116.51237,45.55639],[-116.51272,45.55637],[-116.51289,45.55635],[-116.51331,45.55632],[-116.51393,45.55628],[-116.51456,45.55643],[-116.51482,45.55649],[-116.51497,45.55654],[-116.51531,45.55659],[-116.51602,45.5567],[-116.51635,45.55672],[-116.5167,45.55674],[-116.51747,45.55679],[-116.51755,45.55678],[-116.51851,45.55669],[-116.51964,45.55644],[-116.52004,45.55635],[-116.52074,45.5562],[-116.52087,45.55616],[-116.52103,45.5561],[-116.52127,45.55602],[-116.52152,45.55593],[-116.52168,45.55588],[-116.52179,45.55584],[-116.52223,45.55563],[-116.52291,45.5553],[-116.52383,45.55477],[-116.52418,45.55457],[-116.52437,45.5545],[-116.52444,45.55447],[-116.52454,45.55444],[-116.52503,45.55426],[-116.52515,45.55422],[-116.5252,45.5542],[-116.52537,45.55408],[-116.52563,45.55391],[-116.52589,45.55373],[-116.52606,45.55362],[-116.52617,45.55355],[-116.52644,45.55328],[-116.52653,45.5532],[-116.52683,45.5529],[-116.52686,45.55285],[-116.52723,45.55228],[-116.52772,45.55182],[-116.52778,45.55179],[-116.52821,45.55157],[-116.52827,45.55154],[-116.52832,45.55151],[-116.52839,45.55138],[-116.52842,45.55133],[-116.52843,45.55131],[-116.52846,45.55125],[-116.52847,45.55124],[-116.52856,45.55109],[-116.52856,45.55108],[-116.52862,45.5506],[-116.52862,45.55054],[-116.5286,45.55036],[-116.52857,45.55015],[-116.52856,45.55014],[-116.52828,45.54989],[-116.52798,45.54983],[-116.52776,45.54979],[-116.52772,45.54978],[-116.52763,45.54976],[-116.52727,45.54966],[-116.52715,45.54962],[-116.52711,45.54961],[-116.5262,45.54948],[-116.52597,45.54945],[-116.52482,45.54887],[-116.52417,45.54856],[-116.52395,45.54823],[-116.52386,45.54803],[-116.52375,45.54773],[-116.5236,45.5474],[-116.52345,45.54717],[-116.52343,45.54708],[-116.52339,45.54689],[-116.52341,45.54679],[-116.52342,45.5467],[-116.52342,45.54667],[-116.52344,45.54658],[-116.52344,45.54656],[-116.52365,45.54627],[-116.52388,45.54595],[-116.52445,45.54557],[-116.52452,45.54553],[-116.52478,45.54546],[-116.5249,45.54543],[-116.52508,45.54538],[-116.52525,45.54533],[-116.52537,45.5453],[-116.52539,45.54529],[-116.52543,45.54528],[-116.52546,45.54526],[-116.52548,45.54525],[-116.52569,45.54515],[-116.52625,45.54486],[-116.52629,45.54481],[-116.52645,45.54463],[-116.52652,45.54455],[-116.52658,45.54449],[-116.52661,45.54425],[-116.52663,45.54414],[-116.52665,45.54399],[-116.52659,45.5435],[-116.52658,45.54346],[-116.52658,45.54334],[-116.52658,45.54332],[-116.52658,45.5432],[-116.52657,45.54287],[-116.52657,45.54281],[-116.52657,45.54268],[-116.52655,45.54227],[-116.52655,45.54225],[-116.52675,45.5417],[-116.52701,45.54114],[-116.52718,45.54077],[-116.52721,45.5407],[-116.52761,45.54018],[-116.52785,45.53987],[-116.52809,45.5396],[-116.52839,45.53927],[-116.52874,45.539],[-116.52903,45.53875],[-116.5292,45.53865],[-116.52925,45.53862],[-116.52981,45.53829],[-116.52984,45.53828],[-116.52997,45.5382],[-116.53036,45.53795],[-116.53051,45.53787],[-116.53083,45.53771],[-116.53089,45.53768],[-116.53123,45.53731],[-116.53153,45.53693],[-116.53173,45.53668],[-116.53174,45.53664],[-116.53193,45.53622],[-116.53202,45.53602],[-116.53235,45.53536],[-116.53252,45.53496],[-116.53261,45.53476],[-116.53267,45.53452],[-116.53277,45.53414],[-116.53277,45.5341],[-116.53286,45.53354],[-116.53311,45.53283],[-116.53313,45.53277],[-116.53307,45.5324],[-116.53304,45.53223],[-116.53311,45.53176],[-116.53311,45.5317],[-116.53305,45.53116],[-116.53285,45.53049],[-116.53295,45.53013],[-116.5331,45.52966],[-116.53313,45.52954],[-116.5335,45.52916],[-116.53354,45.52912],[-116.53374,45.52889],[-116.53384,45.52877],[-116.53421,45.52838],[-116.5343,45.52817],[-116.53436,45.528],[-116.53442,45.52788],[-116.53458,45.52758],[-116.53468,45.52736],[-116.5348,45.52711],[-116.53495,45.52659],[-116.53519,45.52568],[-116.53545,45.52515],[-116.53547,45.5251],[-116.53548,45.52508],[-116.53556,45.52497],[-116.53559,45.52492],[-116.53562,45.52487],[-116.53567,45.5248],[-116.53572,45.52473],[-116.53575,45.52468],[-116.53587,45.52451],[-116.53599,45.52436],[-116.53634,45.52394],[-116.53686,45.52357],[-116.53696,45.52351],[-116.53722,45.5234],[-116.53737,45.52334],[-116.53764,45.52323],[-116.53784,45.52313],[-116.53799,45.52306],[-116.53807,45.52302],[-116.53832,45.52289],[-116.53841,45.52285],[-116.53854,45.52279],[-116.53885,45.52263],[-116.5389,45.52258],[-116.53901,45.52248],[-116.53923,45.52227],[-116.53932,45.52218],[-116.53987,45.52159],[-116.53992,45.52155],[-116.54007,45.52135],[-116.54014,45.52127],[-116.54024,45.52114],[-116.54034,45.52101],[-116.5404,45.52093],[-116.54042,45.52089],[-116.54046,45.52084],[-116.54049,45.5208],[-116.54051,45.52076],[-116.54074,45.52041],[-116.54093,45.52011],[-116.54089,45.51974],[-116.54091,45.51919],[-116.54091,45.51905],[-116.54096,45.51876],[-116.54097,45.51873],[-116.54098,45.51867],[-116.54099,45.51861],[-116.54099,45.51857],[-116.541,45.5185],[-116.5411,45.51826],[-116.54127,45.51784],[-116.54152,45.51738],[-116.54168,45.51709],[-116.542,45.51656],[-116.54212,45.51637],[-116.54263,45.51559],[-116.54307,45.51504],[-116.54313,45.51496],[-116.54348,45.51458],[-116.54374,45.5143],[-116.54384,45.51419],[-116.54455,45.51365],[-116.54463,45.51357],[-116.54489,45.51329],[-116.54503,45.51315],[-116.5452,45.51297],[-116.54547,45.51273],[-116.54562,45.5126],[-116.54573,45.5125],[-116.54602,45.51224],[-116.54607,45.51221],[-116.54619,45.51211],[-116.54631,45.51202],[-116.54649,45.51188],[-116.54667,45.51174],[-116.54679,45.51165],[-116.54688,45.51158],[-116.54738,45.51129],[-116.54783,45.51104],[-116.54868,45.51039],[-116.54914,45.51016],[-116.54969,45.5099],[-116.54977,45.50985],[-116.54979,45.50984],[-116.54986,45.5098],[-116.54988,45.50979],[-116.55006,45.50969],[-116.55032,45.50955],[-116.55058,45.50941],[-116.55075,45.50931],[-116.55079,45.50929],[-116.55125,45.50899],[-116.5517,45.5087],[-116.5525,45.50831],[-116.55286,45.50823],[-116.55318,45.50816],[-116.55345,45.5081],[-116.55353,45.50809],[-116.55366,45.50806],[-116.55379,45.50803],[-116.55387,45.50802],[-116.55418,45.50795],[-116.55463,45.50786],[-116.55509,45.50765],[-116.55538,45.50752],[-116.55542,45.5075],[-116.55549,45.50747],[-116.55552,45.50744],[-116.55555,45.50741],[-116.55571,45.50728],[-116.55603,45.50702],[-116.55614,45.50686],[-116.55626,45.50669],[-116.55631,45.50662],[-116.55634,45.50657],[-116.55659,45.50623],[-116.55667,45.50612],[-116.55669,45.50609],[-116.55675,45.50599],[-116.55677,45.50596],[-116.5569,45.50574],[-116.55703,45.50554],[-116.55719,45.50503],[-116.55726,45.50478],[-116.55728,45.50471],[-116.55732,45.5046],[-116.55735,45.5045],[-116.55738,45.50443],[-116.55739,45.50438],[-116.55742,45.5043],[-116.55745,45.50422],[-116.55746,45.50417],[-116.55749,45.50407],[-116.55752,45.50392],[-116.55756,45.50377],[-116.55758,45.50367],[-116.55761,45.50355],[-116.55762,45.50349],[-116.55759,45.50322],[-116.55757,45.5031],[-116.55757,45.50307],[-116.55756,45.50302],[-116.55756,45.50297],[-116.55755,45.50293],[-116.55753,45.50275],[-116.55751,45.50258],[-116.5573,45.50227],[-116.5572,45.50212],[-116.55719,45.5021],[-116.55715,45.50204],[-116.55714,45.50203],[-116.55713,45.50202],[-116.557,45.50187],[-116.55657,45.50139],[-116.55652,45.50132],[-116.55641,45.50125],[-116.55621,45.50112],[-116.55592,45.50092],[-116.55559,45.50076],[-116.55538,45.50065],[-116.55529,45.50061],[-116.55504,45.50048],[-116.55503,45.50047],[-116.55496,45.50042],[-116.55479,45.50032],[-116.55455,45.50015],[-116.5543,45.49999],[-116.55414,45.49988],[-116.55403,45.49976],[-116.55387,45.49957],[-116.55371,45.49938],[-116.5536,45.49925],[-116.55358,45.49924],[-116.55354,45.49919],[-116.55352,45.49917],[-116.5535,45.49914],[-116.55347,45.49911],[-116.55347,45.49904],[-116.55347,45.49901],[-116.55345,45.49859],[-116.55342,45.49769],[-116.55335,45.49735],[-116.55326,45.49694],[-116.5532,45.49669],[-116.55309,45.49621],[-116.55317,45.49593],[-116.55325,45.49568],[-116.55339,45.4952],[-116.55361,45.49447],[-116.55387,45.49375],[-116.55404,45.49328],[-116.55413,45.49302],[-116.55427,45.49263],[-116.55441,45.49224],[-116.5545,45.49198],[-116.55452,45.49193],[-116.55453,45.4919],[-116.55465,45.49168],[-116.55469,45.4916],[-116.55476,45.49146],[-116.55487,45.49125],[-116.55498,45.49105],[-116.55505,45.49091],[-116.55515,45.49072],[-116.55537,45.49029],[-116.55544,45.49016],[-116.55554,45.48998],[-116.55574,45.4896],[-116.5559,45.48931],[-116.55598,45.48893],[-116.5561,45.48838],[-116.55619,45.48796],[-116.5562,45.48792],[-116.55621,45.48785],[-116.55623,45.48779],[-116.55624,45.48775],[-116.55633,45.48731],[-116.55642,45.48688],[-116.55676,45.48634],[-116.55682,45.48611],[-116.55694,45.48569],[-116.55696,45.48563],[-116.557,45.4855],[-116.557,45.48544],[-116.55701,45.48538],[-116.55703,45.48527],[-116.55706,45.48508],[-116.55708,45.48493],[-116.5571,45.48481],[-116.55714,45.48447],[-116.55717,45.48427],[-116.55753,45.48353],[-116.55768,45.48322],[-116.55773,45.48312],[-116.55781,45.48296],[-116.55788,45.4828],[-116.55793,45.48269],[-116.55808,45.48239],[-116.55809,45.48237],[-116.55866,45.48142],[-116.55881,45.48119],[-116.55881,45.4811],[-116.5588,45.481],[-116.5588,45.48087],[-116.55881,45.48073],[-116.55881,45.48064],[-116.5588,45.48038],[-116.5588,45.48007],[-116.55859,45.47966],[-116.55848,45.47944],[-116.55837,45.47921],[-116.5582,45.47888],[-116.55803,45.47855],[-116.55792,45.47832],[-116.55785,45.47818],[-116.5577,45.47789],[-116.55763,45.47776],[-116.55756,45.47762],[-116.55726,45.47702],[-116.5572,45.47689],[-116.55646,45.47543],[-116.55633,45.47523],[-116.55596,45.47467],[-116.55586,45.47452],[-116.55576,45.47436],[-116.55556,45.47407],[-116.55547,45.47392],[-116.55541,45.47384],[-116.55526,45.4736],[-116.55521,45.47352],[-116.555,45.47287],[-116.55498,45.4728],[-116.55514,45.47083],[-116.55517,45.47042],[-116.55522,45.47016],[-116.55529,45.4699],[-116.5554,45.4694],[-116.55541,45.46912],[-116.55541,45.46902],[-116.55539,45.46885],[-116.55538,45.46874],[-116.55537,45.46858],[-116.55536,45.46839],[-116.55535,45.46828],[-116.55535,45.46827],[-116.55534,45.46824],[-116.55534,45.46814],[-116.55531,45.46784],[-116.55531,45.46783],[-116.5553,45.46774],[-116.5553,45.46772],[-116.55529,45.46767],[-116.55529,45.46766],[-116.55524,45.46728],[-116.55515,45.46669],[-116.55507,45.46614],[-116.55502,45.46576],[-116.55498,45.46552],[-116.55497,45.46546],[-116.55483,45.46482],[-116.55483,45.46481],[-116.55483,45.46459],[-116.55483,45.46429],[-116.55483,45.46387],[-116.55483,45.4634],[-116.55483,45.46311],[-116.55483,45.46306],[-116.55483,45.46293],[-116.55489,45.46291],[-116.55579,45.46262],[-116.55674,45.46232],[-116.55858,45.46201],[-116.55894,45.46195],[-116.55951,45.4618],[-116.55953,45.46179],[-116.55962,45.46177],[-116.55965,45.46177],[-116.55975,45.46174],[-116.5599,45.4617],[-116.56005,45.46166],[-116.56016,45.46163],[-116.56021,45.46162],[-116.56028,45.4616],[-116.56036,45.46158],[-116.56041,45.46156],[-116.56086,45.46145],[-116.56145,45.46129],[-116.56174,45.46121],[-116.5619,45.46112],[-116.56264,45.46086],[-116.56285,45.46078],[-116.56309,45.46067],[-116.56346,45.46051],[-116.56357,45.46045],[-116.56385,45.4603],[-116.56397,45.46023],[-116.56416,45.4601],[-116.56437,45.45997],[-116.56458,45.45985],[-116.56494,45.45959],[-116.56511,45.45944],[-116.56521,45.45931],[-116.56538,45.45913],[-116.5654,45.45911],[-116.56572,45.45883],[-116.56592,45.45861],[-116.56602,45.45849],[-116.56609,45.45842],[-116.56613,45.45838],[-116.56619,45.45831],[-116.56625,45.45825],[-116.56629,45.4582],[-116.56639,45.4581],[-116.56649,45.45802],[-116.56654,45.45799],[-116.56713,45.45749],[-116.56734,45.45732],[-116.5674,45.45722],[-116.56741,45.45719],[-116.56745,45.45701],[-116.56753,45.45677],[-116.56757,45.45664],[-116.56761,45.45659],[-116.56766,45.45653],[-116.56773,45.45643],[-116.56777,45.45638],[-116.56786,45.45627],[-116.56789,45.45622],[-116.56799,45.45611],[-116.56814,45.45592],[-116.56819,45.45587],[-116.56825,45.45582],[-116.56854,45.45566],[-116.56901,45.4554],[-116.56944,45.4552],[-116.56974,45.45505],[-116.56981,45.45502],[-116.56983,45.45501],[-116.56989,45.45498],[-116.57,45.45492],[-116.57007,45.45489],[-116.57015,45.45485],[-116.57021,45.45483],[-116.57041,45.45473],[-116.57049,45.45469],[-116.57063,45.45462],[-116.5708,45.45454],[-116.57107,45.45445],[-116.57122,45.45439],[-116.5713,45.45437],[-116.57139,45.45433],[-116.57152,45.45429],[-116.5716,45.45426],[-116.57179,45.45421],[-116.57186,45.45418],[-116.57227,45.45402],[-116.57265,45.45389],[-116.57291,45.4538],[-116.57297,45.45378],[-116.57305,45.45375],[-116.57314,45.45372],[-116.57319,45.4537],[-116.57325,45.45368],[-116.57329,45.45367],[-116.5734,45.45361],[-116.57345,45.45359],[-116.57349,45.45358],[-116.57355,45.45355],[-116.5736,45.45353],[-116.57364,45.45351],[-116.57372,45.45348],[-116.57394,45.45339],[-116.57466,45.45307],[-116.57484,45.453],[-116.57514,45.45287],[-116.57539,45.45276],[-116.57595,45.45252],[-116.57611,45.45242],[-116.57633,45.45227],[-116.5767,45.45209],[-116.57681,45.45202],[-116.57699,45.45189],[-116.57732,45.45164],[-116.57754,45.45147],[-116.57771,45.45135],[-116.57791,45.45123],[-116.57807,45.45114],[-116.57818,45.45107],[-116.57844,45.45089],[-116.57914,45.4504],[-116.57944,45.4502],[-116.57956,45.45011],[-116.57994,45.44986],[-116.58005,45.44979],[-116.58014,45.44973],[-116.58038,45.44958],[-116.58049,45.44952],[-116.58051,45.4495],[-116.58058,45.44947],[-116.5806,45.44945],[-116.58086,45.4493],[-116.58138,45.44898],[-116.58159,45.44875],[-116.58165,45.44869],[-116.5818,45.44852],[-116.58191,45.44841],[-116.58207,45.44823],[-116.58214,45.44815],[-116.58223,45.44806],[-116.58233,45.44794],[-116.58257,45.44762],[-116.58323,45.44671],[-116.58327,45.44664],[-116.58349,45.44631],[-116.58353,45.44625],[-116.58358,45.44616],[-116.58364,45.44607],[-116.58368,45.44602],[-116.58379,45.44583],[-116.58395,45.44558],[-116.58422,45.44536],[-116.58424,45.44535],[-116.58441,45.44524],[-116.58449,45.44519],[-116.58464,45.4451],[-116.58473,45.44504],[-116.58481,45.44498],[-116.58511,45.4448],[-116.58591,45.4443],[-116.58603,45.44426],[-116.58636,45.44413],[-116.58643,45.4441],[-116.58654,45.44406],[-116.58667,45.44402],[-116.58674,45.44399],[-116.58688,45.44394],[-116.58709,45.44386],[-116.5873,45.44378],[-116.58743,45.44373],[-116.58751,45.44364],[-116.58763,45.44352],[-116.58775,45.44339],[-116.58783,45.44331],[-116.58792,45.44321],[-116.58818,45.44293],[-116.58819,45.44292],[-116.58824,45.44282],[-116.58847,45.44244],[-116.58853,45.44223],[-116.58859,45.44203],[-116.58886,45.4414],[-116.58903,45.4409],[-116.5891,45.44082],[-116.58913,45.44065],[-116.58921,45.44038],[-116.58925,45.44023],[-116.58929,45.44003],[-116.58934,45.43974],[-116.58945,45.43919],[-116.58947,45.4391],[-116.58956,45.43877],[-116.5896,45.43857],[-116.58976,45.43803],[-116.59003,45.43738],[-116.59004,45.43726],[-116.59004,45.43724],[-116.59005,45.4369],[-116.59012,45.43662],[-116.59019,45.43636],[-116.59028,45.43598],[-116.59035,45.43558],[-116.5904,45.43531],[-116.59045,45.43505],[-116.59052,45.43465],[-116.5906,45.43425],[-116.59064,45.43398],[-116.5907,45.43368],[-116.59086,45.43278],[-116.5909,45.43258],[-116.59093,45.43248],[-116.59093,45.43246],[-116.59094,45.43242],[-116.59095,45.43241],[-116.59104,45.43208],[-116.59118,45.43159],[-116.59132,45.4311],[-116.59142,45.43078],[-116.59152,45.43042],[-116.59168,45.42989],[-116.59183,45.42936],[-116.59194,45.429],[-116.59203,45.42867],[-116.59218,45.42818],[-116.59232,45.42769],[-116.59242,45.42736],[-116.59242,45.42735],[-116.59243,45.42732],[-116.59243,45.42731],[-116.59249,45.42715],[-116.59257,45.42693],[-116.59265,45.4267],[-116.59271,45.42655],[-116.59271,45.42654],[-116.59272,45.4265],[-116.59273,45.42649],[-116.59276,45.42627],[-116.59282,45.42599],[-116.59288,45.42567],[-116.59304,45.42504],[-116.59322,45.42452],[-116.59326,45.4244],[-116.59343,45.42406],[-116.59345,45.42401],[-116.59349,45.42393],[-116.59353,45.42385],[-116.59356,45.4238],[-116.59364,45.4237],[-116.59386,45.42345],[-116.59388,45.42341],[-116.59392,45.42329],[-116.59393,45.42327],[-116.59396,45.42321],[-116.59397,45.42319],[-116.59404,45.42303],[-116.59413,45.4228],[-116.59423,45.42257],[-116.59429,45.42241],[-116.59434,45.4223],[-116.59441,45.42213],[-116.59448,45.42196],[-116.59453,45.42185],[-116.59466,45.42153],[-116.59498,45.42075],[-116.59505,45.42057],[-116.59516,45.42025],[-116.5952,45.42014],[-116.59525,45.41999],[-116.59531,45.41984],[-116.59534,45.41973],[-116.59537,45.41965],[-116.59542,45.41952],[-116.59546,45.4194],[-116.59549,45.41931],[-116.5955,45.41929],[-116.59553,45.41922],[-116.59557,45.41911],[-116.5956,45.419],[-116.59563,45.41893],[-116.59565,45.41888],[-116.59568,45.4188],[-116.59571,45.41872],[-116.59572,45.41866],[-116.59577,45.41854],[-116.59583,45.41836],[-116.59589,45.41818],[-116.59594,45.41806],[-116.59595,45.41802],[-116.59597,45.41797],[-116.59599,45.41791],[-116.596,45.41787],[-116.59612,45.41756],[-116.59617,45.41742],[-116.59637,45.41657],[-116.59645,45.41625],[-116.59645,45.41623],[-116.59646,45.41618],[-116.59647,45.41616],[-116.59652,45.41595],[-116.59659,45.41565],[-116.59667,45.41534],[-116.59672,45.41514],[-116.59683,45.41466],[-116.59707,45.41391],[-116.59745,45.41277],[-116.59888,45.41156],[-116.59955,45.41121],[-116.59973,45.41112],[-116.60028,45.41084],[-116.60067,45.41059],[-116.601,45.41033],[-116.60121,45.4102],[-116.60143,45.41011],[-116.60184,45.40994],[-116.60222,45.40978],[-116.6029,45.4094],[-116.60383,45.40873],[-116.60526,45.40778],[-116.60639,45.40703],[-116.60668,45.40684],[-116.60735,45.40634],[-116.60756,45.40619],[-116.60786,45.40598],[-116.60787,45.40596],[-116.60791,45.40593],[-116.60793,45.40592],[-116.608,45.40587],[-116.60811,45.40579],[-116.60821,45.40571],[-116.60829,45.40566],[-116.60834,45.40562],[-116.60842,45.40556],[-116.6085,45.4055],[-116.60856,45.40546],[-116.60869,45.40536],[-116.6089,45.40521],[-116.6091,45.40506],[-116.60923,45.40496],[-116.60935,45.40488],[-116.60971,45.4046],[-116.60983,45.40452],[-116.61003,45.40434],[-116.61053,45.40392],[-116.61064,45.40385],[-116.61086,45.40371],[-116.61101,45.4036],[-116.6113,45.40337],[-116.61145,45.40329],[-116.61162,45.40321],[-116.61192,45.40307],[-116.61282,45.40264],[-116.61306,45.40252],[-116.61312,45.40248],[-116.61314,45.40247],[-116.6132,45.40242],[-116.61322,45.40241],[-116.61331,45.40234],[-116.61345,45.40225],[-116.61358,45.40215],[-116.61368,45.40208],[-116.61369,45.40207],[-116.61373,45.40204],[-116.61374,45.40204],[-116.61395,45.40188],[-116.61427,45.40165],[-116.61459,45.40142],[-116.61481,45.40127],[-116.61508,45.40107],[-116.61589,45.40049],[-116.61606,45.40037],[-116.61616,45.40029],[-116.61623,45.40017],[-116.61649,45.39996],[-116.61675,45.39975],[-116.61751,45.3993],[-116.61766,45.39919],[-116.61804,45.39891],[-116.61818,45.39881],[-116.61861,45.39849],[-116.61863,45.39848],[-116.61876,45.3984],[-116.61894,45.39828],[-116.61906,45.39821],[-116.61933,45.39778],[-116.61944,45.3976],[-116.61954,45.39744],[-116.61968,45.39723],[-116.61978,45.39695],[-116.61985,45.39678],[-116.61989,45.39666],[-116.61995,45.3965],[-116.62002,45.39633],[-116.62006,45.39622],[-116.62011,45.39608],[-116.62015,45.39599],[-116.62039,45.39576],[-116.6205,45.39567],[-116.62071,45.39536],[-116.62082,45.39528],[-116.62084,45.39528],[-116.62172,45.39487],[-116.62227,45.39461],[-116.62248,45.3945],[-116.62272,45.39434],[-116.62273,45.39432],[-116.62278,45.39429],[-116.6228,45.39428],[-116.62291,45.3942],[-116.62326,45.39403],[-116.62339,45.39396],[-116.62358,45.39369],[-116.62376,45.39309],[-116.62364,45.39295],[-116.62346,45.39275],[-116.62343,45.39272],[-116.62305,45.39245],[-116.62305,45.39219],[-116.62305,45.39194],[-116.62332,45.39149],[-116.62346,45.39127],[-116.62349,45.39121],[-116.62352,45.39117],[-116.62362,45.39107],[-116.62367,45.39102],[-116.62374,45.39096],[-116.62384,45.39087],[-116.62393,45.39077],[-116.624,45.39071],[-116.62405,45.39066],[-116.62412,45.39059],[-116.62419,45.39053],[-116.62423,45.39048],[-116.62445,45.39027],[-116.62479,45.38995],[-116.62512,45.38964],[-116.62534,45.38943],[-116.62553,45.38924],[-116.62598,45.38881],[-116.62609,45.38867],[-116.62627,45.38847],[-116.6264,45.38831],[-116.62663,45.38804],[-116.62673,45.38781],[-116.62682,45.38762],[-116.62689,45.38746],[-116.62699,45.38721],[-116.6271,45.38697],[-116.62717,45.38681],[-116.62728,45.38656],[-116.6276,45.38582],[-116.62768,45.38564],[-116.62771,45.38557],[-116.62776,45.38545],[-116.62783,45.38527],[-116.6279,45.38509],[-116.62795,45.38497],[-116.62797,45.38493],[-116.62799,45.38487],[-116.62801,45.38481],[-116.62803,45.38477],[-116.62807,45.38467],[-116.62813,45.38452],[-116.62819,45.38437],[-116.62823,45.38427],[-116.62825,45.38421],[-116.62829,45.38412],[-116.62833,45.38402],[-116.62836,45.38396],[-116.62844,45.38375],[-116.6287,45.3831],[-116.62873,45.38305],[-116.6288,45.38289],[-116.62888,45.38272],[-116.629,45.38247],[-116.62913,45.38221],[-116.62921,45.38204],[-116.62933,45.3818],[-116.62939,45.38166],[-116.62979,45.38114],[-116.62995,45.38093],[-116.63016,45.38066],[-116.6303,45.38048],[-116.63087,45.38011],[-116.63094,45.38003],[-116.63116,45.37979],[-116.6313,45.37964],[-116.63131,45.3796],[-116.63159,45.37895],[-116.63169,45.37873],[-116.6318,45.37846],[-116.63191,45.37819],[-116.6322,45.37767],[-116.63234,45.37742],[-116.6325,45.37728],[-116.63274,45.37708],[-116.63298,45.37688],[-116.63314,45.37674],[-116.63336,45.37656],[-116.63358,45.37637],[-116.63397,45.37596],[-116.63417,45.37576],[-116.63431,45.37562],[-116.63451,45.3754],[-116.63471,45.37519],[-116.63485,45.37505],[-116.63488,45.37501],[-116.63499,45.3749],[-116.63501,45.37488],[-116.63502,45.37486],[-116.63505,45.37482],[-116.63509,45.37477],[-116.63513,45.37471],[-116.63516,45.37467],[-116.6356,45.37388],[-116.63573,45.37365],[-116.63586,45.3734],[-116.63596,45.37326],[-116.63607,45.37314],[-116.63664,45.37252],[-116.63705,45.37202],[-116.63727,45.37173],[-116.63733,45.37166],[-116.63789,45.37107],[-116.63818,45.37072],[-116.63821,45.37069],[-116.63898,45.36996],[-116.63936,45.36975],[-116.63957,45.36963],[-116.63977,45.36947],[-116.63994,45.36934],[-116.64003,45.36915],[-116.64027,45.36868],[-116.64082,45.36831],[-116.64087,45.36825],[-116.64114,45.36793],[-116.64125,45.36779],[-116.64131,45.36772],[-116.64142,45.36729],[-116.64147,45.36712],[-116.64151,45.36696],[-116.64157,45.36671],[-116.64165,45.36649],[-116.6417,45.36634],[-116.64181,45.36603],[-116.64214,45.36513],[-116.64215,45.36511],[-116.64234,45.36485],[-116.64239,45.36479],[-116.64247,45.36469],[-116.64254,45.36458],[-116.64259,45.36452],[-116.64262,45.36448],[-116.64266,45.36443],[-116.64269,45.36438],[-116.64272,45.36435],[-116.64274,45.36431],[-116.64278,45.36426],[-116.64281,45.36422],[-116.64284,45.36418],[-116.64286,45.36415],[-116.6429,45.3641],[-116.64293,45.36406],[-116.64295,45.36403],[-116.6431,45.36382],[-116.64332,45.36352],[-116.64355,45.36322],[-116.6437,45.36302],[-116.6439,45.36275],[-116.64421,45.36233],[-116.64451,45.36192],[-116.64471,45.36164],[-116.64473,45.36161],[-116.64477,45.36157],[-116.6448,45.36153],[-116.64482,45.3615],[-116.64493,45.36135],[-116.64505,45.36119],[-116.64526,45.36092],[-116.64537,45.36078],[-116.6454,45.36075],[-116.64544,45.3607],[-116.64547,45.36065],[-116.6455,45.36062],[-116.64552,45.3606],[-116.64554,45.36059],[-116.64558,45.36053],[-116.6456,45.3605],[-116.64562,45.36046],[-116.64567,45.36041],[-116.64571,45.36036],[-116.64574,45.36032],[-116.64579,45.36026],[-116.64586,45.36016],[-116.64594,45.36007],[-116.64599,45.36],[-116.64617,45.35977],[-116.64645,45.35942],[-116.64673,45.35907],[-116.64692,45.35883],[-116.64694,45.3588],[-116.64697,45.35877],[-116.647,45.35873],[-116.64702,45.3587],[-116.64708,45.35863],[-116.64717,45.35852],[-116.64725,45.35841],[-116.64731,45.35833],[-116.64751,45.35808],[-116.64781,45.3577],[-116.64812,45.35732],[-116.64832,45.35706],[-116.64834,45.35703],[-116.64838,45.35699],[-116.64841,45.35694],[-116.64844,45.35691],[-116.64866,45.35663],[-116.64886,45.35637],[-116.64933,45.35581],[-116.64956,45.35554],[-116.64965,45.35542],[-116.6498,45.35524],[-116.64993,45.35504],[-116.65001,45.35491],[-116.65015,45.35465],[-116.65017,45.35461],[-116.65039,45.35432],[-116.6506,45.35407],[-116.6507,45.35397],[-116.65091,45.35377],[-116.65092,45.35375],[-116.65161,45.35304],[-116.65168,45.35297],[-116.65273,45.3516],[-116.65281,45.3515],[-116.6535,45.35077],[-116.65418,45.35006],[-116.65445,45.34975],[-116.65526,45.34886],[-116.65528,45.34882],[-116.65548,45.34846],[-116.65552,45.34839],[-116.65558,45.34829],[-116.65564,45.34817],[-116.65568,45.3481],[-116.65578,45.34783],[-116.6558,45.34779],[-116.65591,45.34752],[-116.656,45.34726],[-116.6562,45.34688],[-116.65635,45.34658],[-116.65642,45.34641],[-116.65654,45.3461],[-116.65668,45.34596],[-116.65681,45.34584],[-116.65708,45.34552],[-116.65754,45.34497],[-116.65783,45.34454],[-116.65805,45.3442],[-116.65812,45.34404],[-116.65822,45.34381],[-116.65832,45.34357],[-116.65839,45.34341],[-116.65843,45.3433],[-116.65858,45.34295],[-116.65862,45.34284],[-116.65864,45.3428],[-116.65867,45.34274],[-116.65869,45.34268],[-116.65871,45.34264],[-116.65873,45.34258],[-116.65878,45.34246],[-116.65882,45.3424],[-116.65885,45.34235],[-116.65915,45.3419],[-116.65959,45.34123],[-116.66002,45.34056],[-116.66032,45.34011],[-116.6608,45.33936],[-116.66102,45.33903],[-116.66239,45.3372],[-116.66292,45.33649],[-116.66328,45.33601],[-116.66403,45.33502],[-116.66438,45.33458],[-116.66477,45.33411],[-116.6649,45.33395],[-116.66509,45.33371],[-116.66529,45.33347],[-116.66542,45.33331],[-116.66544,45.3333],[-116.66547,45.33325],[-116.66549,45.33324],[-116.66585,45.3328],[-116.66612,45.33246],[-116.66657,45.33127],[-116.66665,45.33108],[-116.66683,45.33077],[-116.66695,45.33058],[-116.66713,45.3303],[-116.6673,45.33001],[-116.66742,45.32982],[-116.66772,45.32934],[-116.66817,45.32861],[-116.66862,45.32788],[-116.66892,45.32739],[-116.66908,45.32714],[-116.66946,45.32653],[-116.66956,45.32638],[-116.66972,45.32614],[-116.66978,45.32605],[-116.66986,45.32592],[-116.66995,45.32578],[-116.67,45.3257],[-116.67005,45.32562],[-116.67009,45.32556],[-116.67019,45.32541],[-116.67023,45.32534],[-116.67026,45.32527],[-116.67027,45.32522],[-116.67034,45.32507],[-116.67037,45.325],[-116.67039,45.32499],[-116.67044,45.32495],[-116.67046,45.32493],[-116.67048,45.32492],[-116.67054,45.32488],[-116.67055,45.32487],[-116.67056,45.32485],[-116.67081,45.32434],[-116.67106,45.32383],[-116.67165,45.3233],[-116.67191,45.32312],[-116.67237,45.3228],[-116.67303,45.32232],[-116.67356,45.32175],[-116.67379,45.32151],[-116.67384,45.32057],[-116.67432,45.31825],[-116.67428,45.3171],[-116.67427,45.31687],[-116.67427,45.31596],[-116.67445,45.31554],[-116.67465,45.31508],[-116.67465,45.31499],[-116.67465,45.31434],[-116.67441,45.31326],[-116.67429,45.31268],[-116.67409,45.31242],[-116.67401,45.31231],[-116.67392,45.31148],[-116.67391,45.31138],[-116.67393,45.31116],[-116.67382,45.31084],[-116.67365,45.31031],[-116.67379,45.30989],[-116.67391,45.30958],[-116.67396,45.30943],[-116.67404,45.30922],[-116.67412,45.309],[-116.67417,45.30886],[-116.67413,45.30869],[-116.67402,45.30821],[-116.67398,45.30804],[-116.67395,45.30789],[-116.67391,45.30766],[-116.67386,45.30743],[-116.67383,45.30728],[-116.67377,45.30698],[-116.67365,45.3063],[-116.67362,45.30609],[-116.67358,45.30579],[-116.67357,45.30568],[-116.67355,45.30553],[-116.67353,45.30537],[-116.67352,45.30527],[-116.67349,45.30496],[-116.67345,45.30451],[-116.67339,45.30406],[-116.67336,45.30376],[-116.67334,45.30354],[-116.67331,45.30321],[-116.67327,45.30288],[-116.67324,45.30266],[-116.67316,45.30204],[-116.67307,45.30118],[-116.67292,45.30018],[-116.67283,45.29956],[-116.67267,45.29849],[-116.67259,45.29802],[-116.67254,45.29627],[-116.67234,45.29528],[-116.67233,45.29523],[-116.67234,45.29481],[-116.67248,45.29422],[-116.67239,45.29387],[-116.67228,45.29346],[-116.67237,45.29282],[-116.67242,45.29247],[-116.67242,45.29238],[-116.67242,45.29226],[-116.67241,45.29213],[-116.6724,45.29205],[-116.6724,45.29187],[-116.6724,45.29163],[-116.67239,45.29136],[-116.67239,45.29119],[-116.67238,45.29116],[-116.67238,45.2911],[-116.67238,45.29108],[-116.67238,45.29102],[-116.67238,45.29093],[-116.67237,45.29085],[-116.67237,45.29079],[-116.67237,45.29078],[-116.67236,45.29074],[-116.67236,45.29072],[-116.67234,45.29058],[-116.67233,45.29042],[-116.67229,45.28998],[-116.67223,45.28953],[-116.67219,45.28924],[-116.67217,45.28904],[-116.67216,45.28894],[-116.67222,45.28846],[-116.67224,45.28826],[-116.67224,45.28824],[-116.67225,45.28819],[-116.67225,45.28818],[-116.67228,45.28793],[-116.67235,45.28729],[-116.67235,45.2872],[-116.67235,45.28696],[-116.67234,45.28679],[-116.67234,45.28655],[-116.67233,45.2863],[-116.67233,45.28614],[-116.67231,45.28562],[-116.67231,45.2852],[-116.67254,45.28408],[-116.67265,45.28357],[-116.6727,45.28336],[-116.67273,45.28318],[-116.67284,45.28271],[-116.67289,45.2825],[-116.6729,45.28243],[-116.67292,45.28233],[-116.67294,45.28223],[-116.67296,45.28217],[-116.67299,45.28203],[-116.67304,45.28181],[-116.67308,45.2816],[-116.67312,45.28146],[-116.67323,45.28095],[-116.6733,45.28062],[-116.67381,45.27949],[-116.67403,45.27901],[-116.67411,45.27882],[-116.67426,45.2785],[-116.67426,45.27821],[-116.67426,45.278],[-116.67426,45.2778],[-116.67426,45.27753],[-116.67432,45.2772],[-116.67436,45.277],[-116.67449,45.27635],[-116.67467,45.27597],[-116.67473,45.27584],[-116.67559,45.27487],[-116.67695,45.27368],[-116.67749,45.27321],[-116.67779,45.27299],[-116.67836,45.27255],[-116.67873,45.27227],[-116.68015,45.27131],[-116.68075,45.27091],[-116.68076,45.2709],[-116.6808,45.27087],[-116.68081,45.27086],[-116.68092,45.27079],[-116.68101,45.27072],[-116.68123,45.27059],[-116.68134,45.27053],[-116.68179,45.27027],[-116.68306,45.26954],[-116.68318,45.26949],[-116.68367,45.2693],[-116.68424,45.26907],[-116.68596,45.26839],[-116.68606,45.26836],[-116.68701,45.26786],[-116.68711,45.26782],[-116.68718,45.26764],[-116.68744,45.26741],[-116.6875,45.26722],[-116.68759,45.26697],[-116.68767,45.26672],[-116.68777,45.2664],[-116.68806,45.2662],[-116.68828,45.26604],[-116.6885,45.26589],[-116.68858,45.26583],[-116.68948,45.26509],[-116.69,45.26472],[-116.69041,45.26443],[-116.69081,45.26415],[-116.69098,45.26403],[-116.69115,45.26391],[-116.69139,45.26374],[-116.69248,45.26165],[-116.69281,45.26106],[-116.69353,45.25977],[-116.69353,45.25975],[-116.69355,45.25969],[-116.69357,45.25963],[-116.6936,45.25957],[-116.69362,45.25951],[-116.69381,45.25896],[-116.69397,45.25854],[-116.694,45.25846],[-116.69403,45.25839],[-116.69416,45.25805],[-116.69429,45.25772],[-116.69457,45.25697],[-116.69562,45.25535],[-116.6958,45.25507],[-116.69605,45.25468],[-116.69602,45.25448],[-116.69595,45.25407],[-116.69606,45.25305],[-116.6961,45.25265],[-116.69614,45.25226],[-116.69616,45.25205],[-116.69683,45.25108],[-116.6969,45.25098],[-116.69731,45.25019],[-116.69738,45.25005],[-116.69746,45.2499],[-116.69747,45.24988],[-116.6981,45.24878],[-116.69836,45.2477],[-116.69844,45.2474],[-116.69845,45.24708],[-116.69848,45.24619],[-116.69866,45.24555],[-116.69876,45.24518],[-116.69885,45.24508],[-116.69971,45.24404],[-116.70071,45.24298],[-116.70075,45.24294],[-116.7009,45.24282],[-116.70099,45.24274],[-116.70101,45.24272],[-116.70107,45.24267],[-116.70135,45.24241],[-116.70164,45.24216],[-116.70225,45.24162],[-116.70286,45.24108],[-116.70318,45.2408],[-116.7037,45.2401],[-116.70368,45.24005],[-116.70361,45.23976],[-116.70333,45.23946],[-116.70329,45.2394],[-116.70323,45.23936],[-116.70284,45.23895],[-116.70272,45.23803],[-116.70271,45.23791],[-116.70329,45.23684],[-116.7037,45.23609],[-116.7037,45.23606],[-116.70378,45.23507],[-116.70387,45.23407],[-116.70391,45.23361],[-116.70395,45.23315],[-116.70398,45.23279],[-116.70403,45.23098],[-116.70405,45.23034],[-116.70407,45.22969],[-116.70406,45.2295],[-116.70411,45.22815],[-116.70422,45.22797],[-116.70473,45.22709],[-116.70525,45.2262],[-116.70529,45.22614],[-116.70543,45.2259],[-116.70556,45.22566],[-116.70565,45.22552],[-116.70574,45.22537],[-116.70577,45.2253],[-116.70581,45.22524],[-116.70626,45.22446],[-116.70707,45.22347],[-116.70719,45.22332],[-116.70732,45.22316],[-116.70766,45.22274],[-116.708,45.22232],[-116.7081,45.2222],[-116.70819,45.22209],[-116.70847,45.22146],[-116.70875,45.22084],[-116.7088,45.22073],[-116.70888,45.22056],[-116.70895,45.22039],[-116.709,45.22028],[-116.70906,45.22016],[-116.70913,45.21999],[-116.70921,45.21982],[-116.70927,45.2197],[-116.70936,45.21949],[-116.70937,45.21946],[-116.70948,45.21882],[-116.70951,45.21864],[-116.70953,45.2186],[-116.70953,45.21856],[-116.70954,45.2185],[-116.70956,45.21836],[-116.70958,45.21822],[-116.7096,45.21813],[-116.70964,45.21787],[-116.70975,45.21724],[-116.70973,45.21709],[-116.70971,45.21683],[-116.7097,45.21673],[-116.70968,45.21659],[-116.70967,45.21644],[-116.70966,45.21634],[-116.70962,45.21599],[-116.70957,45.21546],[-116.70952,45.21493],[-116.70948,45.21458],[-116.70945,45.21427],[-116.70936,45.21341],[-116.70935,45.21335],[-116.70929,45.21305],[-116.70916,45.21245],[-116.70897,45.21154],[-116.70878,45.21063],[-116.70865,45.21003],[-116.70865,45.21001],[-116.70864,45.20978],[-116.70861,45.20904],[-116.7086,45.2088],[-116.70859,45.20845],[-116.70855,45.20739],[-116.70855,45.20736],[-116.70862,45.20704],[-116.70865,45.20691],[-116.70869,45.20671],[-116.70874,45.20651],[-116.70877,45.20638],[-116.70889,45.20585],[-116.70907,45.20506],[-116.70925,45.20427],[-116.70937,45.20374],[-116.70951,45.20314],[-116.70954,45.20302],[-116.71023,45.20145],[-116.71047,45.20089],[-116.71061,45.20058],[-116.71081,45.20013],[-116.71101,45.19967],[-116.71114,45.19937],[-116.71147,45.19863],[-116.712,45.19743],[-116.71255,45.19648],[-116.71295,45.19578],[-116.71311,45.1955],[-116.71335,45.19509],[-116.71359,45.19468],[-116.71375,45.1944],[-116.71389,45.19416],[-116.71431,45.19343],[-116.71432,45.19342],[-116.71441,45.19317],[-116.71461,45.19268],[-116.7149,45.19193],[-116.71518,45.19119],[-116.71538,45.19069],[-116.71565,45.18997],[-116.71607,45.18891],[-116.71646,45.18781],[-116.71671,45.18709],[-116.7169,45.18657],[-116.71717,45.18579],[-116.71745,45.18501],[-116.71763,45.18449],[-116.71768,45.18436],[-116.71809,45.18367],[-116.71953,45.18127],[-116.72002,45.18047],[-116.72022,45.18013],[-116.72061,45.17948],[-116.72081,45.17908],[-116.72099,45.17872],[-116.72114,45.17842],[-116.72136,45.17797],[-116.72159,45.17752],[-116.72174,45.17722],[-116.72183,45.17704],[-116.72197,45.17677],[-116.7221,45.17649],[-116.72219,45.17631],[-116.72247,45.17575],[-116.72317,45.17436],[-116.72327,45.17407],[-116.72348,45.17349],[-116.72358,45.17321],[-116.72373,45.1728],[-116.72388,45.17239],[-116.72398,45.17211],[-116.72418,45.17156],[-116.7242,45.1715],[-116.72418,45.16979],[-116.72417,45.1692],[-116.72417,45.16886],[-116.72415,45.16784],[-116.72415,45.16773],[-116.72415,45.16751],[-116.72415,45.1674],[-116.72415,45.16725],[-116.72416,45.16709],[-116.72416,45.16699],[-116.72416,45.16658],[-116.72416,45.16597],[-116.72417,45.16535],[-116.72417,45.16495],[-116.72417,45.16469],[-116.72418,45.16444],[-116.72418,45.16415],[-116.72418,45.16371],[-116.72418,45.16328],[-116.72419,45.16299],[-116.72419,45.16292],[-116.72448,45.16184],[-116.72518,45.15922],[-116.72569,45.15854],[-116.72641,45.15758],[-116.72659,45.15734],[-116.72686,45.15698],[-116.72713,45.15662],[-116.72732,45.15638],[-116.72736,45.15632],[-116.72745,45.15602],[-116.7278,45.15492],[-116.72792,45.15456],[-116.72802,45.15424],[-116.72804,45.15403],[-116.72818,45.15242],[-116.72823,45.15188],[-116.72826,45.15158],[-116.7283,45.15112],[-116.72834,45.15067],[-116.72837,45.15037],[-116.7284,45.14996],[-116.72844,45.14963],[-116.72849,45.14874],[-116.72852,45.14833],[-116.72857,45.14747],[-116.72872,45.14489],[-116.72876,45.14438],[-116.72888,45.14405],[-116.72891,45.14396],[-116.72897,45.14381],[-116.72902,45.14367],[-116.72906,45.14357],[-116.72932,45.14286],[-116.72961,45.14209],[-116.73048,45.14092],[-116.73093,45.14031],[-116.73122,45.13993],[-116.73145,45.13977],[-116.7333,45.13849],[-116.73402,45.13829],[-116.73587,45.13779],[-116.73695,45.1375],[-116.74126,45.13575],[-116.74246,45.13526],[-116.74296,45.1349],[-116.74352,45.13449],[-116.74521,45.13327],[-116.74554,45.13304],[-116.7456,45.13275],[-116.74578,45.13196],[-116.7459,45.13144],[-116.74596,45.13119],[-116.74622,45.12938],[-116.74633,45.1286],[-116.74628,45.12776],[-116.74627,45.12745],[-116.74623,45.12681],[-116.74631,45.12642],[-116.74637,45.12613],[-116.74641,45.12588],[-116.74649,45.1255],[-116.74656,45.12513],[-116.74661,45.12488],[-116.74686,45.12422],[-116.74752,45.12358],[-116.74856,45.12295],[-116.74998,45.12254],[-116.75098,45.12227],[-116.75217,45.12204],[-116.75223,45.12201],[-116.75284,45.12177],[-116.75327,45.12049],[-116.75343,45.11985],[-116.75369,45.11878],[-116.75393,45.11668],[-116.75393,45.11665],[-116.75393,45.11586],[-116.75393,45.11528],[-116.75464,45.11397],[-116.75678,45.11307],[-116.75805,45.1125],[-116.7589,45.11211],[-116.75975,45.11173],[-116.75978,45.11172],[-116.76296,45.11048],[-116.76312,45.11043],[-116.76421,45.11008],[-116.76531,45.10974],[-116.76672,45.1093],[-116.76885,45.10824],[-116.76914,45.10809],[-116.7692,45.10805],[-116.77024,45.10725],[-116.77223,45.10634],[-116.77342,45.10611],[-116.77485,45.10554],[-116.77641,45.10355],[-116.77693,45.10272],[-116.77696,45.10267],[-116.77699,45.10262],[-116.77706,45.10251],[-116.77712,45.10241],[-116.77741,45.10194],[-116.7779,45.10118],[-116.77799,45.10104],[-116.77807,45.10091],[-116.77814,45.10082],[-116.7782,45.10072],[-116.77841,45.10039],[-116.77845,45.10036],[-116.77851,45.10033],[-116.77865,45.10023],[-116.77945,45.09969],[-116.78036,45.09865],[-116.78179,45.09673],[-116.78249,45.09579],[-116.78275,45.09525],[-116.78296,45.09481],[-116.78317,45.09437],[-116.78354,45.09361],[-116.78362,45.09311],[-116.78377,45.09216],[-116.7839,45.091],[-116.78396,45.09045],[-116.78424,45.08813],[-116.78428,45.08637],[-116.78429,45.08578],[-116.78393,45.08339],[-116.78386,45.08289],[-116.78392,45.08206],[-116.78395,45.08171],[-116.784,45.08134],[-116.78401,45.08114],[-116.78403,45.08096],[-116.78405,45.08077],[-116.78405,45.07959],[-116.7839,45.07902],[-116.78387,45.07868],[-116.78383,45.07826],[-116.78377,45.07765],[-116.78376,45.07751],[-116.78374,45.07731],[-116.78371,45.07697],[-116.78373,45.07694],[-116.78409,45.07643],[-116.78443,45.07607],[-116.78469,45.0758],[-116.78475,45.07573],[-116.78529,45.07535],[-116.78699,45.07418],[-116.78704,45.07398],[-116.78722,45.07324],[-116.78727,45.07304],[-116.78755,45.07272],[-116.78822,45.07196],[-116.78894,45.07148],[-116.78946,45.07113],[-116.78991,45.07083],[-116.79007,45.07072],[-116.79088,45.06995],[-116.79088,45.06981],[-116.79094,45.06967],[-116.79114,45.06917],[-116.79119,45.06904],[-116.79135,45.06864],[-116.79142,45.0685],[-116.79149,45.06834],[-116.79159,45.06811],[-116.7917,45.06787],[-116.79177,45.06771],[-116.79202,45.06716],[-116.79209,45.06706],[-116.79292,45.06602],[-116.79359,45.06548],[-116.79368,45.06541],[-116.79417,45.06505],[-116.79421,45.06502],[-116.79427,45.06497],[-116.79433,45.06493],[-116.79437,45.0649],[-116.79451,45.0648],[-116.79493,45.06449],[-116.79501,45.06444],[-116.79504,45.06437],[-116.79564,45.06321],[-116.79614,45.06222],[-116.79733,45.06027],[-116.79775,45.05996],[-116.7988,45.05919],[-116.79909,45.05897],[-116.79994,45.05832],[-116.79996,45.05829],[-116.80015,45.05798],[-116.80033,45.0577],[-116.80037,45.05764],[-116.80104,45.05699],[-116.80128,45.05676],[-116.80156,45.05648],[-116.80174,45.0563],[-116.80254,45.05585],[-116.80288,45.05566],[-116.80364,45.05523],[-116.80402,45.05502],[-116.80569,45.05357],[-116.80573,45.05354],[-116.80631,45.05295],[-116.80666,45.05258],[-116.80767,45.05153],[-116.80772,45.05148],[-116.80808,45.05113],[-116.80858,45.05065],[-116.80867,45.05061],[-116.81052,45.04974],[-116.81086,45.04964],[-116.81162,45.0494],[-116.81204,45.04927],[-116.8129,45.049],[-116.81325,45.04883],[-116.81365,45.04865],[-116.81379,45.04858],[-116.81424,45.04837],[-116.81432,45.04833],[-116.81437,45.04828],[-116.81442,45.04825],[-116.81448,45.0482],[-116.81455,45.04814],[-116.81459,45.04811],[-116.81486,45.04788],[-116.81528,45.04755],[-116.81569,45.04722],[-116.81596,45.047],[-116.81652,45.04654],[-116.81655,45.04651],[-116.8182,45.04518],[-116.81876,45.04472],[-116.81907,45.04447],[-116.81921,45.04436],[-116.82004,45.04375],[-116.82037,45.04352],[-116.82091,45.04312],[-116.8212,45.04282],[-116.82238,45.0416],[-116.82321,45.04027],[-116.82357,45.03969],[-116.82383,45.03938],[-116.82392,45.03927],[-116.82406,45.03911],[-116.82419,45.03895],[-116.82429,45.03884],[-116.8246,45.03847],[-116.82513,45.03784],[-116.8257,45.03752],[-116.82613,45.03729],[-116.82688,45.03687],[-116.82731,45.03663],[-116.82907,45.03579],[-116.82916,45.03575],[-116.82994,45.0354],[-116.83011,45.03532],[-116.8306,45.03513],[-116.83262,45.03438],[-116.83301,45.03424],[-116.8333,45.03415],[-116.83344,45.03411],[-116.83365,45.03404],[-116.83387,45.03398],[-116.83401,45.03393],[-116.83495,45.03364],[-116.83519,45.03357],[-116.83772,45.03259],[-116.83842,45.03232],[-116.83863,45.03222],[-116.83882,45.03212],[-116.83912,45.03198],[-116.83941,45.03184],[-116.83961,45.03174],[-116.83986,45.03162],[-116.84025,45.03143],[-116.84063,45.03124],[-116.84089,45.03111],[-116.84108,45.03102],[-116.84131,45.03091],[-116.84159,45.03067],[-116.84175,45.03054],[-116.84203,45.03029],[-116.8425,45.0299],[-116.84273,45.02945],[-116.8429,45.02911],[-116.84295,45.02903],[-116.84302,45.02889],[-116.843,45.02877],[-116.84299,45.02868],[-116.84296,45.02848],[-116.84292,45.02825],[-116.84312,45.02797],[-116.84323,45.02781],[-116.84337,45.02761],[-116.84344,45.02751],[-116.84372,45.027],[-116.84383,45.02679],[-116.84392,45.02664],[-116.84412,45.02637],[-116.84477,45.02549],[-116.84508,45.0252],[-116.84546,45.02486],[-116.84559,45.02473],[-116.84586,45.02448],[-116.84603,45.02437],[-116.84619,45.02426],[-116.84634,45.02416],[-116.84681,45.02384],[-116.84694,45.02375],[-116.84696,45.02373],[-116.84705,45.02364],[-116.84717,45.02349],[-116.8473,45.02334],[-116.84738,45.02325],[-116.84745,45.02318],[-116.84754,45.02307],[-116.84763,45.02296],[-116.84769,45.02289],[-116.84774,45.02283],[-116.84782,45.02275],[-116.84789,45.02266],[-116.84794,45.0226],[-116.84796,45.02241],[-116.84802,45.02186],[-116.84804,45.02173],[-116.84801,45.02167],[-116.84799,45.02164],[-116.84797,45.02159],[-116.84795,45.02154],[-116.84793,45.02151],[-116.84757,45.02077],[-116.84732,45.02025],[-116.84656,45.01971],[-116.84609,45.01889],[-116.84585,45.01847],[-116.84574,45.01816],[-116.84568,45.01798],[-116.84559,45.0177],[-116.8455,45.01743],[-116.84543,45.01725],[-116.84537,45.01706],[-116.84504,45.01606],[-116.8448,45.01531],[-116.84494,45.0138],[-116.84607,45.01296],[-116.84701,45.01213],[-116.84707,45.01209],[-116.84708,45.01202],[-116.84716,45.01163],[-116.84719,45.0115],[-116.84697,45.01116],[-116.84659,45.01057],[-116.84634,45.01013],[-116.84614,45.00978],[-116.84558,45.00878],[-116.84511,45.00795],[-116.84478,45.00547],[-116.84462,45.00433],[-116.84454,45.00375],[-116.84453,45.00369],[-116.8446,45.00199],[-116.84462,45.00143],[-116.84464,45.00141],[-116.84488,45.00115],[-116.84562,45.00039],[-116.84587,45.00013],[-116.84589,45.00012],[-116.84593,45.00007],[-116.84595,45.00005],[-116.84609,44.99989],[-116.8461,44.99988],[-116.84644,44.99938],[-116.84656,44.99921],[-116.84698,44.99861],[-116.84761,44.9977],[-116.84824,44.99679],[-116.84866,44.99619],[-116.8487,44.99612],[-116.84877,44.99602],[-116.84884,44.99592],[-116.84889,44.99586],[-116.84927,44.9953],[-116.84986,44.99446],[-116.85043,44.99363],[-116.85075,44.99316],[-116.85081,44.99307],[-116.85084,44.99303],[-116.85089,44.99296],[-116.85093,44.99291],[-116.85096,44.99287],[-116.851,44.99281],[-116.85105,44.99274],[-116.8511,44.99266],[-116.85114,44.9926],[-116.85142,44.99221],[-116.85183,44.99162],[-116.85224,44.99102],[-116.85251,44.99063],[-116.85339,44.98936],[-116.85369,44.98897],[-116.85487,44.98742],[-116.85578,44.98576],[-116.85675,44.9843],[-116.85697,44.98383],[-116.85755,44.98257],[-116.85763,44.98193],[-116.85771,44.98138],[-116.85775,44.98108],[-116.8581,44.97979],[-116.85813,44.97971],[-116.85821,44.97926],[-116.85823,44.97919],[-116.85825,44.97909],[-116.85827,44.97898],[-116.85828,44.97891],[-116.85831,44.97876],[-116.85831,44.97866],[-116.85828,44.97801],[-116.85823,44.9779],[-116.85813,44.97766],[-116.85798,44.97732],[-116.85794,44.97727],[-116.85749,44.97673],[-116.85703,44.97638],[-116.85668,44.97612],[-116.85663,44.97608],[-116.85648,44.97596],[-116.85587,44.97547],[-116.8557,44.97533],[-116.85567,44.97531],[-116.85503,44.97479],[-116.85493,44.97472],[-116.85351,44.97299],[-116.85341,44.97292],[-116.85271,44.97247],[-116.85202,44.97203],[-116.85188,44.972],[-116.85014,44.97162],[-116.84953,44.97165],[-116.84902,44.97169],[-116.84857,44.97172],[-116.84809,44.97191],[-116.84691,44.97237],[-116.84678,44.97242],[-116.84534,44.97376],[-116.84447,44.97461],[-116.84409,44.97494],[-116.84355,44.97541],[-116.84323,44.97587],[-116.84317,44.97601],[-116.84296,44.97645],[-116.84289,44.9766],[-116.84273,44.97694],[-116.84251,44.9774],[-116.84236,44.97797],[-116.84226,44.97833],[-116.84224,44.9784],[-116.84222,44.97849],[-116.8422,44.97862],[-116.8422,44.97869],[-116.84215,44.97912],[-116.84208,44.97977],[-116.84187,44.98037],[-116.84173,44.98078],[-116.84172,44.98082],[-116.84158,44.9811],[-116.84129,44.98166],[-116.841,44.98199],[-116.84076,44.98226],[-116.84052,44.98253],[-116.8405,44.98255],[-116.83974,44.98306],[-116.83962,44.98312],[-116.83929,44.98326],[-116.83907,44.98335],[-116.83863,44.98355],[-116.83841,44.9836],[-116.83818,44.98365],[-116.8369,44.98396],[-116.83659,44.98404],[-116.83453,44.98422],[-116.83297,44.98437],[-116.83208,44.98445],[-116.83166,44.98442],[-116.83151,44.98441],[-116.8313,44.9844],[-116.83107,44.9844],[-116.83092,44.9844],[-116.8308,44.98439],[-116.83052,44.98438],[-116.83043,44.98437],[-116.8303,44.98437],[-116.82882,44.98423],[-116.82859,44.98418],[-116.82748,44.98396],[-116.82689,44.98388],[-116.82657,44.98314],[-116.82627,44.98249],[-116.82685,44.98174],[-116.82734,44.98088],[-116.82743,44.98072],[-116.82829,44.97943],[-116.82836,44.97932],[-116.82849,44.97921],[-116.82919,44.9786],[-116.82929,44.97851],[-116.82941,44.97839],[-116.82954,44.97826],[-116.82969,44.97812],[-116.82991,44.97785],[-116.83002,44.97771],[-116.83014,44.97755],[-116.83035,44.97726],[-116.83052,44.97708],[-116.83065,44.97694],[-116.83069,44.97688],[-116.83075,44.97681],[-116.83079,44.97673],[-116.83082,44.97667],[-116.83097,44.97641],[-116.83114,44.97607],[-116.83151,44.97532],[-116.83222,44.97436],[-116.83225,44.97432],[-116.83268,44.97386],[-116.83287,44.97366],[-116.83329,44.97321],[-116.83342,44.97307],[-116.83361,44.97288],[-116.83375,44.97274],[-116.83396,44.97252],[-116.83417,44.97231],[-116.83431,44.97216],[-116.83435,44.97213],[-116.8344,44.97208],[-116.83445,44.97202],[-116.83448,44.97199],[-116.83452,44.97195],[-116.83457,44.9719],[-116.83463,44.97184],[-116.83467,44.9718],[-116.8348,44.97167],[-116.83519,44.97126],[-116.83533,44.97113],[-116.83536,44.97109],[-116.83538,44.97107],[-116.8354,44.97105],[-116.83551,44.97086],[-116.83555,44.97079],[-116.83564,44.97063],[-116.83571,44.97052],[-116.83579,44.97037],[-116.83645,44.96924],[-116.83823,44.96885],[-116.83985,44.96837],[-116.83987,44.96835],[-116.84107,44.96751],[-116.84117,44.96744],[-116.84311,44.96603],[-116.84543,44.96563],[-116.847,44.96537],[-116.84703,44.96536],[-116.84704,44.96536],[-116.84712,44.96531],[-116.84714,44.96529],[-116.84744,44.96508],[-116.84789,44.96477],[-116.84833,44.96445],[-116.84863,44.96425],[-116.84956,44.96359],[-116.85065,44.96203],[-116.85098,44.96156],[-116.85141,44.95984],[-116.85074,44.95811],[-116.84762,44.95431],[-116.84744,44.95408],[-116.84646,44.95152],[-116.84627,44.95129],[-116.84599,44.95095],[-116.8457,44.9506],[-116.84551,44.95037],[-116.84549,44.95035],[-116.84546,44.95031],[-116.84543,44.95028],[-116.84541,44.95025],[-116.84511,44.94989],[-116.84465,44.94934],[-116.84417,44.94883],[-116.84385,44.94849],[-116.84347,44.9481],[-116.84303,44.94764],[-116.84226,44.94699],[-116.84184,44.94664],[-116.84081,44.94577],[-116.84075,44.94571],[-116.83908,44.94385],[-116.83772,44.94265],[-116.83709,44.9421],[-116.83668,44.94166],[-116.83635,44.94131],[-116.8357,44.94063],[-116.83548,44.94018],[-116.83526,44.93974],[-116.83505,44.93931],[-116.83457,44.93835],[-116.83441,44.93801],[-116.8342,44.93758],[-116.83398,44.9371],[-116.83359,44.93627],[-116.83338,44.93566],[-116.83321,44.93516],[-116.83317,44.93504],[-116.83305,44.93468],[-116.83303,44.93462],[-116.83298,44.93457],[-116.83235,44.93387],[-116.83227,44.93368],[-116.83199,44.93301],[-116.83218,44.93137],[-116.83269,44.93046],[-116.83285,44.93019],[-116.83329,44.9295],[-116.83363,44.92898],[-116.8338,44.92881],[-116.83565,44.92701],[-116.83627,44.92642],[-116.83628,44.9264],[-116.83633,44.92636],[-116.83634,44.92634],[-116.83636,44.92633],[-116.83667,44.92592],[-116.83765,44.92466],[-116.83797,44.92424],[-116.83834,44.92376],[-116.83847,44.9236],[-116.83826,44.92202],[-116.83819,44.92143],[-116.83818,44.92137],[-116.83817,44.92127],[-116.83818,44.92121],[-116.83819,44.92116],[-116.8382,44.92108],[-116.83822,44.92097],[-116.83824,44.92086],[-116.83826,44.92078],[-116.8383,44.92053],[-116.83844,44.91976],[-116.83844,44.91973],[-116.8385,44.91951],[-116.83853,44.9194],[-116.83858,44.91922],[-116.83863,44.91905],[-116.83866,44.91894],[-116.83896,44.91783],[-116.83963,44.91721],[-116.84211,44.91492],[-116.84206,44.91306],[-116.84225,44.91213],[-116.84267,44.91012],[-116.84276,44.90969],[-116.84292,44.90891],[-116.84334,44.90862],[-116.8437,44.90837],[-116.84398,44.90818],[-116.84432,44.90773],[-116.84499,44.90687],[-116.84589,44.90551],[-116.84606,44.90525],[-116.84632,44.90472],[-116.84635,44.90468],[-116.84638,44.90461],[-116.84641,44.90454],[-116.84644,44.9045],[-116.84684,44.90367],[-116.84686,44.90365],[-116.84753,44.90173],[-116.84809,44.90132],[-116.84882,44.90077],[-116.84886,44.90074],[-116.84889,44.90072],[-116.84891,44.90064],[-116.84892,44.90061],[-116.84922,44.89951],[-116.8501,44.89622],[-116.85011,44.89617],[-116.84999,44.8951],[-116.84998,44.89502],[-116.85018,44.89445],[-116.85051,44.89352],[-116.85131,44.89283],[-116.85183,44.89239],[-116.85206,44.89219],[-116.85237,44.89192],[-116.85218,44.89146],[-116.85206,44.89118],[-116.85169,44.89033],[-116.85198,44.88922],[-116.85202,44.88912],[-116.85233,44.88819],[-116.85243,44.88758],[-116.85368,44.88644],[-116.8542,44.88595],[-116.85471,44.88518],[-116.85587,44.88409],[-116.85592,44.88404],[-116.85667,44.88309],[-116.85722,44.88239],[-116.85729,44.88229],[-116.85705,44.88185],[-116.85704,44.88101],[-116.85704,44.88077],[-116.85817,44.87972],[-116.85934,44.87869],[-116.86006,44.87794],[-116.86045,44.87755],[-116.86068,44.87712],[-116.86073,44.87684],[-116.86074,44.87671],[-116.8615,44.87593],[-116.86154,44.87587],[-116.86227,44.87488],[-116.86354,44.87305],[-116.8642,44.87211],[-116.86449,44.87169],[-116.86467,44.87146],[-116.86534,44.8706],[-116.86642,44.86984],[-116.86647,44.8698],[-116.86716,44.86953],[-116.86815,44.86915],[-116.86869,44.86894],[-116.87108,44.86789],[-116.8717,44.86761],[-116.87208,44.86752],[-116.87221,44.86749],[-116.87241,44.86744],[-116.87262,44.8674],[-116.87275,44.86736],[-116.87433,44.86699],[-116.87458,44.86694],[-116.87561,44.86672],[-116.876,44.86668],[-116.87714,44.86605],[-116.87818,44.86471],[-116.87865,44.86363],[-116.87885,44.86316],[-116.87934,44.86189],[-116.87937,44.86179],[-116.88019,44.86106],[-116.88122,44.86015],[-116.88298,44.85876],[-116.88359,44.85828],[-116.88395,44.85806],[-116.8841,44.85797],[-116.88432,44.85783],[-116.88455,44.85769],[-116.88469,44.8576],[-116.88595,44.85684],[-116.8864,44.85658],[-116.88775,44.8558],[-116.88988,44.85517],[-116.89207,44.85521],[-116.89236,44.85522],[-116.89403,44.85554],[-116.89426,44.85559],[-116.89461,44.85566],[-116.89496,44.85574],[-116.8952,44.85579],[-116.89526,44.8558],[-116.89531,44.85581],[-116.89545,44.85579],[-116.89551,44.85579],[-116.89557,44.85578],[-116.89566,44.85577],[-116.8957,44.85576],[-116.89574,44.85576],[-116.89581,44.85575],[-116.89637,44.85569],[-116.8964,44.85568],[-116.89772,44.85485],[-116.89779,44.85476],[-116.89815,44.85432],[-116.89824,44.85421],[-116.89837,44.85406],[-116.89849,44.8539],[-116.89858,44.8538],[-116.89862,44.85374],[-116.89864,44.85354],[-116.89864,44.85347],[-116.89867,44.8531],[-116.89871,44.85254],[-116.89873,44.85229],[-116.89861,44.85198],[-116.89847,44.85163],[-116.8984,44.85156],[-116.89817,44.85135],[-116.89809,44.85129],[-116.89761,44.85096],[-116.8969,44.85046],[-116.89643,44.84978],[-116.89642,44.84973],[-116.89635,44.84916],[-116.89634,44.84905],[-116.89632,44.84888],[-116.8963,44.84871],[-116.89628,44.8486],[-116.89627,44.84846],[-116.89625,44.84833],[-116.8963,44.84805],[-116.89633,44.84791],[-116.89635,44.84782],[-116.89637,44.84769],[-116.89639,44.84756],[-116.89641,44.84748],[-116.89643,44.84739],[-116.89645,44.84725],[-116.89648,44.84711],[-116.8965,44.84702],[-116.89659,44.84655],[-116.89698,44.84554],[-116.89705,44.84538],[-116.89711,44.84522],[-116.89711,44.84521],[-116.89769,44.84374],[-116.89833,44.8424],[-116.89839,44.84228],[-116.89844,44.84216],[-116.89845,44.84215],[-116.89846,44.84212],[-116.89847,44.84211],[-116.8985,44.84204],[-116.89866,44.84185],[-116.8993,44.84109],[-116.89951,44.84084],[-116.89955,44.8408],[-116.89961,44.84073],[-116.89967,44.84065],[-116.89971,44.84061],[-116.89973,44.84058],[-116.89975,44.84055],[-116.89977,44.84051],[-116.89979,44.84049],[-116.89986,44.84037],[-116.89997,44.84021],[-116.90007,44.84004],[-116.90014,44.83992],[-116.90017,44.83987],[-116.90018,44.83986],[-116.90012,44.83969],[-116.9001,44.83963],[-116.90008,44.83956],[-116.90004,44.83944],[-116.89999,44.83932],[-116.89997,44.83924],[-116.89992,44.83911],[-116.89993,44.83907],[-116.89998,44.83851],[-116.89999,44.83833],[-116.90005,44.83775],[-116.90015,44.83667],[-116.90067,44.83632],[-116.9009,44.83617],[-116.90099,44.83588],[-116.90105,44.83568],[-116.90166,44.83557],[-116.90186,44.83554],[-116.90259,44.83541],[-116.90398,44.83517],[-116.9048,44.835],[-116.90553,44.83484],[-116.9056,44.83483],[-116.90577,44.83479],[-116.90579,44.83477],[-116.90583,44.83471],[-116.90602,44.83444],[-116.9063,44.83405],[-116.9066,44.83364],[-116.9068,44.83338],[-116.90682,44.83335],[-116.90685,44.83331],[-116.90688,44.83327],[-116.9069,44.83324],[-116.907,44.83309],[-116.90716,44.83287],[-116.90731,44.83265],[-116.90742,44.83251],[-116.90768,44.83216],[-116.90806,44.83162],[-116.90845,44.8311],[-116.90872,44.83074],[-116.90961,44.82951],[-116.91095,44.82766],[-116.91231,44.8258],[-116.91322,44.82457],[-116.91323,44.82455],[-116.91326,44.82451],[-116.91327,44.8245],[-116.91425,44.82314],[-116.91573,44.82109],[-116.91719,44.81907],[-116.91818,44.81772],[-116.91856,44.81719],[-116.91914,44.8164],[-116.91971,44.81561],[-116.9201,44.81508],[-116.92019,44.81492],[-116.92045,44.81446],[-116.9205,44.81438],[-116.92054,44.8143],[-116.9209,44.81368],[-116.92109,44.81329],[-116.9213,44.81288],[-116.9217,44.81238],[-116.9221,44.81188],[-116.923,44.81098],[-116.92336,44.81072],[-116.924,44.81028],[-116.92434,44.81013],[-116.9249,44.80988],[-116.92559,44.80967],[-116.9259,44.80958],[-116.927,44.80898],[-116.9281,44.80838],[-116.92891,44.80757],[-116.929,44.80748],[-116.9298,44.80658],[-116.93014,44.80606],[-116.9304,44.80568],[-116.9311,44.80478],[-116.93121,44.80454],[-116.93146,44.80398],[-116.93155,44.80378],[-116.9316,44.80368],[-116.93191,44.80322],[-116.93203,44.80304],[-116.9322,44.80278],[-116.93231,44.80251],[-116.9326,44.80178],[-116.93297,44.80085],[-116.933,44.80078],[-116.93316,44.80029],[-116.93331,44.79985],[-116.9334,44.79958],[-116.9337,44.79878],[-116.93373,44.79852],[-116.93379,44.79806],[-116.9338,44.79798],[-116.9338,44.79678],[-116.93377,44.79665],[-116.9336,44.79568],[-116.9331,44.79448],[-116.9324,44.79328],[-116.93199,44.79288],[-116.9318,44.79268],[-116.9315,44.79228],[-116.93121,44.79171],[-116.9311,44.79148],[-116.93107,44.79143],[-116.9308,44.79098],[-116.93073,44.79055],[-116.9307,44.79038],[-116.9307,44.79024],[-116.9307,44.78991],[-116.9307,44.78988],[-116.93087,44.78892],[-116.93093,44.7886],[-116.93103,44.78835],[-116.93128,44.78769],[-116.93133,44.7876],[-116.93147,44.78737],[-116.9321,44.78678],[-116.9322,44.78668],[-116.9327,44.78608],[-116.9332,44.78538],[-116.93374,44.78475],[-116.9338,44.78468],[-116.93437,44.78417],[-116.9347,44.78388],[-116.9358,44.78328],[-116.9368,44.78288],[-116.93744,44.78278],[-116.9381,44.78268],[-116.9394,44.78238],[-116.9409,44.78218],[-116.942,44.78198],[-116.94274,44.78181],[-116.9433,44.78168],[-116.9446,44.78108],[-116.94539,44.78054],[-116.9459,44.78018],[-116.9468,44.77928],[-116.9469,44.77918],[-116.9479,44.77858],[-116.949,44.77798],[-116.94984,44.77782],[-116.94994,44.77781],[-116.94999,44.7778],[-116.95045,44.77771],[-116.9506,44.77768],[-116.95104,44.77763],[-116.95236,44.77748],[-116.9524,44.77748],[-116.9528,44.77744],[-116.95344,44.77737],[-116.9543,44.77728],[-116.95536,44.77716],[-116.956,44.77708],[-116.95617,44.77705],[-116.95643,44.77701],[-116.95669,44.77697],[-116.95686,44.77695],[-116.9573,44.77688],[-116.95738,44.77686],[-116.95833,44.77666],[-116.95862,44.7766],[-116.9587,44.77658],[-116.95996,44.77625],[-116.9602,44.77618],[-116.9615,44.77568],[-116.9625,44.77548],[-116.9634,44.77538],[-116.96384,44.77535],[-116.965,44.77528],[-116.96563,44.77525],[-116.96622,44.77521],[-116.9668,44.77518],[-116.96794,44.77491],[-116.9685,44.77478],[-116.96851,44.77478],[-116.96903,44.77457],[-116.9698,44.77428],[-116.97061,44.77399],[-116.9709,44.77388],[-116.97112,44.77377],[-116.97165,44.7735],[-116.9719,44.77338],[-116.9729,44.77258],[-116.97306,44.77242],[-116.97349,44.77199],[-116.97367,44.77182],[-116.9738,44.77168],[-116.97412,44.77121],[-116.97426,44.771],[-116.9744,44.77078],[-116.97441,44.77076],[-116.97487,44.77003],[-116.9749,44.76998],[-116.97507,44.76982],[-116.97551,44.76937],[-116.9757,44.76918],[-116.9768,44.76858],[-116.97712,44.76839],[-116.97766,44.76806],[-116.9778,44.76798],[-116.9779,44.76793],[-116.97865,44.76759],[-116.9789,44.76748],[-116.97896,44.76744],[-116.97929,44.76721],[-116.98047,44.76638],[-116.98087,44.76611],[-116.9809,44.76608],[-116.98136,44.76577],[-116.9818,44.76548],[-116.98205,44.76531],[-116.9825,44.76498],[-116.98282,44.76474],[-116.9833,44.76438],[-116.98339,44.76434],[-116.98352,44.76427],[-116.98366,44.7642],[-116.98375,44.76416],[-116.9841,44.76398],[-116.98421,44.76391],[-116.98432,44.76385],[-116.9849,44.76348],[-116.9857,44.76288],[-116.98592,44.76275],[-116.98647,44.7624],[-116.9865,44.76238],[-116.98673,44.76224],[-116.9873,44.76188],[-116.98754,44.76175],[-116.98782,44.7616],[-116.9881,44.76144],[-116.9884,44.76128],[-116.98894,44.76096],[-116.98922,44.76079],[-116.9894,44.76068],[-116.98974,44.76046],[-116.9903,44.76008],[-116.9905,44.75998],[-116.9912,44.75958],[-116.992,44.75918],[-116.9932,44.75868],[-116.9941,44.75818],[-116.99456,44.75798],[-116.995,44.75778],[-116.9954,44.75778],[-116.99599,44.75758],[-116.99615,44.75753],[-116.99661,44.75738],[-116.99675,44.75731],[-116.997,44.75718],[-116.9974,44.75698],[-116.99756,44.75691],[-116.9981,44.75668],[-116.9989,44.75638],[-116.9993,44.75628],[-116.9996,44.75618],[-116.9999,44.75618],[-117.00011,44.75613],[-117.0003,44.75608],[-117.0007,44.75608],[-117.001,44.75611],[-117.00186,44.75609],[-117.00253,44.75607],[-117.00445,44.756],[-117.00455,44.756],[-117.00531,44.75601],[-117.00604,44.75602],[-117.00624,44.75607],[-117.0075,44.75636],[-117.00899,44.75658],[-117.00983,44.75669],[-117.00992,44.7567],[-117.00996,44.7567],[-117.01002,44.75671],[-117.01008,44.75672],[-117.01013,44.75672],[-117.01031,44.75674],[-117.01059,44.75676],[-117.01087,44.75678],[-117.01105,44.7568],[-117.01113,44.75681],[-117.01129,44.75682],[-117.01137,44.75682],[-117.01145,44.75682],[-117.0127,44.75683],[-117.0138,44.75684],[-117.01481,44.7566],[-117.01612,44.75564],[-117.01622,44.75557],[-117.01666,44.75453],[-117.01682,44.75415],[-117.01687,44.75406],[-117.01751,44.7529],[-117.01765,44.75275],[-117.018,44.75238],[-117.01842,44.75194],[-117.01873,44.75176],[-117.02,44.75102],[-117.0214,44.75078],[-117.02162,44.75075],[-117.02236,44.75078],[-117.02311,44.75082],[-117.02431,44.75088],[-117.02539,44.75097],[-117.02614,44.75105],[-117.0262,44.75105],[-117.02637,44.75106],[-117.02704,44.75111],[-117.02727,44.75113],[-117.02807,44.75119],[-117.02814,44.75118],[-117.02942,44.7511],[-117.03037,44.75059],[-117.03059,44.75047],[-117.03135,44.75005],[-117.03166,44.74988],[-117.03174,44.74986],[-117.033,44.74954],[-117.03342,44.74943],[-117.03359,44.74938],[-117.03385,44.74932],[-117.0341,44.74925],[-117.03427,44.74921],[-117.03466,44.74911],[-117.03524,44.74896],[-117.03582,44.74881],[-117.03621,44.74871],[-117.03811,44.74822],[-117.03827,44.74818],[-117.03955,44.74648],[-117.043,44.74549],[-117.04422,44.74514],[-117.04471,44.74464],[-117.04502,44.74434],[-117.04594,44.74341],[-117.04624,44.74311],[-117.04717,44.74218],[-117.04745,44.7419],[-117.04782,44.74153],[-117.04811,44.73695],[-117.04818,44.73592],[-117.04853,44.73534],[-117.04886,44.73479],[-117.04937,44.73395],[-117.04987,44.73312],[-117.0502,44.73257],[-117.05023,44.73255],[-117.05049,44.73248],[-117.0509,44.73237],[-117.0513,44.73227],[-117.05157,44.7322],[-117.05177,44.73215],[-117.05208,44.73207],[-117.05238,44.73199],[-117.05258,44.73194],[-117.05291,44.73186],[-117.0534,44.73173],[-117.05389,44.73161],[-117.05422,44.73152],[-117.05437,44.73149],[-117.0546,44.73143],[-117.05482,44.73137],[-117.05497,44.73133],[-117.0557,44.73114],[-117.0579,44.73058],[-117.0583,44.73048],[-117.05856,44.73026],[-117.05921,44.72972],[-117.06018,44.7289],[-117.06115,44.72808],[-117.0618,44.72754],[-117.06198,44.72738],[-117.06227,44.72714],[-117.06216,44.72681],[-117.06209,44.72658],[-117.06202,44.7264],[-117.06193,44.72612],[-117.06184,44.72584],[-117.06178,44.72566],[-117.06172,44.72549],[-117.06164,44.72523],[-117.06155,44.72497],[-117.06149,44.72479],[-117.06124,44.72403],[-117.06047,44.72173],[-117.06045,44.72167],[-117.06054,44.72093],[-117.06063,44.72008],[-117.06091,44.71755],[-117.06097,44.717],[-117.06106,44.71672],[-117.0613,44.71598],[-117.06165,44.71489],[-117.06201,44.71379],[-117.06224,44.71306],[-117.06233,44.71278],[-117.06246,44.71238],[-117.06259,44.71197],[-117.06268,44.71169],[-117.06269,44.71168],[-117.06253,44.71127],[-117.06205,44.70998],[-117.06203,44.70992],[-117.062,44.70953],[-117.06199,44.70929],[-117.06196,44.70893],[-117.06194,44.70856],[-117.06192,44.70832],[-117.06191,44.70827],[-117.06191,44.7082],[-117.0619,44.70812],[-117.0619,44.70808],[-117.06188,44.7078],[-117.06185,44.70738],[-117.06182,44.70697],[-117.0618,44.70669],[-117.0618,44.70667],[-117.0618,44.70665],[-117.06182,44.70662],[-117.06183,44.7066],[-117.06319,44.70457],[-117.06382,44.70362],[-117.06798,44.70183],[-117.06955,44.70135],[-117.07188,44.70062],[-117.07198,44.70059],[-117.07222,44.70052],[-117.07224,44.70046],[-117.07228,44.70036],[-117.07327,44.6976],[-117.07335,44.69737],[-117.07414,44.69637],[-117.07636,44.69452],[-117.07657,44.69433],[-117.07912,44.69218],[-117.07897,44.69141],[-117.07871,44.69008],[-117.07936,44.68882],[-117.07944,44.68867],[-117.07948,44.68861],[-117.07954,44.6885],[-117.0796,44.6884],[-117.07963,44.68834],[-117.07975,44.68814],[-117.07992,44.68784],[-117.08008,44.68754],[-117.0802,44.68734],[-117.08056,44.68671],[-117.08056,44.68661],[-117.08077,44.68416],[-117.08076,44.68414],[-117.08035,44.68342],[-117.08025,44.68324],[-117.08009,44.68298],[-117.07994,44.68271],[-117.07984,44.68253],[-117.0797,44.68229],[-117.07949,44.68193],[-117.07929,44.68158],[-117.07915,44.68134],[-117.07909,44.68123],[-117.079,44.68107],[-117.07891,44.68091],[-117.07884,44.6808],[-117.07865,44.68047],[-117.07857,44.68033],[-117.07872,44.67936],[-117.07878,44.67898],[-117.07881,44.67876],[-117.07887,44.67839],[-117.07891,44.67811],[-117.07894,44.67789],[-117.07902,44.67771],[-117.07903,44.67768],[-117.07928,44.67719],[-117.07938,44.67702],[-117.07949,44.67674],[-117.07967,44.67632],[-117.07989,44.67592],[-117.08004,44.67565],[-117.08014,44.67545],[-117.08045,44.67485],[-117.08055,44.67465],[-117.08063,44.67437],[-117.0808,44.67377],[-117.08102,44.67368],[-117.08129,44.67359],[-117.08141,44.67355],[-117.08158,44.67348],[-117.08174,44.67342],[-117.08186,44.67338],[-117.08292,44.67299],[-117.08585,44.67193],[-117.08608,44.67179],[-117.08705,44.67123],[-117.08731,44.67108],[-117.08769,44.67086],[-117.08807,44.67064],[-117.08832,44.67049],[-117.08962,44.66974],[-117.09122,44.66881],[-117.09321,44.66706],[-117.09435,44.66607],[-117.09462,44.66583],[-117.09503,44.66547],[-117.09544,44.66511],[-117.09572,44.66487],[-117.09587,44.66474],[-117.09589,44.66421],[-117.09599,44.66201],[-117.09603,44.66127],[-117.09603,44.66118],[-117.09604,44.66103],[-117.09604,44.66088],[-117.09605,44.66078],[-117.09608,44.66018],[-117.09613,44.65902],[-117.09638,44.65841],[-117.09661,44.65784],[-117.09668,44.65766],[-117.09679,44.65738],[-117.09671,44.6571],[-117.09665,44.65692],[-117.09648,44.65631],[-117.0964,44.65607],[-117.09586,44.65452],[-117.09565,44.65393],[-117.09553,44.65359],[-117.09535,44.65308],[-117.09516,44.65256],[-117.09504,44.65222],[-117.09497,44.65201],[-117.09513,44.65164],[-117.09557,44.65066],[-117.0959,44.64993],[-117.09616,44.64936],[-117.09618,44.64932],[-117.09623,44.6492],[-117.09624,44.64919],[-117.09628,44.64916],[-117.09678,44.64877],[-117.09821,44.64765],[-117.09821,44.64754],[-117.09824,44.6469],[-117.09829,44.64575],[-117.09834,44.64473],[-117.09827,44.64229],[-117.09823,44.64114],[-117.09822,44.64069],[-117.09989,44.63839],[-117.10264,44.6346],[-117.10562,44.63035],[-117.10598,44.62984],[-117.10768,44.62778],[-117.10769,44.62777],[-117.10772,44.62773],[-117.10774,44.62771],[-117.10788,44.62753],[-117.10823,44.62711],[-117.10839,44.62706],[-117.10861,44.627],[-117.10986,44.62663],[-117.10999,44.6266],[-117.11203,44.62595],[-117.11354,44.62536],[-117.11475,44.62488],[-117.11459,44.62488],[-117.1141,44.62488],[-117.11394,44.62488],[-117.1159,44.62334],[-117.11618,44.62287],[-117.11781,44.62014],[-117.11963,44.61623],[-117.12044,44.6148],[-117.12052,44.61466],[-117.12135,44.6119],[-117.12137,44.61183],[-117.12139,44.61175],[-117.12139,44.61163],[-117.12139,44.61156],[-117.12139,44.61149],[-117.12139,44.61139],[-117.12138,44.61129],[-117.12138,44.61122],[-117.12137,44.61062],[-117.12135,44.60943],[-117.12148,44.60881],[-117.1216,44.60822],[-117.12167,44.60789],[-117.12187,44.60691],[-117.12187,44.60689],[-117.12202,44.60661],[-117.12251,44.60569],[-117.12337,44.60405],[-117.12335,44.60277],[-117.12334,44.60235],[-117.12334,44.60173],[-117.12333,44.60161],[-117.12333,44.60139],[-117.12335,44.60125],[-117.12336,44.60113],[-117.12338,44.60097],[-117.12341,44.60073],[-117.12343,44.6005],[-117.12345,44.60034],[-117.12348,44.6001],[-117.12352,44.59974],[-117.12356,44.59938],[-117.12359,44.59914],[-117.12375,44.59767],[-117.12378,44.59744],[-117.1238,44.59728],[-117.12527,44.59382],[-117.12538,44.59261],[-117.12541,44.59224],[-117.1253,44.59091],[-117.12522,44.58997],[-117.12515,44.58914],[-117.12513,44.58896],[-117.12502,44.58717],[-117.12496,44.58623],[-117.1249,44.58539],[-117.12475,44.58383],[-117.12525,44.58299],[-117.12535,44.58282],[-117.12565,44.58224],[-117.12601,44.58155],[-117.12607,44.58151],[-117.12808,44.57996],[-117.12875,44.57944],[-117.12971,44.57869],[-117.12982,44.57861],[-117.13026,44.57827],[-117.13255,44.57639],[-117.1335,44.57562],[-117.13376,44.57541],[-117.13396,44.57524],[-117.13461,44.57488],[-117.1349,44.57473],[-117.13494,44.57471],[-117.13675,44.57371],[-117.13807,44.573],[-117.14248,44.57143],[-117.1425,44.57142],[-117.14412,44.57013],[-117.14431,44.56997],[-117.14459,44.56975],[-117.14488,44.56952],[-117.14507,44.56937],[-117.14603,44.5686],[-117.14607,44.56853],[-117.1479,44.56505],[-117.14825,44.56437],[-117.14818,44.56383],[-117.14817,44.56378],[-117.14816,44.5637],[-117.14815,44.56362],[-117.14814,44.56357],[-117.1481,44.56328],[-117.14804,44.56285],[-117.14797,44.56243],[-117.14793,44.56214],[-117.14764,44.56187],[-117.14676,44.56104],[-117.14647,44.56076],[-117.1461,44.56041],[-117.14499,44.55936],[-117.14463,44.55899],[-117.1444,44.55875],[-117.14406,44.5584],[-117.14371,44.55804],[-117.14348,44.55781],[-117.14326,44.55758],[-117.14293,44.55724],[-117.14296,44.55676],[-117.14297,44.55644],[-117.143,44.55603],[-117.14303,44.55541],[-117.14307,44.55479],[-117.14309,44.55438],[-117.14309,44.55431],[-117.1431,44.55418],[-117.14311,44.55412],[-117.14312,44.55406],[-117.14314,44.55395],[-117.14317,44.55379],[-117.1432,44.55363],[-117.14322,44.55352],[-117.1433,44.55312],[-117.14341,44.55251],[-117.14352,44.55191],[-117.1436,44.5515],[-117.14361,44.55145],[-117.14362,44.55137],[-117.14363,44.5513],[-117.14364,44.55125],[-117.14369,44.55098],[-117.14381,44.55035],[-117.14382,44.55019],[-117.14384,44.54992],[-117.14394,44.54861],[-117.14416,44.54565],[-117.1446,44.54479],[-117.1452,44.54362],[-117.14548,44.54309],[-117.14589,44.54228],[-117.1463,44.54148],[-117.14658,44.54094],[-117.14713,44.53988],[-117.14713,44.53987],[-117.14892,44.53672],[-117.14924,44.53615],[-117.14957,44.5357],[-117.14972,44.53549],[-117.14995,44.53518],[-117.15017,44.53487],[-117.15032,44.53467],[-117.15062,44.53425],[-117.15108,44.53363],[-117.15153,44.533],[-117.15184,44.53258],[-117.15201,44.53234],[-117.15241,44.5318],[-117.15258,44.53165],[-117.15281,44.53145],[-117.15313,44.53118],[-117.15362,44.53077],[-117.1541,44.53035],[-117.15442,44.53008],[-117.1548,44.52975],[-117.15537,44.52927],[-117.15595,44.52878],[-117.15633,44.52845],[-117.15649,44.52831],[-117.15697,44.52798],[-117.15895,44.52661],[-117.15961,44.52615],[-117.16092,44.52525],[-117.16103,44.52517],[-117.16548,44.52391],[-117.167,44.52348],[-117.16708,44.52346],[-117.16719,44.52343],[-117.16734,44.52345],[-117.16742,44.52345],[-117.16764,44.52348],[-117.16798,44.52351],[-117.16831,44.52354],[-117.16853,44.52357],[-117.16909,44.52362],[-117.16992,44.5237],[-117.17075,44.52379],[-117.1713,44.52384],[-117.17135,44.52385],[-117.17142,44.52385],[-117.17149,44.52386],[-117.17154,44.52387],[-117.17201,44.52391],[-117.17216,44.52393],[-117.17336,44.52357],[-117.17381,44.52344],[-117.17389,44.52342],[-117.17401,44.52338],[-117.17412,44.52335],[-117.1742,44.52332],[-117.17462,44.5232],[-117.17548,44.52295],[-117.17718,44.52247],[-117.1794,44.52272],[-117.18072,44.52287],[-117.18128,44.52293],[-117.18158,44.52296],[-117.18257,44.52199],[-117.18298,44.5216],[-117.18314,44.52145],[-117.18337,44.52122],[-117.18361,44.52099],[-117.18377,44.52083],[-117.18456,44.52007],[-117.18539,44.51926],[-117.18624,44.51729],[-117.18668,44.51629],[-117.18681,44.516],[-117.18703,44.51549],[-117.18733,44.51526],[-117.18758,44.51506],[-117.18853,44.51433],[-117.18976,44.51338],[-117.19073,44.51156],[-117.1913,44.5105],[-117.19153,44.51007],[-117.19163,44.50989],[-117.19151,44.50861],[-117.19146,44.50812],[-117.19137,44.50721],[-117.19133,44.50678],[-117.19206,44.50458],[-117.19235,44.50371],[-117.19241,44.50351],[-117.19249,44.50327],[-117.19267,44.50293],[-117.19277,44.50274],[-117.19308,44.50216],[-117.19377,44.50084],[-117.194,44.50045],[-117.19432,44.49988],[-117.19441,44.49975],[-117.19456,44.49956],[-117.1947,44.49937],[-117.1948,44.49924],[-117.19507,44.49887],[-117.19527,44.49861],[-117.19584,44.49774],[-117.19599,44.49751],[-117.1961,44.49737],[-117.19632,44.49706],[-117.19639,44.49696],[-117.19673,44.49643],[-117.19706,44.49621],[-117.19737,44.49599],[-117.19783,44.49568],[-117.19806,44.49552],[-117.19887,44.49494],[-117.19939,44.49423],[-117.19957,44.49363],[-117.19982,44.49283],[-117.19988,44.49262],[-117.20006,44.49232],[-117.20024,44.49203],[-117.20109,44.49153],[-117.2014,44.49134],[-117.20188,44.49105],[-117.20195,44.49098],[-117.20205,44.49087],[-117.20216,44.49076],[-117.20223,44.49069],[-117.20301,44.48987],[-117.20337,44.48965],[-117.2039,44.48934],[-117.20575,44.4882],[-117.20666,44.4876],[-117.20722,44.48705],[-117.20764,44.48664],[-117.20837,44.486],[-117.20845,44.48593],[-117.20871,44.48579],[-117.20894,44.48566],[-117.20986,44.48545],[-117.21027,44.48542],[-117.21115,44.48536],[-117.21216,44.48553],[-117.21255,44.48561],[-117.21324,44.48576],[-117.2141,44.48605],[-117.21507,44.48622],[-117.21637,44.48616],[-117.21878,44.4854],[-117.21926,44.48524],[-117.22145,44.48453],[-117.22151,44.48452],[-117.22161,44.48451],[-117.2217,44.4845],[-117.22176,44.48449],[-117.22225,44.48443],[-117.22252,44.48435],[-117.2233,44.48413],[-117.2241,44.48373],[-117.22447,44.48322],[-117.22491,44.48258],[-117.22508,44.48235],[-117.22522,44.48196],[-117.22576,44.48053],[-117.22584,44.47998],[-117.22593,44.47939],[-117.22593,44.4793],[-117.22583,44.47814],[-117.22576,44.47722],[-117.22537,44.47548],[-117.22498,44.4748],[-117.22444,44.47388],[-117.22438,44.4738],[-117.22397,44.4733],[-117.22272,44.4718],[-117.22271,44.47179],[-117.22234,44.47128],[-117.222,44.47081],[-117.2217,44.47036],[-117.22155,44.47015],[-117.22088,44.46859],[-117.22055,44.46723],[-117.22052,44.4671],[-117.2203,44.46614],[-117.22025,44.4659],[-117.22027,44.4653],[-117.2203,44.46449],[-117.22041,44.46363],[-117.22038,44.46304],[-117.22024,44.46282],[-117.21989,44.46231],[-117.21973,44.46215],[-117.21939,44.46183],[-117.21855,44.46102],[-117.21838,44.46084],[-117.21806,44.4605],[-117.21803,44.46047],[-117.21797,44.46041],[-117.21792,44.46035],[-117.21788,44.46031],[-117.21765,44.46006],[-117.21754,44.45989],[-117.21701,44.45904],[-117.21686,44.45843],[-117.21673,44.45796],[-117.21672,44.45791],[-117.21671,44.45788],[-117.2167,44.45785],[-117.21668,44.45781],[-117.21668,44.45778],[-117.21622,44.45634],[-117.21613,44.45604],[-117.21557,44.45375],[-117.21525,44.45215],[-117.21521,44.45191],[-117.21495,44.45042],[-117.21483,44.44977],[-117.21474,44.44923],[-117.21464,44.44803],[-117.21468,44.44781],[-117.21481,44.44716],[-117.21494,44.44656],[-117.21535,44.44566],[-117.21543,44.44551],[-117.21588,44.44465],[-117.21632,44.44393],[-117.21656,44.44228],[-117.21631,44.4415],[-117.21601,44.44083],[-117.21586,44.44062],[-117.21562,44.4403],[-117.21544,44.43995],[-117.21536,44.43897],[-117.21535,44.43879],[-117.21533,44.43853],[-117.21531,44.43826],[-117.21529,44.43808],[-117.21529,44.43803],[-117.21528,44.43798],[-117.2153,44.43786],[-117.21531,44.43781],[-117.21542,44.43711],[-117.2155,44.43656],[-117.21581,44.43588],[-117.21594,44.4352],[-117.21591,44.43508],[-117.21578,44.43439],[-117.21562,44.43397],[-117.21553,44.43373],[-117.21545,44.43297],[-117.21539,44.43268],[-117.21531,44.43224],[-117.21518,44.43151],[-117.21517,44.4315],[-117.21519,44.4307],[-117.21567,44.42936],[-117.21573,44.42919],[-117.2156,44.42863],[-117.21558,44.42854],[-117.21551,44.42826],[-117.21546,44.42817],[-117.21541,44.42809],[-117.21534,44.42797],[-117.21527,44.42785],[-117.21522,44.42778],[-117.21514,44.42765],[-117.21513,44.42757],[-117.21507,44.42716],[-117.21517,44.42692],[-117.21525,44.42671],[-117.21526,44.42669],[-117.21541,44.42636],[-117.21564,44.42588],[-117.21585,44.42538],[-117.21599,44.42505],[-117.21604,44.42493],[-117.21619,44.42456],[-117.2162,44.42455],[-117.21625,44.42444],[-117.21628,44.42433],[-117.21637,44.42401],[-117.2164,44.4239],[-117.2164,44.42387],[-117.21642,44.42378],[-117.21643,44.42375],[-117.21665,44.42346],[-117.21669,44.4234],[-117.21746,44.42238],[-117.21748,44.42235],[-117.21767,44.42195],[-117.21771,44.42186],[-117.21777,44.42173],[-117.21784,44.42159],[-117.21788,44.4215],[-117.21795,44.42135],[-117.21806,44.42112],[-117.21817,44.4209],[-117.21825,44.42075],[-117.21829,44.42066],[-117.21854,44.4203],[-117.21929,44.41924],[-117.21952,44.41906],[-117.21994,44.41872],[-117.21997,44.41869],[-117.22054,44.41834],[-117.22107,44.41801],[-117.22169,44.41727],[-117.22218,44.41698],[-117.22244,44.41683],[-117.22278,44.41659],[-117.22297,44.41646],[-117.22308,44.41621],[-117.22322,44.41586],[-117.22301,44.41502],[-117.22294,44.41474],[-117.22281,44.41425],[-117.2231,44.41387],[-117.22323,44.41369],[-117.22395,44.41273],[-117.22424,44.41235],[-117.22436,44.41218],[-117.22441,44.41212],[-117.22464,44.41163],[-117.22473,44.41144],[-117.22482,44.41123],[-117.22489,44.41078],[-117.22502,44.40999],[-117.22524,44.40875],[-117.22531,44.4084],[-117.22538,44.40808],[-117.22542,44.40791],[-117.22546,44.40773],[-117.22567,44.40749],[-117.22579,44.40736],[-117.22637,44.40669],[-117.22678,44.40623],[-117.22698,44.40558],[-117.22726,44.40524],[-117.22804,44.40473],[-117.22879,44.40425],[-117.22921,44.40398],[-117.2301,44.40341],[-117.23046,44.40315],[-117.23087,44.40286],[-117.23094,44.40281],[-117.23103,44.40274],[-117.23113,44.40267],[-117.23119,44.40263],[-117.23129,44.40256],[-117.23148,44.40242],[-117.23157,44.40233],[-117.23166,44.40224],[-117.23207,44.40182],[-117.23251,44.40137],[-117.23308,44.4008],[-117.23335,44.40062],[-117.23352,44.40052],[-117.23385,44.4003],[-117.23437,44.39997],[-117.23483,44.39967],[-117.23601,44.3991],[-117.23657,44.39883],[-117.23669,44.39877],[-117.23687,44.39868],[-117.23704,44.39858],[-117.23716,44.39852],[-117.23718,44.39851],[-117.23724,44.39848],[-117.23726,44.39848],[-117.2381,44.3982],[-117.23995,44.39759],[-117.24061,44.39735],[-117.24144,44.39705],[-117.24178,44.39693],[-117.24198,44.39686],[-117.24267,44.39655],[-117.24269,44.39646],[-117.24276,44.39611],[-117.24287,44.39556],[-117.24285,44.39536],[-117.24272,44.39439],[-117.24256,44.39348],[-117.24266,44.3931],[-117.24277,44.39261],[-117.2428,44.39235],[-117.24283,44.39209],[-117.24288,44.39155],[-117.24294,44.3913],[-117.24301,44.39104],[-117.24302,44.391],[-117.24303,44.39097],[-117.243,44.3909],[-117.24299,44.39086],[-117.24275,44.39019],[-117.24206,44.38921],[-117.24184,44.38885],[-117.2386,44.38362],[-117.23814,44.38299],[-117.23811,44.38293],[-117.23783,44.38239],[-117.23766,44.38152],[-117.23738,44.38073],[-117.23707,44.38028],[-117.23703,44.38022],[-117.23649,44.37947],[-117.23624,44.37889],[-117.23603,44.37839],[-117.23598,44.37828],[-117.23587,44.37801],[-117.23584,44.37794],[-117.23579,44.37782],[-117.2357,44.37759],[-117.23557,44.37725],[-117.23549,44.37689],[-117.23544,44.37665],[-117.2354,44.37647],[-117.2354,44.37643],[-117.23544,44.37574],[-117.23544,44.37571],[-117.2355,44.37552],[-117.23556,44.37528],[-117.23557,44.37526],[-117.23547,44.37488],[-117.23538,44.37459],[-117.23531,44.37438],[-117.2353,44.37437],[-117.23529,44.37433],[-117.23527,44.37427],[-117.23525,44.37421],[-117.23523,44.37418],[-117.2352,44.37407],[-117.23512,44.37385],[-117.23505,44.37379],[-117.23496,44.37372],[-117.23491,44.37367],[-117.23482,44.37359],[-117.23473,44.37351],[-117.23467,44.37346],[-117.23404,44.37291],[-117.23385,44.37275],[-117.233,44.37197],[-117.23218,44.37138],[-117.23131,44.37072],[-117.23122,44.37066],[-117.23043,44.37009],[-117.22994,44.36974],[-117.22985,44.36965],[-117.22912,44.36887],[-117.22823,44.3682],[-117.22794,44.36797],[-117.22764,44.36778],[-117.22719,44.36748],[-117.22628,44.36688],[-117.22582,44.36661],[-117.22536,44.36634],[-117.22485,44.36604],[-117.22436,44.36588],[-117.22321,44.3655],[-117.22224,44.365],[-117.22144,44.36436],[-117.22078,44.36383],[-117.22061,44.36363],[-117.22035,44.36332],[-117.2203,44.36326],[-117.21946,44.36248],[-117.21916,44.36221],[-117.21853,44.36164],[-117.21691,44.36016],[-117.21657,44.36001],[-117.21599,44.35975],[-117.21579,44.35965],[-117.21483,44.35917],[-117.21412,44.35881],[-117.21215,44.35826],[-117.21179,44.35813],[-117.21078,44.35777],[-117.21059,44.3577],[-117.20942,44.35691],[-117.20912,44.35671],[-117.20696,44.35521],[-117.20556,44.35401],[-117.20555,44.35399],[-117.20479,44.35302],[-117.20464,44.35267],[-117.20443,44.35221],[-117.20414,44.35155],[-117.20367,44.35092],[-117.20337,44.35052],[-117.20328,44.35041],[-117.20305,44.35018],[-117.20267,44.34981],[-117.20187,44.34941],[-117.2016,44.34927],[-117.20145,44.3492],[-117.20086,44.34893],[-117.20012,44.3486],[-117.19906,44.34821],[-117.19845,44.34799],[-117.19835,44.34795],[-117.19821,44.34788],[-117.1975,44.3475],[-117.19734,44.34741],[-117.19728,44.34735],[-117.19708,44.34718],[-117.19677,44.34691],[-117.19647,44.34665],[-117.19627,44.34647],[-117.1962,44.34641],[-117.19615,44.34636],[-117.19604,44.34618],[-117.196,44.3461],[-117.19497,44.34427],[-117.19262,44.34011],[-117.19208,44.33921],[-117.19172,44.33893],[-117.1917,44.33892],[-117.19103,44.33855],[-117.1906,44.33831],[-117.19019,44.3376],[-117.1901,44.33745],[-117.19007,44.33739],[-117.18981,44.3367],[-117.18977,44.33659],[-117.18978,44.33646],[-117.18978,44.33636],[-117.18979,44.33621],[-117.18979,44.33606],[-117.1898,44.33595],[-117.18981,44.33568],[-117.18984,44.33501],[-117.18991,44.33487],[-117.19005,44.33463],[-117.19034,44.33409],[-117.19077,44.33346],[-117.19099,44.33314],[-117.19139,44.33224],[-117.19142,44.33106],[-117.19134,44.33013],[-117.19155,44.32962],[-117.19159,44.32955],[-117.1922,44.32863],[-117.19244,44.3285],[-117.19264,44.3284],[-117.19294,44.32824],[-117.19323,44.32808],[-117.19343,44.32797],[-117.19346,44.32795],[-117.19349,44.32793],[-117.19353,44.32791],[-117.19355,44.3279],[-117.19358,44.3279],[-117.19364,44.32788],[-117.19367,44.32788],[-117.19413,44.32777],[-117.1949,44.32756],[-117.19563,44.32719],[-117.19577,44.32712],[-117.19634,44.3266],[-117.19663,44.32608],[-117.19664,44.32518],[-117.1968,44.3242],[-117.19755,44.32325],[-117.1988,44.32237],[-117.19889,44.32227],[-117.19964,44.32142],[-117.19999,44.32052],[-117.2,44.32049],[-117.20002,44.32045],[-117.20004,44.3204],[-117.20005,44.32037],[-117.20013,44.32016],[-117.20013,44.32014],[-117.2002,44.31943],[-117.20022,44.31919],[-117.20024,44.31901],[-117.20024,44.31852],[-117.20025,44.31785],[-117.20069,44.3169],[-117.20093,44.31671],[-117.20144,44.31631],[-117.20146,44.3163],[-117.20215,44.31592],[-117.20249,44.31573],[-117.20282,44.31502],[-117.20285,44.31382],[-117.20286,44.31376],[-117.20324,44.31315],[-117.20332,44.31302],[-117.20369,44.31275],[-117.20408,44.31245],[-117.20529,44.31189],[-117.2055,44.31179],[-117.20586,44.31169],[-117.20723,44.31129],[-117.2081,44.31109],[-117.20926,44.31082],[-117.21155,44.30999],[-117.21353,44.30954],[-117.21478,44.30922],[-117.21521,44.30912],[-117.21679,44.30824],[-117.21684,44.30819],[-117.21784,44.30718],[-117.21789,44.30707],[-117.21816,44.30643],[-117.2184,44.30503],[-117.21884,44.30361],[-117.21927,44.30269],[-117.21946,44.30228],[-117.21989,44.30157],[-117.21991,44.30154],[-117.22005,44.3014],[-117.22021,44.30124],[-117.22044,44.30101],[-117.22197,44.29956],[-117.22245,44.29896],[-117.22274,44.29833],[-117.22265,44.29758],[-117.22231,44.29674],[-117.2218,44.29577],[-117.21839,44.29029],[-117.21763,44.28906],[-117.21697,44.28836],[-117.21609,44.28783],[-117.2157,44.28762],[-117.2148,44.28713],[-117.21355,44.28654],[-117.21245,44.28581],[-117.21096,44.28499],[-117.20965,44.2842],[-117.20953,44.28413],[-117.20941,44.28405],[-117.20933,44.284],[-117.2086,44.28355],[-117.20751,44.28272],[-117.20628,44.28131],[-117.20622,44.28123],[-117.20602,44.28098],[-117.2047,44.2793],[-117.20307,44.27778],[-117.2026,44.27735],[-117.20039,44.27544],[-117.19857,44.27413],[-117.19815,44.27383],[-117.19594,44.27249],[-117.19577,44.27239],[-117.19314,44.27097],[-117.19171,44.27026],[-117.19072,44.26978],[-117.18864,44.26877],[-117.18647,44.268],[-117.18431,44.26715],[-117.18209,44.26598],[-117.18207,44.26597],[-117.17983,44.26482],[-117.17957,44.26467],[-117.17955,44.26466],[-117.17863,44.26412],[-117.17769,44.26357],[-117.17765,44.26355],[-117.1776,44.26352],[-117.17584,44.26223],[-117.17578,44.26219],[-117.17421,44.2611],[-117.17377,44.2608],[-117.17375,44.26078],[-117.17223,44.25972],[-117.17112,44.25923],[-117.1711,44.25922],[-117.17034,44.25889],[-117.1681,44.2585],[-117.16579,44.25848],[-117.1652,44.25841],[-117.16517,44.25841],[-117.16361,44.25822],[-117.16232,44.25798],[-117.16104,44.25776],[-117.16032,44.25772],[-117.15886,44.25764],[-117.15705,44.25749],[-117.15498,44.25761],[-117.15334,44.25784],[-117.15157,44.25808],[-117.15025,44.25807],[-117.14832,44.25807],[-117.14622,44.25803],[-117.14359,44.25823],[-117.14126,44.25852],[-117.13849,44.25938],[-117.13677,44.26039],[-117.13497,44.26182],[-117.13467,44.26217],[-117.13421,44.2627],[-117.13399,44.26297],[-117.13311,44.26422],[-117.13283,44.26527],[-117.1327,44.26627],[-117.13251,44.26708],[-117.13204,44.26802],[-117.13087,44.26949],[-117.12887,44.27127],[-117.12728,44.27262],[-117.12365,44.2754],[-117.12351,44.27552],[-117.12322,44.27576],[-117.12104,44.27759],[-117.11986,44.27827],[-117.11802,44.27894],[-117.11801,44.27895],[-117.11395,44.28019],[-117.11174,44.28064],[-117.11162,44.28067],[-117.10932,44.28086],[-117.10802,44.28079],[-117.10769,44.28077],[-117.10596,44.28043],[-117.10421,44.27994],[-117.10224,44.2788],[-117.10215,44.27872],[-117.10063,44.27743],[-117.09853,44.27553],[-117.09639,44.2732],[-117.09461,44.27103],[-117.09457,44.27098],[-117.09357,44.26937],[-117.09328,44.26846],[-117.09327,44.26844],[-117.09308,44.26785],[-117.09288,44.26724],[-117.09231,44.26547],[-117.09208,44.26427],[-117.09208,44.26425],[-117.09182,44.26288],[-117.09093,44.26031],[-117.08965,44.25845],[-117.0895,44.25823],[-117.08914,44.25793],[-117.08913,44.25791],[-117.08903,44.25783],[-117.08891,44.25773],[-117.08867,44.25753],[-117.08866,44.25751],[-117.08817,44.2571],[-117.08682,44.25611],[-117.08681,44.2561],[-117.08097,44.25181],[-117.07835,44.24989],[-117.07765,44.2495],[-117.07574,44.24859],[-117.07417,44.24771],[-117.07351,44.24734],[-117.07143,44.24634],[-117.06947,44.24539],[-117.06809,44.24463],[-117.06728,44.24401],[-117.06611,44.24275],[-117.06445,44.24103],[-117.06333,44.23995],[-117.06175,44.23899],[-117.06041,44.23814],[-117.05935,44.23724],[-117.05889,44.23665],[-117.05864,44.23633],[-117.05856,44.23607],[-117.05845,44.23574],[-117.05836,44.23542],[-117.05827,44.23515],[-117.05801,44.23426],[-117.05784,44.2337],[-117.05774,44.23339],[-117.05772,44.23332],[-117.0577,44.23324],[-117.05746,44.23243],[-117.05708,44.23157],[-117.05656,44.23093],[-117.05651,44.23087],[-117.0563,44.23075],[-117.05533,44.23017],[-117.05409,44.22947],[-117.05303,44.22908],[-117.05152,44.22877],[-117.05143,44.22875],[-117.05111,44.22877],[-117.05006,44.22883],[-117.04992,44.22885],[-117.04845,44.22907],[-117.0474,44.22958],[-117.04738,44.22958],[-117.04706,44.22974],[-117.04683,44.22997],[-117.04615,44.23067],[-117.04551,44.23201],[-117.04518,44.23295],[-117.04502,44.23343],[-117.04485,44.23392],[-117.04477,44.23415],[-117.04474,44.23425],[-117.04464,44.23458],[-117.04454,44.23492],[-117.04441,44.23534],[-117.04429,44.23576],[-117.04411,44.23633],[-117.0434,44.23862],[-117.04324,44.23998],[-117.04302,44.24123],[-117.04277,44.24206],[-117.04273,44.24219],[-117.04255,44.24242],[-117.04228,44.24278],[-117.04178,44.24316],[-117.04114,44.24365],[-117.03933,44.2446],[-117.03861,44.24498],[-117.03796,44.2454],[-117.03669,44.24624],[-117.03585,44.2468],[-117.03522,44.24715],[-117.0346,44.2475],[-117.0345,44.24755],[-117.03317,44.24819],[-117.03186,44.24864],[-117.03174,44.24866],[-117.03089,44.24874],[-117.03011,44.24883],[-117.02952,44.2489],[-117.02756,44.24888],[-117.02739,44.24885],[-117.02528,44.2485],[-117.02489,44.24833],[-117.02455,44.24819],[-117.02421,44.24804],[-117.02409,44.24798],[-117.02285,44.24731],[-117.02124,44.24653],[-117.02023,44.24606],[-117.01882,44.24564],[-117.01692,44.24539],[-117.0153,44.24547],[-117.01325,44.24567],[-117.01184,44.24584],[-117.01135,44.2459],[-117.00953,44.24622],[-117.00864,44.24633],[-117.00855,44.24635],[-117.00799,44.24642],[-117.00606,44.24649],[-117.00596,44.2465],[-117.00578,44.24648],[-117.00472,44.2464],[-117.00392,44.24623],[-117.00341,44.24595],[-117.00295,44.24566],[-117.0022,44.24554],[-117.00098,44.24538],[-116.99821,44.24524],[-116.99708,44.24536],[-116.99248,44.24538],[-116.99045,44.24542],[-116.98825,44.24547],[-116.988,44.24548],[-116.98684,44.24547],[-116.98613,44.24535],[-116.98452,44.24498],[-116.98317,44.24466],[-116.98181,44.24434],[-116.98122,44.2442],[-116.98063,44.24407],[-116.98027,44.24398],[-116.97992,44.2439],[-116.97882,44.24364],[-116.97771,44.24338],[-116.97697,44.24321],[-116.9767,44.24312],[-116.97634,44.24299],[-116.97598,44.24288],[-116.9759,44.24284],[-116.97571,44.24268],[-116.97555,44.24254],[-116.97538,44.24239],[-116.97493,44.2418],[-116.97448,44.24121],[-116.97354,44.23998],[-116.97316,44.23917],[-116.97307,44.23898],[-116.97298,44.23879],[-116.97282,44.23845],[-116.97265,44.23811],[-116.97222,44.23718],[-116.97196,44.23568],[-116.97199,44.23465],[-116.97297,44.23198],[-116.97399,44.22982],[-116.97432,44.22861],[-116.97395,44.22593],[-116.97339,44.22472],[-116.97288,44.22392],[-116.97106,44.22183],[-116.97036,44.22122],[-116.97025,44.22084],[-116.97032,44.21956],[-116.97019,44.21819],[-116.97022,44.21749],[-116.97136,44.21544],[-116.97172,44.21461],[-116.9726,44.2132],[-116.97292,44.21211],[-116.97352,44.20997],[-116.9737,44.20802],[-116.97256,44.20104],[-116.9724,44.19995],[-116.97237,44.19956],[-116.97207,44.198],[-116.97186,44.1976],[-116.97167,44.19726],[-116.97059,44.19629],[-116.96726,44.19458],[-116.9655,44.19413],[-116.96164,44.19344],[-116.95857,44.19296],[-116.94952,44.19156],[-116.94759,44.19126],[-116.94671,44.19129],[-116.94604,44.19141],[-116.94526,44.19168],[-116.94454,44.19203],[-116.94212,44.19326],[-116.94144,44.19347],[-116.94053,44.19371],[-116.93979,44.1938],[-116.9393,44.19379],[-116.93887,44.19377],[-116.93643,44.19389],[-116.93544,44.19396],[-116.93456,44.19381],[-116.93146,44.19309],[-116.92816,44.19227],[-116.92607,44.19177],[-116.92539,44.19154],[-116.92464,44.19104],[-116.92453,44.19071],[-116.92449,44.18973],[-116.92403,44.18844],[-116.92295,44.18736],[-116.92189,44.18664],[-116.91975,44.18549],[-116.91732,44.18411],[-116.91574,44.18315],[-116.91487,44.18269],[-116.91336,44.1823],[-116.91129,44.18167],[-116.91005,44.18127],[-116.90882,44.18109],[-116.90712,44.18085],[-116.90513,44.18036],[-116.90361,44.17999],[-116.90275,44.17947],[-116.90148,44.17818],[-116.9001,44.17685],[-116.89841,44.17456],[-116.89676,44.17253],[-116.89576,44.17127],[-116.89503,44.16808],[-116.89492,44.16646],[-116.89488,44.16579],[-116.8942,44.16232],[-116.89408,44.16019],[-116.89431,44.15811],[-116.89523,44.15598],[-116.89593,44.15429],[-116.89707,44.15316],[-116.89734,44.15294],[-116.89779,44.15259],[-116.89785,44.15255],[-116.89799,44.15243],[-116.89812,44.15233],[-116.8984,44.15211],[-116.89906,44.1516],[-116.90031,44.15055],[-116.90083,44.1501],[-116.9015,44.14926],[-116.90174,44.14862],[-116.90167,44.14728],[-116.90169,44.14714],[-116.90192,44.14593],[-116.90241,44.14517],[-116.90333,44.14442],[-116.90652,44.14278],[-116.90845,44.14185],[-116.90899,44.1415],[-116.91095,44.14024],[-116.91122,44.13999],[-116.91256,44.13579],[-116.91324,44.13293],[-116.91322,44.13137],[-116.91321,44.13022],[-116.9133,44.12992],[-116.91376,44.12838],[-116.91424,44.1273],[-116.9154,44.12611],[-116.91626,44.12528],[-116.91667,44.12489],[-116.91797,44.12385],[-116.91899,44.12328],[-116.91954,44.12298],[-116.9202,44.1224],[-116.92093,44.12188],[-116.92257,44.12094],[-116.92413,44.12002],[-116.92509,44.11937],[-116.92564,44.11893],[-116.92606,44.1185],[-116.92671,44.11743],[-116.92699,44.1167],[-116.92719,44.11648],[-116.92745,44.1163],[-116.92804,44.11577],[-116.92856,44.11516],[-116.92907,44.11397],[-116.92953,44.11306],[-116.92944,44.11262],[-116.92938,44.11228],[-116.9284,44.1113],[-116.92787,44.11031],[-116.92769,44.10944],[-116.9279,44.10859],[-116.9283,44.10733],[-116.93172,44.10248],[-116.9337,44.10004],[-116.93597,44.09813],[-116.93783,44.09695],[-116.93955,44.09588],[-116.9402,44.09547],[-116.94173,44.09461],[-116.94313,44.09406],[-116.94481,44.09357],[-116.94685,44.09318],[-116.94807,44.09308],[-116.95383,44.09236],[-116.95508,44.09227],[-116.95574,44.09222],[-116.95612,44.09209],[-116.95664,44.09192],[-116.95701,44.09174],[-116.95724,44.09163],[-116.95776,44.09154],[-116.9585,44.09148],[-116.95888,44.09144],[-116.96064,44.09123],[-116.96244,44.09115],[-116.96298,44.09117],[-116.96426,44.0912],[-116.96586,44.09106],[-116.96669,44.09104],[-116.9672,44.09094],[-116.96908,44.09041],[-116.97003,44.09],[-116.97117,44.0895],[-116.97237,44.08897],[-116.97289,44.08877],[-116.97344,44.08856],[-116.97388,44.08848],[-116.97418,44.08833],[-116.97425,44.0883],[-116.975,44.08778],[-116.97527,44.0876],[-116.97561,44.08737],[-116.9758,44.08717],[-116.97617,44.08678],[-116.97631,44.08663],[-116.97654,44.0864],[-116.97709,44.08582],[-116.97735,44.08536],[-116.97741,44.08486],[-116.97697,44.08435],[-116.97692,44.08428],[-116.9762,44.08341],[-116.97615,44.08331],[-116.9761,44.08319],[-116.97596,44.0829],[-116.97605,44.08218],[-116.97609,44.0818],[-116.9762,44.08079],[-116.97611,44.07949],[-116.97604,44.07892],[-116.97596,44.07735],[-116.97595,44.07708],[-116.97596,44.07542],[-116.97588,44.07481],[-116.97531,44.07377],[-116.97503,44.07328],[-116.97493,44.07297],[-116.97508,44.07199],[-116.97542,44.06988],[-116.9755,44.06913],[-116.97544,44.0687],[-116.97542,44.0676],[-116.97543,44.06742],[-116.97545,44.06487],[-116.97535,44.06422],[-116.97525,44.06366],[-116.97483,44.06255],[-116.97422,44.06122],[-116.97377,44.06006],[-116.97373,44.05983],[-116.97359,44.05915],[-116.97359,44.05914],[-116.97352,44.05892],[-116.97329,44.05817],[-116.9733,44.05779],[-116.97333,44.0569],[-116.97334,44.05682],[-116.97352,44.05553],[-116.97402,44.05366],[-116.97396,44.05276],[-116.97384,44.052],[-116.97354,44.05074],[-116.97349,44.05056],[-116.97331,44.04989],[-116.97319,44.04943],[-116.97293,44.04906],[-116.9725,44.04877],[-116.97241,44.04874],[-116.97213,44.04864],[-116.97204,44.04861],[-116.9716,44.04847],[-116.97116,44.04832],[-116.96859,44.04746],[-116.96772,44.04717],[-116.959,44.04525],[-116.95804,44.04488],[-116.95761,44.04471],[-116.95668,44.04415],[-116.95638,44.04379],[-116.95631,44.04369],[-116.9563,44.04366],[-116.95628,44.04336],[-116.95626,44.04307],[-116.95625,44.04289],[-116.95582,44.04235],[-116.95525,44.04161],[-116.95513,44.04146],[-116.95293,44.04002],[-116.95279,44.03993],[-116.95205,44.0397],[-116.95199,44.03968],[-116.9518,44.03962],[-116.95174,44.0396],[-116.95134,44.03948],[-116.95051,44.03892],[-116.95025,44.03875],[-116.9495,44.03838],[-116.94811,44.0377],[-116.9479,44.0376],[-116.94771,44.03751],[-116.9463,44.03682],[-116.94609,44.03671],[-116.94551,44.03649],[-116.94483,44.03622],[-116.94336,44.03565],[-116.942,44.0346],[-116.93961,44.03212],[-116.93734,44.02938],[-116.93725,44.0292],[-116.93683,44.02843],[-116.93613,44.02714],[-116.93533,44.02508],[-116.9353,44.02499],[-116.93529,44.02497],[-116.93524,44.02485],[-116.93518,44.02471],[-116.93509,44.02447],[-116.93473,44.0238],[-116.9345,44.02122],[-116.93471,44.02003],[-116.93532,44.018],[-116.93557,44.01752],[-116.93633,44.01609],[-116.93675,44.01484],[-116.9367,44.014],[-116.93667,44.0133],[-116.93649,44.01174],[-116.93655,44.01155],[-116.93686,44.0105],[-116.93761,44.00949],[-116.9396,44.00794],[-116.94105,44.00693],[-116.94136,44.00671],[-116.94152,44.00659],[-116.94162,44.00651],[-116.94166,44.00648],[-116.94205,44.00619],[-116.94307,44.0052],[-116.94408,44.0043],[-116.94488,44.00359],[-116.94494,44.00278],[-116.94477,44.0025],[-116.9441,44.00138],[-116.94391,44.00104],[-116.94295,43.99988],[-116.94242,43.99944],[-116.94173,43.99901],[-116.94124,43.99865],[-116.94065,43.99795],[-116.94032,43.99729],[-116.94026,43.99687],[-116.93951,43.9958],[-116.93855,43.99484],[-116.93813,43.99423],[-116.93752,43.99334],[-116.93629,43.9916],[-116.93604,43.9912],[-116.93585,43.99087],[-116.93552,43.98964],[-116.9353,43.98862],[-116.93565,43.98761],[-116.93633,43.98655],[-116.9374,43.98575],[-116.93852,43.98503],[-116.94002,43.98444],[-116.94276,43.98404],[-116.94571,43.98445],[-116.94805,43.98446],[-116.94904,43.9844],[-116.94973,43.98412],[-116.95057,43.98378],[-116.95141,43.98322],[-116.95211,43.98345],[-116.95284,43.98354],[-116.95325,43.98358],[-116.95353,43.98356],[-116.95404,43.98355],[-116.95428,43.9836],[-116.95453,43.98363],[-116.9556,43.98365],[-116.95648,43.98365],[-116.95722,43.98362],[-116.95783,43.98356],[-116.95833,43.98349],[-116.95858,43.98343],[-116.9588,43.98333],[-116.9592,43.98314],[-116.95987,43.98293],[-116.96029,43.98296],[-116.96083,43.98282],[-116.96156,43.98251],[-116.9623,43.98217],[-116.96291,43.98178],[-116.96354,43.9811],[-116.96395,43.98056],[-116.96433,43.97993],[-116.96481,43.97918],[-116.96551,43.97818],[-116.96599,43.97768],[-116.96641,43.9773],[-116.96687,43.97714],[-116.96736,43.97705],[-116.96784,43.97716],[-116.96829,43.9773],[-116.96874,43.97748],[-116.96931,43.9775],[-116.96987,43.97743],[-116.97048,43.97741],[-116.97089,43.97743],[-116.97121,43.9775],[-116.97157,43.97759],[-116.97225,43.97763],[-116.97293,43.97752],[-116.9736,43.97723],[-116.97421,43.97689],[-116.97469,43.97662],[-116.97512,43.97632],[-116.97541,43.97601],[-116.97573,43.97553],[-116.97604,43.97506],[-116.97618,43.97472],[-116.97618,43.97442],[-116.97618,43.97427],[-116.976,43.97377],[-116.97575,43.97343],[-116.97553,43.97309],[-116.97521,43.97282],[-116.97482,43.97271],[-116.9744,43.97259],[-116.9741,43.97248],[-116.97388,43.97242],[-116.97381,43.97238],[-116.97373,43.97233],[-116.9737,43.97226],[-116.97371,43.97222],[-116.97374,43.97214],[-116.97376,43.97212],[-116.9738,43.97208],[-116.97389,43.97201],[-116.97397,43.97194],[-116.97398,43.97187],[-116.97396,43.97179],[-116.9739,43.97175],[-116.97369,43.97162],[-116.97311,43.97133],[-116.97285,43.97122],[-116.97281,43.97122],[-116.97271,43.97121],[-116.9726,43.9712],[-116.97246,43.9712],[-116.9723,43.97121],[-116.97205,43.9712],[-116.97186,43.97114],[-116.97168,43.97098],[-116.9716,43.97083],[-116.97149,43.97063],[-116.9714,43.97039],[-116.97136,43.97015],[-116.97132,43.96988],[-116.97132,43.96971],[-116.97131,43.96953],[-116.97131,43.96934],[-116.97128,43.96906],[-116.97126,43.96884],[-116.97118,43.96857],[-116.97088,43.9683],[-116.96863,43.96841],[-116.96631,43.96888],[-116.96441,43.96881],[-116.96381,43.96864],[-116.96276,43.96847],[-116.96168,43.96817],[-116.96065,43.9676],[-116.96013,43.96725],[-116.95971,43.96693],[-116.95921,43.96636],[-116.95904,43.96549],[-116.95921,43.96462],[-116.95981,43.96381],[-116.96048,43.96341],[-116.96383,43.96221],[-116.96631,43.96147],[-116.96871,43.96053],[-116.97049,43.95976],[-116.97169,43.95889],[-116.97233,43.95836],[-116.97243,43.95799],[-116.9723,43.95762],[-116.97196,43.95722],[-116.97157,43.95696],[-116.96972,43.95692],[-116.96722,43.95651],[-116.96644,43.95644],[-116.96492,43.9563],[-116.96421,43.95628],[-116.96288,43.95623],[-116.96181,43.95605],[-116.96126,43.956],[-116.96087,43.95558],[-116.96048,43.9551],[-116.96042,43.95456],[-116.96108,43.95326],[-116.96177,43.95215],[-116.96182,43.95204],[-116.96204,43.95148],[-116.96215,43.95046],[-116.96216,43.9501],[-116.96222,43.94897],[-116.96225,43.9481],[-116.96252,43.94707],[-116.96254,43.94699],[-116.96311,43.94606],[-116.96405,43.94485],[-116.96429,43.94429],[-116.96476,43.94391],[-116.96605,43.94328],[-116.96728,43.94243],[-116.96821,43.94188],[-116.96876,43.94092],[-116.9688,43.94077],[-116.96903,43.93992],[-116.96914,43.93886],[-116.96908,43.93775],[-116.96893,43.93701],[-116.96858,43.93605],[-116.96815,43.9353],[-116.96764,43.93479],[-116.967,43.93448],[-116.96656,43.93426],[-116.96576,43.93384],[-116.96445,43.93351],[-116.96293,43.93307],[-116.96181,43.9328],[-116.96102,43.93237],[-116.9604,43.93159],[-116.95999,43.93065],[-116.95933,43.92932],[-116.95915,43.92874],[-116.95936,43.92774],[-116.95952,43.92704],[-116.9596,43.92669],[-116.95996,43.92592],[-116.96015,43.92554],[-116.96028,43.92501],[-116.96049,43.92413],[-116.96063,43.92315],[-116.96077,43.92256],[-116.96104,43.92165],[-116.96115,43.92072],[-116.96136,43.91955],[-116.96154,43.91839],[-116.96172,43.918],[-116.96214,43.91776],[-116.96254,43.91752],[-116.96261,43.91748],[-116.96365,43.91724],[-116.96461,43.91695],[-116.96609,43.91674],[-116.9662,43.91673],[-116.96668,43.91669],[-116.96755,43.91677],[-116.96791,43.91676],[-116.96848,43.91672],[-116.96905,43.91664],[-116.97,43.91647],[-116.97005,43.91646],[-116.97216,43.91646],[-116.97236,43.91645],[-116.97378,43.91634],[-116.97385,43.91634],[-116.97439,43.91639],[-116.97568,43.91612],[-116.97593,43.91607],[-116.97617,43.91599],[-116.9783,43.91532],[-116.97864,43.91535],[-116.97958,43.91525],[-116.98018,43.91506],[-116.98054,43.91483],[-116.98086,43.91428],[-116.98114,43.91369],[-116.9811,43.9129],[-116.98084,43.91224],[-116.98054,43.91132],[-116.97994,43.91064],[-116.97965,43.91035],[-116.97911,43.90969],[-116.97901,43.90936],[-116.97891,43.90892],[-116.9786,43.90833],[-116.9783,43.90767],[-116.97815,43.90733],[-116.97801,43.907],[-116.97764,43.9065],[-116.97735,43.90582],[-116.97717,43.90488],[-116.97709,43.90391],[-116.9768,43.90269],[-116.97655,43.90204],[-116.97644,43.9013],[-116.97662,43.90033],[-116.97663,43.8994],[-116.97663,43.89803],[-116.97658,43.8975],[-116.97655,43.89736],[-116.9765,43.89713],[-116.97645,43.89689],[-116.97635,43.89644],[-116.97603,43.89555],[-116.97611,43.89476],[-116.97618,43.89465],[-116.97686,43.89352],[-116.97767,43.89223],[-116.97815,43.89094],[-116.97865,43.89019],[-116.97907,43.88955],[-116.97934,43.88914],[-116.97952,43.88884],[-116.98003,43.88727],[-116.98088,43.88566],[-116.98169,43.88439],[-116.98209,43.88391],[-116.9822,43.88378],[-116.9823,43.88363],[-116.98275,43.88297],[-116.98278,43.88293],[-116.98351,43.88184],[-116.98384,43.88085],[-116.98386,43.8808],[-116.98383,43.88005],[-116.98381,43.8796],[-116.98385,43.87892],[-116.98389,43.87855],[-116.98392,43.87836],[-116.98392,43.87827],[-116.98391,43.87753],[-116.98389,43.87706],[-116.98388,43.87699],[-116.98388,43.87694],[-116.98387,43.87675],[-116.98381,43.87658],[-116.98371,43.8763],[-116.98361,43.87602],[-116.98354,43.87579],[-116.98339,43.87531],[-116.9833,43.87496],[-116.98329,43.87488],[-116.9832,43.87471],[-116.98311,43.87453],[-116.98301,43.87431],[-116.98248,43.8728],[-116.98221,43.87123],[-116.98235,43.86884],[-116.98252,43.8685],[-116.98294,43.86771],[-116.98415,43.86679],[-116.98544,43.86626],[-116.98665,43.86593],[-116.98703,43.86583],[-116.9881,43.86543],[-116.98853,43.86512],[-116.98891,43.86484],[-116.9896,43.8643],[-116.99086,43.864],[-116.99142,43.86386],[-116.99402,43.86407],[-116.99433,43.86408],[-116.99488,43.8641],[-116.9951,43.86422],[-116.99532,43.86435],[-116.99557,43.86449],[-116.99593,43.86458],[-116.9965,43.86471],[-116.99739,43.86487],[-116.99827,43.86474],[-116.99883,43.86466],[-116.99906,43.86464],[-116.99978,43.86435],[-116.99984,43.86432],[-117.00099,43.86397],[-117.00392,43.86391],[-117.00719,43.86364],[-117.00874,43.86294],[-117.0091,43.86289],[-117.01152,43.86245],[-117.01553,43.86091],[-117.01759,43.8601],[-117.01787,43.85999],[-117.01934,43.85942],[-117.02003,43.85896],[-117.02093,43.85781],[-117.02151,43.85668],[-117.02154,43.85662],[-117.02158,43.85656],[-117.02164,43.85639],[-117.02172,43.85618],[-117.02117,43.85507],[-117.02111,43.855],[-117.02012,43.85396],[-117.01985,43.85383],[-117.0179,43.85291],[-117.01483,43.85217],[-117.01265,43.8513],[-117.01104,43.85002],[-117.0107,43.84975],[-117.01067,43.84964],[-117.01046,43.84879],[-117.01025,43.84795],[-117.01012,43.84745],[-117.01015,43.84708],[-117.01038,43.8448],[-117.01079,43.84364],[-117.01121,43.84244],[-117.01136,43.84188],[-117.01158,43.84104],[-117.01283,43.84],[-117.01461,43.83964],[-117.01683,43.83996],[-117.01887,43.84061],[-117.02079,43.84133],[-117.02112,43.84152],[-117.02146,43.84169],[-117.02257,43.84185],[-117.0232,43.84189],[-117.02362,43.84158],[-117.02516,43.84133],[-117.02605,43.84078],[-117.02756,43.83947],[-117.02952,43.83747],[-117.03095,43.83553],[-117.03189,43.83416],[-117.03193,43.83397],[-117.03209,43.83327],[-117.03185,43.83286],[-117.03148,43.83248],[-117.03143,43.83242],[-117.03134,43.83194],[-117.03169,43.8316],[-117.03258,43.83018],[-117.03256,43.82938],[-117.03238,43.82896],[-117.03229,43.82877],[-117.0297,43.82718],[-117.02935,43.82703],[-117.02877,43.82666],[-117.02589,43.82539],[-117.02513,43.82494],[-117.02358,43.82381],[-117.02284,43.8229],[-117.02261,43.82262],[-117.02238,43.82234],[-117.02222,43.82214],[-117.0221,43.82157],[-117.02199,43.82099],[-117.02185,43.82041],[-117.02155,43.8194],[-117.02189,43.81726],[-117.02208,43.81586],[-117.02289,43.81417],[-117.02305,43.81384],[-117.02331,43.81355],[-117.0238,43.81301],[-117.0243,43.81246],[-117.02521,43.81128],[-117.02551,43.81069],[-117.02624,43.80925],[-117.02656,43.80831],[-117.02663,43.80811],[-117.02664,43.80726],[-117.02664,43.80711],[-117.02664,43.80701],[-117.02664,43.80691],[-117.02664,43.80672],[-117.02658,43.80645],[-117.02656,43.80631],[-117.02656,43.80572],[-117.02656,43.80345],[-117.02657,43.7997],[-117.02657,43.79968],[-117.02658,43.79859],[-117.02659,43.79566],[-117.02659,43.79506],[-117.02659,43.78997],[-117.02659,43.78928],[-117.02656,43.7807],[-117.02656,43.78039],[-117.02655,43.77857],[-117.02654,43.77732],[-117.02654,43.77573],[-117.02654,43.77547],[-117.02654,43.77412],[-117.02653,43.77053],[-117.02653,43.7703],[-117.02648,43.7679],[-117.02642,43.76231],[-117.02642,43.76206],[-117.02641,43.7618],[-117.02641,43.76162],[-117.02641,43.76145],[-117.02641,43.76121],[-117.0264,43.76057],[-117.0264,43.76032],[-117.0264,43.76018],[-117.0264,43.76003],[-117.0264,43.75993],[-117.02641,43.75985],[-117.02649,43.75928],[-117.02664,43.75904],[-117.02651,43.75871],[-117.02651,43.7579],[-117.02645,43.75766],[-117.02641,43.75355],[-117.02639,43.75082],[-117.02638,43.74988],[-117.02642,43.74926],[-117.02668,43.74563],[-117.02669,43.74535],[-117.02666,43.73671],[-117.02677,43.73396],[-117.02681,43.73382],[-117.02683,43.73367],[-117.02682,43.73315],[-117.02681,43.7329],[-117.02676,43.73133],[-117.02676,43.73074],[-117.02678,43.7282],[-117.02677,43.72758],[-117.02675,43.72595],[-117.02674,43.72547],[-117.02674,43.72527],[-117.02674,43.72517],[-117.02675,43.72466],[-117.02675,43.72413],[-117.02675,43.72261],[-117.02675,43.72036],[-117.02673,43.7191],[-117.02673,43.71897],[-117.02673,43.71895],[-117.02674,43.71875],[-117.02675,43.71754],[-117.02675,43.71609],[-117.02674,43.7152],[-117.02674,43.71481],[-117.02672,43.71289],[-117.02673,43.71114],[-117.02678,43.7103],[-117.02677,43.70994],[-117.02673,43.70955],[-117.02673,43.7093],[-117.02672,43.70923],[-117.02671,43.70857],[-117.02673,43.70842],[-117.02674,43.70816],[-117.02675,43.70777],[-117.02675,43.70765],[-117.02676,43.70697],[-117.02675,43.70641],[-117.02675,43.70629],[-117.02674,43.70553],[-117.02675,43.70439],[-117.02673,43.70096],[-117.02672,43.70039],[-117.02674,43.69854],[-117.02676,43.69793],[-117.02676,43.69762],[-117.02676,43.69717],[-117.02675,43.69675],[-117.02675,43.69653],[-117.02674,43.6955],[-117.02675,43.69425],[-117.02674,43.69371],[-117.02674,43.69355],[-117.02674,43.69344],[-117.02674,43.69338],[-117.02677,43.69069],[-117.02676,43.68998],[-117.02676,43.68988],[-117.02675,43.6875],[-117.02678,43.68672],[-117.02676,43.68342],[-117.02669,43.68328],[-117.02659,43.68321],[-117.02659,43.68238],[-117.02659,43.68167],[-117.02659,43.68095],[-117.02659,43.68089],[-117.02654,43.6808],[-117.02655,43.68038],[-117.02657,43.67992],[-117.02658,43.67968],[-117.02665,43.67817],[-117.02671,43.67692],[-117.02673,43.67586],[-117.02673,43.67574],[-117.02677,43.67435],[-117.02674,43.67309],[-117.02673,43.67218],[-117.02674,43.67119],[-117.02673,43.67049],[-117.02671,43.66924],[-117.02674,43.6684],[-117.02675,43.66833],[-117.02674,43.66814],[-117.02674,43.6679],[-117.02676,43.66712],[-117.02677,43.66592],[-117.02674,43.66469],[-117.02674,43.66447],[-117.02679,43.66446],[-117.02673,43.66415],[-117.02673,43.66412],[-117.02678,43.66411],[-117.02678,43.66103],[-117.02679,43.65175],[-117.02681,43.65],[-117.02681,43.64971],[-117.02681,43.64935],[-117.02684,43.64669],[-117.02684,43.64658],[-117.0269,43.6408],[-117.02678,43.63579],[-117.02678,43.63552],[-117.0268,43.63351],[-117.02679,43.63329],[-117.02677,43.6321],[-117.02677,43.63191],[-117.02676,43.63181],[-117.02676,43.63117],[-117.02674,43.63079],[-117.02671,43.63056],[-117.02671,43.63048],[-117.02668,43.62997],[-117.02668,43.62777],[-117.02672,43.625],[-117.02677,43.62483],[-117.02682,43.62459],[-117.02681,43.62458],[-117.02679,43.62361],[-117.02679,43.62108],[-117.02679,43.62105],[-117.02678,43.62087],[-117.02678,43.62084],[-117.02676,43.61837],[-117.02676,43.61824],[-117.02673,43.61783],[-117.02673,43.61779],[-117.0267,43.61767],[-117.02669,43.61717],[-117.02669,43.61682],[-117.02668,43.61522],[-117.02668,43.61394],[-117.02668,43.61375],[-117.02672,43.61352],[-117.02675,43.61301],[-117.02675,43.61256],[-117.02674,43.61219],[-117.02672,43.61115],[-117.02672,43.61088],[-117.02673,43.61086],[-117.02673,43.61083],[-117.02673,43.61049],[-117.02673,43.6104],[-117.02677,43.60177],[-117.02682,43.60041],[-117.02682,43.60036],[-117.02682,43.60034],[-117.02684,43.59934],[-117.02674,43.59677],[-117.02674,43.59669],[-117.02674,43.59514],[-117.02665,43.59386],[-117.02674,43.59375],[-117.02674,43.59366],[-117.02674,43.59341],[-117.02675,43.59211],[-117.02675,43.59197],[-117.02676,43.59189],[-117.02672,43.59106],[-117.02673,43.58997],[-117.02675,43.58942],[-117.02676,43.58897],[-117.02675,43.58855],[-117.02676,43.58842],[-117.02676,43.58837],[-117.02677,43.58804],[-117.02675,43.58602],[-117.02675,43.58578],[-117.02675,43.58491],[-117.02673,43.58462],[-117.02673,43.58434],[-117.0267,43.58308],[-117.02671,43.58281],[-117.0267,43.5827],[-117.0267,43.58249],[-117.02671,43.58158],[-117.0267,43.58077],[-117.0267,43.57936],[-117.02671,43.5787],[-117.02671,43.5786],[-117.0267,43.57841],[-117.02669,43.57803],[-117.02668,43.57792],[-117.02666,43.57791],[-117.02666,43.57789],[-117.02666,43.57772],[-117.02669,43.57728],[-117.0267,43.57667],[-117.02671,43.57632],[-117.02666,43.57508],[-117.02662,43.57384],[-117.02662,43.57371],[-117.02663,43.57357],[-117.02664,43.57317],[-117.02664,43.57296],[-117.02665,43.57291],[-117.02665,43.57284],[-117.02665,43.57275],[-117.02685,43.56561],[-117.02687,43.56472],[-117.02687,43.5647],[-117.02688,43.56329],[-117.0269,43.56019],[-117.0269,43.56006],[-117.027,43.54574],[-117.02701,43.54418],[-117.02701,43.54368],[-117.02689,43.52677],[-117.02689,43.52576],[-117.02688,43.52535],[-117.02687,43.52299],[-117.02687,43.52296],[-117.02674,43.51741],[-117.02673,43.51686],[-117.02671,43.51628],[-117.02669,43.51219],[-117.02669,43.51195],[-117.02669,43.51122],[-117.02669,43.51097],[-117.02667,43.50882],[-117.02664,43.50234],[-117.02663,43.50019],[-117.02674,43.49988],[-117.02669,43.49944],[-117.02669,43.49942],[-117.02669,43.49936],[-117.02669,43.49907],[-117.02669,43.49577],[-117.02669,43.49505],[-117.02669,43.49475],[-117.02673,43.48523],[-117.02673,43.4852],[-117.02674,43.48419],[-117.02673,43.48418],[-117.02673,43.48384],[-117.02673,43.48302],[-117.02671,43.46852],[-117.0267,43.4559],[-117.0267,43.4552],[-117.02669,43.44994],[-117.02669,43.4496],[-117.02669,43.4485],[-117.02669,43.4483],[-117.02666,43.4406],[-117.02666,43.4405],[-117.02669,43.43981],[-117.02668,43.42311],[-117.02668,43.4208],[-117.02667,43.41414],[-117.02668,43.41414],[-117.02666,43.38992],[-117.02668,43.38706],[-117.02668,43.38701],[-117.02667,43.38189],[-117.02665,43.37488],[-117.02666,43.37209],[-117.02673,43.35319],[-117.02676,43.34729],[-117.0268,43.3357],[-117.0268,43.33559],[-117.0268,43.33548],[-117.0268,43.33528],[-117.0268,43.33477],[-117.0268,43.33472],[-117.02676,43.31529],[-117.02674,43.30735],[-117.02674,43.30728],[-117.02674,43.30671],[-117.02668,43.29918],[-117.02668,43.29908],[-117.02667,43.28622],[-117.02667,43.28024],[-117.02666,43.2764],[-117.02666,43.2763],[-117.02666,43.27579],[-117.02666,43.26355],[-117.02666,43.26344],[-117.02666,43.2514],[-117.02666,43.25136],[-117.02666,43.25108],[-117.02667,43.25077],[-117.02667,43.25059],[-117.0267,43.24988],[-117.02671,43.24496],[-117.02671,43.24467],[-117.02671,43.24465],[-117.02671,43.24196],[-117.02672,43.24196],[-117.0267,43.2379],[-117.02669,43.23055],[-117.02667,43.23051],[-117.02668,43.22901],[-117.02669,43.22756],[-117.02669,43.22747],[-117.02669,43.22688],[-117.02668,43.22671],[-117.02666,43.21052],[-117.02664,43.19899],[-117.02671,43.19165],[-117.02674,43.18825],[-117.02674,43.18814],[-117.02683,43.16643],[-117.02682,43.16641],[-117.02683,43.16406],[-117.02686,43.15752],[-117.02686,43.15752],[-117.02686,43.15568],[-117.02687,43.15424],[-117.02687,43.15403],[-117.02684,43.1482],[-117.02683,43.14599],[-117.02683,43.14588],[-117.02683,43.14556],[-117.02683,43.14554],[-117.0268,43.1431],[-117.0268,43.14303],[-117.02674,43.13784],[-117.0268,43.13387],[-117.02679,43.13305],[-117.02681,43.13305],[-117.02683,43.13102],[-117.02684,43.13093],[-117.02684,43.1309],[-117.02687,43.12991],[-117.02687,43.1298],[-117.02687,43.12968],[-117.02685,43.1271],[-117.02686,43.12709],[-117.02687,43.127],[-117.0267,43.12495],[-117.02685,43.11841],[-117.02685,43.11838],[-117.02679,43.10337],[-117.02677,43.09782],[-117.02677,43.09776],[-117.02677,43.09651],[-117.02675,43.0943],[-117.02667,43.08117],[-117.02659,43.07621],[-117.02659,43.07565],[-117.02659,43.07526],[-117.02661,43.07526],[-117.02661,43.06853],[-117.02661,43.06829],[-117.02663,43.06145],[-117.02663,43.06122],[-117.02664,43.05647],[-117.02664,43.05641],[-117.02665,43.05167],[-117.02665,43.0494],[-117.02666,43.04696],[-117.02667,43.04155],[-117.0267,43.02781],[-117.02666,43.02544],[-117.02665,43.02513],[-117.02667,43.02502],[-117.02668,43.02488],[-117.02661,43.02103],[-117.0266,43.0196],[-117.0266,43.01956],[-117.0266,43.01922],[-117.0266,43.01917],[-117.02659,43.01766],[-117.02659,43.01756],[-117.0265,43.0035],[-117.02648,42.99988],[-117.02647,42.99955],[-117.02642,42.99592],[-117.02642,42.99578],[-117.02642,42.99563],[-117.02641,42.99428],[-117.0264,42.99068],[-117.0264,42.99058],[-117.02638,42.98876],[-117.02628,42.97309],[-117.02628,42.97227],[-117.02628,42.97212],[-117.0263,42.97039],[-117.0263,42.97034],[-117.02638,42.9612],[-117.02638,42.96112],[-117.02638,42.96107],[-117.02638,42.95743],[-117.02641,42.95442],[-117.02641,42.95324],[-117.02641,42.94969],[-117.02641,42.94851],[-117.02641,42.94849],[-117.02641,42.94842],[-117.02641,42.9484],[-117.0264,42.94598],[-117.0264,42.94589],[-117.0264,42.94479],[-117.0264,42.94249],[-117.02639,42.93128],[-117.02639,42.93122],[-117.02641,42.91462],[-117.02653,42.90472],[-117.02653,42.90439],[-117.02653,42.90429],[-117.02653,42.90378],[-117.02652,42.90283],[-117.02651,42.90199],[-117.02651,42.90115],[-117.02645,42.89304],[-117.02645,42.89296],[-117.02637,42.88198],[-117.02633,42.87609],[-117.02633,42.87527],[-117.02633,42.87488],[-117.02632,42.8743],[-117.02629,42.86969],[-117.02629,42.86951],[-117.02629,42.8662],[-117.02628,42.86604],[-117.02629,42.86411],[-117.02629,42.86301],[-117.02629,42.86268],[-117.02629,42.86257],[-117.02629,42.86253],[-117.02628,42.8577],[-117.02628,42.8576],[-117.02627,42.85594],[-117.02627,42.85553],[-117.02627,42.85537],[-117.02627,42.85504],[-117.02626,42.85034],[-117.02626,42.85027],[-117.02624,42.83555],[-117.02624,42.83481],[-117.02624,42.83468],[-117.02623,42.83119],[-117.02624,42.82791],[-117.02628,42.81842],[-117.02628,42.81829],[-117.02627,42.8167],[-117.02627,42.81647],[-117.02627,42.8156],[-117.02627,42.81532],[-117.02632,42.811],[-117.02635,42.80746],[-117.02633,42.80702],[-117.02633,42.80511],[-117.02633,42.8036],[-117.02633,42.80209],[-117.02634,42.79381],[-117.02634,42.79036],[-117.02634,42.78913],[-117.02635,42.78629],[-117.02635,42.78567],[-117.02635,42.78559],[-117.02635,42.78519],[-117.02635,42.7846],[-117.02635,42.78453],[-117.02638,42.77268],[-117.02638,42.77236],[-117.02638,42.77148],[-117.02639,42.76682],[-117.02641,42.7613],[-117.02641,42.76116],[-117.02641,42.7605],[-117.02641,42.76034],[-117.02647,42.75081],[-117.02647,42.75073],[-117.02645,42.75029],[-117.0265,42.74422],[-117.0265,42.74421],[-117.0265,42.74403],[-117.02651,42.74276],[-117.02651,42.74264],[-117.02651,42.74249],[-117.02648,42.73465],[-117.02649,42.73464],[-117.02648,42.73453],[-117.02648,42.73404],[-117.02648,42.73394],[-117.02649,42.73177],[-117.02651,42.72125],[-117.02652,42.71706],[-117.02652,42.71703],[-117.02649,42.71596],[-117.02649,42.71584],[-117.02653,42.70727],[-117.02653,42.7072],[-117.02655,42.69525],[-117.02655,42.69519],[-117.02656,42.69361],[-117.02656,42.69356],[-117.02656,42.68987],[-117.02656,42.68986],[-117.02656,42.68966],[-117.02657,42.68965],[-117.02656,42.68917],[-117.02657,42.68907],[-117.02657,42.68902],[-117.02657,42.68783],[-117.02658,42.68239],[-117.02658,42.67994],[-117.02658,42.67988],[-117.0266,42.66512],[-117.02664,42.63818],[-117.02665,42.63605],[-117.02665,42.63442],[-117.02666,42.62953],[-117.02665,42.6279],[-117.02667,42.6279],[-117.02666,42.62488],[-117.02663,42.6199],[-117.0266,42.61413],[-117.0266,42.61413],[-117.0266,42.61399],[-117.02656,42.60969],[-117.02656,42.60955],[-117.02656,42.60951],[-117.02654,42.60183],[-117.02654,42.60177],[-117.02653,42.59562],[-117.02652,42.59543],[-117.02651,42.59067],[-117.02645,42.57708],[-117.02645,42.57699],[-117.02645,42.57327],[-117.02645,42.5732],[-117.02645,42.56705],[-117.02645,42.56701],[-117.02645,42.56697],[-117.02645,42.56441],[-117.02645,42.56244],[-117.02645,42.56242],[-117.02646,42.55798],[-117.02646,42.55792],[-117.02646,42.55222],[-117.02646,42.55211],[-117.02648,42.53137],[-117.02648,42.53135],[-117.02647,42.53102],[-117.02646,42.53075],[-117.02646,42.53067],[-117.02645,42.53004],[-117.02645,42.52766],[-117.02645,42.52581],[-117.02645,42.51987],[-117.02645,42.51964],[-117.02645,42.51734],[-117.02646,42.51167],[-117.02646,42.5115],[-117.02646,42.50585],[-117.02646,42.50382],[-117.02646,42.50354],[-117.02646,42.50349],[-117.02646,42.50309],[-117.02646,42.50042],[-117.02646,42.50039],[-117.02655,42.49988],[-117.02656,42.49865],[-117.02658,42.49341],[-117.02659,42.49167],[-117.0266,42.49023],[-117.02659,42.48927],[-117.02659,42.48926],[-117.02658,42.48668],[-117.02658,42.48663],[-117.02653,42.47706],[-117.02653,42.47686],[-117.02653,42.47591],[-117.02653,42.47569],[-117.02649,42.46862],[-117.02648,42.46557],[-117.02647,42.46375],[-117.02647,42.46369],[-117.02645,42.45941],[-117.02645,42.45937],[-117.02643,42.45662],[-117.02643,42.45447],[-117.02643,42.45446],[-117.02643,42.45286],[-117.02643,42.45285],[-117.02643,42.45039],[-117.02643,42.44708],[-117.02643,42.44293],[-117.02643,42.43933],[-117.02643,42.43927],[-117.02643,42.43067],[-117.02643,42.43046],[-117.02643,42.4282],[-117.02643,42.42804],[-117.02642,42.42532],[-117.02642,42.41536],[-117.02642,42.41527],[-117.02642,42.41519],[-117.02644,42.40946],[-117.02644,42.40933],[-117.02646,42.40012],[-117.02648,42.39395],[-117.02648,42.39328],[-117.02648,42.39319],[-117.02648,42.39294],[-117.02648,42.39291],[-117.02648,42.39283],[-117.02648,42.39257],[-117.02648,42.39245],[-117.02649,42.39057],[-117.02651,42.388],[-117.02651,42.38795],[-117.02651,42.38745],[-117.02651,42.38738],[-117.02656,42.38011],[-117.02656,42.3799],[-117.02655,42.37891],[-117.02655,42.37856],[-117.02654,42.37571],[-117.02653,42.37487],[-117.02647,42.37205],[-117.02647,42.372],[-117.02613,42.35744],[-117.02613,42.35719],[-117.02612,42.34657],[-117.02611,42.33037],[-117.02611,42.33026],[-117.02611,42.3247],[-117.02611,42.32456],[-117.02611,42.32449],[-117.02611,42.32442],[-117.02611,42.32441],[-117.02611,42.32433],[-117.02611,42.32425],[-117.02611,42.32308],[-117.02626,42.315],[-117.02632,42.31192],[-117.02632,42.31176],[-117.02636,42.3097],[-117.02636,42.30954],[-117.02638,42.30854],[-117.02638,42.30847],[-117.02637,42.30347],[-117.02637,42.3033],[-117.02635,42.29258],[-117.02635,42.29241],[-117.02634,42.29044],[-117.02634,42.29026],[-117.02636,42.27847],[-117.02636,42.27837],[-117.0263,42.26701],[-117.02629,42.25865],[-117.02629,42.25844],[-117.02628,42.25534],[-117.02628,42.25509],[-117.02628,42.24966],[-117.02626,42.24434],[-117.02625,42.24414],[-117.02622,42.23462],[-117.02622,42.23448],[-117.02621,42.2295],[-117.02621,42.22895],[-117.02621,42.22856],[-117.02621,42.2274],[-117.02621,42.22701],[-117.0262,42.22541],[-117.0262,42.22061],[-117.02619,42.21901],[-117.02619,42.21861],[-117.02619,42.21739],[-117.02619,42.21699],[-117.02619,42.21688],[-117.02619,42.21656],[-117.02618,42.21645],[-117.02619,42.21645],[-117.02619,42.21628],[-117.02617,42.20068],[-117.02617,42.19904],[-117.0262,42.19611],[-117.02622,42.19498],[-117.02624,42.19497],[-117.02631,42.19084],[-117.02629,42.187],[-117.02627,42.18042],[-117.02626,42.18041],[-117.02621,42.16862],[-117.0262,42.1664],[-117.02623,42.1633],[-117.02623,42.1633],[-117.02628,42.15761],[-117.02628,42.1575],[-117.0263,42.15532],[-117.02634,42.15049],[-117.02634,42.15022],[-117.0264,42.14435],[-117.02644,42.13861],[-117.02645,42.1386],[-117.02645,42.13848],[-117.02658,42.13354],[-117.02659,42.13326],[-117.0266,42.133],[-117.02658,42.1302],[-117.02658,42.12489],[-117.0261,42.11765],[-117.02611,42.11755],[-117.02609,42.11755],[-117.0261,42.11572],[-117.02617,42.09341],[-117.02627,42.07497],[-117.02627,42.07488],[-117.02632,42.06625],[-117.02634,42.06248],[-117.02634,42.0619],[-117.02634,42.06188],[-117.02632,42.05748],[-117.02632,42.05745],[-117.02628,42.05105],[-117.02628,42.05097],[-117.02626,42.0402],[-117.02626,42.0356],[-117.02624,42.01817],[-117.02624,42.01798],[-117.02625,42.00681],[-117.02623,42.00359],[-117.02623,42.00352],[-117.02621,42.00094],[-117.0262,42.00019],[-117.0262,41.99989],[-117.02664,41.99989],[-117.04262,42.0],[-117.04656,41.99998],[-117.04841,41.99998],[-117.04964,41.99997],[-117.05242,42.00005],[-117.05447,42.00001],[-117.05518,42.00001],[-117.05702,42.00002],[-117.06555,42.00003],[-117.0684,42.00004],[-117.07923,42.0001],[-117.09657,42.0002],[-117.0966,42.0002],[-117.09681,42.0002],[-117.11366,42.0003],[-117.12476,42.00036],[-117.12596,42.00037],[-117.13367,42.00044],[-117.1614,42.00039],[-117.16182,42.00038],[-117.17863,42.00035],[-117.18204,42.00038],[-117.19762,42.00038],[-117.1977,42.00038],[-117.19787,42.00038],[-117.19802,42.00038],[-117.20746,42.00022],[-117.20861,42.00021],[-117.2172,42.00012],[-117.21755,41.99989],[-117.22729,41.99989],[-117.23203,41.99989],[-117.24623,41.99989],[-117.25096,41.99989],[-117.25123,41.99979],[-117.25342,41.99978],[-117.26085,41.99976],[-117.26332,41.99976],[-117.26609,41.99975],[-117.27442,41.99973],[-117.27719,41.99973],[-117.28478,41.99971],[-117.2927,41.99969],[-117.29546,41.99968],[-117.3081,41.99965],[-117.31205,41.99964],[-117.3239,41.99961],[-117.32785,41.9996],[-117.32852,41.9996],[-117.33055,41.9996],[-117.33123,41.99959],[-117.33138,41.99959],[-117.33482,41.99958],[-117.3456,41.99955],[-117.3492,41.99954],[-117.35825,41.99952],[-117.36575,41.9995],[-117.36607,41.9995],[-117.36841,41.9995],[-117.37597,41.99941],[-117.37618,41.99941],[-117.37694,41.9994],[-117.39357,41.99933],[-117.39512,41.99933],[-117.40361,41.99929],[-117.40448,41.9993],[-117.40513,41.9993],[-117.40711,41.99932],[-117.40777,41.99932],[-117.41499,41.99938],[-117.41824,41.99941],[-117.42126,41.99944],[-117.43827,41.99958],[-117.44306,41.99966],[-117.45589,41.9995],[-117.46235,41.99943],[-117.46483,41.9994],[-117.46728,41.99937],[-117.47053,41.99941],[-117.47141,41.99942],[-117.47199,41.99942],[-117.47304,41.99939],[-117.47327,41.99939],[-117.47413,41.99941],[-117.47995,41.99939],[-117.48111,41.9994],[-117.4814,41.9994],[-117.49007,41.99936],[-117.49033,41.99936],[-117.49229,41.99936],[-117.4935,41.99936],[-117.49565,41.99935],[-117.49568,41.99935],[-117.50097,41.99946],[-117.50441,41.99934],[-117.50643,41.99927],[-117.50668,41.99927],[-117.51196,41.99922],[-117.51312,41.99921],[-117.51331,41.99921],[-117.51348,41.99921],[-117.51511,41.99919],[-117.51596,41.99918],[-117.5169,41.99917],[-117.51839,41.99915],[-117.5204,41.99913],[-117.52107,41.99912],[-117.5214,41.99912],[-117.52168,41.99912],[-117.52231,41.99911],[-117.5302,41.99902],[-117.5306,41.99902],[-117.53244,41.99901],[-117.53798,41.99898],[-117.53983,41.99896],[-117.54466,41.99894],[-117.55242,41.99889],[-117.55642,41.99887],[-117.55913,41.99885],[-117.56395,41.99882],[-117.56648,41.99881],[-117.57405,41.99876],[-117.57658,41.99875],[-117.60325,41.99859],[-117.61071,41.99854],[-117.6128,41.99853],[-117.61321,41.99853],[-117.614,41.99852],[-117.61639,41.99851],[-117.61719,41.9985],[-117.62009,41.99849],[-117.62373,41.99847],[-117.62441,41.99836],[-117.62602,41.9981],[-117.62895,41.99809],[-117.63215,41.99808],[-117.63227,41.99808],[-117.63293,41.9981],[-117.63462,41.99813],[-117.63471,41.99813],[-117.63502,41.99813],[-117.63985,41.99814],[-117.63993,41.99814],[-117.64073,41.99814],[-117.64111,41.99814],[-117.64567,41.99816],[-117.64773,41.99812],[-117.6495,41.99812],[-117.65051,41.99812],[-117.6508,41.99812],[-117.65823,41.99813],[-117.65862,41.99813],[-117.6862,41.99815],[-117.70578,41.99816],[-117.70671,41.99816],[-117.70857,41.99816],[-117.71709,41.99818],[-117.71782,41.99819],[-117.71855,41.99819],[-117.71894,41.99819],[-117.71943,41.99819],[-117.71984,41.99819],[-117.72023,41.99819],[-117.72182,41.99818],[-117.7225,41.99818],[-117.72542,41.99818],[-117.7295,41.99818],[-117.73592,41.99821],[-117.73774,41.99822],[-117.74038,41.99823],[-117.74833,41.99827],[-117.75097,41.99828],[-117.75215,41.99828],[-117.75568,41.99829],[-117.75685,41.99829],[-117.7581,41.99829],[-117.76184,41.99828],[-117.76309,41.99828],[-117.76487,41.99829],[-117.77024,41.99832],[-117.77203,41.99833],[-117.77368,41.99833],[-117.77863,41.99833],[-117.77996,41.99833],[-117.78028,41.99833],[-117.78036,41.99833],[-117.78042,41.99835],[-117.78865,41.99843],[-117.78923,41.99843],[-117.79003,41.99842],[-117.79014,41.99842],[-117.79218,41.99842],[-117.79355,41.99842],[-117.7944,41.99842],[-117.80388,41.99841],[-117.80393,41.99841],[-117.80448,41.99841],[-117.81025,41.99843],[-117.81241,41.99842],[-117.82928,41.99828],[-117.83566,41.99822],[-117.83576,41.99822],[-117.83888,41.99823],[-117.84358,41.99825],[-117.87283,41.99833],[-117.87347,41.99834],[-117.87506,41.99822],[-117.87598,41.99816],[-117.88179,41.99817],[-117.88403,41.99818],[-117.88525,41.99818],[-117.8873,41.99819],[-117.88891,41.99816],[-117.89014,41.99814],[-117.89061,41.99813],[-117.89283,41.99814],[-117.9009,41.99815],[-117.90192,41.99816],[-117.90359,41.99817],[-117.90721,41.99819],[-117.91437,41.99824],[-117.91806,41.99822],[-117.9188,41.99822],[-117.92168,41.9982],[-117.92356,41.99819],[-117.92919,41.99816],[-117.93107,41.99815],[-117.93256,41.99814],[-117.93702,41.99812],[-117.9385,41.99811],[-117.94098,41.99809],[-117.94274,41.99808],[-117.94572,41.99807],[-117.94843,41.99805],[-117.95091,41.99804],[-117.95523,41.99801],[-117.95804,41.998],[-117.96038,41.99799],[-117.9682,41.998],[-117.97253,41.99801],[-117.97457,41.99801],[-117.98069,41.99802],[-117.98273,41.99803],[-117.98412,41.99803],[-117.9883,41.99804],[-117.9897,41.99804],[-117.99047,41.99804],[-117.99278,41.99804],[-117.99356,41.99805],[-117.99504,41.99805],[-117.9995,41.99806],[-118.00098,41.99806],[-118.00119,41.99804],[-118.00181,41.99799],[-118.00202,41.99799],[-118.00232,41.99798],[-118.00282,41.99798],[-118.00521,41.99797],[-118.006,41.99797],[-118.0102,41.99795],[-118.01564,41.99792],[-118.01777,41.99791],[-118.0228,41.99788],[-118.027,41.99786],[-118.03377,41.99782],[-118.03881,41.9978],[-118.04641,41.99776],[-118.04815,41.99775],[-118.05411,41.99772],[-118.05461,41.99772],[-118.05851,41.9977],[-118.06089,41.99769],[-118.06138,41.99769],[-118.06284,41.99768],[-118.06333,41.99768],[-118.06357,41.99767],[-118.06386,41.99767],[-118.06411,41.99767],[-118.06432,41.99767],[-118.06457,41.99767],[-118.06524,41.99767],[-118.06726,41.99766],[-118.06793,41.99766],[-118.06812,41.99766],[-118.06867,41.99766],[-118.06885,41.99766],[-118.06899,41.99766],[-118.06943,41.99765],[-118.06957,41.99765],[-118.06967,41.99765],[-118.06998,41.99765],[-118.07009,41.99765],[-118.07111,41.99765],[-118.0714,41.99764],[-118.0734,41.99763],[-118.08334,41.99758],[-118.08666,41.99756],[-118.08852,41.99755],[-118.09411,41.99752],[-118.09598,41.99752],[-118.09624,41.99751],[-118.09705,41.99751],[-118.09731,41.99751],[-118.09769,41.99751],[-118.09881,41.9975],[-118.09918,41.9975],[-118.10031,41.99749],[-118.10368,41.99747],[-118.10481,41.99747],[-118.105,41.99747],[-118.10557,41.99746],[-118.10576,41.99746],[-118.10675,41.99746],[-118.12382,41.99737],[-118.12401,41.99737],[-118.12404,41.99737],[-118.12585,41.99736],[-118.12727,41.99735],[-118.12954,41.99734],[-118.13521,41.99731],[-118.14311,41.99727],[-118.15081,41.99723],[-118.15778,41.99719],[-118.15823,41.99719],[-118.16078,41.99718],[-118.16843,41.99715],[-118.17098,41.99713],[-118.1749,41.99711],[-118.17754,41.9971],[-118.18664,41.99705],[-118.18667,41.99705],[-118.19059,41.99703],[-118.19191,41.99702],[-118.19587,41.997],[-118.19737,41.99734],[-118.20221,41.99732],[-118.20231,41.99732],[-118.2032,41.99732],[-118.20706,41.99731],[-118.20715,41.99731],[-118.2119,41.99729],[-118.21198,41.99729],[-118.21646,41.99727],[-118.21674,41.99727],[-118.22089,41.99726],[-118.2216,41.99725],[-118.22319,41.99725],[-118.22574,41.99723],[-118.22646,41.99722],[-118.23058,41.99719],[-118.23132,41.99719],[-118.23543,41.99716],[-118.23617,41.99715],[-118.24028,41.99712],[-118.24112,41.99711],[-118.24225,41.9971],[-118.24512,41.99709],[-118.24608,41.99708],[-118.24922,41.99706],[-118.25298,41.99704],[-118.25738,41.99701],[-118.25977,41.99699],[-118.26473,41.99696],[-118.26596,41.99696],[-118.27762,41.99689],[-118.28243,41.99686],[-118.28571,41.99684],[-118.288,41.99683],[-118.29545,41.99679],[-118.30371,41.99672],[-118.31995,41.99655],[-118.32455,41.99655],[-118.32556,41.99654],[-118.32719,41.99654],[-118.32791,41.99654],[-118.32933,41.99654],[-118.33284,41.99653],[-118.33427,41.99653],[-118.3376,41.99652],[-118.33914,41.99652],[-118.34235,41.99649],[-118.34398,41.99648],[-118.34711,41.99645],[-118.34776,41.99644],[-118.34822,41.99644],[-118.3505,41.99642],[-118.35531,41.99638],[-118.35683,41.99637],[-118.3605,41.99634],[-118.37058,41.99628],[-118.3741,41.99626],[-118.37608,41.99625],[-118.37667,41.99624],[-118.37741,41.99624],[-118.38095,41.99617],[-118.38164,41.99616],[-118.38183,41.99616],[-118.38223,41.99616],[-118.38292,41.99614],[-118.38529,41.9961],[-118.3908,41.996],[-118.39098,41.99599],[-118.39118,41.99599],[-118.39145,41.99599],[-118.39192,41.99598],[-118.39235,41.99597],[-118.39249,41.99597],[-118.39448,41.99593],[-118.39485,41.99593],[-118.39687,41.99589],[-118.3975,41.99589],[-118.39923,41.99589],[-118.41224,41.99591],[-118.4125,41.99591],[-118.41269,41.99591],[-118.41311,41.99591],[-118.41402,41.99591],[-118.4153,41.99591],[-118.41625,41.99591],[-118.41649,41.99591],[-118.41817,41.9959],[-118.41865,41.9959],[-118.42118,41.9959],[-118.42373,41.99589],[-118.42455,41.99589],[-118.4262,41.99588],[-118.42651,41.99588],[-118.42682,41.99588],[-118.42964,41.99587],[-118.43185,41.99586],[-118.43305,41.99586],[-118.43337,41.99586],[-118.43482,41.99586],[-118.43528,41.99585],[-118.44037,41.99581],[-118.44126,41.9958],[-118.44151,41.9958],[-118.44188,41.99579],[-118.44238,41.99579],[-118.44258,41.99579],[-118.44307,41.99578],[-118.44457,41.99577],[-118.44628,41.99575],[-118.44783,41.99574],[-118.44922,41.99573],[-118.45037,41.99572],[-118.4516,41.99571],[-118.4524,41.9957],[-118.45526,41.99567],[-118.45714,41.99566],[-118.4587,41.99564],[-118.46061,41.99562],[-118.46351,41.99559],[-118.46785,41.99555],[-118.47007,41.99553],[-118.47407,41.99549],[-118.47737,41.99545],[-118.48077,41.99542],[-118.48179,41.99541],[-118.48337,41.99539],[-118.48682,41.99536],[-118.48809,41.99534],[-118.48823,41.99534],[-118.48839,41.99534],[-118.48872,41.99534],[-118.48936,41.99533],[-118.4906,41.99532],[-118.49189,41.9953],[-118.49425,41.99528],[-118.49729,41.99525],[-118.50101,41.99521],[-118.50441,41.99517],[-118.5069,41.99514],[-118.51428,41.99506],[-118.52078,41.99499],[-118.52788,41.9949],[-118.53284,41.99485],[-118.53307,41.99484],[-118.53431,41.99483],[-118.53713,41.9948],[-118.53799,41.99479],[-118.53851,41.99478],[-118.53886,41.99478],[-118.54075,41.99475],[-118.54141,41.99475],[-118.54201,41.99474],[-118.5427,41.99473],[-118.55104,41.99464],[-118.5564,41.99458],[-118.55985,41.99455],[-118.56973,41.99446],[-118.58383,41.99421],[-118.59975,41.99392],[-118.60046,41.99391],[-118.6008,41.9939],[-118.60132,41.9939],[-118.60166,41.99389],[-118.60182,41.99389],[-118.60633,41.99381],[-118.60747,41.99378],[-118.60846,41.99377],[-118.6093,41.99375],[-118.61227,41.9937],[-118.61499,41.99365],[-118.61857,41.99358],[-118.62114,41.99354],[-118.62334,41.9935],[-118.62451,41.99347],[-118.62467,41.99347],[-118.626,41.99345],[-118.62861,41.9934],[-118.62882,41.9934],[-118.63047,41.99337],[-118.63125,41.99335],[-118.63202,41.99333],[-118.63353,41.99328],[-118.63486,41.99324],[-118.63875,41.99312],[-118.63915,41.99311],[-118.64005,41.99308],[-118.64157,41.99304],[-118.64186,41.99303],[-118.64377,41.99298],[-118.6447,41.99296],[-118.64712,41.9929],[-118.65052,41.99281],[-118.65184,41.99278],[-118.65657,41.99266],[-118.66023,41.99257],[-118.66129,41.99254],[-118.66506,41.99244],[-118.66574,41.99243],[-118.6699,41.99232],[-118.67018,41.99231],[-118.67165,41.99228],[-118.67463,41.9922],[-118.67474,41.9922],[-118.6765,41.99215],[-118.67908,41.99215],[-118.67958,41.99215],[-118.68112,41.99215],[-118.68456,41.99215],[-118.6901,41.99214],[-118.69207,41.99214],[-118.6927,41.99213],[-118.69407,41.99213],[-118.69525,41.99212],[-118.69572,41.99212],[-118.69612,41.99212],[-118.69764,41.99212],[-118.7014,41.9921],[-118.70356,41.9921],[-118.70789,41.99208],[-118.70851,41.99209],[-118.7133,41.99213],[-118.71434,41.99213],[-118.71498,41.99214],[-118.72259,41.99221],[-118.72491,41.99222],[-118.72611,41.99223],[-118.72684,41.99224],[-118.72809,41.99224],[-118.73309,41.99229],[-118.73604,41.99231],[-118.7381,41.99233],[-118.74286,41.99244],[-118.74586,41.9925],[-118.74763,41.99252],[-118.75085,41.99255],[-118.75103,41.99255],[-118.75183,41.99256],[-118.7541,41.99258],[-118.75507,41.99258],[-118.75716,41.99261],[-118.75895,41.99259],[-118.7619,41.99255],[-118.76579,41.99251],[-118.76667,41.99251],[-118.77161,41.99254],[-118.77263,41.99254],[-118.77539,41.99255],[-118.77598,41.99256],[-118.77651,41.99256],[-118.77694,41.99256],[-118.77763,41.99257],[-118.78242,41.99259],[-118.78266,41.99259],[-118.78304,41.99259],[-118.78389,41.9926],[-118.78526,41.9926],[-118.78877,41.9926],[-118.79274,41.9926],[-118.79334,41.99261],[-118.79641,41.9926],[-118.79857,41.99261],[-118.79979,41.99261],[-118.80281,41.99261],[-118.80666,41.99261],[-118.80835,41.99261],[-118.80934,41.99261],[-118.81405,41.99262],[-118.82559,41.99265],[-118.82963,41.99266],[-118.83531,41.99267],[-118.83747,41.99267],[-118.83795,41.99267],[-118.83973,41.99268],[-118.84105,41.99268],[-118.84281,41.99268],[-118.8455,41.99269],[-118.84955,41.9927],[-118.85737,41.99272],[-118.86229,41.99273],[-118.86831,41.99274],[-118.87028,41.99275],[-118.87094,41.99275],[-118.87366,41.99275],[-118.87627,41.99276],[-118.88383,41.99277],[-118.88785,41.99276],[-118.89243,41.99275],[-118.90324,41.99272],[-118.9066,41.99277],[-118.92903,41.99308],[-118.93147,41.99312],[-118.93423,41.99316],[-118.94059,41.99318],[-118.94548,41.99321],[-118.9484,41.99323],[-118.95055,41.99324],[-118.95546,41.99326],[-118.96318,41.9933],[-118.96955,41.99334],[-118.97012,41.99334],[-118.97167,41.99335],[-118.97256,41.99335],[-118.97527,41.99336],[-118.97652,41.99336],[-118.98138,41.99338],[-118.98253,41.99338],[-118.98623,41.99342],[-118.99108,41.99346],[-118.99475,41.99349],[-118.99595,41.99351],[-119.00106,41.99355],[-119.00407,41.99356],[-119.00811,41.99356],[-119.01029,41.99356],[-119.01313,41.99357],[-119.01588,41.99357],[-119.01683,41.99357],[-119.02572,41.99358],[-119.03136,41.99358],[-119.03557,41.99359],[-119.03646,41.99359],[-119.04157,41.99358],[-119.0426,41.99358],[-119.04501,41.99358],[-119.05187,41.99361],[-119.05476,41.99363],[-119.0618,41.99363],[-119.07679,41.99371],[-119.08213,41.99371],[-119.08896,41.99368],[-119.10393,41.99356],[-119.10859,41.99355],[-119.11507,41.99349],[-119.1206,41.99347],[-119.1257,41.99346],[-119.13035,41.99343],[-119.13521,41.9934],[-119.13823,41.9934],[-119.14007,41.9934],[-119.1401,41.9934],[-119.14012,41.9934],[-119.14494,41.99338],[-119.14981,41.99337],[-119.15468,41.99335],[-119.15763,41.99335],[-119.15956,41.99335],[-119.15987,41.99335],[-119.16415,41.99337],[-119.16651,41.99338],[-119.17087,41.99339],[-119.17289,41.99339],[-119.17693,41.99341],[-119.17867,41.99341],[-119.18118,41.99342],[-119.18482,41.99344],[-119.19024,41.99344],[-119.19275,41.99344],[-119.2014,41.99348],[-119.20399,41.9935],[-119.20463,41.99351],[-119.20501,41.99351],[-119.20899,41.99355],[-119.2186,41.99363],[-119.22292,41.99367],[-119.22451,41.9937],[-119.23027,41.99381],[-119.23177,41.99383],[-119.23365,41.99386],[-119.2381,41.9939],[-119.2418,41.99389],[-119.24698,41.99387],[-119.25085,41.99385],[-119.25103,41.99384],[-119.25145,41.99385],[-119.25167,41.99385],[-119.2523,41.99384],[-119.25482,41.99383],[-119.25787,41.99382],[-119.26161,41.99382],[-119.26423,41.99383],[-119.26574,41.99384],[-119.26931,41.99385],[-119.27084,41.99385],[-119.27251,41.99386],[-119.27501,41.99386],[-119.27587,41.99386],[-119.28068,41.99388],[-119.28658,41.9939],[-119.28985,41.99391],[-119.29061,41.99391],[-119.29513,41.99393],[-119.29731,41.99394],[-119.29953,41.99394],[-119.30014,41.99394],[-119.30081,41.99393],[-119.30478,41.99393],[-119.30624,41.99392],[-119.30816,41.99392],[-119.31432,41.99391],[-119.31697,41.9939],[-119.32104,41.99393],[-119.32212,41.99392],[-119.32362,41.99392],[-119.32418,41.99392],[-119.33521,41.99395],[-119.33652,41.99396],[-119.33678,41.99396],[-119.33849,41.99398],[-119.33987,41.994],[-119.34047,41.99401],[-119.34252,41.99404],[-119.34324,41.99405],[-119.34363,41.99405],[-119.34406,41.99406],[-119.34848,41.99411],[-119.35084,41.99415],[-119.35108,41.99414],[-119.35558,41.99423],[-119.35941,41.99427],[-119.36012,41.99428],[-119.36068,41.99428],[-119.36108,41.99429],[-119.36175,41.99429],[-119.36253,41.9943],[-119.36578,41.99434],[-119.36725,41.99435],[-119.36961,41.99438],[-119.37087,41.99439],[-119.37207,41.9944],[-119.37233,41.9944],[-119.3726,41.9944],[-119.37322,41.99441],[-119.37352,41.99441],[-119.37413,41.99442],[-119.37474,41.99443],[-119.37541,41.99443],[-119.37577,41.99444],[-119.37632,41.99444],[-119.37655,41.99445],[-119.37749,41.99447],[-119.37858,41.99449],[-119.37912,41.9945],[-119.38044,41.99453],[-119.3811,41.99454],[-119.38114,41.99455],[-119.38134,41.99455],[-119.38318,41.99459],[-119.38349,41.99459],[-119.38469,41.99462],[-119.38605,41.99465],[-119.38737,41.99468],[-119.3887,41.99471],[-119.39015,41.99474],[-119.3913,41.99476],[-119.39194,41.99478],[-119.3926,41.99479],[-119.40171,41.99498],[-119.41592,41.99522],[-119.41652,41.99523],[-119.42678,41.99538],[-119.43308,41.99547],[-119.43603,41.99551],[-119.43632,41.99552],[-119.44041,41.99556],[-119.44199,41.99557],[-119.44628,41.99562],[-119.44886,41.99565],[-119.45142,41.99568],[-119.45222,41.99569],[-119.45245,41.99569],[-119.4528,41.99569],[-119.45551,41.99572],[-119.46035,41.99573],[-119.46341,41.99574],[-119.46642,41.99575],[-119.46876,41.99576],[-119.46985,41.99576],[-119.4709,41.99576],[-119.4713,41.99576],[-119.47288,41.99577],[-119.47303,41.99577],[-119.47364,41.99577],[-119.47595,41.99577],[-119.4792,41.99577],[-119.47989,41.99577],[-119.48167,41.99576],[-119.48377,41.99576],[-119.48498,41.99575],[-119.48624,41.99575],[-119.49061,41.99574],[-119.4912,41.99573],[-119.49376,41.99573],[-119.49655,41.99573],[-119.49933,41.99574],[-119.5013,41.99575],[-119.50207,41.99575],[-119.50362,41.99575],[-119.50432,41.99575],[-119.50755,41.99576],[-119.51175,41.99577],[-119.52151,41.99577],[-119.53143,41.99579],[-119.53583,41.99578],[-119.53626,41.99578],[-119.54957,41.99577],[-119.55272,41.99577],[-119.56013,41.99577],[-119.56477,41.99576],[-119.57401,41.99575],[-119.57722,41.99577],[-119.58824,41.99582],[-119.59199,41.99584],[-119.59893,41.99586],[-119.60803,41.99589],[-119.61014,41.9959],[-119.61163,41.9959],[-119.61324,41.99591],[-119.61382,41.99591],[-119.6147,41.99592],[-119.61543,41.99592],[-119.61584,41.99593],[-119.61736,41.99594],[-119.61817,41.99594],[-119.61906,41.99595],[-119.62022,41.99596],[-119.62485,41.996],[-119.62899,41.99602],[-119.63021,41.99603],[-119.63161,41.99604],[-119.63331,41.99605],[-119.63383,41.99606],[-119.63525,41.99607],[-119.63603,41.99607],[-119.63798,41.99608],[-119.63878,41.99609],[-119.64021,41.99609],[-119.64183,41.99611],[-119.64491,41.99612],[-119.64634,41.99613],[-119.65346,41.99619],[-119.65509,41.99619],[-119.65515,41.99619],[-119.65547,41.99619],[-119.6558,41.9962],[-119.66073,41.99624],[-119.66141,41.99625],[-119.66191,41.99625],[-119.66281,41.99626],[-119.66343,41.99627],[-119.66429,41.99627],[-119.66546,41.99628],[-119.66671,41.9963],[-119.66726,41.9963],[-119.66893,41.99631],[-119.67075,41.99633],[-119.67181,41.99634],[-119.67308,41.99634],[-119.67451,41.99633],[-119.6766,41.99633],[-119.68564,41.99629],[-119.687,41.99628],[-119.68987,41.99627],[-119.69363,41.99625],[-119.69418,41.99625],[-119.70368,41.99621],[-119.70772,41.9962],[-119.71027,41.99619],[-119.71099,41.99618],[-119.71992,41.9962],[-119.72582,41.9962],[-119.73356,41.99625],[-119.73392,41.99626],[-119.73634,41.99629],[-119.7372,41.9963],[-119.74047,41.99634],[-119.74343,41.99638],[-119.74762,41.99644],[-119.74984,41.99646],[-119.75368,41.99651],[-119.75483,41.99653],[-119.75598,41.99655],[-119.75826,41.99662],[-119.76202,41.99675],[-119.76474,41.99685],[-119.76835,41.99697],[-119.77025,41.99704],[-119.77149,41.99706],[-119.7755,41.99713],[-119.77732,41.99716],[-119.7788,41.99719],[-119.77942,41.9972],[-119.78048,41.99721],[-119.78106,41.99722],[-119.7832,41.99726],[-119.78677,41.99732],[-119.78971,41.99739],[-119.79117,41.99738],[-119.79386,41.99739],[-119.79726,41.9974],[-119.80183,41.99742],[-119.80213,41.99742],[-119.81004,41.99744],[-119.81583,41.99745],[-119.82461,41.99747],[-119.82684,41.99748],[-119.84854,41.99748],[-119.84997,41.99747],[-119.85465,41.99747],[-119.85472,41.99747],[-119.85816,41.99746],[-119.86032,41.99746],[-119.8655,41.99746],[-119.86735,41.99745],[-119.87217,41.99745],[-119.87326,41.99744],[-119.87349,41.99744],[-119.88087,41.99744],[-119.88106,41.99743],[-119.88239,41.99743],[-119.88351,41.99743],[-119.88644,41.99742],[-119.88653,41.99743],[-119.88773,41.99742],[-119.88877,41.99742],[-119.88955,41.99742],[-119.89022,41.99741],[-119.89105,41.9974],[-119.89172,41.99739],[-119.89291,41.99737],[-119.89299,41.99737],[-119.89354,41.99736],[-119.8938,41.99736],[-119.89444,41.99735],[-119.89536,41.99734],[-119.8967,41.99732],[-119.89741,41.99731],[-119.89797,41.9973],[-119.89878,41.99729],[-119.89983,41.99727],[-119.90068,41.99726],[-119.90162,41.99725],[-119.90257,41.99724],[-119.90297,41.99723],[-119.90414,41.99722],[-119.90491,41.99721],[-119.90542,41.9972],[-119.90552,41.9972],[-119.9058,41.99719],[-119.90718,41.99717],[-119.90865,41.99715],[-119.90991,41.99714],[-119.91072,41.99713],[-119.91162,41.99712],[-119.91231,41.99712],[-119.91299,41.99711],[-119.91379,41.9971],[-119.91514,41.99709],[-119.9164,41.99708],[-119.91747,41.99707],[-119.91798,41.99706],[-119.91881,41.99705],[-119.91941,41.99705],[-119.92005,41.99704],[-119.92046,41.99704],[-119.92064,41.99704],[-119.92076,41.99703],[-119.921,41.99703],[-119.9212,41.99703],[-119.92141,41.99703],[-119.92161,41.99703],[-119.9218,41.99702],[-119.92199,41.99702],[-119.92203,41.99702],[-119.92219,41.99702],[-119.92239,41.99702],[-119.92255,41.99702],[-119.92274,41.99701],[-119.92288,41.99701],[-119.92304,41.99701],[-119.92327,41.99701],[-119.92338,41.99701],[-119.92345,41.99701],[-119.92362,41.997],[-119.9238,41.997],[-119.92392,41.997],[-119.92397,41.997],[-119.92406,41.997],[-119.9241,41.997],[-119.92421,41.997],[-119.9244,41.997],[-119.92445,41.997],[-119.92457,41.997],[-119.92469,41.99699],[-119.92486,41.99699],[-119.92496,41.99699],[-119.92507,41.99699],[-119.92523,41.99699],[-119.92528,41.99699],[-119.9254,41.99699],[-119.92548,41.99699],[-119.92555,41.99699],[-119.92563,41.99699],[-119.92571,41.99698],[-119.92574,41.99698],[-119.9258,41.99698],[-119.92584,41.99698],[-119.92593,41.99698],[-119.92599,41.99698],[-119.92683,41.99697],[-119.92723,41.99697],[-119.9284,41.99696],[-119.92883,41.99695],[-119.92976,41.99694],[-119.9302,41.99694],[-119.93112,41.99693],[-119.93181,41.99692],[-119.93216,41.99692],[-119.933,41.99691],[-119.934,41.9969],[-119.93461,41.99689],[-119.9355,41.99689],[-119.93589,41.99688],[-119.94098,41.99683],[-119.94648,41.99677],[-119.94789,41.99675],[-119.94866,41.99674],[-119.95112,41.99665],[-119.95612,41.99649],[-119.96044,41.99635],[-119.9687,41.99607],[-119.9733,41.99601],[-119.97431,41.99599],[-119.97581,41.99596],[-119.97769,41.99591],[-119.98457,41.99575],[-119.9868,41.99571],[-119.98913,41.99556],[-119.99663,41.9951],[-119.99854,41.99499],[-119.99923,41.99494],[-120.0004,41.99493],[-120.00429,41.99496],[-120.00515,41.99495],[-120.00573,41.99495],[-120.00618,41.99495],[-120.0075,41.99496],[-120.00816,41.99496],[-120.01049,41.99497],[-120.01177,41.99498],[-120.01249,41.99499],[-120.01355,41.99499],[-120.01379,41.99499],[-120.01475,41.99499],[-120.01582,41.99499],[-120.01628,41.99499],[-120.01778,41.99499],[-120.01862,41.99499],[-120.01954,41.99499],[-120.02049,41.99499],[-120.02137,41.99499],[-120.02186,41.99499],[-120.02308,41.99499],[-120.0251,41.99499],[-120.02576,41.99499],[-120.02741,41.99499],[-120.02815,41.99499],[-120.02927,41.99499],[-120.03034,41.99499],[-120.03126,41.99499],[-120.03173,41.99498],[-120.03311,41.99498],[-120.03471,41.99498],[-120.03521,41.99498],[-120.036,41.99498],[-120.03699,41.99497],[-120.04082,41.99497],[-120.04215,41.99496],[-120.04245,41.99496],[-120.04274,41.99496],[-120.04282,41.99496],[-120.04287,41.99496],[-120.04339,41.99496],[-120.04419,41.99496],[-120.0443,41.99496],[-120.04485,41.99496],[-120.04504,41.99496],[-120.04598,41.99496],[-120.04642,41.99496],[-120.04675,41.99496],[-120.04698,41.99495],[-120.04753,41.99495],[-120.04766,41.99495],[-120.04936,41.99495],[-120.05156,41.99494],[-120.05292,41.99494],[-120.05425,41.99494],[-120.05528,41.99494],[-120.05605,41.99494],[-120.05625,41.99494],[-120.05644,41.99494],[-120.05666,41.99493],[-120.05849,41.99493],[-120.05977,41.99493],[-120.05997,41.99493],[-120.06034,41.99493],[-120.0618,41.99493],[-120.06325,41.99493],[-120.06361,41.99492],[-120.0648,41.99492],[-120.06536,41.99492],[-120.06614,41.99492],[-120.06688,41.99492],[-120.06722,41.99492],[-120.06829,41.99491],[-120.06942,41.99492],[-120.06994,41.99492],[-120.07073,41.99493],[-120.07155,41.99492],[-120.07189,41.99492],[-120.07244,41.99491],[-120.07263,41.99491],[-120.07334,41.9949],[-120.07398,41.9949],[-120.07484,41.9949],[-120.07556,41.9949],[-120.0768,41.99489],[-120.07756,41.99489],[-120.07888,41.99488],[-120.07975,41.99488],[-120.08087,41.99488],[-120.08184,41.99487],[-120.08256,41.99487],[-120.08316,41.99487],[-120.08493,41.99486],[-120.08587,41.99486],[-120.0873,41.99485],[-120.08818,41.99485],[-120.09111,41.99484],[-120.09112,41.99484],[-120.0912,41.99484],[-120.0928,41.99483],[-120.09334,41.99483],[-120.09447,41.99483],[-120.09574,41.99482],[-120.09655,41.99482],[-120.09716,41.99482],[-120.09789,41.99482],[-120.09816,41.99482],[-120.09848,41.99481],[-120.09895,41.99481],[-120.09938,41.99481],[-120.10019,41.99481],[-120.10127,41.9948],[-120.10309,41.9948],[-120.10478,41.9948],[-120.10494,41.9948],[-120.10614,41.9948],[-120.10674,41.99479],[-120.10806,41.99479],[-120.10889,41.99479],[-120.10975,41.99479],[-120.1106,41.99479],[-120.11137,41.99479],[-120.11205,41.99478],[-120.1128,41.99478],[-120.11295,41.9948],[-120.11311,41.9948],[-120.11382,41.9948],[-120.11465,41.99479],[-120.11558,41.99479],[-120.11615,41.99478],[-120.11642,41.99478],[-120.11674,41.99478],[-120.11739,41.99478],[-120.11888,41.99477],[-120.12087,41.99477],[-120.12242,41.99476],[-120.12381,41.99475],[-120.12441,41.99475],[-120.1258,41.99474],[-120.128,41.99473],[-120.12861,41.99473],[-120.12975,41.99472],[-120.13041,41.99472],[-120.1313,41.99472],[-120.13182,41.99471],[-120.13246,41.99471],[-120.13278,41.99471],[-120.13353,41.99471],[-120.13378,41.9947],[-120.13463,41.9947],[-120.13609,41.99469],[-120.13672,41.99469],[-120.13779,41.99468],[-120.13856,41.99468],[-120.14009,41.99467],[-120.14089,41.99467],[-120.14214,41.99466],[-120.14297,41.99466],[-120.14449,41.99466],[-120.14538,41.99465],[-120.14664,41.99465],[-120.14752,41.99465],[-120.14848,41.99464],[-120.14967,41.99464],[-120.15117,41.99463],[-120.15191,41.99463],[-120.152,41.99463],[-120.15253,41.99463],[-120.15322,41.99463],[-120.15366,41.99462],[-120.15422,41.99462],[-120.15473,41.99462],[-120.15533,41.99462],[-120.15609,41.99462],[-120.15661,41.99461],[-120.15716,41.99461],[-120.15746,41.99461],[-120.15781,41.99461],[-120.15806,41.99461],[-120.15825,41.99461],[-120.15852,41.99461],[-120.15873,41.99461],[-120.15895,41.99461],[-120.15923,41.9946],[-120.15941,41.9946],[-120.15961,41.9946],[-120.16009,41.9946],[-120.16026,41.9946],[-120.1605,41.9946],[-120.16071,41.9946],[-120.16076,41.9946],[-120.16086,41.9946],[-120.161,41.9946],[-120.16138,41.9946],[-120.16159,41.9946],[-120.16181,41.9946],[-120.16208,41.9946],[-120.16223,41.9946],[-120.16245,41.9946],[-120.16261,41.99459],[-120.16288,41.99459],[-120.16306,41.99459],[-120.16336,41.99459],[-120.16357,41.99459],[-120.1638,41.99459],[-120.16412,41.99459],[-120.16459,41.99459],[-120.16496,41.99459],[-120.16509,41.99459],[-120.16555,41.99459],[-120.16569,41.99459],[-120.16601,41.99459],[-120.16697,41.99458],[-120.16781,41.99458],[-120.16836,41.99458],[-120.16865,41.99458],[-120.16903,41.99458],[-120.16958,41.99458],[-120.16974,41.99458],[-120.17064,41.99458],[-120.17133,41.99458],[-120.17212,41.99457],[-120.17296,41.99457],[-120.17374,41.99457],[-120.17447,41.99457],[-120.17527,41.99457],[-120.17599,41.99456],[-120.1767,41.99456],[-120.17734,41.99456],[-120.17771,41.99456],[-120.17812,41.99456],[-120.17852,41.99456],[-120.17892,41.99456],[-120.17909,41.99455],[-120.18167,41.99452],[-120.18357,41.9945],[-120.18488,41.99449],[-120.18803,41.99445],[-120.1905,41.99442],[-120.19292,41.99439],[-120.19563,41.99436],[-120.19717,41.99434],[-120.19836,41.99433],[-120.19883,41.99432],[-120.19926,41.99432],[-120.19953,41.99431],[-120.20028,41.99429],[-120.20112,41.99428],[-120.20142,41.99427],[-120.20204,41.99426],[-120.20257,41.99425],[-120.20267,41.99424],[-120.20361,41.99422],[-120.20395,41.99422],[-120.20466,41.99421],[-120.20638,41.99417],[-120.20931,41.99411],[-120.21288,41.99404],[-120.21495,41.99399],[-120.21712,41.99395],[-120.21798,41.99394],[-120.21993,41.99389],[-120.22052,41.99388],[-120.22195,41.99386],[-120.22395,41.99382],[-120.2257,41.99378],[-120.22843,41.99373],[-120.22861,41.99372],[-120.23026,41.99369],[-120.23086,41.99368],[-120.2311,41.99367],[-120.23261,41.99365],[-120.23377,41.99362],[-120.23422,41.99361],[-120.23529,41.99359],[-120.23558,41.99359],[-120.23682,41.99356],[-120.23725,41.99355],[-120.23834,41.99353],[-120.23924,41.99352],[-120.23986,41.9935],[-120.24091,41.99347],[-120.24159,41.99345],[-120.24199,41.99343],[-120.24443,41.99335],[-120.24458,41.99335],[-120.24518,41.99333],[-120.24654,41.99328],[-120.24731,41.99326],[-120.248,41.99323],[-120.25,41.99317],[-120.25348,41.99305],[-120.25438,41.99303],[-120.25562,41.99298],[-120.2565,41.99295],[-120.25699,41.99295],[-120.25763,41.99294],[-120.26256,41.99292],[-120.26328,41.99292],[-120.27053,41.99288],[-120.27209,41.99287],[-120.27692,41.99288],[-120.27887,41.9929],[-120.27916,41.9929],[-120.28066,41.99286],[-120.28213,41.99282],[-120.28405,41.99277],[-120.28642,41.99306],[-120.28727,41.99305],[-120.2892,41.99303],[-120.29065,41.99301],[-120.29137,41.993],[-120.29208,41.99303],[-120.29275,41.99305],[-120.29293,41.99304],[-120.29358,41.99302],[-120.29371,41.99302],[-120.29441,41.99301],[-120.29455,41.99301],[-120.29651,41.99299],[-120.29751,41.99299],[-120.29807,41.993],[-120.29976,41.99301],[-120.29984,41.99301],[-120.30164,41.99301],[-120.30404,41.99305],[-120.30668,41.99313],[-120.30694,41.99313],[-120.30731,41.99313],[-120.30862,41.99316],[-120.31005,41.99317],[-120.31397,41.99312],[-120.31758,41.99315],[-120.31838,41.99315],[-120.31842,41.99315],[-120.32109,41.99313],[-120.32387,41.99315],[-120.32575,41.99314],[-120.32602,41.99314],[-120.32639,41.99259],[-120.32649,41.99259],[-120.32838,41.9926],[-120.32854,41.99259],[-120.33719,41.99265],[-120.35636,41.99277],[-120.36787,41.99285],[-120.37803,41.99291],[-120.38265,41.99294],[-120.39082,41.99299],[-120.39528,41.99302],[-120.40118,41.99306],[-120.40833,41.9931],[-120.41399,41.99314],[-120.45044,41.99337],[-120.45155,41.99338],[-120.48793,41.99361],[-120.48901,41.99361],[-120.49114,41.99363],[-120.49122,41.99363],[-120.49252,41.99362],[-120.50569,41.99362],[-120.50844,41.99362],[-120.51023,41.99362],[-120.51054,41.99362],[-120.5109,41.99361],[-120.51779,41.99355],[-120.52051,41.99353],[-120.52224,41.99351],[-120.53254,41.99342],[-120.53296,41.99343],[-120.53596,41.99341],[-120.53746,41.99342],[-120.54249,41.99337],[-120.54591,41.99335],[-120.55073,41.99332],[-120.55273,41.99331],[-120.55855,41.99327],[-120.5607,41.99325],[-120.56486,41.99322],[-120.56704,41.99321],[-120.56917,41.99319],[-120.56998,41.99318],[-120.57034,41.99317],[-120.57238,41.99315],[-120.57342,41.99313],[-120.57735,41.99307],[-120.57865,41.99305],[-120.58123,41.993],[-120.58338,41.99297],[-120.58449,41.99297],[-120.58659,41.99297],[-120.5879,41.99297],[-120.58853,41.99297],[-120.59024,41.99297],[-120.59104,41.99297],[-120.59154,41.99297],[-120.59191,41.99297],[-120.59225,41.99297],[-120.60298,41.99298],[-120.60318,41.99298],[-120.60319,41.99298],[-120.60358,41.99298],[-120.60394,41.99298],[-120.60425,41.99298],[-120.60447,41.99298],[-120.60528,41.99299],[-120.60557,41.99299],[-120.60607,41.99299],[-120.6065,41.99299],[-120.61589,41.99303],[-120.61617,41.99303],[-120.61623,41.99303],[-120.61972,41.99304],[-120.61988,41.99304],[-120.62095,41.99305],[-120.62129,41.99305],[-120.62201,41.99305],[-120.62425,41.99306],[-120.62511,41.99306],[-120.62544,41.99307],[-120.62561,41.99307],[-120.62588,41.99307],[-120.62638,41.99307],[-120.62666,41.99307],[-120.62698,41.99307],[-120.62735,41.99307],[-120.62772,41.99307],[-120.62805,41.99308],[-120.62854,41.99308],[-120.62875,41.99308],[-120.62906,41.99308],[-120.63021,41.99308],[-120.63048,41.99309],[-120.6319,41.99309],[-120.63336,41.9931],[-120.63366,41.99309],[-120.63462,41.9931],[-120.63502,41.9931],[-120.63652,41.99311],[-120.63774,41.99311],[-120.63919,41.99312],[-120.64052,41.99312],[-120.64138,41.99313],[-120.64259,41.99313],[-120.64406,41.99314],[-120.64439,41.99314],[-120.64471,41.99314],[-120.64744,41.99315],[-120.6487,41.99317],[-120.64983,41.99316],[-120.65038,41.99316],[-120.65143,41.99317],[-120.65341,41.99317],[-120.65483,41.99318],[-120.65755,41.99319],[-120.66212,41.99321],[-120.66552,41.99328],[-120.66788,41.99332],[-120.67573,41.99347],[-120.68098,41.99357],[-120.69057,41.99369],[-120.69119,41.9937],[-120.69136,41.9937],[-120.69186,41.99371],[-120.69238,41.99372],[-120.69294,41.99372],[-120.69354,41.99373],[-120.69424,41.99374],[-120.69443,41.99375],[-120.69482,41.99375],[-120.69668,41.99377],[-120.69834,41.9938],[-120.69916,41.99381],[-120.70018,41.99382],[-120.70047,41.99382],[-120.70081,41.99382],[-120.70602,41.99381],[-120.70665,41.99381],[-120.70746,41.99381],[-120.70811,41.99381],[-120.70934,41.99381],[-120.71081,41.9938],[-120.71208,41.9938],[-120.71341,41.9938],[-120.71475,41.9938],[-120.71617,41.99379],[-120.71732,41.99379],[-120.71883,41.99379],[-120.72047,41.99378],[-120.72148,41.99378],[-120.72319,41.99378],[-120.72435,41.99377],[-120.72552,41.99377],[-120.72702,41.99377],[-120.72882,41.99376],[-120.72993,41.99376],[-120.73067,41.99376],[-120.73276,41.99375],[-120.73435,41.99375],[-120.73551,41.99375],[-120.73773,41.99374],[-120.73908,41.99374],[-120.74075,41.99373],[-120.74282,41.99372],[-120.74363,41.99372],[-120.74493,41.99371],[-120.74619,41.99371],[-120.74668,41.99371],[-120.7479,41.9937],[-120.7482,41.9937],[-120.74825,41.9937],[-120.74838,41.99369],[-120.74882,41.99369],[-120.75026,41.99369],[-120.75069,41.99369],[-120.75103,41.99369],[-120.75171,41.99368],[-120.75252,41.99368],[-120.75363,41.99367],[-120.7549,41.99367],[-120.75611,41.99366],[-120.75659,41.99366],[-120.75768,41.99366],[-120.75839,41.99365],[-120.75931,41.99365],[-120.76,41.99365],[-120.76075,41.99366],[-120.76106,41.99366],[-120.76182,41.99366],[-120.76258,41.99366],[-120.76331,41.99367],[-120.76391,41.99367],[-120.76458,41.99367],[-120.76516,41.99367],[-120.77007,41.99369],[-120.77046,41.99369],[-120.77066,41.99369],[-120.77108,41.99369],[-120.77323,41.9937],[-120.77641,41.99371],[-120.77786,41.99372],[-120.77811,41.99372],[-120.77901,41.99372],[-120.7794,41.99373],[-120.78407,41.99378],[-120.78467,41.99379],[-120.78617,41.99381],[-120.7871,41.99382],[-120.78804,41.99383],[-120.78953,41.99385],[-120.79101,41.99387],[-120.79196,41.99388],[-120.7929,41.99389],[-120.79438,41.99391],[-120.79585,41.99392],[-120.79776,41.99395],[-120.79812,41.99395],[-120.79941,41.99395],[-120.8007,41.99394],[-120.80166,41.99394],[-120.80263,41.99394],[-120.80408,41.99393],[-120.80553,41.99393],[-120.80746,41.99392],[-120.80891,41.99391],[-120.81037,41.99391],[-120.81043,41.99391],[-120.81064,41.99391],[-120.8114,41.99391],[-120.81629,41.99389],[-120.8193,41.99388],[-120.82163,41.99388],[-120.82646,41.99387],[-120.83001,41.99386],[-120.83837,41.99384],[-120.83868,41.99384],[-120.84292,41.99383],[-120.84399,41.99383],[-120.84533,41.99383],[-120.85132,41.99382],[-120.85319,41.99381],[-120.85331,41.99381],[-120.85398,41.99381],[-120.85453,41.99381],[-120.85474,41.99381],[-120.85492,41.99381],[-120.85513,41.99381],[-120.85647,41.99381],[-120.85676,41.9938],[-120.85774,41.9938],[-120.85803,41.9938],[-120.85898,41.9938],[-120.85936,41.9938],[-120.86007,41.9938],[-120.86056,41.9938],[-120.86116,41.9938],[-120.86163,41.9938],[-120.86251,41.9938],[-120.86301,41.9938],[-120.86358,41.9938],[-120.86418,41.99379],[-120.86479,41.99379],[-120.86542,41.99379],[-120.86617,41.99379],[-120.86673,41.99379],[-120.86748,41.99379],[-120.8679,41.99379],[-120.86854,41.99379],[-120.86919,41.99379],[-120.86973,41.99379],[-120.87017,41.99378],[-120.87089,41.99378],[-120.87128,41.99378],[-120.87176,41.99378],[-120.8719,41.99378],[-120.87251,41.99378],[-120.87357,41.99378],[-120.87402,41.99378],[-120.87485,41.99378],[-120.87547,41.99378],[-120.87607,41.99378],[-120.87648,41.99378],[-120.87689,41.99378],[-120.8771,41.99378],[-120.87769,41.99377],[-120.87823,41.99377],[-120.8787,41.99377],[-120.87907,41.99377],[-120.87948,41.99377],[-120.87977,41.99376],[-120.87993,41.99376],[-120.87998,41.99376],[-120.88823,41.99373],[-120.8911,41.99372],[-120.89564,41.9937],[-120.89648,41.9937],[-120.89657,41.99371],[-120.90134,41.99369],[-120.90279,41.99369],[-120.90424,41.99368],[-120.90522,41.99368],[-120.9062,41.99368],[-120.9069,41.99368],[-120.90703,41.99367],[-120.92086,41.99365],[-120.92562,41.99364],[-120.92732,41.99364],[-120.93452,41.99363],[-120.93534,41.99361],[-120.93833,41.99354],[-120.93893,41.99352],[-120.9402,41.99349],[-120.94164,41.99346],[-120.94308,41.99342],[-120.94407,41.9934],[-120.94506,41.99338],[-120.94582,41.99336],[-120.9465,41.99334],[-120.94894,41.99329],[-120.95137,41.99323],[-120.95406,41.99317],[-120.95768,41.99313],[-120.95834,41.99313],[-120.95866,41.99313],[-120.95908,41.99312],[-120.95965,41.99311],[-120.96255,41.99309],[-120.96354,41.99308],[-120.96378,41.99308],[-120.96703,41.99305],[-120.97414,41.99299],[-120.97426,41.99299],[-120.98042,41.99302],[-120.98058,41.99302],[-120.98201,41.99302],[-120.98301,41.99303],[-120.98401,41.99303],[-120.98545,41.99304],[-120.98689,41.99304],[-120.98789,41.99305],[-120.98889,41.99305],[-120.98995,41.99306],[-120.99008,41.99306],[-120.99334,41.99309],[-121.01196,41.99328],[-121.01706,41.99336],[-121.0191,41.99339],[-121.02181,41.99331],[-121.02206,41.9933],[-121.02211,41.99331],[-121.02384,41.99353],[-121.02675,41.99358],[-121.02915,41.99366],[-121.02946,41.99365],[-121.02981,41.99366],[-121.03051,41.99369],[-121.03204,41.9937],[-121.03251,41.99371],[-121.03332,41.99375],[-121.03351,41.99375],[-121.03461,41.99379],[-121.03517,41.99382],[-121.03525,41.99382],[-121.03629,41.99386],[-121.03928,41.99395],[-121.04161,41.99402],[-121.04385,41.99407],[-121.0446,41.99409],[-121.04734,41.9942],[-121.04854,41.99425],[-121.04974,41.99428],[-121.05065,41.9943],[-121.0516,41.99434],[-121.05165,41.99434],[-121.05401,41.99443],[-121.05537,41.99449],[-121.05571,41.9945],[-121.05667,41.99454],[-121.05754,41.99457],[-121.05902,41.99463],[-121.06019,41.99468],[-121.06239,41.99476],[-121.06304,41.99478],[-121.06461,41.99485],[-121.06487,41.99486],[-121.06546,41.99487],[-121.06635,41.9949],[-121.06779,41.99496],[-121.07107,41.9951],[-121.07156,41.99512],[-121.07252,41.99514],[-121.07481,41.99519],[-121.07777,41.99526],[-121.07864,41.99527],[-121.07986,41.99529],[-121.08096,41.99531],[-121.08226,41.99535],[-121.0838,41.99538],[-121.08443,41.9954],[-121.08518,41.99541],[-121.0871,41.99546],[-121.08793,41.99548],[-121.08864,41.99548],[-121.09025,41.99552],[-121.09153,41.99554],[-121.09166,41.99556],[-121.09352,41.99538],[-121.09498,41.9954],[-121.09659,41.99543],[-121.09716,41.99544],[-121.09844,41.99541],[-121.09994,41.99546],[-121.10144,41.9955],[-121.10313,41.99553],[-121.10531,41.99556],[-121.10606,41.99557],[-121.10729,41.9956],[-121.10851,41.99561],[-121.10973,41.99564],[-121.11124,41.99567],[-121.12501,41.99612],[-121.12528,41.99614],[-121.13001,41.99625],[-121.13501,41.99638],[-121.13505,41.99638],[-121.13509,41.99638],[-121.13996,41.9965],[-121.1411,41.99653],[-121.14494,41.99661],[-121.14645,41.99666],[-121.14936,41.99673],[-121.14967,41.99674],[-121.1498,41.99674],[-121.14983,41.99674],[-121.14987,41.99674],[-121.15415,41.99684],[-121.16848,41.99718],[-121.16932,41.99718],[-121.1696,41.99719],[-121.16968,41.99719],[-121.17322,41.99722],[-121.17415,41.99723],[-121.17453,41.99723],[-121.17781,41.99726],[-121.17899,41.99727],[-121.18131,41.9973],[-121.18383,41.99732],[-121.18857,41.99738],[-121.18899,41.99739],[-121.18909,41.99739],[-121.19341,41.9974],[-121.19393,41.9974],[-121.2009,41.99743],[-121.20139,41.99741],[-121.20243,41.99741],[-121.2054,41.99743],[-121.20667,41.99741],[-121.20884,41.99741],[-121.20985,41.99741],[-121.21226,41.99744],[-121.23408,41.99741],[-121.23641,41.99738],[-121.23708,41.99738],[-121.23799,41.99737],[-121.23964,41.99735],[-121.24043,41.99735],[-121.24194,41.99733],[-121.2429,41.99733],[-121.24674,41.99729],[-121.24724,41.99729],[-121.24781,41.99729],[-121.25034,41.99732],[-121.2504,41.99731],[-121.25272,41.99733],[-121.26114,41.99739],[-121.26745,41.99743],[-121.26804,41.99744],[-121.27712,41.99744],[-121.284,41.99743],[-121.2853,41.99744],[-121.2864,41.99744],[-121.28828,41.99744],[-121.29021,41.99744],[-121.29538,41.99737],[-121.29653,41.99736],[-121.2968,41.99736],[-121.2973,41.99736],[-121.30003,41.99731],[-121.30023,41.99732],[-121.30076,41.99731],[-121.30486,41.99724],[-121.30635,41.99723],[-121.30965,41.99719],[-121.30994,41.99718],[-121.31445,41.99709],[-121.31472,41.99709],[-121.3162,41.99706],[-121.31649,41.99706],[-121.31761,41.99703],[-121.31778,41.99703],[-121.31927,41.997],[-121.31946,41.99699],[-121.32096,41.99696],[-121.32255,41.99693],[-121.32405,41.9969],[-121.32423,41.99689],[-121.32559,41.99687],[-121.32881,41.9968],[-121.32899,41.9968],[-121.33071,41.99672],[-121.33357,41.99659],[-121.33439,41.99656],[-121.33837,41.99638],[-121.3385,41.99638],[-121.33869,41.99636],[-121.33934,41.99635],[-121.33979,41.99634],[-121.33982,41.99635],[-121.34006,41.99636],[-121.34021,41.99636],[-121.34066,41.99634],[-121.3409,41.99631],[-121.34323,41.99625],[-121.34343,41.99625],[-121.34355,41.99625],[-121.34491,41.99621],[-121.34808,41.99629],[-121.34968,41.99633],[-121.35454,41.99644],[-121.35525,41.99646],[-121.35665,41.99649],[-121.35763,41.99652],[-121.35766,41.99652],[-121.3594,41.99656],[-121.36008,41.99655],[-121.36031,41.99654],[-121.36141,41.99653],[-121.36324,41.9965],[-121.36427,41.99651],[-121.36588,41.99653],[-121.36751,41.99655],[-121.36911,41.99657],[-121.36913,41.99657],[-121.37237,41.9966],[-121.37406,41.99662],[-121.37571,41.99664],[-121.37713,41.99666],[-121.37723,41.99667],[-121.37807,41.99668],[-121.37878,41.99669],[-121.37883,41.99669],[-121.3789,41.99669],[-121.379,41.99669],[-121.37918,41.99668],[-121.38093,41.9967],[-121.38209,41.99672],[-121.38393,41.99674],[-121.38886,41.9968],[-121.39369,41.99685],[-121.39373,41.99685],[-121.39665,41.99688],[-121.39848,41.9969],[-121.39859,41.9969],[-121.39861,41.9969],[-121.4015,41.99694],[-121.40207,41.99695],[-121.40329,41.99696],[-121.40346,41.99696],[-121.40622,41.99699],[-121.40637,41.99699],[-121.40686,41.997],[-121.40781,41.99701],[-121.40832,41.99701],[-121.40914,41.99703],[-121.41013,41.99704],[-121.41123,41.99705],[-121.41315,41.99707],[-121.41318,41.99707],[-121.41608,41.9971],[-121.41708,41.99711],[-121.41739,41.99712],[-121.41742,41.99712],[-121.41745,41.99712],[-121.41747,41.99712],[-121.41751,41.99712],[-121.41777,41.99712],[-121.41791,41.99712],[-121.41815,41.99713],[-121.42094,41.99716],[-121.42151,41.99717],[-121.42286,41.99718],[-121.42305,41.99718],[-121.4258,41.99722],[-121.42776,41.99724],[-121.42907,41.99725],[-121.42976,41.99726],[-121.43051,41.99727],[-121.43064,41.99727],[-121.43221,41.99729],[-121.43262,41.99729],[-121.43359,41.99731],[-121.43548,41.99733],[-121.43553,41.99733],[-121.43748,41.99735],[-121.44016,41.99738],[-121.44033,41.99738],[-121.44037,41.99738],[-121.44066,41.99739],[-121.44092,41.99739],[-121.4411,41.99739],[-121.44234,41.99741],[-121.44519,41.99744],[-121.44654,41.99745],[-121.44721,41.99746],[-121.44746,41.99746],[-121.44754,41.99746],[-121.44762,41.99747],[-121.44774,41.99747],[-121.44814,41.99747],[-121.44821,41.99749],[-121.44831,41.99751],[-121.45209,41.99753],[-121.45224,41.99753],[-121.45673,41.99759],[-121.46026,41.99763],[-121.46231,41.99765],[-121.46308,41.99766],[-121.46311,41.99766],[-121.46489,41.9977],[-121.46708,41.99772],[-121.47025,41.99774],[-121.47217,41.99777],[-121.48278,41.9979],[-121.4832,41.9979],[-121.48651,41.99793],[-121.48815,41.99794],[-121.49245,41.99798],[-121.49269,41.99799],[-121.49728,41.99803],[-121.50241,41.9981],[-121.50266,41.9981],[-121.50598,41.99814],[-121.51213,41.9982],[-121.51945,41.99826],[-121.52019,41.99827],[-121.52052,41.99828],[-121.52242,41.99829],[-121.52554,41.99834],[-121.53025,41.9984],[-121.53506,41.99845],[-121.53516,41.99846],[-121.53531,41.99846],[-121.53586,41.99846],[-121.53981,41.99848],[-121.54508,41.99851],[-121.54632,41.99851],[-121.55528,41.99863],[-121.55938,41.99868],[-121.56102,41.9987],[-121.564,41.99874],[-121.56478,41.99875],[-121.5776,41.99895],[-121.58082,41.999],[-121.58979,41.99916],[-121.59111,41.99916],[-121.59541,41.99928],[-121.5977,41.99931],[-121.59818,41.99932],[-121.59846,41.99933],[-121.6003,41.99936],[-121.60133,41.99936],[-121.60169,41.99936],[-121.60226,41.99937],[-121.60375,41.99938],[-121.60634,41.99941],[-121.60761,41.99942],[-121.61054,41.99945],[-121.61256,41.99947],[-121.61594,41.9995],[-121.61964,41.99955],[-121.62265,41.99959],[-121.62336,41.9996],[-121.62672,41.99965],[-121.62827,41.99967],[-121.62845,41.99967],[-121.62861,41.99967],[-121.6288,41.99967],[-121.62899,41.99968],[-121.62926,41.99968],[-121.63254,41.99972],[-121.63349,41.99974],[-121.63431,41.99975],[-121.63449,41.99975],[-121.63755,41.99979],[-121.63894,41.99981],[-121.6392,41.99982],[-121.64051,41.99984],[-121.64064,41.99985],[-121.64077,41.99985],[-121.6408,41.99984],[-121.64175,41.99985],[-121.64186,41.99985],[-121.64189,41.99986],[-121.64407,41.99989],[-121.64615,41.99992],[-121.64948,41.99996],[-121.65231,42.0],[-121.65446,42.00003],[-121.65552,42.00005],[-121.65622,42.00006],[-121.65693,42.00007],[-121.65756,42.00008],[-121.65867,42.00009],[-121.6601,42.00012],[-121.66109,42.00013],[-121.66214,42.00014],[-121.66318,42.00016],[-121.66346,42.00016],[-121.66361,42.00016],[-121.66597,42.0002],[-121.66855,42.00024],[-121.66907,42.00026],[-121.66965,42.00026],[-121.67043,42.00027],[-121.67082,42.00027],[-121.67105,42.0003],[-121.67293,42.00029],[-121.67337,42.0003],[-121.67349,42.00031],[-121.67425,42.00032],[-121.67574,42.00034],[-121.67674,42.00035],[-121.67825,42.00038],[-121.67843,42.00038],[-121.68062,42.00041],[-121.6834,42.00047],[-121.68557,42.00048],[-121.68827,42.00052],[-121.68908,42.00053],[-121.69053,42.00055],[-121.69305,42.00058],[-121.69318,42.00059],[-121.69468,42.00061],[-121.69538,42.00062],[-121.69822,42.00066],[-121.69955,42.00068],[-121.70023,42.00069],[-121.70054,42.00069],[-121.70138,42.00071],[-121.70151,42.00071],[-121.70312,42.00075],[-121.7042,42.00075],[-121.70502,42.00076],[-121.70509,42.00076],[-121.70538,42.00076],[-121.70624,42.00077],[-121.70685,42.00078],[-121.70764,42.00079],[-121.70789,42.00079],[-121.70814,42.0008],[-121.70823,42.0008],[-121.70995,42.00082],[-121.71262,42.00088],[-121.71304,42.00088],[-121.71615,42.00091],[-121.71792,42.00093],[-121.71849,42.00094],[-121.71885,42.00095],[-121.72231,42.00101],[-121.72246,42.00102],[-121.72268,42.00102],[-121.72987,42.00112],[-121.73709,42.00122],[-121.73733,42.00121],[-121.74026,42.00125],[-121.74191,42.00127],[-121.74564,42.00132],[-121.75154,42.00141],[-121.75664,42.00148],[-121.75678,42.00148],[-121.76355,42.00157],[-121.76484,42.00159],[-121.76647,42.00162],[-121.76975,42.00166],[-121.7705,42.00167],[-121.77273,42.0017],[-121.77396,42.00172],[-121.77631,42.00175],[-121.77754,42.00177],[-121.77771,42.00177],[-121.77786,42.00177],[-121.778,42.00178],[-121.77817,42.00178],[-121.77963,42.0018],[-121.78042,42.00181],[-121.78291,42.00185],[-121.78529,42.00188],[-121.78616,42.00189],[-121.78996,42.00194],[-121.79108,42.00196],[-121.79463,42.00201],[-121.79601,42.00203],[-121.7993,42.00208],[-121.80098,42.00212],[-121.80246,42.00213],[-121.80397,42.00214],[-121.80586,42.00217],[-121.8075,42.00219],[-121.80914,42.00222],[-121.81078,42.00224],[-121.81336,42.00228],[-121.81465,42.0023],[-121.81513,42.00231],[-121.81539,42.00231],[-121.81571,42.00232],[-121.81602,42.00232],[-121.81619,42.00232],[-121.81754,42.00235],[-121.81961,42.00239],[-121.82067,42.00241],[-121.82397,42.00245],[-121.82457,42.00246],[-121.82502,42.00247],[-121.82508,42.00247],[-121.82511,42.00247],[-121.82515,42.00247],[-121.83052,42.00254],[-121.83295,42.00259],[-121.83439,42.0026],[-121.83541,42.00261],[-121.8378,42.00267],[-121.84038,42.00268],[-121.84267,42.00274],[-121.8442,42.00276],[-121.84525,42.00277],[-121.84776,42.0028],[-121.85022,42.00282],[-121.85109,42.00283],[-121.85285,42.00286],[-121.85794,42.00292],[-121.86007,42.00296],[-121.86303,42.00295],[-121.8687,42.00302],[-121.86993,42.00303],[-121.8739,42.00306],[-121.87621,42.00307],[-121.87748,42.00309],[-121.87952,42.00311],[-121.87973,42.00312],[-121.88085,42.00313],[-121.88229,42.00315],[-121.88467,42.00318],[-121.88922,42.00324],[-121.89133,42.00326],[-121.89178,42.00327],[-121.89201,42.00327],[-121.89688,42.00332],[-121.89942,42.00345],[-121.90149,42.0034],[-121.90173,42.00338],[-121.9019,42.00338],[-121.90812,42.00345],[-121.90907,42.00346],[-121.90987,42.00347],[-121.91264,42.00349],[-121.91483,42.00355],[-121.91777,42.00362],[-121.91876,42.00365],[-121.92254,42.00365],[-121.92596,42.00367],[-121.92673,42.00367],[-121.92843,42.00368],[-121.93059,42.0037],[-121.93209,42.00372],[-121.93343,42.00374],[-121.93522,42.00377],[-121.93831,42.00378],[-121.93983,42.00381],[-121.94146,42.00377],[-121.94306,42.00374],[-121.94428,42.00375],[-121.94619,42.00369],[-121.94777,42.00365],[-121.94819,42.00365],[-121.9487,42.00366],[-121.95099,42.00365],[-121.95255,42.00366],[-121.95318,42.00367],[-121.95409,42.00363],[-121.95633,42.00353],[-121.95743,42.00348],[-121.95753,42.00348],[-121.96291,42.00357],[-121.96792,42.00365],[-121.97043,42.00369],[-121.97118,42.00371],[-121.97467,42.00374],[-121.97515,42.00374],[-121.97627,42.00375],[-121.97779,42.00376],[-121.98135,42.0038],[-121.98277,42.00381],[-121.98627,42.00384],[-121.98776,42.00385],[-121.9912,42.00388],[-121.99421,42.00388],[-121.99613,42.00389],[-121.99766,42.00391],[-121.99906,42.00394],[-122.00009,42.00397],[-122.00041,42.00397],[-122.00086,42.00398],[-122.00238,42.00401],[-122.00391,42.00404],[-122.0056,42.00408],[-122.0071,42.0041],[-122.00823,42.00413],[-122.00928,42.00414],[-122.01086,42.00419],[-122.01482,42.00428],[-122.01734,42.00435],[-122.0234,42.00451],[-122.025,42.00455],[-122.02664,42.00459],[-122.02873,42.00464],[-122.03154,42.00467],[-122.03317,42.00468],[-122.03456,42.0047],[-122.03642,42.0048],[-122.03911,42.00493],[-122.04131,42.00504],[-122.04295,42.00512],[-122.04422,42.00518],[-122.04619,42.00528],[-122.04723,42.00534],[-122.04822,42.00539],[-122.04906,42.00541],[-122.05118,42.00544],[-122.05285,42.00546],[-122.05397,42.00548],[-122.05658,42.00553],[-122.05791,42.00555],[-122.05883,42.00556],[-122.06089,42.0056],[-122.06371,42.00566],[-122.06466,42.00567],[-122.06555,42.00568],[-122.06776,42.00572],[-122.06885,42.00573],[-122.0794,42.00584],[-122.08648,42.00591],[-122.08717,42.00592],[-122.09275,42.00593],[-122.09804,42.00595],[-122.10508,42.00599],[-122.1065,42.00599],[-122.10973,42.00608],[-122.11596,42.00614],[-122.11857,42.00617],[-122.11962,42.00618],[-122.1245,42.00623],[-122.12584,42.00624],[-122.1262,42.00625],[-122.12805,42.00628],[-122.12887,42.00629],[-122.12939,42.0063],[-122.13127,42.00633],[-122.13257,42.00636],[-122.14235,42.00652],[-122.14406,42.00655],[-122.14427,42.00656],[-122.14511,42.00657],[-122.14635,42.00662],[-122.14746,42.00666],[-122.14761,42.00667],[-122.14894,42.00672],[-122.15061,42.00678],[-122.15217,42.00684],[-122.15286,42.00687],[-122.1538,42.0069],[-122.15526,42.00696],[-122.15549,42.00697],[-122.15688,42.00702],[-122.15699,42.00702],[-122.15707,42.00702],[-122.15863,42.00708],[-122.15866,42.00708],[-122.15936,42.00711],[-122.15992,42.00713],[-122.16169,42.0072],[-122.16199,42.00721],[-122.16351,42.00726],[-122.16457,42.00731],[-122.16835,42.00733],[-122.16923,42.00734],[-122.17072,42.00735],[-122.17207,42.00736],[-122.17256,42.00736],[-122.17349,42.00737],[-122.17493,42.00738],[-122.17598,42.00739],[-122.17666,42.0074],[-122.17913,42.00741],[-122.18028,42.00742],[-122.182,42.00743],[-122.18228,42.00744],[-122.1838,42.00745],[-122.18407,42.00745],[-122.18543,42.00745],[-122.1855,42.00746],[-122.18552,42.00746],[-122.18583,42.00746],[-122.18616,42.00746],[-122.18626,42.00746],[-122.18634,42.00746],[-122.18657,42.00746],[-122.1867,42.00746],[-122.18695,42.00747],[-122.18858,42.00748],[-122.18864,42.00748],[-122.18877,42.00748],[-122.1888,42.00748],[-122.18902,42.00748],[-122.18941,42.00748],[-122.22062,42.00759],[-122.22165,42.00759],[-122.2362,42.00764],[-122.23825,42.00764],[-122.23939,42.00765],[-122.24109,42.00766],[-122.24187,42.00766],[-122.24317,42.00765],[-122.24484,42.00766],[-122.246,42.00765],[-122.24756,42.00765],[-122.24891,42.00765],[-122.25002,42.00765],[-122.25089,42.00765],[-122.25579,42.00763],[-122.26069,42.00762],[-122.26134,42.00762],[-122.2622,42.00767],[-122.26558,42.00768],[-122.2687,42.00773],[-122.27079,42.00779],[-122.27531,42.00786],[-122.27698,42.00788],[-122.27861,42.00791],[-122.28011,42.00793],[-122.28078,42.00794],[-122.28224,42.00796],[-122.28484,42.008],[-122.28666,42.00807],[-122.28804,42.00808],[-122.28907,42.0081],[-122.28975,42.0081],[-122.29629,42.00823],[-122.30443,42.00839],[-122.30471,42.00837],[-122.30674,42.00841],[-122.30933,42.00846],[-122.30959,42.00845],[-122.31423,42.00853],[-122.31445,42.00852],[-122.32029,42.00861],[-122.32407,42.0087],[-122.32907,42.00879],[-122.33389,42.00889],[-122.33899,42.00899],[-122.3433,42.00905],[-122.35001,42.00909],[-122.35201,42.00911],[-122.35602,42.00914],[-122.36016,42.00919],[-122.36393,42.00925],[-122.36592,42.00929],[-122.36732,42.00932],[-122.36785,42.00933],[-122.36805,42.00933],[-122.36826,42.00933],[-122.36866,42.00934],[-122.37044,42.00937],[-122.3746,42.00944],[-122.37805,42.0095],[-122.37816,42.0095],[-122.37835,42.00949],[-122.37851,42.00949],[-122.38264,42.00931],[-122.38802,42.00909],[-122.39727,42.00871],[-122.39773,42.0087],[-122.39903,42.00868],[-122.40137,42.00864],[-122.40214,42.00863],[-122.40346,42.0086],[-122.4076,42.00853],[-122.41664,42.00838],[-122.43138,42.00832],[-122.44409,42.00829],[-122.4456,42.00829],[-122.44656,42.00828],[-122.44817,42.00828],[-122.45047,42.00827],[-122.45136,42.00827],[-122.45461,42.00828],[-122.45491,42.00828],[-122.45534,42.00826],[-122.45616,42.00826],[-122.45747,42.00825],[-122.45772,42.00825],[-122.45938,42.00824],[-122.46101,42.00823],[-122.46271,42.00822],[-122.46505,42.0082],[-122.46575,42.0082],[-122.46764,42.00819],[-122.46987,42.00818],[-122.47067,42.00817],[-122.47235,42.00816],[-122.47375,42.00816],[-122.4747,42.00815],[-122.47559,42.00815],[-122.4774,42.00815],[-122.49015,42.00812],[-122.49221,42.00812],[-122.49332,42.00812],[-122.50618,42.00808],[-122.50908,42.00807],[-122.51086,42.00807],[-122.51232,42.00806],[-122.51389,42.00806],[-122.5153,42.00805],[-122.51554,42.00805],[-122.51742,42.00801],[-122.51873,42.00799],[-122.51904,42.00798],[-122.52038,42.00796],[-122.52186,42.00793],[-122.52243,42.00792],[-122.52252,42.00792],[-122.53762,42.00763],[-122.54891,42.00752],[-122.54999,42.00751],[-122.55927,42.00727],[-122.56039,42.00723],[-122.5623,42.00718],[-122.56699,42.00706],[-122.57392,42.00683],[-122.57428,42.00682],[-122.58382,42.0065],[-122.59039,42.00628],[-122.59166,42.00623],[-122.5928,42.0062],[-122.59442,42.00614],[-122.59518,42.00611],[-122.59601,42.00609],[-122.60747,42.0057],[-122.6116,42.00557],[-122.61534,42.00545],[-122.61569,42.00544],[-122.61838,42.00536],[-122.62039,42.0053],[-122.62193,42.00525],[-122.62321,42.00521],[-122.62532,42.00514],[-122.63055,42.00507],[-122.63161,42.00506],[-122.6347,42.00504],[-122.63787,42.00501],[-122.64522,42.00497],[-122.64542,42.00496],[-122.64549,42.00496],[-122.64578,42.00497],[-122.64612,42.00496],[-122.64642,42.00496],[-122.64661,42.00496],[-122.64765,42.00495],[-122.6481,42.00495],[-122.64844,42.00495],[-122.64915,42.00494],[-122.6496,42.00494],[-122.6511,42.00493],[-122.65254,42.00493],[-122.65395,42.00492],[-122.65441,42.00492],[-122.65498,42.00492],[-122.65605,42.00491],[-122.65841,42.00489],[-122.66087,42.00488],[-122.6614,42.00488],[-122.66226,42.00487],[-122.66481,42.00485],[-122.67252,42.00469],[-122.67375,42.00466],[-122.67592,42.00462],[-122.67724,42.00459],[-122.67792,42.00457],[-122.67833,42.00456],[-122.68355,42.00445],[-122.69595,42.0043],[-122.70279,42.00422],[-122.70416,42.00421],[-122.70642,42.0042],[-122.70686,42.0042],[-122.70845,42.00419],[-122.70977,42.00418],[-122.71066,42.00418],[-122.71097,42.00418],[-122.71235,42.0042],[-122.71306,42.00421],[-122.71516,42.00424],[-122.71557,42.00416],[-122.71617,42.00416],[-122.71657,42.00416],[-122.71686,42.00417],[-122.71899,42.0042],[-122.71993,42.00421],[-122.72037,42.00417],[-122.72067,42.00414],[-122.72079,42.00413],[-122.72139,42.00412],[-122.7219,42.00414],[-122.72197,42.00414],[-122.72476,42.00421],[-122.72577,42.00414],[-122.72592,42.00414],[-122.73674,42.00415],[-122.73815,42.00416],[-122.73822,42.00415],[-122.73833,42.00416],[-122.73987,42.00416],[-122.74339,42.00416],[-122.74441,42.00416],[-122.74727,42.00415],[-122.74775,42.00415],[-122.74979,42.00414],[-122.75363,42.00413],[-122.75394,42.00413],[-122.75467,42.00413],[-122.7577,42.00412],[-122.75993,42.00411],[-122.76062,42.00411],[-122.76113,42.00411],[-122.76151,42.0041],[-122.76164,42.0041],[-122.76219,42.0041],[-122.76607,42.00407],[-122.768,42.00406],[-122.76881,42.00406],[-122.77719,42.004],[-122.77903,42.004],[-122.78051,42.00401],[-122.7808,42.00402],[-122.78095,42.00401],[-122.78112,42.00401],[-122.78269,42.00402],[-122.7836,42.00402],[-122.78411,42.00403],[-122.78427,42.00403],[-122.78453,42.00403],[-122.78801,42.00404],[-122.78949,42.00405],[-122.79045,42.00405],[-122.79114,42.00405],[-122.79243,42.00406],[-122.79262,42.00406],[-122.7942,42.00407],[-122.79611,42.00407],[-122.7963,42.00407],[-122.79725,42.00408],[-122.79816,42.00408],[-122.79904,42.00408],[-122.79979,42.00409],[-122.80148,42.00409],[-122.80279,42.0041],[-122.81074,42.00413],[-122.81385,42.00414],[-122.82002,42.00413],[-122.82157,42.00412],[-122.82504,42.00411],[-122.82644,42.00411],[-122.82657,42.00411],[-122.82987,42.00411],[-122.83016,42.00411],[-122.83724,42.00404],[-122.83765,42.00404],[-122.83827,42.00403],[-122.83909,42.00403],[-122.83918,42.00403],[-122.83972,42.00402],[-122.84167,42.004],[-122.85492,42.00387],[-122.86241,42.00392],[-122.8673,42.00394],[-122.86813,42.00395],[-122.87087,42.00396],[-122.87323,42.00399],[-122.87552,42.00396],[-122.88012,42.00391],[-122.88841,42.0038],[-122.88993,42.00379],[-122.8936,42.00375],[-122.90204,42.00366],[-122.90212,42.00366],[-122.90225,42.00366],[-122.90254,42.00366],[-122.91295,42.00356],[-122.94154,42.00349],[-122.9524,42.00345],[-122.95867,42.00349],[-122.95896,42.00349],[-122.95913,42.00349],[-122.96145,42.0035],[-122.96166,42.0035],[-122.96294,42.0035],[-122.9638,42.00351],[-122.96775,42.00352],[-122.96798,42.00352],[-122.9686,42.00352],[-122.97254,42.00348],[-122.97349,42.00346],[-122.97742,42.00341],[-122.97837,42.0034],[-122.98229,42.00335],[-122.98771,42.00329],[-122.98819,42.00329],[-122.98832,42.00329],[-122.99258,42.00325],[-122.99347,42.00325],[-122.99485,42.00327],[-122.99548,42.00327],[-122.99814,42.00325],[-122.99814,42.0032],[-123.00103,42.00317],[-123.00772,42.00313],[-123.0128,42.00313],[-123.01787,42.00314],[-123.02371,42.00315],[-123.03168,42.00313],[-123.03227,42.00313],[-123.03771,42.00311],[-123.04279,42.00309],[-123.0432,42.00309],[-123.044,42.00308],[-123.04531,42.0032],[-123.05127,42.00375],[-123.05599,42.00419],[-123.06288,42.00482],[-123.06375,42.00483],[-123.06461,42.00484],[-123.06678,42.00488],[-123.07231,42.00495],[-123.08094,42.00506],[-123.08222,42.00516],[-123.08574,42.00542],[-123.09398,42.00604],[-123.1006,42.00654],[-123.10134,42.0066],[-123.10271,42.00669],[-123.10295,42.00671],[-123.10407,42.0068],[-123.11207,42.00741],[-123.11603,42.00763],[-123.12046,42.00789],[-123.12516,42.00816],[-123.12893,42.00837],[-123.1303,42.0084],[-123.13186,42.00844],[-123.14574,42.00876],[-123.15196,42.00828],[-123.15339,42.00816],[-123.15352,42.00815],[-123.15378,42.00813],[-123.15421,42.0081],[-123.15451,42.00807],[-123.15579,42.00797],[-123.15651,42.00792],[-123.16626,42.00715],[-123.1719,42.00671],[-123.17557,42.00643],[-123.18145,42.00598],[-123.18392,42.00579],[-123.18591,42.00571],[-123.19002,42.00555],[-123.19143,42.0055],[-123.19232,42.00547],[-123.19625,42.00537],[-123.2018,42.0051],[-123.21135,42.00471],[-123.21457,42.00463],[-123.21621,42.00456],[-123.22241,42.00429],[-123.22439,42.00422],[-123.22508,42.00419],[-123.22856,42.00405],[-123.23076,42.00396],[-123.23111,42.00394],[-123.23278,42.00388],[-123.23292,42.00387],[-123.23452,42.00381],[-123.23518,42.00379],[-123.23587,42.00376],[-123.23774,42.00368],[-123.23921,42.00362],[-123.24073,42.00356],[-123.24231,42.0035],[-123.24394,42.00343],[-123.24432,42.00341],[-123.24556,42.00336],[-123.24718,42.0033],[-123.24881,42.00324],[-123.25043,42.00318],[-123.25205,42.00311],[-123.25332,42.00306],[-123.25504,42.003],[-123.25528,42.00299],[-123.2569,42.00292],[-123.25851,42.00286],[-123.26012,42.0028],[-123.26174,42.00272],[-123.26336,42.00264],[-123.26497,42.00257],[-123.26659,42.0025],[-123.2682,42.00245],[-123.26981,42.00241],[-123.27081,42.00235],[-123.27143,42.00232],[-123.27197,42.00229],[-123.2727,42.00226],[-123.27341,42.00223],[-123.27354,42.00222],[-123.27375,42.00221],[-123.27464,42.00218],[-123.27625,42.00211],[-123.27785,42.00204],[-123.27946,42.00198],[-123.28107,42.00191],[-123.28267,42.00185],[-123.28428,42.00178],[-123.28573,42.00172],[-123.28603,42.00171],[-123.2865,42.0017],[-123.2875,42.00167],[-123.28909,42.00163],[-123.29073,42.00154],[-123.2914,42.0015],[-123.29235,42.00145],[-123.29398,42.00139],[-123.29561,42.00132],[-123.29723,42.00128],[-123.29883,42.00124],[-123.29886,42.00124],[-123.29888,42.00124],[-123.30051,42.00118],[-123.30186,42.00112],[-123.30371,42.00105],[-123.30535,42.00098],[-123.30666,42.00093],[-123.30787,42.00089],[-123.30858,42.00086],[-123.31022,42.00079],[-123.31237,42.00071],[-123.31346,42.00067],[-123.31493,42.0006],[-123.31686,42.00052],[-123.31834,42.00046],[-123.31996,42.0004],[-123.32135,42.00034],[-123.32321,42.00026],[-123.32453,42.0002],[-123.32569,42.00016],[-123.32584,42.00015],[-123.32663,42.00012],[-123.3281,42.00006],[-123.33055,41.99996],[-123.33179,41.99991],[-123.33186,41.9999],[-123.33259,41.99987],[-123.3424,41.99946],[-123.34267,41.99945],[-123.34431,41.99938],[-123.34548,41.99933],[-123.34695,41.99928],[-123.34745,41.99928],[-123.34888,41.9993],[-123.35064,41.99932],[-123.35234,41.99934],[-123.35346,41.99936],[-123.35552,41.99939],[-123.3563,41.9994],[-123.35711,41.99941],[-123.35714,41.99941],[-123.35718,41.99941],[-123.35722,41.99941],[-123.35804,41.99941],[-123.3594,41.99944],[-123.36039,41.99945],[-123.36211,41.99948],[-123.36264,41.99949],[-123.36364,41.9995],[-123.36527,41.99952],[-123.36699,41.99955],[-123.36725,41.99956],[-123.36833,41.99956],[-123.36987,41.99958],[-123.37187,41.99961],[-123.37338,41.99963],[-123.37501,41.99965],[-123.37649,41.99968],[-123.37675,41.99968],[-123.37825,41.9997],[-123.37987,41.99972],[-123.3811,41.99974],[-123.38151,41.99975],[-123.38161,41.99974],[-123.38313,41.99976],[-123.38574,41.99981],[-123.38652,41.99981],[-123.388,41.99983],[-123.39037,41.99986],[-123.39139,41.99988],[-123.39175,41.99988],[-123.39307,41.9999],[-123.39501,41.99993],[-123.3961,41.99994],[-123.39626,41.99995],[-123.39771,41.99997],[-123.39982,42.0],[-123.39991,42.0],[-123.40112,42.00001],[-123.40256,42.00003],[-123.40426,42.00006],[-123.4058,42.00008],[-123.406,42.00008],[-123.40679,42.00009],[-123.40697,42.00009],[-123.40801,42.00011],[-123.40827,42.00011],[-123.41423,42.00019],[-123.41433,42.00019],[-123.41485,42.0002],[-123.41556,42.00021],[-123.41576,42.00021],[-123.41813,42.00024],[-123.42063,42.00028],[-123.42276,42.00031],[-123.42398,42.00033],[-123.42532,42.00034],[-123.42551,42.00035],[-123.4274,42.00037],[-123.42854,42.00039],[-123.43035,42.00041],[-123.43204,42.00044],[-123.43338,42.00045],[-123.4348,42.00047],[-123.43667,42.0005],[-123.43822,42.00052],[-123.43847,42.00052],[-123.43891,42.00053],[-123.43911,42.00053],[-123.43958,42.00054],[-123.43999,42.00054],[-123.44003,42.00054],[-123.44132,42.00056],[-123.44306,42.00059],[-123.44467,42.00061],[-123.44487,42.00061],[-123.44597,42.00063],[-123.44618,42.00063],[-123.44775,42.00063],[-123.44973,42.00063],[-123.45062,42.00063],[-123.45276,42.00063],[-123.45437,42.00064],[-123.45459,42.00064],[-123.45496,42.00064],[-123.456,42.00061],[-123.45944,42.00064],[-123.45968,42.00064],[-123.4628,42.00064],[-123.4644,42.00064],[-123.46527,42.00065],[-123.46911,42.00065],[-123.47013,42.00065],[-123.4711,42.00065],[-123.47383,42.00066],[-123.47499,42.00066],[-123.47856,42.00067],[-123.47963,42.00067],[-123.47984,42.00067],[-123.48182,42.00067],[-123.48201,42.00067],[-123.48228,42.00068],[-123.48332,42.00068],[-123.4847,42.00069],[-123.48807,42.0007],[-123.48956,42.0007],[-123.4897,42.0007],[-123.4898,42.0007],[-123.49006,42.0007],[-123.49282,42.00071],[-123.49443,42.00071],[-123.49757,42.00072],[-123.49822,42.00072],[-123.4985,42.00072],[-123.49886,42.00072],[-123.49929,42.00072],[-123.49962,42.00072],[-123.50046,42.00072],[-123.50179,42.00072],[-123.5018,42.00072],[-123.50232,42.00072],[-123.50425,42.00073],[-123.50441,42.00073],[-123.50566,42.00073],[-123.50647,42.00073],[-123.50708,42.00073],[-123.50901,42.00074],[-123.50928,42.00074],[-123.50971,42.00074],[-123.50985,42.00074],[-123.51082,42.00074],[-123.51135,42.00074],[-123.51183,42.00074],[-123.51388,42.00075],[-123.51401,42.00075],[-123.51656,42.00075],[-123.51743,42.00075],[-123.51791,42.00076],[-123.51873,42.00076],[-123.51912,42.00076],[-123.5236,42.00077],[-123.52603,42.00077],[-123.52845,42.00078],[-123.53001,42.00078],[-123.53023,42.00078],[-123.53076,42.00078],[-123.53329,42.00079],[-123.53438,42.00079],[-123.5348,42.00079],[-123.53521,42.00079],[-123.53814,42.00076],[-123.54029,42.00073],[-123.54299,42.00069],[-123.54378,42.00068],[-123.54411,42.00068],[-123.54437,42.00067],[-123.54459,42.00067],[-123.54505,42.00066],[-123.54519,42.00066],[-123.54787,42.00067],[-123.54849,42.00067],[-123.54981,42.00067],[-123.55207,42.00068],[-123.55274,42.00068],[-123.5548,42.00069],[-123.55637,42.00069],[-123.55726,42.00069],[-123.5598,42.0007],[-123.56249,42.00071],[-123.5642,42.00071],[-123.56479,42.0007],[-123.56736,42.00066],[-123.56931,42.00063],[-123.56938,42.00063],[-123.56984,42.00062],[-123.57035,42.00061],[-123.57174,42.00059],[-123.57193,42.00058],[-123.57223,42.00058],[-123.57361,42.00056],[-123.57406,42.00055],[-123.57619,42.00052],[-123.57712,42.00051],[-123.57875,42.00048],[-123.58316,42.00041],[-123.58342,42.00041],[-123.58812,42.00034],[-123.5916,42.00029],[-123.59209,42.00028],[-123.59239,42.00027],[-123.59281,42.00026],[-123.59306,42.00026],[-123.59752,42.00019],[-123.59801,42.00018],[-123.6022,42.00011],[-123.60296,42.0001],[-123.60688,42.00004],[-123.60775,42.00002],[-123.60988,41.99999],[-123.61009,41.99999],[-123.61022,41.99999],[-123.61052,41.99998],[-123.61161,41.99997],[-123.61253,41.99995],[-123.61447,41.99992],[-123.61571,41.9999],[-123.61618,41.99989],[-123.61633,41.99989],[-123.61732,41.99988],[-123.62007,41.99983],[-123.62096,41.99982],[-123.62211,41.9998],[-123.62224,41.9998],[-123.62235,41.99979],[-123.62323,41.99978],[-123.62384,41.99977],[-123.62402,41.99977],[-123.62516,41.99961],[-123.6254,41.99957],[-123.6256,41.99955],[-123.62616,41.99947],[-123.62697,41.99936],[-123.62757,41.99927],[-123.6303,41.99888],[-123.63151,41.99871],[-123.63183,41.99866],[-123.63501,41.99822],[-123.6367,41.99798],[-123.63971,41.99756],[-123.6405,41.99745],[-123.64156,41.9973],[-123.64442,41.99689],[-123.64641,41.99661],[-123.6492,41.99622],[-123.65127,41.99593],[-123.65398,41.99554],[-123.65612,41.99525],[-123.65721,41.99509],[-123.65872,41.99513],[-123.66098,41.99519],[-123.66344,41.99526],[-123.66584,41.99532],[-123.66717,41.99536],[-123.66817,41.99538],[-123.67069,41.99545],[-123.6729,41.99551],[-123.67555,41.99557],[-123.67757,41.99566],[-123.68041,41.99571],[-123.68193,41.99574],[-123.68377,41.99584],[-123.68532,41.99592],[-123.69032,41.99605],[-123.6953,41.99619],[-123.7003,41.99632],[-123.70054,41.99633],[-123.70509,41.99645],[-123.70989,41.99657],[-123.71005,41.99658],[-123.71469,41.9967],[-123.71814,41.99679],[-123.71837,41.9968],[-123.71864,41.99681],[-123.72143,41.99688],[-123.72817,41.99706],[-123.73261,41.99699],[-123.7335,41.99697],[-123.73364,41.99697],[-123.73517,41.99694],[-123.75109,41.99669],[-123.75394,41.99661],[-123.75422,41.99661],[-123.75746,41.99651],[-123.75808,41.9965],[-123.76232,41.99637],[-123.76588,41.99627],[-123.76599,41.99627],[-123.76718,41.99624],[-123.77204,41.9961],[-123.77474,41.99602],[-123.77496,41.99602],[-123.7875,41.99583],[-123.78849,41.99582],[-123.78919,41.9958],[-123.78956,41.99578],[-123.78978,41.99578],[-123.78991,41.99578],[-123.79021,41.99577],[-123.79116,41.99574],[-123.79127,41.99574],[-123.7915,41.99573],[-123.79226,41.99571],[-123.79365,41.99567],[-123.79381,41.99567],[-123.79598,41.9956],[-123.80097,41.99546],[-123.8042,41.99536],[-123.80425,41.99536],[-123.80471,41.99535],[-123.80486,41.99534],[-123.80612,41.99531],[-123.81091,41.99516],[-123.81099,41.99517],[-123.81171,41.99519],[-123.81296,41.99524],[-123.81356,41.99526],[-123.81479,41.99531],[-123.8153,41.99533],[-123.81561,41.99534],[-123.81778,41.99542],[-123.81855,41.99545],[-123.81868,41.99546],[-123.82034,41.99552],[-123.82146,41.99556],[-123.82204,41.99558],[-123.82643,41.99575],[-123.82805,41.99581],[-123.82809,41.99581],[-123.83115,41.99593],[-123.83297,41.99599],[-123.83448,41.99605],[-123.83603,41.99605],[-123.83783,41.99606],[-123.84126,41.99606],[-123.84269,41.99606],[-123.84577,41.99607],[-123.84754,41.99607],[-123.85064,41.99608],[-123.85239,41.99608],[-123.85551,41.99609],[-123.85612,41.99609],[-123.85724,41.99609],[-123.85746,41.99609],[-123.8661,41.99608],[-123.86701,41.99608],[-123.87011,41.99607],[-123.87057,41.99606],[-123.87122,41.99606],[-123.87191,41.99606],[-123.87496,41.99604],[-123.8767,41.99604],[-123.87982,41.99602],[-123.88156,41.99602],[-123.88341,41.99601],[-123.88532,41.996],[-123.88599,41.996],[-123.88641,41.996],[-123.89126,41.99598],[-123.89324,41.99598],[-123.89499,41.99597],[-123.89611,41.99597],[-123.90818,41.99596],[-123.91205,41.99595],[-123.91372,41.99595],[-123.91554,41.99594],[-123.9204,41.99594],[-123.92526,41.99594],[-123.92861,41.99594],[-123.93012,41.99595],[-123.93481,41.99596],[-123.93631,41.99596],[-123.93968,41.99597],[-123.94172,41.99598],[-123.94223,41.99597],[-123.94455,41.99598],[-123.949,41.996],[-123.94942,41.996],[-123.95429,41.99601],[-123.95637,41.99601],[-123.95915,41.99601],[-123.96402,41.99601],[-123.96693,41.99602],[-123.96705,41.99602],[-123.96709,41.99602],[-123.96783,41.99602],[-123.96834,41.99602],[-123.96889,41.99602],[-123.97376,41.99602],[-123.97863,41.99602],[-123.98351,41.99602],[-123.98838,41.99603],[-123.99075,41.99603],[-123.99325,41.99603],[-123.99925,41.99614],[-123.9999,41.99615],[-124.00118,41.99614],[-124.01568,41.9962],[-124.03309,41.99627],[-124.04582,41.99638],[-124.04659,41.99638],[-124.05771,41.99635],[-124.05785,41.99635],[-124.06756,41.99646],[-124.07728,41.99657],[-124.0794,41.9966],[-124.07943,41.9966],[-124.08494,41.99666],[-124.08496,41.99666],[-124.08725,41.99665],[-124.08738,41.99664],[-124.08749,41.99665],[-124.08764,41.99669],[-124.08776,41.99676],[-124.08784,41.99679],[-124.08797,41.99681],[-124.10038,41.99671],[-124.10047,41.99676],[-124.10059,41.99678],[-124.10071,41.99679],[-124.10099,41.99677],[-124.10131,41.99678],[-124.10161,41.99681],[-124.10171,41.99679],[-124.1018,41.99674],[-124.10186,41.99671],[-124.102,41.99669],[-124.10215,41.99669],[-124.10239,41.99675],[-124.10253,41.99681],[-124.10265,41.99689],[-124.10278,41.99703],[-124.10402,41.99707],[-124.10456,41.99709],[-124.11652,41.99704],[-124.11879,41.99703],[-124.12112,41.99702],[-124.12133,41.99701],[-124.12137,41.99701],[-124.14158,41.99726],[-124.14294,41.99729],[-124.1464,41.99734],[-124.14661,41.99734],[-124.16226,41.99761],[-124.168,41.99771],[-124.17807,41.99788],[-124.17879,41.99789],[-124.1816,41.99794],[-124.18698,41.99803],[-124.18873,41.99806],[-124.1927,41.99814],[-124.19284,41.99814],[-124.19293,41.99814],[-124.19297,41.99814],[-124.19303,41.99814],[-124.19312,41.99814],[-124.19655,41.9982],[-124.19667,41.9982],[-124.19679,41.9982],[-124.19685,41.9982],[-124.19689,41.99821],[-124.19693,41.99821],[-124.19694,41.99821],[-124.19696,41.99821],[-124.19706,41.99821],[-124.19851,41.99823],[-124.19855,41.99823],[-124.20828,41.9984],[-124.2083,41.9984],[-124.2096,41.99842],[-124.2116,41.99846],[-124.21199,41.99846],[-124.21526,41.99845],[-124.21703,41.99845],[-124.21776,41.99844],[-124.23323,41.99841],[-124.2512,41.99836],[-124.2512,41.99834],[-124.32883,41.99833],[-124.33196,41.99984],[-124.33866,42.00326],[-124.34288,42.00658],[-124.3466,42.01078],[-124.34834,42.0139],[-124.34917,42.01639],[-124.3502,42.01666],[-124.35155,42.01704],[-124.35272,42.01728],[-124.35379,42.01762],[-124.35514,42.01803],[-124.35621,42.01854],[-124.35706,42.01895],[-124.35805,42.01929],[-124.35944,42.01974],[-124.36092,42.02035],[-124.36257,42.0213],[-124.36396,42.02188],[-124.3649,42.02245],[-124.36606,42.0232],[-124.36736,42.02391],[-124.36879,42.02479],[-124.36964,42.0254],[-124.37044,42.02588],[-124.37165,42.02676],[-124.37254,42.0274],[-124.37339,42.02804],[-124.37406,42.02865],[-124.37505,42.02923],[-124.37576,42.02994],[-124.37621,42.031],[-124.37742,42.03207],[-124.37797,42.03255],[-124.37882,42.03343],[-124.38075,42.03542],[-124.38268,42.03768],[-124.38448,42.04007],[-124.38619,42.04236],[-124.38749,42.04452],[-124.38887,42.04694],[-124.38973,42.04852],[-124.39035,42.05017],[-124.3922,42.05082],[-124.39391,42.05173],[-124.39725,42.05349],[-124.40009,42.05558],[-124.40243,42.0574],[-124.40481,42.05943],[-124.40707,42.06162],[-124.40931,42.06408],[-124.41068,42.06595],[-124.41093,42.0663],[-124.4125,42.06849],[-124.41389,42.07081],[-124.41511,42.07277],[-124.41627,42.07485],[-124.41753,42.07755],[-124.41824,42.07957],[-124.41904,42.08269],[-124.41975,42.08529],[-124.42006,42.0872],[-124.42046,42.09013],[-124.42067,42.09295],[-124.42066,42.0952],[-124.42065,42.09709],[-124.42065,42.09816],[-124.42132,42.09911],[-124.42199,42.10029],[-124.42293,42.10231],[-124.4236,42.10453],[-124.42441,42.10695],[-124.42503,42.10954],[-124.42538,42.11159],[-124.42564,42.11358],[-124.42573,42.11586],[-124.42599,42.11791],[-124.42698,42.11939],[-124.42806,42.12118],[-124.42886,42.12286],[-124.42951,42.12484],[-124.43037,42.12637],[-124.43114,42.12814],[-124.43153,42.12921],[-124.43246,42.13185],[-124.43283,42.13423],[-124.43342,42.13747],[-124.43327,42.13888],[-124.43293,42.1395],[-124.43364,42.14063],[-124.43438,42.14327],[-124.43495,42.14604],[-124.43526,42.1492],[-124.43533,42.14986],[-124.4351,42.1549],[-124.43487,42.15826],[-124.43452,42.16206],[-124.43399,42.16415],[-124.43351,42.16483],[-124.43426,42.16554],[-124.43509,42.16632],[-124.43663,42.16844],[-124.438,42.17067],[-124.43928,42.17303],[-124.44123,42.1767],[-124.44565,42.17982],[-124.44737,42.1815],[-124.44951,42.18392],[-124.45142,42.18634],[-124.4518,42.18708],[-124.45196,42.18784],[-124.45712,42.19005],[-124.46331,42.19499],[-124.46692,42.19852],[-124.46959,42.20177],[-124.47136,42.20372],[-124.47353,42.20748],[-124.47721,42.21478],[-124.48006,42.2196],[-124.48131,42.22233],[-124.48197,42.22396],[-124.48203,42.2241],[-124.48297,42.22701],[-124.48367,42.22961],[-124.48426,42.23269],[-124.48451,42.23537],[-124.48514,42.24027],[-124.48542,42.24214],[-124.48566,42.24415],[-124.48588,42.24747],[-124.48573,42.24851],[-124.48568,42.24984],[-124.48444,42.25783],[-124.48247,42.26685],[-124.48217,42.26821],[-124.48095,42.27155],[-124.47924,42.27567],[-124.47826,42.278],[-124.47971,42.279],[-124.48001,42.2792],[-124.48191,42.2805],[-124.48479,42.28324],[-124.48798,42.28715],[-124.49033,42.29065],[-124.49274,42.29601],[-124.49412,42.30177],[-124.4949,42.30575],[-124.49525,42.31041],[-124.49534,42.31565],[-124.49464,42.32187],[-124.49461,42.32211],[-124.49407,42.32588],[-124.49293,42.32891],[-124.4915,42.33159],[-124.4905,42.33325],[-124.48856,42.33563],[-124.48654,42.33828],[-124.49013,42.34175],[-124.49112,42.34298],[-124.49201,42.34434],[-124.49381,42.34686],[-124.49533,42.34959],[-124.49662,42.35219],[-124.49775,42.35533],[-124.49864,42.35784],[-124.49935,42.36095],[-124.50001,42.3651],[-124.50021,42.36768],[-124.50038,42.37057],[-124.5004,42.37292],[-124.50084,42.37483],[-124.5008,42.37516],[-124.50084,42.37614],[-124.50079,42.37664],[-124.50065,42.37752],[-124.50051,42.37882],[-124.50032,42.38007],[-124.49995,42.38141],[-124.49963,42.38269],[-124.49944,42.38383],[-124.49898,42.38534],[-124.4987,42.38645],[-124.49824,42.38732],[-124.49787,42.38823],[-124.4975,42.3893],[-124.49686,42.39044],[-124.49631,42.39159],[-124.49594,42.39256],[-124.49535,42.39374],[-124.49461,42.39525],[-124.49441,42.39563],[-124.49415,42.39609],[-124.49584,42.39646],[-124.49788,42.39687],[-124.4997,42.39741],[-124.50122,42.39792],[-124.50431,42.39917],[-124.50922,42.39977],[-124.51414,42.40086],[-124.52116,42.40321],[-124.52709,42.40555],[-124.53257,42.4084],[-124.53786,42.41181],[-124.5427,42.41525],[-124.54405,42.41642],[-124.54663,42.41866],[-124.54966,42.42206],[-124.55282,42.42654],[-124.55476,42.43034],[-124.55581,42.43249],[-124.5598,42.43586],[-124.56176,42.43828],[-124.56535,42.44356],[-124.56763,42.44971],[-124.56951,42.45459],[-124.57018,42.45885],[-124.57044,42.46338],[-124.56975,42.4677],[-124.56897,42.47209],[-124.56722,42.47779],[-124.5644,42.48274],[-124.56089,42.48759],[-124.55892,42.48973],[-124.55703,42.49187],[-124.55627,42.4926],[-124.55465,42.49414],[-124.55104,42.49708],[-124.54752,42.49983],[-124.54431,42.49983],[-124.53523,42.50491],[-124.52487,42.50915],[-124.51869,42.51108],[-124.5154,42.51926],[-124.51217,42.52434],[-124.50631,42.53061],[-124.50308,42.53343],[-124.50122,42.53505],[-124.50122,42.53539],[-124.49011,42.54272],[-124.48984,42.5429],[-124.47922,42.54764],[-124.46789,42.55082],[-124.46535,42.55303],[-124.47407,42.5628],[-124.4752,42.56515],[-124.47942,42.57395],[-124.48084,42.58158],[-124.47994,42.59148],[-124.4764,42.59907],[-124.47618,42.60336],[-124.47291,42.61075],[-124.47355,42.61473],[-124.49255,42.61541],[-124.50122,42.61733],[-124.50849,42.61956],[-124.51402,42.62206],[-124.51955,42.62483],[-124.51865,42.62483],[-124.5226,42.62686],[-124.53031,42.63228],[-124.5353,42.63767],[-124.5372,42.63972],[-124.54059,42.64449],[-124.54324,42.65105],[-124.54369,42.65402],[-124.54572,42.65717],[-124.54723,42.66507],[-124.54743,42.6724],[-124.5458,42.67969],[-124.54414,42.68381],[-124.54413,42.68382],[-124.5531,42.68771],[-124.55839,42.69099],[-124.56123,42.69276],[-124.56614,42.69749],[-124.57176,42.70361],[-124.57462,42.70713],[-124.57552,42.70929],[-124.57929,42.71207],[-124.58278,42.7166],[-124.58469,42.7193],[-124.59044,42.71809],[-124.59683,42.71713],[-124.60162,42.71663],[-124.60941,42.71654],[-124.61607,42.71702],[-124.62062,42.71766],[-124.62396,42.71696],[-124.62622,42.71661],[-124.6302,42.71629],[-124.64213,42.71611],[-124.65273,42.71726],[-124.66464,42.72048],[-124.67623,42.72599],[-124.68241,42.73019],[-124.69071,42.73825],[-124.69597,42.74545],[-124.69827,42.74983],[-124.69913,42.74983],[-124.70034,42.75253],[-124.70299,42.76173],[-124.70354,42.77037],[-124.70266,42.77674],[-124.70028,42.78403],[-124.69581,42.79113],[-124.69128,42.79635],[-124.68533,42.80104],[-124.68063,42.80425],[-124.68049,42.80524],[-124.67996,42.80905],[-124.67792,42.81432],[-124.6752,42.81956],[-124.67176,42.82558],[-124.66627,42.83104],[-124.66059,42.8365],[-124.65512,42.84002],[-124.65246,42.85069],[-124.64515,42.86189],[-124.6387,42.86742],[-124.6273,42.87483],[-124.62623,42.87539],[-124.62623,42.87579],[-124.62213,42.8772],[-124.62051,42.88302],[-124.61596,42.89288],[-124.60686,42.90352],[-124.59183,42.91471],[-124.57235,42.92251],[-124.56789,42.93039],[-124.56475,42.93302],[-124.55897,42.94556],[-124.55893,42.94561],[-124.55351,42.95171],[-124.55237,42.95431],[-124.54833,42.96353],[-124.54517,42.97074],[-124.53061,42.99983],[-124.53299,42.99983],[-124.52909,43.00734],[-124.52499,43.01642],[-124.52097,43.02677],[-124.5208,43.02721],[-124.51585,43.0399],[-124.51275,43.05022],[-124.50977,43.05687],[-124.50787,43.06007],[-124.50702,43.06331],[-124.50533,43.06795],[-124.50793,43.0733],[-124.5096,43.08131],[-124.5092,43.08541],[-124.51324,43.09226],[-124.51365,43.09295],[-124.51442,43.09426],[-124.51636,43.10254],[-124.51596,43.11156],[-124.51502,43.1145],[-124.51549,43.11896],[-124.51551,43.1191],[-124.51557,43.11974],[-124.51554,43.12415],[-124.51584,43.12483],[-124.51527,43.12649],[-124.51492,43.12748],[-124.5135,43.13056],[-124.51235,43.1333],[-124.50882,43.13943],[-124.50597,43.14338],[-124.50123,43.14816],[-124.49393,43.15354],[-124.48497,43.15801],[-124.48161,43.15944],[-124.48011,43.16549],[-124.47788,43.17044],[-124.47582,43.17886],[-124.47363,43.18413],[-124.47112,43.19019],[-124.46746,43.19648],[-124.46524,43.20031],[-124.46945,43.20831],[-124.47126,43.21951],[-124.47001,43.22867],[-124.4712,43.23804],[-124.47033,43.2455],[-124.46792,43.24983],[-124.46678,43.25316],[-124.46587,43.25538],[-124.46501,43.25747],[-124.46188,43.26186],[-124.46176,43.2619],[-124.46013,43.2636],[-124.4555,43.26823],[-124.46195,43.27338],[-124.46367,43.27475],[-124.47485,43.28857],[-124.47671,43.29413],[-124.478,43.30346],[-124.47709,43.31051],[-124.4779,43.32389],[-124.47771,43.32446],[-124.47695,43.32937],[-124.47164,43.33915],[-124.46142,43.35012],[-124.4467,43.35816],[-124.44379,43.36677],[-124.44108,43.37288],[-124.43954,43.37483],[-124.43805,43.37483],[-124.43545,43.37762],[-124.43194,43.38105],[-124.43171,43.38122],[-124.42564,43.38589],[-124.41522,43.39076],[-124.4078,43.3937],[-124.40035,43.39542],[-124.39219,43.39654],[-124.38755,43.39962],[-124.38384,43.40127],[-124.38027,43.40285],[-124.37924,43.40407],[-124.37623,43.40904],[-124.37437,43.41274],[-124.36032,43.43432],[-124.35811,43.44056],[-124.3558,43.44607],[-124.35263,43.45204],[-124.35147,43.45425],[-124.34622,43.46247],[-124.34384,43.46501],[-124.3402,43.47339],[-124.32871,43.49983],[-124.3296,43.49983],[-124.32178,43.51962],[-124.31665,43.53373],[-124.31109,43.54733],[-124.30563,43.56138],[-124.30303,43.56809],[-124.29677,43.58596],[-124.2931,43.6002],[-124.29033,43.61062],[-124.29029,43.61078],[-124.29024,43.61096],[-124.29016,43.61124],[-124.29012,43.6114],[-124.28999,43.61189],[-124.28936,43.61409],[-124.28707,43.62215],[-124.2863,43.62484],[-124.28033,43.64839],[-124.28161,43.65073],[-124.28259,43.6535],[-124.28394,43.65677],[-124.28493,43.65987],[-124.28576,43.66412],[-124.28583,43.66769],[-124.28585,43.66825],[-124.2853,43.67273],[-124.28386,43.67705],[-124.28249,43.68086],[-124.28143,43.68386],[-124.27964,43.68715],[-124.27773,43.68993],[-124.27473,43.6934],[-124.27154,43.69684],[-124.26875,43.6995],[-124.26571,43.70156],[-124.25422,43.7491],[-124.25405,43.74984],[-124.25123,43.76071],[-124.25123,43.76165],[-124.24966,43.76665],[-124.2473,43.77541],[-124.24702,43.77646],[-124.24366,43.79166],[-124.23969,43.81105],[-124.23852,43.81745],[-124.23593,43.83153],[-124.23476,43.83789],[-124.2344,43.83983],[-124.23136,43.85699],[-124.23023,43.86336],[-124.23018,43.86372],[-124.22989,43.86566],[-124.22889,43.87254],[-124.22855,43.87484],[-124.22848,43.87526],[-124.22827,43.8765],[-124.2282,43.87691],[-124.22584,43.89075],[-124.2234,43.90527],[-124.22272,43.90937],[-124.22018,43.92443],[-124.21805,43.93687],[-124.21515,43.95378],[-124.2121,43.97998],[-124.21035,43.99054],[-124.20881,43.99985],[-124.20789,44.00213],[-124.209,44.00389],[-124.20963,44.00592],[-124.21076,44.00862],[-124.21161,44.01109],[-124.21254,44.01412],[-124.21273,44.01807],[-124.21279,44.01943],[-124.21275,44.02205],[-124.21272,44.02457],[-124.211,44.03045],[-124.20941,44.03333],[-124.20867,44.03468],[-124.20773,44.03694],[-124.20741,44.03772],[-124.20517,44.04064],[-124.20498,44.04379],[-124.20447,44.0466],[-124.20401,44.04798],[-124.20349,44.04951],[-124.20233,44.05385],[-124.20243,44.05654],[-124.20217,44.05865],[-124.20177,44.06241],[-124.20105,44.06616],[-124.20022,44.06997],[-124.19907,44.07405],[-124.19864,44.0773],[-124.19809,44.0833],[-124.19806,44.0837],[-124.19741,44.08933],[-124.19657,44.09372],[-124.19613,44.09511],[-124.19538,44.09746],[-124.19672,44.10083],[-124.19702,44.10158],[-124.19855,44.10621],[-124.19932,44.11125],[-124.19981,44.11647],[-124.19988,44.11875],[-124.19997,44.12137],[-124.1997,44.12484],[-124.19933,44.1267],[-124.19917,44.1272],[-124.19957,44.12798],[-124.20014,44.1291],[-124.20038,44.13133],[-124.20085,44.13275],[-124.20043,44.13534],[-124.20071,44.13676],[-124.20086,44.1383],[-124.20098,44.13952],[-124.20017,44.14284],[-124.19984,44.14554],[-124.19821,44.14932],[-124.19555,44.15483],[-124.19326,44.15894],[-124.18901,44.16422],[-124.18886,44.16836],[-124.18813,44.17061],[-124.18676,44.17648],[-124.18678,44.17659],[-124.18853,44.18587],[-124.1883,44.19032],[-124.18823,44.19153],[-124.18749,44.19552],[-124.18597,44.199],[-124.18635,44.20214],[-124.18662,44.2043],[-124.18638,44.20972],[-124.1862,44.21625],[-124.18559,44.2216],[-124.1844,44.22747],[-124.18283,44.23095],[-124.18547,44.23709],[-124.18559,44.23776],[-124.18679,44.24466],[-124.18681,44.24816],[-124.18646,44.24984],[-124.18504,44.25524],[-124.18432,44.25798],[-124.18617,44.26294],[-124.18811,44.27097],[-124.18807,44.27133],[-124.18741,44.27687],[-124.18652,44.28436],[-124.18696,44.2851],[-124.18724,44.28557],[-124.18767,44.28626],[-124.18765,44.28856],[-124.18566,44.2966],[-124.18228,44.30601],[-124.18058,44.30777],[-124.18148,44.30887],[-124.18173,44.31044],[-124.18187,44.31137],[-124.18178,44.31417],[-124.18165,44.3168],[-124.1809,44.31926],[-124.18082,44.31953],[-124.18007,44.32245],[-124.17969,44.32362],[-124.17825,44.328],[-124.17514,44.33451],[-124.17466,44.33618],[-124.17341,44.34053],[-124.17164,44.34666],[-124.16634,44.36505],[-124.16458,44.37118],[-124.16352,44.37484],[-124.16222,44.38127],[-124.1616,44.38438],[-124.15859,44.40608],[-124.15798,44.4121],[-124.15701,44.42159],[-124.15694,44.42242],[-124.1567,44.42541],[-124.15596,44.43439],[-124.15571,44.43738],[-124.1553,44.44231],[-124.15408,44.45712],[-124.15367,44.46206],[-124.15343,44.46504],[-124.15492,44.46834],[-124.15695,44.47282],[-124.15758,44.47367],[-124.16305,44.4864],[-124.16391,44.48841],[-124.16459,44.49278],[-124.16491,44.49483],[-124.16461,44.49901],[-124.16456,44.49984],[-124.16262,44.51291],[-124.16133,44.51749],[-124.15967,44.52341],[-124.15962,44.52351],[-124.15553,44.53102],[-124.15389,44.53273],[-124.1509,44.53586],[-124.14609,44.54022],[-124.14578,44.54624],[-124.14476,44.55287],[-124.14396,44.55722],[-124.14296,44.56188],[-124.14266,44.56327],[-124.14124,44.56818],[-124.1399,44.57235],[-124.13986,44.57246],[-124.13837,44.57663],[-124.13801,44.57764],[-124.13613,44.58078],[-124.13431,44.58318],[-124.13858,44.58722],[-124.1388,44.58742],[-124.14191,44.59031],[-124.14412,44.59237],[-124.14769,44.59736],[-124.14839,44.59835],[-124.15122,44.60291],[-124.15208,44.60653],[-124.15233,44.60934],[-124.15234,44.61242],[-124.15192,44.61597],[-124.15118,44.61878],[-124.15083,44.62025],[-124.14965,44.62333],[-124.14908,44.62484],[-124.14525,44.63135],[-124.14506,44.63168],[-124.14415,44.63292],[-124.14144,44.63663],[-124.14064,44.6375],[-124.13934,44.63892],[-124.13842,44.63992],[-124.13744,44.641],[-124.13908,44.64303],[-124.13993,44.64409],[-124.14204,44.6467],[-124.1422,44.64692],[-124.14785,44.65489],[-124.14835,44.6559],[-124.14998,44.65915],[-124.15201,44.6632],[-124.15335,44.66886],[-124.15336,44.66892],[-124.15396,44.67533],[-124.15324,44.68164],[-124.15231,44.6859],[-124.15104,44.69032],[-124.14931,44.69391],[-124.14826,44.69571],[-124.14596,44.69786],[-124.14441,44.69932],[-124.14358,44.702],[-124.14271,44.70461],[-124.14218,44.70622],[-124.14162,44.70701],[-124.13912,44.71054],[-124.13994,44.71299],[-124.14063,44.71481],[-124.14067,44.71605],[-124.14037,44.71763],[-124.14193,44.72056],[-124.14217,44.72103],[-124.14435,44.72473],[-124.14679,44.73082],[-124.14821,44.73559],[-124.1483,44.7404],[-124.14831,44.74419],[-124.14729,44.74984],[-124.14531,44.75751],[-124.14676,44.76368],[-124.14678,44.76381],[-124.14764,44.76911],[-124.14776,44.77357],[-124.14697,44.77683],[-124.14652,44.77862],[-124.14609,44.78028],[-124.14596,44.78102],[-124.14625,44.78337],[-124.14609,44.78488],[-124.14576,44.78789],[-124.14525,44.79044],[-124.14442,44.7934],[-124.14472,44.79615],[-124.14431,44.79983],[-124.14372,44.80322],[-124.14356,44.80364],[-124.14236,44.80688],[-124.14109,44.80949],[-124.14073,44.81023],[-124.13955,44.81158],[-124.14033,44.81512],[-124.14062,44.81644],[-124.14135,44.82053],[-124.14176,44.82646],[-124.14156,44.83344],[-124.14152,44.83374],[-124.14088,44.83793],[-124.14031,44.83985],[-124.13902,44.84417],[-124.13888,44.84442],[-124.13621,44.84924],[-124.1333,44.8527],[-124.13043,44.85572],[-124.13029,44.85583],[-124.12659,44.85888],[-124.12641,44.85903],[-124.12623,44.85918],[-124.1262,44.8592],[-124.11657,44.86634],[-124.11425,44.87341],[-124.11378,44.87483],[-124.11016,44.88737],[-124.09863,44.92724],[-124.09793,44.92966],[-124.09805,44.93013],[-124.09888,44.93338],[-124.09951,44.9369],[-124.09927,44.93897],[-124.09899,44.94136],[-124.09892,44.94195],[-124.09848,44.94542],[-124.0975,44.94925],[-124.0967,44.95163],[-124.09477,44.95452],[-124.09373,44.95899],[-124.09349,44.95962],[-124.09214,44.96305],[-124.09063,44.96591],[-124.09063,44.96691],[-124.09091,44.96875],[-124.09101,44.9694],[-124.09078,44.97191],[-124.09078,44.97419],[-124.09081,44.97563],[-124.09082,44.97632],[-124.09084,44.97694],[-124.09032,44.97909],[-124.08971,44.98064],[-124.08966,44.981],[-124.08961,44.98138],[-124.08972,44.98661],[-124.08955,44.98822],[-124.08944,44.98933],[-124.08888,44.99205],[-124.08852,44.99504],[-124.0885,44.99517],[-124.08838,44.9959],[-124.08771,44.99983],[-124.08771,45.00002],[-124.08621,45.00286],[-124.08771,45.00571],[-124.08996,45.00856],[-124.09043,45.00915],[-124.09056,45.00931],[-124.09221,45.01141],[-124.09447,45.01654],[-124.09597,45.02052],[-124.09747,45.02736],[-124.09747,45.0342],[-124.09672,45.04047],[-124.09597,45.04331],[-124.09583,45.04399],[-124.09356,45.05417],[-124.09093,45.06154],[-124.08817,45.0693],[-124.08142,45.08546],[-124.07333,45.09959],[-124.06524,45.10767],[-124.06462,45.10883],[-124.05985,45.11776],[-124.05581,45.12483],[-124.05512,45.12665],[-124.05442,45.12836],[-124.05365,45.13024],[-124.05254,45.1337],[-124.05067,45.13913],[-124.05013,45.14069],[-124.04975,45.1428],[-124.04917,45.14605],[-124.04819,45.15146],[-124.04782,45.15586],[-124.04779,45.15618],[-124.04695,45.15904],[-124.04692,45.15912],[-124.04685,45.15935],[-124.04683,45.15943],[-124.04634,45.16109],[-124.04479,45.166],[-124.04503,45.16694],[-124.04534,45.16814],[-124.04579,45.16991],[-124.04563,45.17198],[-124.04486,45.17482],[-124.04444,45.1774],[-124.04508,45.1798],[-124.0481,45.18333],[-124.05113,45.18711],[-124.0516,45.18786],[-124.05399,45.19172],[-124.05502,45.19487],[-124.05516,45.19531],[-124.05704,45.19884],[-124.05843,45.20273],[-124.05849,45.20287],[-124.05949,45.20665],[-124.05962,45.21176],[-124.05983,45.2156],[-124.05889,45.21931],[-124.05821,45.22253],[-124.05692,45.22599],[-124.05605,45.22774],[-124.05484,45.2302],[-124.05213,45.23341],[-124.05104,45.23465],[-124.04998,45.23586],[-124.04899,45.237],[-124.04697,45.23963],[-124.04628,45.24052],[-124.04596,45.24088],[-124.04468,45.24236],[-124.04436,45.24272],[-124.04332,45.24517],[-124.04334,45.24694],[-124.04323,45.24788],[-124.04301,45.24982],[-124.04167,45.25487],[-124.0413,45.25627],[-124.04026,45.26883],[-124.0405,45.2704],[-124.04131,45.27555],[-124.04236,45.28218],[-124.04605,45.29185],[-124.04655,45.29317],[-124.06124,45.30416],[-124.07383,45.31751],[-124.07698,45.33007],[-124.07698,45.33021],[-124.07698,45.34185],[-124.07543,45.34705],[-124.07361,45.3532],[-124.07278,45.35598],[-124.06649,45.36697],[-124.0642,45.36982],[-124.06019,45.37482],[-124.05816,45.37641],[-124.05268,45.37961],[-124.04702,45.38237],[-124.04643,45.38264],[-124.04331,45.38406],[-124.04279,45.3873],[-124.04183,45.39135],[-124.04105,45.39602],[-124.04017,45.40013],[-124.03877,45.4048],[-124.03755,45.40972],[-124.0365,45.41334],[-124.03616,45.419],[-124.03582,45.42205],[-124.04039,45.42483],[-124.04346,45.42669],[-124.04809,45.43109],[-124.05243,45.43508],[-124.05316,45.43574],[-124.05361,45.43623],[-124.05699,45.43988],[-124.05811,45.4411],[-124.05895,45.44201],[-124.06127,45.44642],[-124.0615,45.44685],[-124.06395,45.45151],[-124.06424,45.45736],[-124.06488,45.46047],[-124.06453,45.46402],[-124.06454,45.46626],[-124.06455,45.46757],[-124.0635,45.47056],[-124.06267,45.47262],[-124.06191,45.47448],[-124.0606,45.47822],[-124.05937,45.48121],[-124.05769,45.48458],[-124.05611,45.48689],[-124.05478,45.4887],[-124.05533,45.49218],[-124.05577,45.49322],[-124.0564,45.49467],[-124.05632,45.49728],[-124.05623,45.49982],[-124.05643,45.50215],[-124.05311,45.51422],[-124.04594,45.52377],[-124.0391,45.53024],[-124.02973,45.53591],[-124.02666,45.53788],[-124.02666,45.53991],[-124.0271,45.54367],[-124.02693,45.54601],[-124.02835,45.54781],[-124.02903,45.54866],[-124.03228,45.55452],[-124.03623,45.56303],[-124.03678,45.56851],[-124.03711,45.57172],[-124.03669,45.57412],[-124.03554,45.58072],[-124.03247,45.58818],[-124.03149,45.59018],[-124.03037,45.59249],[-124.03089,45.59366],[-124.03093,45.59548],[-124.031,45.59872],[-124.03107,45.60192],[-124.03001,45.60835],[-124.02948,45.61155],[-124.02932,45.61246],[-124.0282,45.61436],[-124.02467,45.62035],[-124.02321,45.62231],[-124.02134,45.62482],[-124.02115,45.62482],[-124.02057,45.62482],[-124.02038,45.62482],[-124.01983,45.62533],[-124.01907,45.62603],[-124.01847,45.62709],[-124.0181,45.62774],[-124.01759,45.62864],[-124.01689,45.63124],[-124.01665,45.63212],[-124.01626,45.63943],[-124.01623,45.64237],[-124.0162,45.6461],[-124.01619,45.64819],[-124.01616,45.65168],[-124.01607,45.65447],[-124.01601,45.65656],[-124.01587,45.66096],[-124.01485,45.66679],[-124.01355,45.67243],[-124.01348,45.67274],[-124.01166,45.67672],[-124.01138,45.68872],[-124.01081,45.70828],[-124.01204,45.70883],[-124.0139,45.70956],[-124.01912,45.71273],[-124.02087,45.71465],[-124.02204,45.71593],[-124.0248,45.72023],[-124.03045,45.72099],[-124.03367,45.72251],[-124.04365,45.72723],[-124.0438,45.72731],[-124.06002,45.73954],[-124.06742,45.7498],[-124.06744,45.74983],[-124.06797,45.75032],[-124.06994,45.76041],[-124.07039,45.76274],[-124.07019,45.76419],[-124.06896,45.77272],[-124.06828,45.77554],[-124.06737,45.77927],[-124.06728,45.77944],[-124.06702,45.77996],[-124.06693,45.78013],[-124.06664,45.78071],[-124.06575,45.78247],[-124.06545,45.78305],[-124.06206,45.78974],[-124.05412,45.79753],[-124.05455,45.79919],[-124.05603,45.80657],[-124.05565,45.81649],[-124.05139,45.82684],[-124.04671,45.83234],[-124.04053,45.83846],[-124.0377,45.84161],[-124.03919,45.84432],[-124.03963,45.84499],[-124.042,45.84855],[-124.04328,45.86031],[-124.04254,45.86985],[-124.04202,45.87263],[-124.04192,45.87318],[-124.04217,45.87483],[-124.0422,45.87524],[-124.04282,45.87771],[-124.04344,45.88024],[-124.043,45.88363],[-124.04335,45.88653],[-124.04335,45.88709],[-124.04392,45.88772],[-124.04467,45.88856],[-124.0456,45.89021],[-124.04582,45.8906],[-124.04828,45.89127],[-124.05656,45.89384],[-124.06085,45.89571],[-124.06642,45.89812],[-124.07373,45.90304],[-124.08016,45.90826],[-124.08651,45.91633],[-124.09057,45.92575],[-124.09243,45.93426],[-124.09192,45.94345],[-124.08991,45.9505],[-124.0849,45.96014],[-124.07892,45.96663],[-124.07082,45.97394],[-124.06236,45.97859],[-124.05759,45.98047],[-124.05118,45.98301],[-124.04439,45.985],[-124.03954,45.98594],[-124.03457,45.98999],[-124.03191,45.99215],[-124.02288,45.99983],[-124.02151,46.00134],[-124.01917,46.00379],[-124.01581,46.00591],[-124.01318,46.00769],[-124.0105,46.00917],[-124.00812,46.00994],[-124.00807,46.01053],[-124.00791,46.0123],[-124.0075,46.01462],[-124.00679,46.01785],[-124.00555,46.02193],[-124.00476,46.02359],[-124.00382,46.02556],[-124.00278,46.02754],[-124.0032,46.0297],[-124.00341,46.03344],[-124.00338,46.03684],[-124.00368,46.04041],[-124.00404,46.04381],[-124.00446,46.04762],[-124.00449,46.04785],[-124.0049,46.05034],[-124.00502,46.05334],[-124.00513,46.05738],[-124.00633,46.06334],[-124.00827,46.07429],[-124.0098,46.08197],[-124.01156,46.08487],[-124.01249,46.08905],[-124.01367,46.09289],[-124.01564,46.09736],[-124.01603,46.09826],[-124.01619,46.09862],[-124.01784,46.10374],[-124.01809,46.10435],[-124.01988,46.10883],[-124.02188,46.11348],[-124.02306,46.11627],[-124.02541,46.11974],[-124.02689,46.12278],[-124.02828,46.12482],[-124.02824,46.1256],[-124.02903,46.12748],[-124.0309,46.13047],[-124.03413,46.13452],[-124.03679,46.13972],[-124.03966,46.14501],[-124.04028,46.14617],[-124.04319,46.1513],[-124.04505,46.15399],[-124.04662,46.15626],[-124.04835,46.16036],[-124.05066,46.16391],[-124.05393,46.16723],[-124.05624,46.17068],[-124.05845,46.17383],[-124.06148,46.17648],[-124.06437,46.17962],[-124.0657,46.18211],[-124.06731,46.18385],[-124.06862,46.18408],[-124.07255,46.18476],[-124.07716,46.18545],[-124.08323,46.1867],[-124.08852,46.18788],[-124.0912,46.18874],[-124.09601,46.19046],[-124.09927,46.19172],[-124.10374,46.19311],[-124.10666,46.19434],[-124.11128,46.1959],[-124.11387,46.19757],[-124.11679,46.1989],[-124.11952,46.20077],[-124.12342,46.20273],[-124.12626,46.2051],[-124.13354,46.21171],[-124.13788,46.21624],[-124.14121,46.22071],[-124.14375,46.22473],[-124.14703,46.22886],[-124.1491,46.23311],[-124.15029,46.23703],[-124.15231,46.24193],[-124.1536,46.24531],[-124.15508,46.24982],[-124.15522,46.25028],[-124.15537,46.25074],[-124.15548,46.25107],[-124.15631,46.25396],[-124.15778,46.25752],[-124.15884,46.25965],[-124.15935,46.26068],[-124.15955,46.26113],[-124.15937,46.26114],[-124.15915,46.26114],[-124.14429,46.26149],[-124.1294,46.26184],[-124.12578,46.2619],[-124.09894,46.26239],[-124.09785,46.26241],[-124.08974,46.26256],[-124.08061,46.26272],[-124.07414,46.26284],[-124.06615,46.26296],[-124.05994,46.2632],[-124.03595,46.26418],[-124.03492,46.26484],[-124.03493,46.26504],[-124.03497,46.26595],[-124.03568,46.27147],[-124.03435,46.27326],[-124.03364,46.2744],[-124.03355,46.27591],[-124.0337,46.27687],[-124.03376,46.27732],[-124.03393,46.27744],[-124.03421,46.27773],[-124.03531,46.27884],[-124.03542,46.27894],[-124.03664,46.28007],[-124.03765,46.28161],[-124.0388,46.28367],[-124.03887,46.28456],[-124.03863,46.28584],[-124.03731,46.29026],[-124.03716,46.29076],[-124.03655,46.29314],[-124.03622,46.29443],[-124.0356,46.29684],[-124.03419,46.29784],[-124.03013,46.29875],[-124.02772,46.29891],[-124.02635,46.299],[-124.02499,46.29909],[-124.02488,46.2991],[-124.02257,46.29773],[-124.0214,46.29709],[-124.01778,46.29512],[-124.01488,46.29317],[-124.013,46.29003],[-124.01146,46.28656],[-124.00967,46.28322],[-124.00707,46.28021],[-124.00514,46.27769],[-124.00585,46.27679],[-124.00509,46.27577],[-124.00362,46.27471],[-124.00271,46.27434],[-124.00126,46.27401],[-123.99897,46.27403],[-123.99646,46.27375],[-123.99534,46.27372],[-123.99529,46.27371],[-123.9933,46.27365],[-123.99273,46.27358],[-123.99211,46.2735],[-123.992,46.27349],[-123.98939,46.27317],[-123.98599,46.27276],[-123.98293,46.27199],[-123.97977,46.27092],[-123.97627,46.26991],[-123.97335,46.2685],[-123.96985,46.26653],[-123.96697,46.26519],[-123.96439,46.2639],[-123.9634,46.2634],[-123.96323,46.2633],[-123.96092,46.26201],[-123.95762,46.26016],[-123.95371,46.25648],[-123.95362,46.25639],[-123.94654,46.24982],[-123.94646,46.24982],[-123.94641,46.24982],[-123.93048,46.23881],[-123.92743,46.2386],[-123.90638,46.23721],[-123.88534,46.23582],[-123.87676,46.23525],[-123.87263,46.23499],[-123.87187,46.23495],[-123.86184,46.23758],[-123.85498,46.23937],[-123.85014,46.24063],[-123.84814,46.24115],[-123.84703,46.24145],[-123.84592,46.24175],[-123.84457,46.2421],[-123.84322,46.24246],[-123.84098,46.24305],[-123.83874,46.24364],[-123.83142,46.24555],[-123.82411,46.24747],[-123.81514,46.24983],[-123.80947,46.25007],[-123.80651,46.25067],[-123.80301,46.25124],[-123.79967,46.25159],[-123.79342,46.25246],[-123.78775,46.25294],[-123.78426,46.25324],[-123.78166,46.25358],[-123.77936,46.25388],[-123.77812,46.25425],[-123.75425,46.26383],[-123.75275,46.26444],[-123.75125,46.26504],[-123.74854,46.26618],[-123.74583,46.26731],[-123.74444,46.2679],[-123.74305,46.26848],[-123.74271,46.26862],[-123.74237,46.26877],[-123.74145,46.26915],[-123.72832,46.26454],[-123.72281,46.2626],[-123.7173,46.26066],[-123.71015,46.25815],[-123.69812,46.25376],[-123.69274,46.25179],[-123.69163,46.25139],[-123.69089,46.25112],[-123.68812,46.2501],[-123.6876,46.25021],[-123.68424,46.25096],[-123.68376,46.25106],[-123.68165,46.25153],[-123.67955,46.252],[-123.64877,46.2588],[-123.64106,46.25842],[-123.64067,46.2584],[-123.64028,46.25838],[-123.63539,46.25813],[-123.6305,46.25788],[-123.62837,46.25778],[-123.62625,46.25767],[-123.62069,46.25742],[-123.61513,46.25717],[-123.58695,46.25589],[-123.56934,46.25728],[-123.56383,46.25771],[-123.56033,46.25799],[-123.55898,46.2581],[-123.55745,46.25822],[-123.55592,46.25834],[-123.55555,46.25837],[-123.55518,46.2584],[-123.55406,46.25848],[-123.55294,46.25857],[-123.55234,46.25862],[-123.55048,46.25877],[-123.54766,46.25911],[-123.54393,46.25957],[-123.53809,46.26061],[-123.53592,46.26113],[-123.52639,46.2634],[-123.51643,46.26609],[-123.5164,46.2661],[-123.51593,46.26624],[-123.5159,46.26624],[-123.51504,46.26652],[-123.51476,46.26661],[-123.51397,46.26687],[-123.51318,46.26712],[-123.51046,46.26801],[-123.50903,46.26848],[-123.50798,46.26882],[-123.50461,46.26992],[-123.50125,46.27101],[-123.50124,46.27099],[-123.50105,46.27097],[-123.50085,46.27096],[-123.49944,46.27083],[-123.49764,46.27068],[-123.49593,46.27053],[-123.49421,46.27038],[-123.49107,46.27011],[-123.48983,46.27],[-123.48881,46.26991],[-123.48869,46.2699],[-123.48862,46.26989],[-123.48858,46.26989],[-123.48856,46.26989],[-123.48849,46.26988],[-123.48804,46.26984],[-123.48759,46.2698],[-123.48693,46.26975],[-123.48661,46.26972],[-123.48658,46.26972],[-123.48624,46.26969],[-123.48535,46.26961],[-123.48514,46.26959],[-123.48506,46.26959],[-123.485,46.26958],[-123.48498,46.26958],[-123.48492,46.26957],[-123.48449,46.26953],[-123.48424,46.26953],[-123.47998,46.26916],[-123.47984,46.26915],[-123.47964,46.26913],[-123.47484,46.26783],[-123.46874,46.26453],[-123.46523,46.26211],[-123.46489,46.26187],[-123.46454,46.26163],[-123.46346,46.2608],[-123.46237,46.25996],[-123.46154,46.25933],[-123.45874,46.25703],[-123.45544,46.25503],[-123.45254,46.25323],[-123.45104,46.25213],[-123.44904,46.25083],[-123.44804,46.24993],[-123.44759,46.24983],[-123.43639,46.2382],[-123.43433,46.23605],[-123.43149,46.23321],[-123.42763,46.22935],[-123.42796,46.2245],[-123.42804,46.2233],[-123.42858,46.21532],[-123.4286,46.21493],[-123.42866,46.21413],[-123.42936,46.20375],[-123.42945,46.20239],[-123.42951,46.20153],[-123.42953,46.20128],[-123.42954,46.20115],[-123.42954,46.20113],[-123.42955,46.20102],[-123.42958,46.20052],[-123.42961,46.20002],[-123.42989,46.19595],[-123.43017,46.19187],[-123.43099,46.18157],[-123.42888,46.18003],[-123.42861,46.17985],[-123.42835,46.17966],[-123.42568,46.17785],[-123.42474,46.17722],[-123.42301,46.17604],[-123.42274,46.17586],[-123.41708,46.17207],[-123.41151,46.16834],[-123.41115,46.1681],[-123.41112,46.16808],[-123.40671,46.16522],[-123.40494,46.16407],[-123.3904,46.15443],[-123.37954,46.151],[-123.37952,46.15099],[-123.37672,46.14933],[-123.37634,46.1491],[-123.3763,46.14908],[-123.37444,46.14807],[-123.37257,46.14706],[-123.37216,46.14681],[-123.37176,46.14657],[-123.37143,46.14637],[-123.37067,46.14637],[-123.36888,46.14636],[-123.36709,46.14635],[-123.3669,46.14635],[-123.3667,46.14635],[-123.36536,46.14634],[-123.36374,46.14633],[-123.36364,46.14633],[-123.36246,46.14638],[-123.36174,46.14636],[-123.36146,46.14632],[-123.34644,46.14506],[-123.34642,46.14506],[-123.3464,46.14506],[-123.34634,46.14506],[-123.34631,46.14507],[-123.3463,46.14507],[-123.34628,46.14507],[-123.34625,46.14507],[-123.34623,46.14506],[-123.3462,46.14506],[-123.34619,46.14506],[-123.34617,46.14506],[-123.34615,46.14506],[-123.34613,46.14507],[-123.34611,46.14507],[-123.34608,46.14507],[-123.34607,46.14507],[-123.34605,46.14508],[-123.34603,46.14508],[-123.34598,46.14509],[-123.34594,46.1451],[-123.34591,46.1451],[-123.34588,46.14511],[-123.34585,46.14513],[-123.34582,46.14514],[-123.34579,46.14515],[-123.34576,46.14516],[-123.34571,46.14517],[-123.34568,46.14518],[-123.34566,46.14518],[-123.34564,46.14519],[-123.34562,46.14519],[-123.34552,46.14523],[-123.34549,46.14523],[-123.34548,46.14524],[-123.34544,46.14525],[-123.34539,46.14525],[-123.34537,46.14525],[-123.34536,46.14525],[-123.34534,46.14525],[-123.34529,46.14525],[-123.34525,46.14528],[-123.34517,46.14528],[-123.34514,46.14528],[-123.34512,46.14528],[-123.34511,46.14529],[-123.34509,46.14529],[-123.34508,46.14529],[-123.34506,46.14529],[-123.34505,46.14529],[-123.34502,46.14529],[-123.345,46.14528],[-123.34499,46.14529],[-123.34497,46.14529],[-123.34494,46.1453],[-123.34492,46.1453],[-123.34489,46.1453],[-123.34481,46.14531],[-123.34479,46.14531],[-123.34478,46.14531],[-123.34475,46.14531],[-123.34471,46.14531],[-123.34469,46.14531],[-123.34467,46.14531],[-123.34465,46.14531],[-123.34464,46.14532],[-123.34461,46.14532],[-123.34459,46.14532],[-123.34456,46.14532],[-123.34455,46.14532],[-123.34453,46.14532],[-123.34452,46.14532],[-123.3445,46.14533],[-123.34449,46.14533],[-123.34446,46.14533],[-123.34441,46.14533],[-123.34438,46.14533],[-123.33944,46.14623],[-123.33931,46.14623],[-123.33923,46.14622],[-123.33911,46.14619],[-123.33906,46.14619],[-123.33886,46.1462],[-123.33877,46.14618],[-123.33869,46.14618],[-123.33862,46.14618],[-123.33849,46.14616],[-123.33842,46.14615],[-123.33832,46.14616],[-123.33822,46.14614],[-123.33811,46.14615],[-123.33801,46.14615],[-123.33789,46.14616],[-123.33776,46.14616],[-123.3376,46.14615],[-123.33745,46.14615],[-123.33726,46.14613],[-123.33712,46.14614],[-123.33701,46.14613],[-123.33685,46.14613],[-123.33671,46.14612],[-123.33662,46.1461],[-123.33657,46.14608],[-123.33653,46.14608],[-123.3364,46.1461],[-123.33635,46.1461],[-123.33621,46.14608],[-123.33611,46.14606],[-123.33603,46.14603],[-123.33596,46.14603],[-123.33592,46.14603],[-123.33587,46.14605],[-123.33578,46.14606],[-123.33571,46.14607],[-123.33565,46.14607],[-123.33559,46.14606],[-123.33551,46.14606],[-123.33541,46.14607],[-123.33534,46.14605],[-123.33517,46.14606],[-123.33507,46.14606],[-123.33501,46.14605],[-123.33496,46.14604],[-123.3349,46.14606],[-123.33482,46.14609],[-123.33469,46.14611],[-123.3346,46.14611],[-123.33448,46.14608],[-123.33429,46.14604],[-123.33418,46.14604],[-123.33408,46.14603],[-123.33399,46.14603],[-123.33385,46.14604],[-123.33375,46.14604],[-123.33359,46.14602],[-123.33354,46.14603],[-123.33342,46.14603],[-123.33333,46.14604],[-123.33325,46.14601],[-123.33316,46.14602],[-123.33311,46.14601],[-123.33306,46.14599],[-123.333,46.14599],[-123.33283,46.14601],[-123.33279,46.14602],[-123.33277,46.14603],[-123.33277,46.14607],[-123.33276,46.1461],[-123.33272,46.14613],[-123.33269,46.14615],[-123.33267,46.14616],[-123.3326,46.14613],[-123.3325,46.1461],[-123.33241,46.14608],[-123.33238,46.14607],[-123.33229,46.14606],[-123.33222,46.14605],[-123.33215,46.14604],[-123.33209,46.14603],[-123.33201,46.146],[-123.33193,46.14599],[-123.33179,46.14597],[-123.33168,46.14595],[-123.33153,46.14592],[-123.33137,46.14588],[-123.3312,46.14582],[-123.33106,46.14578],[-123.33095,46.14575],[-123.33084,46.14573],[-123.33074,46.14572],[-123.33056,46.1457],[-123.33041,46.14569],[-123.33027,46.14568],[-123.33016,46.14567],[-123.33004,46.14565],[-123.32991,46.14563],[-123.3298,46.1456],[-123.32972,46.14559],[-123.32964,46.14559],[-123.32958,46.14561],[-123.32949,46.14565],[-123.32941,46.14566],[-123.32936,46.14565],[-123.32929,46.14564],[-123.3292,46.14563],[-123.32912,46.14561],[-123.32906,46.1456],[-123.32896,46.1456],[-123.32889,46.1456],[-123.32883,46.14562],[-123.3287,46.14566],[-123.32862,46.14566],[-123.32853,46.14566],[-123.32846,46.14567],[-123.3284,46.14569],[-123.32833,46.14573],[-123.32829,46.14576],[-123.32823,46.14575],[-123.32798,46.14573],[-123.32789,46.14572],[-123.32782,46.14572],[-123.32777,46.14573],[-123.32769,46.14574],[-123.32748,46.14575],[-123.32734,46.14575],[-123.32717,46.14577],[-123.32704,46.14578],[-123.32695,46.1458],[-123.32688,46.14582],[-123.32683,46.14581],[-123.32679,46.14581],[-123.32675,46.14584],[-123.3267,46.14584],[-123.32666,46.14584],[-123.32663,46.14586],[-123.32661,46.14588],[-123.32659,46.1459],[-123.32657,46.14589],[-123.32659,46.14587],[-123.32659,46.14584],[-123.32656,46.14582],[-123.32651,46.14582],[-123.32646,46.14581],[-123.32643,46.14583],[-123.32637,46.14584],[-123.32632,46.14584],[-123.32622,46.14582],[-123.32618,46.14581],[-123.32611,46.14582],[-123.32602,46.14583],[-123.3258,46.14584],[-123.32569,46.14584],[-123.32564,46.14584],[-123.3256,46.14584],[-123.3256,46.14586],[-123.32558,46.14586],[-123.32556,46.14585],[-123.32553,46.14582],[-123.32551,46.14579],[-123.32545,46.14577],[-123.32533,46.14575],[-123.32521,46.14574],[-123.32507,46.14573],[-123.32493,46.14573],[-123.32489,46.1457],[-123.32485,46.14567],[-123.3248,46.14565],[-123.32466,46.14563],[-123.32464,46.14563],[-123.32373,46.14563],[-123.32253,46.14563],[-123.32164,46.14563],[-123.32043,46.14563],[-123.31894,46.14563],[-123.31703,46.14553],[-123.31473,46.14543],[-123.31333,46.14523],[-123.31164,46.14523],[-123.30983,46.14513],[-123.30834,46.14503],[-123.30654,46.14493],[-123.30474,46.14483],[-123.30333,46.14483],[-123.30259,46.14477],[-123.30213,46.14473],[-123.30103,46.14463],[-123.29963,46.14463],[-123.29833,46.14463],[-123.29673,46.14473],[-123.29483,46.14473],[-123.29243,46.14463],[-123.29053,46.14453],[-123.28843,46.14453],[-123.28723,46.14453],[-123.28663,46.14453],[-123.28583,46.14453],[-123.28443,46.14453],[-123.28263,46.14463],[-123.28153,46.14473],[-123.28103,46.14473],[-123.28033,46.14483],[-123.28017,46.14484],[-123.27994,46.14494],[-123.2798,46.14499],[-123.27955,46.14504],[-123.27945,46.14509],[-123.2791,46.14526],[-123.27892,46.14531],[-123.27878,46.14538],[-123.27866,46.14543],[-123.2784,46.14549],[-123.27828,46.14554],[-123.2781,46.14564],[-123.2779,46.14569],[-123.2777,46.1458],[-123.27753,46.14588],[-123.27732,46.14599],[-123.27708,46.1461],[-123.27679,46.14622],[-123.27652,46.14634],[-123.27615,46.14647],[-123.27592,46.1466],[-123.27571,46.14669],[-123.27541,46.14682],[-123.27516,46.14692],[-123.27499,46.14696],[-123.27488,46.14696],[-123.27481,46.14699],[-123.27458,46.14713],[-123.27448,46.14717],[-123.27422,46.14725],[-123.27404,46.14731],[-123.27386,46.14732],[-123.27373,46.14737],[-123.27367,46.14741],[-123.27359,46.14749],[-123.27344,46.14757],[-123.27333,46.14765],[-123.27322,46.14771],[-123.27309,46.14774],[-123.27296,46.14781],[-123.27277,46.1479],[-123.27264,46.14792],[-123.27233,46.14809],[-123.27224,46.14813],[-123.27216,46.14817],[-123.27204,46.1482],[-123.27194,46.14823],[-123.27184,46.14831],[-123.27172,46.14844],[-123.2715,46.14857],[-123.27133,46.14865],[-123.2711,46.14869],[-123.27071,46.14877],[-123.27051,46.14885],[-123.27035,46.14891],[-123.27032,46.14892],[-123.27014,46.14898],[-123.26988,46.14907],[-123.26968,46.14914],[-123.26936,46.14921],[-123.26925,46.14925],[-123.26903,46.14933],[-123.26886,46.1494],[-123.26868,46.14939],[-123.26851,46.14947],[-123.26841,46.14948],[-123.26829,46.14948],[-123.26818,46.14952],[-123.26786,46.14966],[-123.26779,46.1497],[-123.26776,46.14974],[-123.26777,46.14982],[-123.26777,46.14988],[-123.26772,46.14997],[-123.26768,46.15003],[-123.26758,46.15008],[-123.2673,46.15017],[-123.26719,46.15016],[-123.26707,46.15014],[-123.26696,46.15014],[-123.26668,46.15027],[-123.2664,46.15038],[-123.26615,46.15046],[-123.2659,46.15052],[-123.26576,46.15053],[-123.26569,46.15051],[-123.2656,46.15047],[-123.26556,46.15047],[-123.26552,46.15049],[-123.26555,46.15054],[-123.26546,46.15057],[-123.26536,46.15061],[-123.26515,46.1507],[-123.26471,46.15093],[-123.26454,46.15105],[-123.26442,46.15112],[-123.26432,46.15114],[-123.2641,46.15119],[-123.264,46.15124],[-123.2639,46.15131],[-123.26385,46.15138],[-123.26376,46.15142],[-123.26366,46.15146],[-123.26359,46.15145],[-123.26356,46.15139],[-123.26356,46.15133],[-123.26352,46.15134],[-123.26349,46.15138],[-123.26348,46.15144],[-123.26344,46.1515],[-123.26337,46.15155],[-123.26326,46.15161],[-123.26321,46.1517],[-123.26313,46.15174],[-123.26302,46.15175],[-123.2629,46.15186],[-123.26273,46.15198],[-123.26249,46.15213],[-123.26218,46.15232],[-123.2619,46.15245],[-123.26148,46.15266],[-123.26134,46.15275],[-123.26124,46.15283],[-123.26112,46.15289],[-123.26093,46.15296],[-123.26041,46.15314],[-123.26029,46.15319],[-123.26023,46.15328],[-123.26012,46.15343],[-123.26002,46.15351],[-123.25989,46.1536],[-123.25972,46.15369],[-123.25956,46.15375],[-123.25935,46.15395],[-123.25923,46.15406],[-123.25911,46.15412],[-123.25889,46.15421],[-123.25878,46.15424],[-123.2586,46.15428],[-123.25842,46.15435],[-123.25827,46.15438],[-123.25815,46.15443],[-123.25801,46.15451],[-123.25786,46.15467],[-123.25776,46.15477],[-123.25761,46.15484],[-123.25744,46.1549],[-123.25719,46.15494],[-123.25692,46.15501],[-123.25667,46.15509],[-123.25644,46.15517],[-123.25615,46.15529],[-123.25584,46.1554],[-123.25547,46.15553],[-123.25527,46.1556],[-123.25503,46.15566],[-123.25479,46.15572],[-123.25446,46.15577],[-123.25406,46.15581],[-123.25372,46.15588],[-123.25339,46.15594],[-123.25315,46.15601],[-123.25286,46.1561],[-123.2527,46.15616],[-123.25252,46.15617],[-123.25238,46.15619],[-123.25222,46.15625],[-123.25209,46.15629],[-123.25189,46.15635],[-123.25181,46.15636],[-123.25162,46.1564],[-123.2514,46.15644],[-123.25123,46.15645],[-123.25123,46.15656],[-123.24545,46.15933],[-123.24203,46.16097],[-123.23915,46.16179],[-123.23233,46.1638],[-123.23081,46.16429],[-123.22892,46.16496],[-123.22667,46.16584],[-123.22517,46.16647],[-123.22293,46.16744],[-123.22108,46.16832],[-123.21773,46.17],[-123.21514,46.17137],[-123.21305,46.17254],[-123.16665,46.1889],[-123.16642,46.18898],[-123.16327,46.18875],[-123.12623,46.18611],[-123.11973,46.18558],[-123.11939,46.18555],[-123.11906,46.18553],[-123.11896,46.18552],[-123.11748,46.1854],[-123.11667,46.18533],[-123.1159,46.18527],[-123.11456,46.18431],[-123.11194,46.18231],[-123.10824,46.17932],[-123.10659,46.17831],[-123.10502,46.17768],[-123.09861,46.17481],[-123.07937,46.16623],[-123.07295,46.16337],[-123.0519,46.15397],[-123.05106,46.1536],[-123.04984,46.15268],[-123.04893,46.15199],[-123.04765,46.15103],[-123.04728,46.15071],[-123.04655,46.15007],[-123.04531,46.14898],[-123.04342,46.14756],[-123.0413,46.14635],[-123.0394,46.1457],[-123.03763,46.14532],[-123.03577,46.14492],[-123.03382,46.14434],[-123.03231,46.14354],[-123.03016,46.14263],[-123.02764,46.14154],[-123.02561,46.14065],[-123.0241,46.13988],[-123.02292,46.13941],[-123.02215,46.13911],[-123.01946,46.13826],[-123.01688,46.13758],[-123.01449,46.13714],[-123.01215,46.13665],[-123.00944,46.13604],[-123.0078,46.13548],[-123.00577,46.13461],[-123.00423,46.13382],[-123.00297,46.13298],[-123.00136,46.13187],[-122.99666,46.1284],[-122.99627,46.12812],[-122.9957,46.12771],[-122.99399,46.12651],[-122.99342,46.1261],[-122.99292,46.12575],[-122.9914,46.12467],[-122.99089,46.12432],[-122.99016,46.1238],[-122.98942,46.12329],[-122.98715,46.1217],[-122.98079,46.11727],[-122.97951,46.11637],[-122.97592,46.11386],[-122.97217,46.11125],[-122.96875,46.10884],[-122.9668,46.10747],[-122.96451,46.10585],[-122.96321,46.1051],[-122.96268,46.10482],[-122.96254,46.10476],[-122.96212,46.10461],[-122.96198,46.10455],[-122.96192,46.10453],[-122.96182,46.1045],[-122.96175,46.10448],[-122.96162,46.10443],[-122.93962,46.09661],[-122.93959,46.0966],[-122.93739,46.09581],[-122.93545,46.09512],[-122.93042,46.09333],[-122.92973,46.09308],[-122.92905,46.09283],[-122.92722,46.09217],[-122.92174,46.09017],[-122.91764,46.08867],[-122.91444,46.0875],[-122.90412,46.08373],[-122.90358,46.08309],[-122.90296,46.08234],[-122.9016,46.08071],[-122.89404,46.07165],[-122.89152,46.06863],[-122.88627,46.06234],[-122.88629,46.06233],[-122.88634,46.06233],[-122.88636,46.06233],[-122.88601,46.06195],[-122.88448,46.06028],[-122.88346,46.05567],[-122.88325,46.05469],[-122.88315,46.05425],[-122.88307,46.05391],[-122.88284,46.05284],[-122.88261,46.05181],[-122.8826,46.05175],[-122.88239,46.05078],[-122.88217,46.04982],[-122.88154,46.04693],[-122.88133,46.04597],[-122.88078,46.04347],[-122.88066,46.04294],[-122.88023,46.04097],[-122.87865,46.03383],[-122.87809,46.03128],[-122.87767,46.03103],[-122.87738,46.03085],[-122.87651,46.03033],[-122.87622,46.03015],[-122.87183,46.02671],[-122.86882,46.02436],[-122.86675,46.02274],[-122.86423,46.02077],[-122.86053,46.01787],[-122.85859,46.01636],[-122.85845,46.01625],[-122.85634,46.01461],[-122.85616,46.01447],[-122.85615,46.01445],[-122.85579,46.01381],[-122.85568,46.0136],[-122.85447,46.01141],[-122.85326,46.00922],[-122.85224,46.00739],[-122.85028,46.00384],[-122.84807,45.99984],[-122.84198,45.98875],[-122.83857,45.98253],[-122.83778,45.98107],[-122.83764,45.98082],[-122.83406,45.97781],[-122.83384,45.97763],[-122.83343,45.97728],[-122.83311,45.97701],[-122.83279,45.97675],[-122.814,45.96098],[-122.81222,45.95446],[-122.81221,45.95444],[-122.8122,45.9544],[-122.81219,45.95438],[-122.81184,45.95309],[-122.80619,45.93242],[-122.81122,45.91386],[-122.8115,45.91272],[-122.81006,45.90967],[-122.80889,45.90718],[-122.8086,45.90657],[-122.80835,45.90604],[-122.80693,45.90304],[-122.80566,45.90036],[-122.80563,45.90029],[-122.80433,45.89753],[-122.80295,45.89461],[-122.80186,45.89232],[-122.80157,45.8917],[-122.80108,45.89067],[-122.8006,45.88964],[-122.80048,45.88939],[-122.79908,45.88643],[-122.79893,45.88611],[-122.79809,45.88433],[-122.7968,45.88272],[-122.79675,45.88266],[-122.79527,45.88081],[-122.79462,45.88],[-122.79392,45.87912],[-122.79149,45.87639],[-122.78496,45.86817],[-122.78512,45.86435],[-122.78529,45.85833],[-122.7853,45.8581],[-122.78552,45.85054],[-122.78554,45.84979],[-122.78556,45.84905],[-122.7857,45.84422],[-122.78629,45.84311],[-122.79596,45.82502],[-122.79591,45.82279],[-122.79573,45.81522],[-122.79561,45.81],[-122.79518,45.80952],[-122.78832,45.80178],[-122.78351,45.79635],[-122.78064,45.79312],[-122.77962,45.79196],[-122.77898,45.79125],[-122.77782,45.78994],[-122.77244,45.78386],[-122.77065,45.78184],[-122.77026,45.7814],[-122.76953,45.78058],[-122.7693,45.77998],[-122.7691,45.77943],[-122.76717,45.7743],[-122.76697,45.77375],[-122.764,45.76585],[-122.76145,45.75916],[-122.7613,45.75657],[-122.76096,45.75051],[-122.76096,45.75038],[-122.76093,45.74997],[-122.76093,45.74984],[-122.76076,45.74676],[-122.76028,45.73753],[-122.76011,45.73445],[-122.76011,45.73441],[-122.7606,45.7332],[-122.76211,45.72948],[-122.76243,45.72869],[-122.76244,45.72866],[-122.76261,45.72824],[-122.76924,45.70909],[-122.76975,45.70762],[-122.77251,45.69964],[-122.77256,45.69914],[-122.77268,45.698],[-122.77303,45.69462],[-122.77411,45.68425],[-122.77451,45.68044],[-122.76381,45.65714],[-122.76241,45.65644],[-122.76232,45.65639],[-122.76091,45.65567],[-122.7595,45.65496],[-122.75052,45.6504],[-122.74451,45.64734],[-122.74355,45.64686],[-122.73811,45.64414],[-122.73754,45.64399],[-122.73014,45.64199],[-122.71331,45.63744],[-122.70274,45.63142],[-122.69218,45.62541],[-122.69172,45.62514],[-122.69169,45.62513],[-122.69138,45.62495],[-122.69125,45.62488],[-122.69118,45.62484],[-122.69112,45.6248],[-122.69101,45.62474],[-122.691,45.62473],[-122.69042,45.62449],[-122.68821,45.62356],[-122.6828,45.62113],[-122.68022,45.62022],[-122.67848,45.61949],[-122.67533,45.61816],[-122.6751,45.61807],[-122.67504,45.61804],[-122.675,45.61803],[-122.67483,45.61798],[-122.6663,45.61572],[-122.64391,45.60974],[-122.64324,45.60971],[-122.63496,45.60934],[-122.61857,45.60862],[-122.60771,45.60814],[-122.60261,45.60764],[-122.60211,45.60744],[-122.59708,45.60657],[-122.59691,45.60654],[-122.58892,45.60522],[-122.58601,45.60474],[-122.58313,45.60424],[-122.58233,45.6041],[-122.58225,45.60409],[-122.58141,45.60394],[-122.561,45.59944],[-122.55332,45.5979],[-122.55128,45.59744],[-122.55033,45.59727],[-122.55022,45.59725],[-122.55018,45.59724],[-122.54995,45.59718],[-122.54972,45.59713],[-122.54945,45.59706],[-122.54908,45.59698],[-122.54784,45.59669],[-122.54596,45.59621],[-122.54588,45.59619],[-122.54579,45.59616],[-122.54434,45.59574],[-122.53986,45.59442],[-122.52367,45.58963],[-122.50533,45.58603],[-122.50434,45.58582],[-122.50421,45.5858],[-122.50309,45.58556],[-122.49955,45.58482],[-122.49601,45.58407],[-122.49511,45.58388],[-122.49421,45.58369],[-122.49226,45.58328],[-122.4919,45.58318],[-122.48993,45.58265],[-122.48688,45.58182],[-122.48348,45.58088],[-122.48139,45.58031],[-122.47931,45.57976],[-122.47577,45.57868],[-122.47506,45.57846],[-122.47498,45.57843],[-122.47466,45.5783],[-122.47349,45.57771],[-122.47234,45.57715],[-122.47185,45.5769],[-122.47095,45.57642],[-122.47087,45.57638],[-122.46792,45.57482],[-122.46394,45.57274],[-122.45956,45.57042],[-122.45599,45.56848],[-122.45554,45.56824],[-122.45543,45.56818],[-122.45524,45.56807],[-122.45517,45.56803],[-122.45482,45.56784],[-122.4546,45.56772],[-122.45404,45.56741],[-122.45389,45.56731],[-122.44238,45.56449],[-122.44132,45.56423],[-122.44106,45.56417],[-122.43941,45.56377],[-122.43895,45.56365],[-122.43867,45.56358],[-122.4386,45.5636],[-122.43856,45.5636],[-122.43468,45.56419],[-122.41835,45.56666],[-122.41816,45.56651],[-122.41773,45.56658],[-122.41693,45.5667],[-122.41071,45.56763],[-122.40879,45.56832],[-122.405,45.56968],[-122.4012,45.57104],[-122.39706,45.57257],[-122.39652,45.57276],[-122.39598,45.57296],[-122.39531,45.57321],[-122.39464,45.57346],[-122.39387,45.57375],[-122.3918,45.57454],[-122.38372,45.57552],[-122.38344,45.57556],[-122.3803,45.57594],[-122.37223,45.57391],[-122.3528,45.56944],[-122.35171,45.56836],[-122.35062,45.56727],[-122.34916,45.56581],[-122.34769,45.56435],[-122.34475,45.56143],[-122.34313,45.55981],[-122.34181,45.5585],[-122.34104,45.55774],[-122.34088,45.55758],[-122.34072,45.55741],[-122.33907,45.55577],[-122.33742,45.55413],[-122.33662,45.55333],[-122.33581,45.55253],[-122.3315,45.54824],[-122.32404,45.54726],[-122.32303,45.54712],[-122.32202,45.54699],[-122.31636,45.54625],[-122.31069,45.5455],[-122.30365,45.54457],[-122.2966,45.54364],[-122.2949,45.54354],[-122.29482,45.54354],[-122.2667,45.54384],[-122.26262,45.54432],[-122.25953,45.5451],[-122.25426,45.54642],[-122.24899,45.54775],[-122.24922,45.54865],[-122.24895,45.54872],[-122.24135,45.55074],[-122.2286,45.55526],[-122.20787,45.5626],[-122.20645,45.56311],[-122.20503,45.56361],[-122.20341,45.56418],[-122.20079,45.56511],[-122.19804,45.5669],[-122.19752,45.56724],[-122.18811,45.57337],[-122.18286,45.57678],[-122.17737,45.57774],[-122.16692,45.57958],[-122.16681,45.57959],[-122.14638,45.58317],[-122.14161,45.584],[-122.12731,45.58271],[-122.1262,45.5826],[-122.12494,45.58249],[-122.11802,45.58186],[-122.11616,45.58169],[-122.11232,45.58134],[-122.10506,45.5826],[-122.10278,45.58299],[-122.10175,45.58317],[-122.09995,45.584],[-122.08439,45.59114],[-122.07964,45.59332],[-122.06335,45.6008],[-122.04915,45.60731],[-122.0443,45.60954],[-122.04393,45.60963],[-122.04326,45.60978],[-122.04022,45.61046],[-122.02282,45.61438],[-122.0223,45.6145],[-122.02107,45.61478],[-122.02105,45.61478],[-122.00402,45.61592],[-122.00369,45.61593],[-122.00366,45.61594],[-122.00357,45.61595],[-122.00355,45.61595],[-122.00204,45.61646],[-122.00199,45.61648],[-122.00168,45.61658],[-122.001,45.61681],[-121.99692,45.61819],[-121.9923,45.61975],[-121.98301,45.62289],[-121.97925,45.62478],[-121.9792,45.6248],[-121.97918,45.62481],[-121.97915,45.62482],[-121.97901,45.62489],[-121.97678,45.62601],[-121.96668,45.63109],[-121.96589,45.63148],[-121.96585,45.6315],[-121.96308,45.63289],[-121.96124,45.63558],[-121.9576,45.64091],[-121.95684,45.64204],[-121.95677,45.64213],[-121.95675,45.64215],[-121.95578,45.64359],[-121.9549,45.64385],[-121.9536,45.64425],[-121.95178,45.64481],[-121.95171,45.64483],[-121.95169,45.64484],[-121.94491,45.64438],[-121.941,45.64432],[-121.94092,45.64432],[-121.94079,45.64432],[-121.94073,45.64431],[-121.94044,45.64431],[-121.93808,45.64428],[-121.93499,45.64423],[-121.93186,45.64543],[-121.92885,45.64659],[-121.92878,45.64661],[-121.92554,45.64786],[-121.92224,45.64913],[-121.92203,45.64921],[-121.92155,45.64939],[-121.92014,45.64993],[-121.91434,45.65217],[-121.91335,45.65255],[-121.91224,45.65298],[-121.90813,45.65456],[-121.90811,45.65458],[-121.90651,45.6562],[-121.90443,45.65831],[-121.90077,45.66202],[-121.90068,45.66228],[-121.90067,45.66232],[-121.90059,45.66255],[-121.90069,45.66323],[-121.90103,45.66564],[-121.90174,45.67067],[-121.89704,45.67375],[-121.87804,45.68618],[-121.87795,45.68624],[-121.8779,45.68628],[-121.87603,45.68749],[-121.87568,45.68772],[-121.8671,45.69334],[-121.86702,45.69339],[-121.85822,45.69549],[-121.85605,45.69601],[-121.83811,45.70029],[-121.83594,45.70081],[-121.83493,45.70105],[-121.82308,45.70388],[-121.81496,45.70581],[-121.8112,45.70671],[-121.81118,45.70671],[-121.7937,45.7038],[-121.79349,45.70376],[-121.78427,45.70222],[-121.77342,45.70041],[-121.75218,45.69686],[-121.74612,45.69585],[-121.73507,45.694],[-121.73175,45.6941],[-121.72444,45.69432],[-121.71966,45.69447],[-121.71909,45.69448],[-121.71171,45.6947],[-121.71037,45.69474],[-121.70787,45.69482],[-121.70729,45.69484],[-121.69088,45.69918],[-121.67597,45.70312],[-121.67064,45.70452],[-121.66841,45.70511],[-121.64977,45.7049],[-121.63812,45.70477],[-121.63132,45.7047],[-121.63052,45.70488],[-121.62871,45.70528],[-121.62573,45.70594],[-121.62374,45.70638],[-121.61956,45.70731],[-121.60933,45.70958],[-121.60447,45.71066],[-121.60443,45.71067],[-121.58968,45.71394],[-121.58959,45.71396],[-121.5694,45.71843],[-121.56272,45.71991],[-121.54857,45.72304],[-121.54242,45.72441],[-121.53459,45.72614],[-121.53424,45.72622],[-121.53413,45.72624],[-121.5338,45.72631],[-121.53363,45.72635],[-121.53293,45.7265],[-121.53198,45.72634],[-121.53113,45.7262],[-121.52907,45.72584],[-121.52792,45.72565],[-121.52543,45.72523],[-121.52368,45.72493],[-121.52236,45.72471],[-121.52059,45.7244],[-121.52057,45.7244],[-121.51296,45.72311],[-121.51196,45.72294],[-121.51109,45.72279],[-121.50964,45.72254],[-121.50936,45.72249],[-121.50909,45.72245],[-121.50727,45.72214],[-121.4991,45.72075],[-121.49469,45.71845],[-121.49312,45.71763],[-121.48684,45.71425],[-121.48367,45.71254],[-121.48161,45.71138],[-121.48149,45.71132],[-121.46707,45.70359],[-121.46279,45.70128],[-121.45788,45.70037],[-121.44499,45.69798],[-121.44403,45.6978],[-121.44123,45.69728]]]},"bbox":[-124.70354,41.99208,-116.46326,46.2991],"properties":{"divisionId":"state:41","divisionType":"state","name":"Oregon","label":"Oregon","labelPoint":[-120.6229578,43.9717125],"state":"OR","sourceFeatureId":"41","landAreaSqKm":247715.271,"cameraViewshedAreaSqKm":22121.026,"cameraViewshedCoveragePct":8.93,"landMix":[{"label":"Tribal reservation/trust area","percentage":1.48,"areaSqKm":3657.916},{"label":"Tribal fee land","percentage":0.0,"areaSqKm":2.776},{"label":"National Park Service land","percentage":0.3,"areaSqKm":739.366},{"label":"U.S. Forest Service land","percentage":25.49,"areaSqKm":63149.654},{"label":"Other federal land","percentage":26.39,"areaSqKm":65371.113},{"label":"State land","percentage":2.69,"areaSqKm":6660.238},{"label":"Local government land","percentage":0.15,"areaSqKm":383.868},{"label":"Nonprofit open space","percentage":0.18,"areaSqKm":436.748},{"label":"Mapped private open space","percentage":0.04,"areaSqKm":89.826},{"label":"Other/unclassified","percentage":43.28,"areaSqKm":107223.767}]}},{"type":"Feature","id":"state:53","geometry":{"type":"Polygon","coordinates":[[[-118.40382,46.00077],[-118.40506,46.00076],[-118.40627,46.00075],[-118.40718,46.00076],[-118.40802,46.00075],[-118.40858,46.00076],[-118.40949,46.00074],[-118.41128,46.00075],[-118.41164,46.00075],[-118.41259,46.00075],[-118.41467,46.00076],[-118.41527,46.00075],[-118.41533,46.00076],[-118.42327,46.00077],[-118.42403,46.00076],[-118.42769,46.00078],[-118.43155,46.00078],[-118.43173,46.00078],[-118.43351,46.00077],[-118.4342,46.00078],[-118.43552,46.00082],[-118.4356,46.00082],[-118.43763,46.00082],[-118.43902,46.00083],[-118.43982,46.00082],[-118.43998,46.00082],[-118.44092,46.0008],[-118.44164,46.00081],[-118.44189,46.00081],[-118.44308,46.00081],[-118.44604,46.00083],[-118.44836,46.00084],[-118.44982,46.00086],[-118.45141,46.00087],[-118.45391,46.0009],[-118.45495,46.00089],[-118.45602,46.00088],[-118.45658,46.00088],[-118.45689,46.00089],[-118.45698,46.00089],[-118.4573,46.00089],[-118.45783,46.00089],[-118.45821,46.00088],[-118.45864,46.00088],[-118.45968,46.0009],[-118.45982,46.00091],[-118.46078,46.00091],[-118.46177,46.00091],[-118.46228,46.00092],[-118.46447,46.00092],[-118.46454,46.00092],[-118.4665,46.00093],[-118.46669,46.00093],[-118.46787,46.00094],[-118.46884,46.00095],[-118.46937,46.00095],[-118.47069,46.00096],[-118.47246,46.00096],[-118.47255,46.00096],[-118.47484,46.00096],[-118.47923,46.00095],[-118.48149,46.00094],[-118.48251,46.00095],[-118.48399,46.00095],[-118.48423,46.00095],[-118.48452,46.00095],[-118.48771,46.00094],[-118.48933,46.00094],[-118.49276,46.00092],[-118.49296,46.00093],[-118.49405,46.00093],[-118.49704,46.00093],[-118.4979,46.00095],[-118.50024,46.00101],[-118.50273,46.00099],[-118.50547,46.00096],[-118.50876,46.00096],[-118.50888,46.00096],[-118.50939,46.00098],[-118.51162,46.00097],[-118.51288,46.00096],[-118.513,46.00096],[-118.5132,46.00095],[-118.51751,46.00098],[-118.52317,46.00096],[-118.53252,46.00099],[-118.53337,46.00101],[-118.53349,46.00101],[-118.53381,46.00101],[-118.53384,46.00101],[-118.53464,46.00099],[-118.53732,46.00104],[-118.53771,46.00102],[-118.53976,46.00103],[-118.54394,46.00106],[-118.5444,46.00106],[-118.55433,46.00113],[-118.55472,46.00114],[-118.5549,46.00114],[-118.55523,46.00113],[-118.55906,46.0011],[-118.55915,46.0011],[-118.56149,46.00108],[-118.5621,46.00108],[-118.56236,46.00107],[-118.56346,46.00107],[-118.56909,46.00102],[-118.56951,46.00102],[-118.57122,46.001],[-118.57382,46.00098],[-118.57407,46.00098],[-118.57558,46.00097],[-118.57563,46.00097],[-118.57571,46.00097],[-118.57795,46.00097],[-118.57882,46.001],[-118.57935,46.00102],[-118.57988,46.00104],[-118.58009,46.00105],[-118.58032,46.00105],[-118.58145,46.00101],[-118.58313,46.00095],[-118.58395,46.00092],[-118.58471,46.00091],[-118.58563,46.00091],[-118.58815,46.00093],[-118.58912,46.00094],[-118.59006,46.00094],[-118.59062,46.00094],[-118.59997,46.00098],[-118.60101,46.001],[-118.60249,46.00098],[-118.60388,46.001],[-118.60679,46.00102],[-118.60686,46.00102],[-118.6102,46.00104],[-118.611,46.00104],[-118.6114,46.00104],[-118.61261,46.00105],[-118.61276,46.00105],[-118.61301,46.00105],[-118.61599,46.00104],[-118.61737,46.00105],[-118.61807,46.00104],[-118.61917,46.00103],[-118.61998,46.00104],[-118.6223,46.00105],[-118.62441,46.00104],[-118.63108,46.00105],[-118.63199,46.00105],[-118.63485,46.00104],[-118.63761,46.00103],[-118.63764,46.00103],[-118.63773,46.00103],[-118.63777,46.00103],[-118.63922,46.00103],[-118.64242,46.00103],[-118.6491,46.00104],[-118.65369,46.00105],[-118.6577,46.00105],[-118.6586,46.00096],[-118.6598,46.00099],[-118.66266,46.00098],[-118.66348,46.00097],[-118.66455,46.00098],[-118.66526,46.00099],[-118.66535,46.00099],[-118.66606,46.00099],[-118.66669,46.00097],[-118.66671,46.00097],[-118.66781,46.00099],[-118.66836,46.00099],[-118.66888,46.00098],[-118.66953,46.00098],[-118.6713,46.00097],[-118.67142,46.00097],[-118.67167,46.00097],[-118.67513,46.00097],[-118.6766,46.00098],[-118.6779,46.00096],[-118.67883,46.00107],[-118.68355,46.00107],[-118.68635,46.00107],[-118.68829,46.00107],[-118.68878,46.00107],[-118.70049,46.00107],[-118.70313,46.00108],[-118.70364,46.00108],[-118.70657,46.00109],[-118.71995,46.00115],[-118.72093,46.00115],[-118.72116,46.00116],[-118.72236,46.00116],[-118.72524,46.00116],[-118.73267,46.00114],[-118.73407,46.00114],[-118.74457,46.00112],[-118.74582,46.00111],[-118.7619,46.00108],[-118.76211,46.00108],[-118.76241,46.00108],[-118.76308,46.00108],[-118.76565,46.00108],[-118.76751,46.00108],[-118.76842,46.00108],[-118.77295,46.0011],[-118.77334,46.00109],[-118.77373,46.0011],[-118.77583,46.0011],[-118.78379,46.00102],[-118.78419,46.00102],[-118.78482,46.00101],[-118.78529,46.00101],[-118.78751,46.00099],[-118.78771,46.00099],[-118.78811,46.00099],[-118.78838,46.00098],[-118.7887,46.00098],[-118.78898,46.00098],[-118.78942,46.00098],[-118.79005,46.00097],[-118.81208,46.00084],[-118.8179,46.0008],[-118.82531,46.00079],[-118.82794,46.00078],[-118.83811,46.00076],[-118.83831,46.00076],[-118.84349,46.00074],[-118.84611,46.00074],[-118.84871,46.00073],[-118.84881,46.00073],[-118.85263,46.00072],[-118.86077,46.0007],[-118.86741,46.00068],[-118.86813,46.00068],[-118.86948,46.00068],[-118.8889,46.00069],[-118.89041,46.00063],[-118.89107,46.00063],[-118.89148,46.00063],[-118.89209,46.00063],[-118.89279,46.00063],[-118.89334,46.00063],[-118.89438,46.00063],[-118.8987,46.00062],[-118.90982,46.00062],[-118.91118,46.00058],[-118.91748,46.00057],[-118.91915,46.00057],[-118.9214,46.00056],[-118.92518,46.00056],[-118.92898,46.00055],[-118.92978,46.00055],[-118.93044,46.00055],[-118.93215,46.00053],[-118.93423,46.00052],[-118.94529,46.00049],[-118.94794,46.00049],[-118.94842,46.00049],[-118.95373,46.00047],[-118.95384,46.00047],[-118.95543,46.00047],[-118.97184,46.00042],[-118.97482,46.00042],[-118.97606,46.00042],[-118.97629,46.00042],[-118.97634,46.00041],[-118.97651,46.0004],[-118.97778,46.00034],[-118.97883,46.00028],[-118.97905,46.00027],[-118.98152,46.00014],[-118.98712,45.99986],[-118.98714,45.99986],[-118.98726,45.99985],[-118.98966,45.99754],[-118.99216,45.99513],[-118.99249,45.99481],[-118.99523,45.99217],[-118.99658,45.99087],[-118.99729,45.99018],[-118.99832,45.98921],[-118.99857,45.98897],[-119.00111,45.98654],[-119.0049,45.98284],[-119.00865,45.97922],[-119.02528,45.97017],[-119.02721,45.96911],[-119.0402,45.96511],[-119.04162,45.96467],[-119.05801,45.95962],[-119.0615,45.95854],[-119.07703,45.95082],[-119.07848,45.95009],[-119.09304,45.94285],[-119.09329,45.94272],[-119.09929,45.94091],[-119.11358,45.93662],[-119.1261,45.93285],[-119.12612,45.93284],[-119.12632,45.93278],[-119.13504,45.93175],[-119.14139,45.931],[-119.14155,45.93098],[-119.14401,45.93069],[-119.16919,45.9277],[-119.18322,45.92781],[-119.19552,45.9279],[-119.20148,45.92887],[-119.20187,45.92893],[-119.20401,45.92928],[-119.20434,45.92933],[-119.2093,45.93014],[-119.20942,45.93016],[-119.21786,45.93153],[-119.22548,45.93277],[-119.22563,45.9328],[-119.23495,45.93489],[-119.23533,45.93498],[-119.24131,45.93633],[-119.24624,45.93743],[-119.2463,45.93745],[-119.24656,45.9375],[-119.25113,45.93853],[-119.25707,45.93987],[-119.25804,45.93978],[-119.26071,45.93956],[-119.2628,45.93938],[-119.26294,45.93937],[-119.26578,45.93913],[-119.27754,45.93813],[-119.27819,45.93808],[-119.28606,45.93742],[-119.28785,45.93721],[-119.29537,45.93631],[-119.29776,45.93602],[-119.2981,45.93599],[-119.29887,45.9359],[-119.3019,45.93554],[-119.3128,45.93424],[-119.31518,45.93394],[-119.31613,45.93384],[-119.32257,45.93307],[-119.32462,45.9326],[-119.32472,45.93257],[-119.32789,45.93184],[-119.32838,45.93173],[-119.32845,45.93171],[-119.32871,45.93165],[-119.32885,45.93162],[-119.32899,45.93159],[-119.33244,45.93079],[-119.33352,45.93048],[-119.34709,45.92657],[-119.34806,45.92629],[-119.3509,45.92547],[-119.35143,45.92531],[-119.35696,45.92372],[-119.36076,45.92263],[-119.36207,45.92225],[-119.3645,45.92155],[-119.36836,45.92136],[-119.3722,45.92118],[-119.37375,45.9211],[-119.37613,45.92099],[-119.43203,45.91828],[-119.43215,45.91827],[-119.43738,45.91802],[-119.4504,45.91738],[-119.45201,45.91691],[-119.45626,45.91567],[-119.48808,45.90636],[-119.50113,45.90715],[-119.50447,45.90736],[-119.51143,45.90778],[-119.52452,45.90857],[-119.52456,45.90859],[-119.52462,45.9086],[-119.52726,45.90955],[-119.52898,45.91017],[-119.5364,45.91284],[-119.53695,45.91303],[-119.54787,45.91695],[-119.5716,45.92548],[-119.58261,45.92322],[-119.58508,45.92272],[-119.59642,45.92039],[-119.60054,45.91955],[-119.60066,45.91951],[-119.60348,45.91781],[-119.60575,45.91644],[-119.60965,45.91408],[-119.62205,45.90656],[-119.62363,45.9056],[-119.62429,45.90491],[-119.62586,45.90326],[-119.62614,45.90297],[-119.62723,45.90183],[-119.6529,45.87485],[-119.66364,45.86356],[-119.66965,45.85725],[-119.66997,45.85691],[-119.67235,45.85665],[-119.67377,45.8565],[-119.69325,45.85439],[-119.69397,45.85431],[-119.69782,45.85389],[-119.71857,45.85164],[-119.72994,45.8504],[-119.73248,45.85013],[-119.75669,45.84749],[-119.77285,45.84573],[-119.77388,45.84582],[-119.7846,45.84648],[-119.80271,45.84763],[-119.80568,45.84716],[-119.82643,45.84384],[-119.84717,45.84053],[-119.84934,45.84018],[-119.86746,45.83638],[-119.86813,45.83625],[-119.86831,45.8362],[-119.86878,45.8361],[-119.87353,45.83512],[-119.88859,45.83202],[-119.90724,45.82818],[-119.90892,45.82807],[-119.90893,45.82807],[-119.90906,45.82806],[-119.93065,45.82666],[-119.95171,45.82529],[-119.96577,45.82438],[-119.97153,45.82235],[-119.97518,45.82107],[-119.97643,45.82063],[-119.99419,45.81439],[-119.9995,45.81252],[-120.00115,45.81194],[-120.01254,45.80793],[-120.01358,45.80756],[-120.01484,45.80712],[-120.03276,45.80002],[-120.04916,45.79352],[-120.05343,45.79182],[-120.05513,45.79115],[-120.05522,45.79111],[-120.07024,45.78516],[-120.07792,45.78387],[-120.09676,45.78071],[-120.09906,45.78032],[-120.12359,45.77623],[-120.12615,45.7758],[-120.12921,45.77527],[-120.13801,45.77379],[-120.13824,45.77375],[-120.14148,45.77321],[-120.15907,45.76643],[-120.16179,45.76538],[-120.1706,45.76198],[-120.17997,45.75358],[-120.18415,45.74982],[-120.1908,45.74385],[-120.19105,45.74363],[-120.19112,45.74357],[-120.19171,45.74303],[-120.19211,45.74268],[-120.19229,45.74252],[-120.19243,45.7424],[-120.19262,45.74222],[-120.19881,45.73666],[-120.1989,45.73658],[-120.19907,45.73643],[-120.19915,45.73636],[-120.20059,45.73506],[-120.20204,45.73376],[-120.21077,45.72592],[-120.21155,45.72587],[-120.21157,45.72586],[-120.21646,45.72554],[-120.22271,45.72514],[-120.24323,45.7238],[-120.26385,45.72245],[-120.28343,45.72117],[-120.28463,45.72089],[-120.28761,45.72022],[-120.29461,45.71863],[-120.30531,45.7162],[-120.32256,45.71228],[-120.32614,45.71147],[-120.32633,45.71142],[-120.33465,45.71013],[-120.33498,45.71008],[-120.34697,45.70823],[-120.35344,45.70723],[-120.36191,45.70592],[-120.36699,45.70513],[-120.37616,45.70371],[-120.38842,45.70181],[-120.40365,45.69944],[-120.40935,45.69908],[-120.43038,45.69775],[-120.44898,45.69656],[-120.4531,45.6963],[-120.46079,45.6958],[-120.46994,45.69522],[-120.48261,45.69441],[-120.49044,45.69628],[-120.50116,45.69885],[-120.50574,45.69995],[-120.5114,45.70339],[-120.51877,45.70787],[-120.52273,45.71029],[-120.53195,45.71736],[-120.53871,45.72254],[-120.55267,45.73325],[-120.55329,45.73372],[-120.55747,45.73692],[-120.55929,45.73831],[-120.57392,45.74208],[-120.59114,45.74651],[-120.59493,45.74648],[-120.62289,45.74623],[-120.63505,45.74571],[-120.63613,45.74521],[-120.6535,45.73718],[-120.65732,45.73541],[-120.66928,45.72988],[-120.67058,45.72897],[-120.67861,45.72336],[-120.6794,45.72281],[-120.68954,45.71573],[-120.69226,45.71497],[-120.69292,45.71479],[-120.69958,45.71294],[-120.70414,45.71167],[-120.70918,45.71036],[-120.71986,45.70759],[-120.72131,45.70722],[-120.72863,45.70532],[-120.74066,45.70153],[-120.76105,45.6951],[-120.76687,45.69327],[-120.78154,45.68864],[-120.78857,45.68642],[-120.80241,45.68339],[-120.82082,45.67934],[-120.82323,45.67881],[-120.83617,45.67596],[-120.84385,45.67428],[-120.85541,45.67173],[-120.85567,45.67154],[-120.86483,45.66502],[-120.86494,45.66494],[-120.88479,45.65079],[-120.88567,45.65016],[-120.88573,45.65012],[-120.88669,45.64943],[-120.89582,45.64292],[-120.90642,45.64118],[-120.91361,45.63999],[-120.91585,45.6412],[-120.92663,45.64703],[-120.93368,45.65082],[-120.94402,45.65639],[-120.94814,45.65656],[-120.95312,45.65674],[-120.9689,45.65206],[-120.97305,45.65082],[-120.97782,45.6494],[-120.98153,45.64872],[-120.9816,45.6487],[-120.98349,45.64836],[-120.98553,45.64877],[-120.98981,45.64964],[-120.99301,45.65029],[-120.99692,45.65108],[-121.00118,45.65194],[-121.00737,45.6532],[-121.01019,45.65296],[-121.03079,45.65122],[-121.03382,45.65096],[-121.05134,45.65184],[-121.05159,45.65185],[-121.06446,45.65249],[-121.07097,45.65104],[-121.07138,45.65095],[-121.07694,45.6497],[-121.08486,45.64793],[-121.08491,45.6479],[-121.08493,45.64789],[-121.08668,45.64667],[-121.09602,45.6401],[-121.09743,45.63911],[-121.10162,45.63616],[-121.10207,45.63584],[-121.10421,45.63434],[-121.10698,45.6324],[-121.10742,45.63208],[-121.11006,45.63023],[-121.11205,45.62883],[-121.11217,45.62875],[-121.11395,45.6275],[-121.11476,45.62693],[-121.11567,45.62628],[-121.11647,45.62572],[-121.11863,45.62421],[-121.12011,45.62317],[-121.11926,45.62172],[-121.11878,45.62092],[-121.11863,45.62065],[-121.11861,45.62063],[-121.11839,45.62025],[-121.11827,45.62005],[-121.11718,45.6182],[-121.12016,45.61699],[-121.12111,45.6166],[-121.12199,45.61624],[-121.12241,45.61607],[-121.1237,45.61521],[-121.12387,45.61509],[-121.12412,45.61493],[-121.12464,45.61457],[-121.12773,45.6125],[-121.12922,45.61151],[-121.13151,45.60996],[-121.13183,45.60975],[-121.13596,45.61101],[-121.13939,45.61204],[-121.14057,45.61126],[-121.14216,45.61021],[-121.14558,45.60794],[-121.15655,45.60703],[-121.16536,45.6063],[-121.16785,45.6061],[-121.169,45.60612],[-121.17048,45.60615],[-121.17409,45.60623],[-121.17718,45.6063],[-121.17943,45.60635],[-121.18368,45.60645],[-121.19365,45.61434],[-121.19441,45.61496],[-121.19505,45.61547],[-121.19646,45.61661],[-121.19606,45.62065],[-121.19591,45.62215],[-121.19545,45.62681],[-121.19538,45.62753],[-121.19518,45.62956],[-121.19658,45.63506],[-121.19698,45.63662],[-121.19986,45.64793],[-121.20035,45.64984],[-121.20135,45.65123],[-121.20139,45.65128],[-121.2048,45.65601],[-121.21189,45.66585],[-121.21577,45.67123],[-121.2181,45.67169],[-121.21824,45.67172],[-121.23954,45.6759],[-121.24896,45.67776],[-121.25886,45.68011],[-121.26352,45.68122],[-121.28027,45.6852],[-121.2873,45.68687],[-121.29453,45.69062],[-121.30071,45.69383],[-121.30472,45.69591],[-121.3123,45.69984],[-121.32143,45.70164],[-121.33771,45.70484],[-121.34184,45.70463],[-121.35126,45.70414],[-121.3626,45.70355],[-121.36547,45.7034],[-121.37257,45.70303],[-121.38238,45.69962],[-121.38345,45.69925],[-121.38354,45.69922],[-121.40174,45.69289],[-121.40373,45.693],[-121.42396,45.69407],[-121.42442,45.69416],[-121.44123,45.69728],[-121.44403,45.6978],[-121.44499,45.69798],[-121.45788,45.70037],[-121.46279,45.70128],[-121.46707,45.70359],[-121.48149,45.71132],[-121.48161,45.71138],[-121.48367,45.71254],[-121.48684,45.71425],[-121.49312,45.71763],[-121.49469,45.71845],[-121.4991,45.72075],[-121.50727,45.72214],[-121.50909,45.72245],[-121.50936,45.72249],[-121.50964,45.72254],[-121.51109,45.72279],[-121.51196,45.72294],[-121.51296,45.72311],[-121.52057,45.7244],[-121.52059,45.7244],[-121.52236,45.72471],[-121.52368,45.72493],[-121.52543,45.72523],[-121.52792,45.72565],[-121.52907,45.72584],[-121.53113,45.7262],[-121.53198,45.72634],[-121.53293,45.7265],[-121.53363,45.72635],[-121.5338,45.72631],[-121.53413,45.72624],[-121.53424,45.72622],[-121.53459,45.72614],[-121.54242,45.72441],[-121.54857,45.72304],[-121.56272,45.71991],[-121.5694,45.71843],[-121.58959,45.71396],[-121.58968,45.71394],[-121.60443,45.71067],[-121.60447,45.71066],[-121.60933,45.70958],[-121.61956,45.70731],[-121.62374,45.70638],[-121.62573,45.70594],[-121.62871,45.70528],[-121.63052,45.70488],[-121.63132,45.7047],[-121.63812,45.70477],[-121.64977,45.7049],[-121.66841,45.70511],[-121.67064,45.70452],[-121.67597,45.70312],[-121.69088,45.69918],[-121.70729,45.69484],[-121.70787,45.69482],[-121.71037,45.69474],[-121.71171,45.6947],[-121.71909,45.69448],[-121.71966,45.69447],[-121.72444,45.69432],[-121.73175,45.6941],[-121.73507,45.694],[-121.74612,45.69585],[-121.75218,45.69686],[-121.77342,45.70041],[-121.78427,45.70222],[-121.79349,45.70376],[-121.7937,45.7038],[-121.81118,45.70671],[-121.8112,45.70671],[-121.81496,45.70581],[-121.82308,45.70388],[-121.83493,45.70105],[-121.83594,45.70081],[-121.83811,45.70029],[-121.85605,45.69601],[-121.85822,45.69549],[-121.86702,45.69339],[-121.8671,45.69334],[-121.87568,45.68772],[-121.87603,45.68749],[-121.8779,45.68628],[-121.87795,45.68624],[-121.87804,45.68618],[-121.89704,45.67375],[-121.90174,45.67067],[-121.90103,45.66564],[-121.90069,45.66323],[-121.90059,45.66255],[-121.90067,45.66232],[-121.90068,45.66228],[-121.90077,45.66202],[-121.90443,45.65831],[-121.90651,45.6562],[-121.90811,45.65458],[-121.90813,45.65456],[-121.91224,45.65298],[-121.91335,45.65255],[-121.91434,45.65217],[-121.92014,45.64993],[-121.92155,45.64939],[-121.92203,45.64921],[-121.92224,45.64913],[-121.92554,45.64786],[-121.92878,45.64661],[-121.92885,45.64659],[-121.93186,45.64543],[-121.93499,45.64423],[-121.93808,45.64428],[-121.94044,45.64431],[-121.94073,45.64431],[-121.94079,45.64432],[-121.94092,45.64432],[-121.941,45.64432],[-121.94491,45.64438],[-121.95169,45.64484],[-121.95171,45.64483],[-121.95178,45.64481],[-121.9536,45.64425],[-121.9549,45.64385],[-121.95578,45.64359],[-121.95675,45.64215],[-121.95677,45.64213],[-121.95684,45.64204],[-121.9576,45.64091],[-121.96124,45.63558],[-121.96308,45.63289],[-121.96585,45.6315],[-121.96589,45.63148],[-121.96668,45.63109],[-121.97678,45.62601],[-121.97901,45.62489],[-121.97915,45.62482],[-121.97918,45.62481],[-121.9792,45.6248],[-121.97925,45.62478],[-121.98301,45.62289],[-121.9923,45.61975],[-121.99692,45.61819],[-122.001,45.61681],[-122.00168,45.61658],[-122.00199,45.61648],[-122.00204,45.61646],[-122.00355,45.61595],[-122.00357,45.61595],[-122.00366,45.61594],[-122.00369,45.61593],[-122.00402,45.61592],[-122.02105,45.61478],[-122.02107,45.61478],[-122.0223,45.6145],[-122.02282,45.61438],[-122.04022,45.61046],[-122.04326,45.60978],[-122.04393,45.60963],[-122.0443,45.60954],[-122.04915,45.60731],[-122.06335,45.6008],[-122.07964,45.59332],[-122.08439,45.59114],[-122.09995,45.584],[-122.10175,45.58317],[-122.10278,45.58299],[-122.10506,45.5826],[-122.11232,45.58134],[-122.11616,45.58169],[-122.11802,45.58186],[-122.12494,45.58249],[-122.1262,45.5826],[-122.12731,45.58271],[-122.14161,45.584],[-122.14638,45.58317],[-122.16681,45.57959],[-122.16692,45.57958],[-122.17737,45.57774],[-122.18286,45.57678],[-122.18811,45.57337],[-122.19752,45.56724],[-122.19804,45.5669],[-122.20079,45.56511],[-122.20341,45.56418],[-122.20503,45.56361],[-122.20645,45.56311],[-122.20787,45.5626],[-122.2286,45.55526],[-122.24135,45.55074],[-122.24895,45.54872],[-122.24922,45.54865],[-122.24899,45.54775],[-122.25426,45.54642],[-122.25953,45.5451],[-122.26262,45.54432],[-122.2667,45.54384],[-122.29482,45.54354],[-122.2949,45.54354],[-122.2966,45.54364],[-122.30365,45.54457],[-122.31069,45.5455],[-122.31636,45.54625],[-122.32202,45.54699],[-122.32303,45.54712],[-122.32404,45.54726],[-122.3315,45.54824],[-122.33581,45.55253],[-122.33662,45.55333],[-122.33742,45.55413],[-122.33907,45.55577],[-122.34072,45.55741],[-122.34088,45.55758],[-122.34104,45.55774],[-122.34181,45.5585],[-122.34313,45.55981],[-122.34475,45.56143],[-122.34769,45.56435],[-122.34916,45.56581],[-122.35062,45.56727],[-122.35171,45.56836],[-122.3528,45.56944],[-122.37223,45.57391],[-122.3803,45.57594],[-122.38344,45.57556],[-122.38372,45.57552],[-122.3918,45.57454],[-122.39387,45.57375],[-122.39464,45.57346],[-122.39531,45.57321],[-122.39598,45.57296],[-122.39652,45.57276],[-122.39706,45.57257],[-122.4012,45.57104],[-122.405,45.56968],[-122.40879,45.56832],[-122.41071,45.56763],[-122.41693,45.5667],[-122.41773,45.56658],[-122.41816,45.56651],[-122.41835,45.56666],[-122.43468,45.56419],[-122.43856,45.5636],[-122.4386,45.5636],[-122.43867,45.56358],[-122.43895,45.56365],[-122.43941,45.56377],[-122.44106,45.56417],[-122.44132,45.56423],[-122.44238,45.56449],[-122.45389,45.56731],[-122.45404,45.56741],[-122.4546,45.56772],[-122.45482,45.56784],[-122.45517,45.56803],[-122.45524,45.56807],[-122.45543,45.56818],[-122.45554,45.56824],[-122.45599,45.56848],[-122.45956,45.57042],[-122.46394,45.57274],[-122.46792,45.57482],[-122.47087,45.57638],[-122.47095,45.57642],[-122.47185,45.5769],[-122.47234,45.57715],[-122.47349,45.57771],[-122.47466,45.5783],[-122.47498,45.57843],[-122.47506,45.57846],[-122.47577,45.57868],[-122.47931,45.57976],[-122.48139,45.58031],[-122.48348,45.58088],[-122.48688,45.58182],[-122.48993,45.58265],[-122.4919,45.58318],[-122.49226,45.58328],[-122.49421,45.58369],[-122.49511,45.58388],[-122.49601,45.58407],[-122.49955,45.58482],[-122.50309,45.58556],[-122.50421,45.5858],[-122.50434,45.58582],[-122.50533,45.58603],[-122.52367,45.58963],[-122.53986,45.59442],[-122.54434,45.59574],[-122.54579,45.59616],[-122.54588,45.59619],[-122.54596,45.59621],[-122.54784,45.59669],[-122.54908,45.59698],[-122.54945,45.59706],[-122.54972,45.59713],[-122.54995,45.59718],[-122.55018,45.59724],[-122.55022,45.59725],[-122.55033,45.59727],[-122.55128,45.59744],[-122.55332,45.5979],[-122.561,45.59944],[-122.58141,45.60394],[-122.58225,45.60409],[-122.58233,45.6041],[-122.58313,45.60424],[-122.58601,45.60474],[-122.58892,45.60522],[-122.59691,45.60654],[-122.59708,45.60657],[-122.60211,45.60744],[-122.60261,45.60764],[-122.60771,45.60814],[-122.61857,45.60862],[-122.63496,45.60934],[-122.64324,45.60971],[-122.64391,45.60974],[-122.6663,45.61572],[-122.67483,45.61798],[-122.675,45.61803],[-122.67504,45.61804],[-122.6751,45.61807],[-122.67533,45.61816],[-122.67848,45.61949],[-122.68022,45.62022],[-122.6828,45.62113],[-122.68821,45.62356],[-122.69042,45.62449],[-122.691,45.62473],[-122.69101,45.62474],[-122.69112,45.6248],[-122.69118,45.62484],[-122.69125,45.62488],[-122.69138,45.62495],[-122.69169,45.62513],[-122.69172,45.62514],[-122.69218,45.62541],[-122.70274,45.63142],[-122.71331,45.63744],[-122.73014,45.64199],[-122.73754,45.64399],[-122.73811,45.64414],[-122.74355,45.64686],[-122.74451,45.64734],[-122.75052,45.6504],[-122.7595,45.65496],[-122.76091,45.65567],[-122.76232,45.65639],[-122.76241,45.65644],[-122.76381,45.65714],[-122.77451,45.68044],[-122.77411,45.68425],[-122.77303,45.69462],[-122.77268,45.698],[-122.77256,45.69914],[-122.77251,45.69964],[-122.76975,45.70762],[-122.76924,45.70909],[-122.76261,45.72824],[-122.76244,45.72866],[-122.76243,45.72869],[-122.76211,45.72948],[-122.7606,45.7332],[-122.76011,45.73441],[-122.76011,45.73445],[-122.76028,45.73753],[-122.76076,45.74676],[-122.76093,45.74984],[-122.76093,45.74997],[-122.76096,45.75038],[-122.76096,45.75051],[-122.7613,45.75657],[-122.76145,45.75916],[-122.764,45.76585],[-122.76697,45.77375],[-122.76717,45.7743],[-122.7691,45.77943],[-122.7693,45.77998],[-122.76953,45.78058],[-122.77026,45.7814],[-122.77065,45.78184],[-122.77244,45.78386],[-122.77782,45.78994],[-122.77898,45.79125],[-122.77962,45.79196],[-122.78064,45.79312],[-122.78351,45.79635],[-122.78832,45.80178],[-122.79518,45.80952],[-122.79561,45.81],[-122.79573,45.81522],[-122.79591,45.82279],[-122.79596,45.82502],[-122.78629,45.84311],[-122.7857,45.84422],[-122.78556,45.84905],[-122.78554,45.84979],[-122.78552,45.85054],[-122.7853,45.8581],[-122.78529,45.85833],[-122.78512,45.86435],[-122.78496,45.86817],[-122.79149,45.87639],[-122.79392,45.87912],[-122.79462,45.88],[-122.79527,45.88081],[-122.79675,45.88266],[-122.7968,45.88272],[-122.79809,45.88433],[-122.79893,45.88611],[-122.79908,45.88643],[-122.80048,45.88939],[-122.8006,45.88964],[-122.80108,45.89067],[-122.80157,45.8917],[-122.80186,45.89232],[-122.80295,45.89461],[-122.80433,45.89753],[-122.80563,45.90029],[-122.80566,45.90036],[-122.80693,45.90304],[-122.80835,45.90604],[-122.8086,45.90657],[-122.80889,45.90718],[-122.81006,45.90967],[-122.8115,45.91272],[-122.81122,45.91386],[-122.80619,45.93242],[-122.81184,45.95309],[-122.81219,45.95438],[-122.8122,45.9544],[-122.81221,45.95444],[-122.81222,45.95446],[-122.814,45.96098],[-122.83279,45.97675],[-122.83311,45.97701],[-122.83343,45.97728],[-122.83384,45.97763],[-122.83406,45.97781],[-122.83764,45.98082],[-122.83778,45.98107],[-122.83857,45.98253],[-122.84198,45.98875],[-122.84807,45.99984],[-122.85028,46.00384],[-122.85224,46.00739],[-122.85326,46.00922],[-122.85447,46.01141],[-122.85568,46.0136],[-122.85579,46.01381],[-122.85615,46.01445],[-122.85616,46.01447],[-122.85634,46.01461],[-122.85845,46.01625],[-122.85859,46.01636],[-122.86053,46.01787],[-122.86423,46.02077],[-122.86675,46.02274],[-122.86882,46.02436],[-122.87183,46.02671],[-122.87622,46.03015],[-122.87651,46.03033],[-122.87738,46.03085],[-122.87767,46.03103],[-122.87809,46.03128],[-122.87865,46.03383],[-122.88023,46.04097],[-122.88066,46.04294],[-122.88078,46.04347],[-122.88133,46.04597],[-122.88154,46.04693],[-122.88217,46.04982],[-122.88239,46.05078],[-122.8826,46.05175],[-122.88261,46.05181],[-122.88284,46.05284],[-122.88307,46.05391],[-122.88315,46.05425],[-122.88325,46.05469],[-122.88346,46.05567],[-122.88448,46.06028],[-122.88601,46.06195],[-122.88636,46.06233],[-122.88634,46.06233],[-122.88629,46.06233],[-122.88627,46.06234],[-122.89152,46.06863],[-122.89404,46.07165],[-122.9016,46.08071],[-122.90296,46.08234],[-122.90358,46.08309],[-122.90412,46.08373],[-122.91444,46.0875],[-122.91764,46.08867],[-122.92174,46.09017],[-122.92722,46.09217],[-122.92905,46.09283],[-122.92973,46.09308],[-122.93042,46.09333],[-122.93545,46.09512],[-122.93739,46.09581],[-122.93959,46.0966],[-122.93962,46.09661],[-122.96162,46.10443],[-122.96175,46.10448],[-122.96182,46.1045],[-122.96192,46.10453],[-122.96198,46.10455],[-122.96212,46.10461],[-122.96254,46.10476],[-122.96268,46.10482],[-122.96321,46.1051],[-122.96451,46.10585],[-122.9668,46.10747],[-122.96875,46.10884],[-122.97217,46.11125],[-122.97592,46.11386],[-122.97951,46.11637],[-122.98079,46.11727],[-122.98715,46.1217],[-122.98942,46.12329],[-122.99016,46.1238],[-122.99089,46.12432],[-122.9914,46.12467],[-122.99292,46.12575],[-122.99342,46.1261],[-122.99399,46.12651],[-122.9957,46.12771],[-122.99627,46.12812],[-122.99666,46.1284],[-123.00136,46.13187],[-123.00297,46.13298],[-123.00423,46.13382],[-123.00577,46.13461],[-123.0078,46.13548],[-123.00944,46.13604],[-123.01215,46.13665],[-123.01449,46.13714],[-123.01688,46.13758],[-123.01946,46.13826],[-123.02215,46.13911],[-123.02292,46.13941],[-123.0241,46.13988],[-123.02561,46.14065],[-123.02764,46.14154],[-123.03016,46.14263],[-123.03231,46.14354],[-123.03382,46.14434],[-123.03577,46.14492],[-123.03763,46.14532],[-123.0394,46.1457],[-123.0413,46.14635],[-123.04342,46.14756],[-123.04531,46.14898],[-123.04655,46.15007],[-123.04728,46.15071],[-123.04765,46.15103],[-123.04893,46.15199],[-123.04984,46.15268],[-123.05106,46.1536],[-123.0519,46.15397],[-123.07295,46.16337],[-123.07937,46.16623],[-123.09861,46.17481],[-123.10502,46.17768],[-123.10659,46.17831],[-123.10824,46.17932],[-123.11194,46.18231],[-123.11456,46.18431],[-123.1159,46.18527],[-123.11667,46.18533],[-123.11748,46.1854],[-123.11896,46.18552],[-123.11906,46.18553],[-123.11939,46.18555],[-123.11973,46.18558],[-123.12623,46.18611],[-123.16327,46.18875],[-123.16642,46.18898],[-123.16665,46.1889],[-123.21305,46.17254],[-123.21514,46.17137],[-123.21773,46.17],[-123.22108,46.16832],[-123.22293,46.16744],[-123.22517,46.16647],[-123.22667,46.16584],[-123.22892,46.16496],[-123.23081,46.16429],[-123.23233,46.1638],[-123.23915,46.16179],[-123.24203,46.16097],[-123.24545,46.15933],[-123.25123,46.15656],[-123.25123,46.15645],[-123.2514,46.15644],[-123.25162,46.1564],[-123.25181,46.15636],[-123.25189,46.15635],[-123.25209,46.15629],[-123.25222,46.15625],[-123.25238,46.15619],[-123.25252,46.15617],[-123.2527,46.15616],[-123.25286,46.1561],[-123.25315,46.15601],[-123.25339,46.15594],[-123.25372,46.15588],[-123.25406,46.15581],[-123.25446,46.15577],[-123.25479,46.15572],[-123.25503,46.15566],[-123.25527,46.1556],[-123.25547,46.15553],[-123.25584,46.1554],[-123.25615,46.15529],[-123.25644,46.15517],[-123.25667,46.15509],[-123.25692,46.15501],[-123.25719,46.15494],[-123.25744,46.1549],[-123.25761,46.15484],[-123.25776,46.15477],[-123.25786,46.15467],[-123.25801,46.15451],[-123.25815,46.15443],[-123.25827,46.15438],[-123.25842,46.15435],[-123.2586,46.15428],[-123.25878,46.15424],[-123.25889,46.15421],[-123.25911,46.15412],[-123.25923,46.15406],[-123.25935,46.15395],[-123.25956,46.15375],[-123.25972,46.15369],[-123.25989,46.1536],[-123.26002,46.15351],[-123.26012,46.15343],[-123.26023,46.15328],[-123.26029,46.15319],[-123.26041,46.15314],[-123.26093,46.15296],[-123.26112,46.15289],[-123.26124,46.15283],[-123.26134,46.15275],[-123.26148,46.15266],[-123.2619,46.15245],[-123.26218,46.15232],[-123.26249,46.15213],[-123.26273,46.15198],[-123.2629,46.15186],[-123.26302,46.15175],[-123.26313,46.15174],[-123.26321,46.1517],[-123.26326,46.15161],[-123.26337,46.15155],[-123.26344,46.1515],[-123.26348,46.15144],[-123.26349,46.15138],[-123.26352,46.15134],[-123.26356,46.15133],[-123.26356,46.15139],[-123.26359,46.15145],[-123.26366,46.15146],[-123.26376,46.15142],[-123.26385,46.15138],[-123.2639,46.15131],[-123.264,46.15124],[-123.2641,46.15119],[-123.26432,46.15114],[-123.26442,46.15112],[-123.26454,46.15105],[-123.26471,46.15093],[-123.26515,46.1507],[-123.26536,46.15061],[-123.26546,46.15057],[-123.26555,46.15054],[-123.26552,46.15049],[-123.26556,46.15047],[-123.2656,46.15047],[-123.26569,46.15051],[-123.26576,46.15053],[-123.2659,46.15052],[-123.26615,46.15046],[-123.2664,46.15038],[-123.26668,46.15027],[-123.26696,46.15014],[-123.26707,46.15014],[-123.26719,46.15016],[-123.2673,46.15017],[-123.26758,46.15008],[-123.26768,46.15003],[-123.26772,46.14997],[-123.26777,46.14988],[-123.26777,46.14982],[-123.26776,46.14974],[-123.26779,46.1497],[-123.26786,46.14966],[-123.26818,46.14952],[-123.26829,46.14948],[-123.26841,46.14948],[-123.26851,46.14947],[-123.26868,46.14939],[-123.26886,46.1494],[-123.26903,46.14933],[-123.26925,46.14925],[-123.26936,46.14921],[-123.26968,46.14914],[-123.26988,46.14907],[-123.27014,46.14898],[-123.27032,46.14892],[-123.27035,46.14891],[-123.27051,46.14885],[-123.27071,46.14877],[-123.2711,46.14869],[-123.27133,46.14865],[-123.2715,46.14857],[-123.27172,46.14844],[-123.27184,46.14831],[-123.27194,46.14823],[-123.27204,46.1482],[-123.27216,46.14817],[-123.27224,46.14813],[-123.27233,46.14809],[-123.27264,46.14792],[-123.27277,46.1479],[-123.27296,46.14781],[-123.27309,46.14774],[-123.27322,46.14771],[-123.27333,46.14765],[-123.27344,46.14757],[-123.27359,46.14749],[-123.27367,46.14741],[-123.27373,46.14737],[-123.27386,46.14732],[-123.27404,46.14731],[-123.27422,46.14725],[-123.27448,46.14717],[-123.27458,46.14713],[-123.27481,46.14699],[-123.27488,46.14696],[-123.27499,46.14696],[-123.27516,46.14692],[-123.27541,46.14682],[-123.27571,46.14669],[-123.27592,46.1466],[-123.27615,46.14647],[-123.27652,46.14634],[-123.27679,46.14622],[-123.27708,46.1461],[-123.27732,46.14599],[-123.27753,46.14588],[-123.2777,46.1458],[-123.2779,46.14569],[-123.2781,46.14564],[-123.27828,46.14554],[-123.2784,46.14549],[-123.27866,46.14543],[-123.27878,46.14538],[-123.27892,46.14531],[-123.2791,46.14526],[-123.27945,46.14509],[-123.27955,46.14504],[-123.2798,46.14499],[-123.27994,46.14494],[-123.28017,46.14484],[-123.28033,46.14483],[-123.28103,46.14473],[-123.28153,46.14473],[-123.28263,46.14463],[-123.28443,46.14453],[-123.28583,46.14453],[-123.28663,46.14453],[-123.28723,46.14453],[-123.28843,46.14453],[-123.29053,46.14453],[-123.29243,46.14463],[-123.29483,46.14473],[-123.29673,46.14473],[-123.29833,46.14463],[-123.29963,46.14463],[-123.30103,46.14463],[-123.30213,46.14473],[-123.30259,46.14477],[-123.30333,46.14483],[-123.30474,46.14483],[-123.30654,46.14493],[-123.30834,46.14503],[-123.30983,46.14513],[-123.31164,46.14523],[-123.31333,46.14523],[-123.31473,46.14543],[-123.31703,46.14553],[-123.31894,46.14563],[-123.32043,46.14563],[-123.32164,46.14563],[-123.32253,46.14563],[-123.32373,46.14563],[-123.32464,46.14563],[-123.32466,46.14563],[-123.3248,46.14565],[-123.32485,46.14567],[-123.32489,46.1457],[-123.32493,46.14573],[-123.32507,46.14573],[-123.32521,46.14574],[-123.32533,46.14575],[-123.32545,46.14577],[-123.32551,46.14579],[-123.32553,46.14582],[-123.32556,46.14585],[-123.32558,46.14586],[-123.3256,46.14586],[-123.3256,46.14584],[-123.32564,46.14584],[-123.32569,46.14584],[-123.3258,46.14584],[-123.32602,46.14583],[-123.32611,46.14582],[-123.32618,46.14581],[-123.32622,46.14582],[-123.32632,46.14584],[-123.32637,46.14584],[-123.32643,46.14583],[-123.32646,46.14581],[-123.32651,46.14582],[-123.32656,46.14582],[-123.32659,46.14584],[-123.32659,46.14587],[-123.32657,46.14589],[-123.32659,46.1459],[-123.32661,46.14588],[-123.32663,46.14586],[-123.32666,46.14584],[-123.3267,46.14584],[-123.32675,46.14584],[-123.32679,46.14581],[-123.32683,46.14581],[-123.32688,46.14582],[-123.32695,46.1458],[-123.32704,46.14578],[-123.32717,46.14577],[-123.32734,46.14575],[-123.32748,46.14575],[-123.32769,46.14574],[-123.32777,46.14573],[-123.32782,46.14572],[-123.32789,46.14572],[-123.32798,46.14573],[-123.32823,46.14575],[-123.32829,46.14576],[-123.32833,46.14573],[-123.3284,46.14569],[-123.32846,46.14567],[-123.32853,46.14566],[-123.32862,46.14566],[-123.3287,46.14566],[-123.32883,46.14562],[-123.32889,46.1456],[-123.32896,46.1456],[-123.32906,46.1456],[-123.32912,46.14561],[-123.3292,46.14563],[-123.32929,46.14564],[-123.32936,46.14565],[-123.32941,46.14566],[-123.32949,46.14565],[-123.32958,46.14561],[-123.32964,46.14559],[-123.32972,46.14559],[-123.3298,46.1456],[-123.32991,46.14563],[-123.33004,46.14565],[-123.33016,46.14567],[-123.33027,46.14568],[-123.33041,46.14569],[-123.33056,46.1457],[-123.33074,46.14572],[-123.33084,46.14573],[-123.33095,46.14575],[-123.33106,46.14578],[-123.3312,46.14582],[-123.33137,46.14588],[-123.33153,46.14592],[-123.33168,46.14595],[-123.33179,46.14597],[-123.33193,46.14599],[-123.33201,46.146],[-123.33209,46.14603],[-123.33215,46.14604],[-123.33222,46.14605],[-123.33229,46.14606],[-123.33238,46.14607],[-123.33241,46.14608],[-123.3325,46.1461],[-123.3326,46.14613],[-123.33267,46.14616],[-123.33269,46.14615],[-123.33272,46.14613],[-123.33276,46.1461],[-123.33277,46.14607],[-123.33277,46.14603],[-123.33279,46.14602],[-123.33283,46.14601],[-123.333,46.14599],[-123.33306,46.14599],[-123.33311,46.14601],[-123.33316,46.14602],[-123.33325,46.14601],[-123.33333,46.14604],[-123.33342,46.14603],[-123.33354,46.14603],[-123.33359,46.14602],[-123.33375,46.14604],[-123.33385,46.14604],[-123.33399,46.14603],[-123.33408,46.14603],[-123.33418,46.14604],[-123.33429,46.14604],[-123.33448,46.14608],[-123.3346,46.14611],[-123.33469,46.14611],[-123.33482,46.14609],[-123.3349,46.14606],[-123.33496,46.14604],[-123.33501,46.14605],[-123.33507,46.14606],[-123.33517,46.14606],[-123.33534,46.14605],[-123.33541,46.14607],[-123.33551,46.14606],[-123.33559,46.14606],[-123.33565,46.14607],[-123.33571,46.14607],[-123.33578,46.14606],[-123.33587,46.14605],[-123.33592,46.14603],[-123.33596,46.14603],[-123.33603,46.14603],[-123.33611,46.14606],[-123.33621,46.14608],[-123.33635,46.1461],[-123.3364,46.1461],[-123.33653,46.14608],[-123.33657,46.14608],[-123.33662,46.1461],[-123.33671,46.14612],[-123.33685,46.14613],[-123.33701,46.14613],[-123.33712,46.14614],[-123.33726,46.14613],[-123.33745,46.14615],[-123.3376,46.14615],[-123.33776,46.14616],[-123.33789,46.14616],[-123.33801,46.14615],[-123.33811,46.14615],[-123.33822,46.14614],[-123.33832,46.14616],[-123.33842,46.14615],[-123.33849,46.14616],[-123.33862,46.14618],[-123.33869,46.14618],[-123.33877,46.14618],[-123.33886,46.1462],[-123.33906,46.14619],[-123.33911,46.14619],[-123.33923,46.14622],[-123.33931,46.14623],[-123.33944,46.14623],[-123.34438,46.14533],[-123.34441,46.14533],[-123.34446,46.14533],[-123.34449,46.14533],[-123.3445,46.14533],[-123.34452,46.14532],[-123.34453,46.14532],[-123.34455,46.14532],[-123.34456,46.14532],[-123.34459,46.14532],[-123.34461,46.14532],[-123.34464,46.14532],[-123.34465,46.14531],[-123.34467,46.14531],[-123.34469,46.14531],[-123.34471,46.14531],[-123.34475,46.14531],[-123.34478,46.14531],[-123.34479,46.14531],[-123.34481,46.14531],[-123.34489,46.1453],[-123.34492,46.1453],[-123.34494,46.1453],[-123.34497,46.14529],[-123.34499,46.14529],[-123.345,46.14528],[-123.34502,46.14529],[-123.34505,46.14529],[-123.34506,46.14529],[-123.34508,46.14529],[-123.34509,46.14529],[-123.34511,46.14529],[-123.34512,46.14528],[-123.34514,46.14528],[-123.34517,46.14528],[-123.34525,46.14528],[-123.34529,46.14525],[-123.34534,46.14525],[-123.34536,46.14525],[-123.34537,46.14525],[-123.34539,46.14525],[-123.34544,46.14525],[-123.34548,46.14524],[-123.34549,46.14523],[-123.34552,46.14523],[-123.34562,46.14519],[-123.34564,46.14519],[-123.34566,46.14518],[-123.34568,46.14518],[-123.34571,46.14517],[-123.34576,46.14516],[-123.34579,46.14515],[-123.34582,46.14514],[-123.34585,46.14513],[-123.34588,46.14511],[-123.34591,46.1451],[-123.34594,46.1451],[-123.34598,46.14509],[-123.34603,46.14508],[-123.34605,46.14508],[-123.34607,46.14507],[-123.34608,46.14507],[-123.34611,46.14507],[-123.34613,46.14507],[-123.34615,46.14506],[-123.34617,46.14506],[-123.34619,46.14506],[-123.3462,46.14506],[-123.34623,46.14506],[-123.34625,46.14507],[-123.34628,46.14507],[-123.3463,46.14507],[-123.34631,46.14507],[-123.34634,46.14506],[-123.3464,46.14506],[-123.34642,46.14506],[-123.34644,46.14506],[-123.36146,46.14632],[-123.36174,46.14636],[-123.36246,46.14638],[-123.36364,46.14633],[-123.36374,46.14633],[-123.36536,46.14634],[-123.3667,46.14635],[-123.3669,46.14635],[-123.36709,46.14635],[-123.36888,46.14636],[-123.37067,46.14637],[-123.37143,46.14637],[-123.37176,46.14657],[-123.37216,46.14681],[-123.37257,46.14706],[-123.37444,46.14807],[-123.3763,46.14908],[-123.37634,46.1491],[-123.37672,46.14933],[-123.37952,46.15099],[-123.37954,46.151],[-123.3904,46.15443],[-123.40494,46.16407],[-123.40671,46.16522],[-123.41112,46.16808],[-123.41115,46.1681],[-123.41151,46.16834],[-123.41708,46.17207],[-123.42274,46.17586],[-123.42301,46.17604],[-123.42474,46.17722],[-123.42568,46.17785],[-123.42835,46.17966],[-123.42861,46.17985],[-123.42888,46.18003],[-123.43099,46.18157],[-123.43017,46.19187],[-123.42989,46.19595],[-123.42961,46.20002],[-123.42958,46.20052],[-123.42955,46.20102],[-123.42954,46.20113],[-123.42954,46.20115],[-123.42953,46.20128],[-123.42951,46.20153],[-123.42945,46.20239],[-123.42936,46.20375],[-123.42866,46.21413],[-123.4286,46.21493],[-123.42858,46.21532],[-123.42804,46.2233],[-123.42796,46.2245],[-123.42763,46.22935],[-123.43149,46.23321],[-123.43433,46.23605],[-123.43639,46.2382],[-123.44759,46.24983],[-123.44804,46.24993],[-123.44904,46.25083],[-123.45104,46.25213],[-123.45254,46.25323],[-123.45544,46.25503],[-123.45874,46.25703],[-123.46154,46.25933],[-123.46237,46.25996],[-123.46346,46.2608],[-123.46454,46.26163],[-123.46489,46.26187],[-123.46523,46.26211],[-123.46874,46.26453],[-123.47484,46.26783],[-123.47964,46.26913],[-123.47984,46.26915],[-123.47998,46.26916],[-123.48424,46.26953],[-123.48449,46.26953],[-123.48492,46.26957],[-123.48498,46.26958],[-123.485,46.26958],[-123.48506,46.26959],[-123.48514,46.26959],[-123.48535,46.26961],[-123.48624,46.26969],[-123.48658,46.26972],[-123.48661,46.26972],[-123.48693,46.26975],[-123.48759,46.2698],[-123.48804,46.26984],[-123.48849,46.26988],[-123.48856,46.26989],[-123.48858,46.26989],[-123.48862,46.26989],[-123.48869,46.2699],[-123.48881,46.26991],[-123.48983,46.27],[-123.49107,46.27011],[-123.49421,46.27038],[-123.49593,46.27053],[-123.49764,46.27068],[-123.49944,46.27083],[-123.50085,46.27096],[-123.50105,46.27097],[-123.50124,46.27099],[-123.50125,46.27101],[-123.50461,46.26992],[-123.50798,46.26882],[-123.50903,46.26848],[-123.51046,46.26801],[-123.51318,46.26712],[-123.51397,46.26687],[-123.51476,46.26661],[-123.51504,46.26652],[-123.5159,46.26624],[-123.51593,46.26624],[-123.5164,46.2661],[-123.51643,46.26609],[-123.52639,46.2634],[-123.53592,46.26113],[-123.53809,46.26061],[-123.54393,46.25957],[-123.54766,46.25911],[-123.55048,46.25877],[-123.55234,46.25862],[-123.55294,46.25857],[-123.55406,46.25848],[-123.55518,46.2584],[-123.55555,46.25837],[-123.55592,46.25834],[-123.55745,46.25822],[-123.55898,46.2581],[-123.56033,46.25799],[-123.56383,46.25771],[-123.56934,46.25728],[-123.58695,46.25589],[-123.61513,46.25717],[-123.62069,46.25742],[-123.62625,46.25767],[-123.62837,46.25778],[-123.6305,46.25788],[-123.63539,46.25813],[-123.64028,46.25838],[-123.64067,46.2584],[-123.64106,46.25842],[-123.64877,46.2588],[-123.67955,46.252],[-123.68165,46.25153],[-123.68376,46.25106],[-123.68424,46.25096],[-123.6876,46.25021],[-123.68812,46.2501],[-123.69089,46.25112],[-123.69163,46.25139],[-123.69274,46.25179],[-123.69812,46.25376],[-123.71015,46.25815],[-123.7173,46.26066],[-123.72281,46.2626],[-123.72832,46.26454],[-123.74145,46.26915],[-123.74237,46.26877],[-123.74271,46.26862],[-123.74305,46.26848],[-123.74444,46.2679],[-123.74583,46.26731],[-123.74854,46.26618],[-123.75125,46.26504],[-123.75275,46.26444],[-123.75425,46.26383],[-123.77812,46.25425],[-123.77936,46.25388],[-123.78166,46.25358],[-123.78426,46.25324],[-123.78775,46.25294],[-123.79342,46.25246],[-123.79967,46.25159],[-123.80301,46.25124],[-123.80651,46.25067],[-123.80947,46.25007],[-123.81514,46.24983],[-123.82411,46.24747],[-123.83142,46.24555],[-123.83874,46.24364],[-123.84098,46.24305],[-123.84322,46.24246],[-123.84457,46.2421],[-123.84592,46.24175],[-123.84703,46.24145],[-123.84814,46.24115],[-123.85014,46.24063],[-123.85498,46.23937],[-123.86184,46.23758],[-123.87187,46.23495],[-123.87263,46.23499],[-123.87676,46.23525],[-123.88534,46.23582],[-123.90638,46.23721],[-123.92743,46.2386],[-123.93048,46.23881],[-123.94641,46.24982],[-123.94646,46.24982],[-123.94654,46.24982],[-123.95362,46.25639],[-123.95371,46.25648],[-123.95762,46.26016],[-123.96092,46.26201],[-123.96323,46.2633],[-123.9634,46.2634],[-123.96439,46.2639],[-123.96697,46.26519],[-123.96985,46.26653],[-123.97335,46.2685],[-123.97627,46.26991],[-123.97977,46.27092],[-123.98293,46.27199],[-123.98599,46.27276],[-123.98939,46.27317],[-123.992,46.27349],[-123.99211,46.2735],[-123.99273,46.27358],[-123.9933,46.27365],[-123.99529,46.27371],[-123.99534,46.27372],[-123.99646,46.27375],[-123.99897,46.27403],[-124.00126,46.27401],[-124.00271,46.27434],[-124.00362,46.27471],[-124.00509,46.27577],[-124.00585,46.27679],[-124.00514,46.27769],[-124.00707,46.28021],[-124.00967,46.28322],[-124.01146,46.28656],[-124.013,46.29003],[-124.01488,46.29317],[-124.01778,46.29512],[-124.0214,46.29709],[-124.02257,46.29773],[-124.02488,46.2991],[-124.02499,46.29909],[-124.02635,46.299],[-124.02772,46.29891],[-124.03013,46.29875],[-124.03419,46.29784],[-124.0356,46.29684],[-124.03622,46.29443],[-124.03655,46.29314],[-124.03716,46.29076],[-124.03731,46.29026],[-124.03863,46.28584],[-124.03887,46.28456],[-124.0388,46.28367],[-124.03765,46.28161],[-124.03664,46.28007],[-124.03542,46.27894],[-124.03531,46.27884],[-124.03421,46.27773],[-124.03393,46.27744],[-124.03376,46.27732],[-124.0337,46.27687],[-124.03355,46.27591],[-124.03364,46.2744],[-124.03435,46.27326],[-124.03568,46.27147],[-124.03497,46.26595],[-124.03493,46.26504],[-124.03492,46.26484],[-124.03595,46.26418],[-124.05994,46.2632],[-124.06615,46.26296],[-124.07414,46.26284],[-124.08061,46.26272],[-124.08974,46.26256],[-124.09785,46.26241],[-124.09894,46.26239],[-124.12578,46.2619],[-124.1294,46.26184],[-124.14429,46.26149],[-124.15915,46.26114],[-124.15937,46.26114],[-124.15955,46.26113],[-124.16101,46.26451],[-124.16234,46.2681],[-124.16255,46.27173],[-124.16218,46.27488],[-124.1621,46.2753],[-124.16142,46.27875],[-124.16071,46.28201],[-124.15943,46.28645],[-124.15828,46.28914],[-124.15693,46.29159],[-124.15554,46.29348],[-124.15433,46.29522],[-124.15421,46.29563],[-124.1538,46.29694],[-124.15361,46.29849],[-124.15361,46.29868],[-124.1536,46.29886],[-124.15359,46.29933],[-124.15358,46.29973],[-124.15357,46.30027],[-124.15356,46.30059],[-124.15353,46.30113],[-124.1535,46.30173],[-124.15349,46.30205],[-124.15314,46.30253],[-124.15255,46.3033],[-124.15194,46.30406],[-124.15131,46.30482],[-124.15019,46.30638],[-124.14981,46.30798],[-124.14959,46.30884],[-124.14935,46.30969],[-124.14899,46.31105],[-124.14866,46.312],[-124.14839,46.31285],[-124.1481,46.3137],[-124.14779,46.31454],[-124.14746,46.31539],[-124.14714,46.31615],[-124.14711,46.31622],[-124.14673,46.31706],[-124.14634,46.31788],[-124.14592,46.31871],[-124.14549,46.31953],[-124.14503,46.32034],[-124.14455,46.32115],[-124.14405,46.32195],[-124.14386,46.3235],[-124.14373,46.32436],[-124.1436,46.32606],[-124.14349,46.32693],[-124.14326,46.32831],[-124.14321,46.32866],[-124.14297,46.32979],[-124.1428,46.33055],[-124.14255,46.33161],[-124.14227,46.33262],[-124.14203,46.33348],[-124.14177,46.33433],[-124.14148,46.33518],[-124.14117,46.33603],[-124.14085,46.33687],[-124.1405,46.33771],[-124.14036,46.33812],[-124.14016,46.3387],[-124.13994,46.33932],[-124.13963,46.34017],[-124.13929,46.34101],[-124.13892,46.34184],[-124.13854,46.34268],[-124.13814,46.3435],[-124.13772,46.34432],[-124.13727,46.34514],[-124.13681,46.34595],[-124.13565,46.34841],[-124.13521,46.34937],[-124.13493,46.35158],[-124.13471,46.35335],[-124.13385,46.35912],[-124.13349,46.36154],[-124.13346,46.36178],[-124.1332,46.36393],[-124.13294,46.36617],[-124.13278,46.36803],[-124.13245,46.37197],[-124.13231,46.37367],[-124.13226,46.37489],[-124.13217,46.3761],[-124.13211,46.377],[-124.13201,46.37793],[-124.1321,46.37985],[-124.1321,46.3815],[-124.13209,46.38237],[-124.13205,46.38325],[-124.13202,46.38414],[-124.13187,46.38605],[-124.13184,46.38643],[-124.13159,46.38921],[-124.13152,46.38978],[-124.1314,46.39086],[-124.1314,46.39213],[-124.13139,46.393],[-124.13131,46.39548],[-124.13127,46.39649],[-124.13115,46.39823],[-124.13107,46.3991],[-124.13097,46.39997],[-124.13085,46.40084],[-124.13084,46.40242],[-124.13081,46.40329],[-124.13067,46.40573],[-124.13053,46.40832],[-124.13049,46.41518],[-124.13049,46.41603],[-124.13047,46.4167],[-124.13047,46.41679],[-124.13044,46.41839],[-124.13042,46.41872],[-124.13041,46.41924],[-124.13039,46.41997],[-124.1303,46.42293],[-124.13024,46.42398],[-124.13019,46.42485],[-124.13011,46.42572],[-124.13001,46.42659],[-124.12996,46.42696],[-124.12998,46.43159],[-124.13004,46.43292],[-124.13021,46.43732],[-124.13052,46.44215],[-124.1308,46.4467],[-124.13106,46.44975],[-124.13119,46.45093],[-124.13131,46.45208],[-124.1315,46.45393],[-124.13162,46.4551],[-124.13167,46.45597],[-124.13169,46.45684],[-124.1317,46.45771],[-124.13169,46.45804],[-124.13169,46.45837],[-124.13167,46.46372],[-124.13185,46.46558],[-124.13186,46.46572],[-124.13216,46.46802],[-124.1323,46.46923],[-124.13237,46.4701],[-124.13242,46.47097],[-124.13245,46.47184],[-124.13246,46.47272],[-124.13245,46.47373],[-124.13244,46.47636],[-124.13243,46.47808],[-124.13302,46.48311],[-124.13363,46.48828],[-124.13378,46.48984],[-124.13383,46.49071],[-124.13385,46.49159],[-124.13388,46.49264],[-124.13389,46.49341],[-124.13392,46.49478],[-124.13393,46.49574],[-124.13392,46.49624],[-124.13392,46.49661],[-124.13387,46.49749],[-124.13382,46.49848],[-124.13376,46.49945],[-124.13374,46.49982],[-124.13364,46.50155],[-124.13356,46.50292],[-124.13341,46.50553],[-124.13339,46.50683],[-124.13392,46.51447],[-124.13426,46.51947],[-124.13443,46.52057],[-124.13471,46.52238],[-124.13487,46.52366],[-124.13497,46.52453],[-124.13505,46.5254],[-124.13517,46.52726],[-124.13526,46.52861],[-124.13532,46.53016],[-124.13534,46.53103],[-124.1353,46.5423],[-124.13563,46.54473],[-124.13615,46.54856],[-124.13634,46.55047],[-124.13645,46.55222],[-124.13648,46.55365],[-124.13708,46.558],[-124.13773,46.56142],[-124.13792,46.56246],[-124.13935,46.57004],[-124.13954,46.57113],[-124.13977,46.57287],[-124.1399,46.57461],[-124.13996,46.57635],[-124.13995,46.57723],[-124.1408,46.58035],[-124.14117,46.58175],[-124.14152,46.58348],[-124.14178,46.58522],[-124.14196,46.58696],[-124.14202,46.58795],[-124.14221,46.59179],[-124.14227,46.59359],[-124.14223,46.59449],[-124.14211,46.59869],[-124.14233,46.6022],[-124.14258,46.60344],[-124.14284,46.60517],[-124.14301,46.60691],[-124.1431,46.60866],[-124.1431,46.6104],[-124.14301,46.61214],[-124.14283,46.61389],[-124.14256,46.61562],[-124.14265,46.61717],[-124.14268,46.61804],[-124.1427,46.61953],[-124.14323,46.62455],[-124.14332,46.62578],[-124.14337,46.62665],[-124.1434,46.62753],[-124.1434,46.62927],[-124.14337,46.63014],[-124.14329,46.63116],[-124.1444,46.6331],[-124.14529,46.63474],[-124.1461,46.63639],[-124.14682,46.63806],[-124.14745,46.63975],[-124.14774,46.6406],[-124.14825,46.64231],[-124.14858,46.64357],[-124.14889,46.64487],[-124.14908,46.64574],[-124.14938,46.64747],[-124.14957,46.64901],[-124.14967,46.65008],[-124.14975,46.65182],[-124.14974,46.65357],[-124.14965,46.65531],[-124.14949,46.65693],[-124.14931,46.65839],[-124.14917,46.65926],[-124.14882,46.66099],[-124.14839,46.6627],[-124.14814,46.66356],[-124.14787,46.66441],[-124.14726,46.66611],[-124.14692,46.66695],[-124.14656,46.66779],[-124.14579,46.66944],[-124.14526,46.67047],[-124.14664,46.67421],[-124.14848,46.67918],[-124.14905,46.68],[-124.15041,46.68209],[-124.15172,46.68423],[-124.1526,46.68587],[-124.1534,46.68752],[-124.15412,46.6892],[-124.15475,46.69089],[-124.15529,46.69259],[-124.15575,46.69431],[-124.15637,46.69701],[-124.15666,46.69874],[-124.15687,46.70048],[-124.15701,46.70225],[-124.16114,46.71342],[-124.16256,46.71725],[-124.16314,46.71881],[-124.16368,46.71973],[-124.16417,46.72054],[-124.16463,46.72135],[-124.16549,46.72299],[-124.16589,46.72382],[-124.16659,46.72532],[-124.16732,46.72703],[-124.16796,46.72872],[-124.16852,46.73042],[-124.16898,46.73213],[-124.16935,46.73376],[-124.16953,46.73472],[-124.16966,46.73559],[-124.16978,46.73646],[-124.16987,46.73733],[-124.16994,46.7382],[-124.17025,46.73937],[-124.17069,46.74109],[-124.17104,46.74282],[-124.17131,46.74455],[-124.17141,46.74542],[-124.17148,46.74629],[-124.17154,46.74716],[-124.17158,46.74891],[-124.17153,46.75065],[-124.17148,46.75152],[-124.17092,46.75849],[-124.17107,46.76036],[-124.17167,46.76778],[-124.1719,46.77017],[-124.17226,46.7738],[-124.17239,46.77511],[-124.17329,46.7803],[-124.1735,46.78166],[-124.17431,46.78764],[-124.17454,46.78936],[-124.17482,46.79147],[-124.17513,46.79373],[-124.1812,46.79374],[-124.18181,46.79614],[-124.18369,46.80365],[-124.18778,46.82042],[-124.19186,46.83225],[-124.19458,46.84409],[-124.19866,46.85395],[-124.20123,46.85922],[-124.20654,46.87013],[-124.20683,46.87072],[-124.2074,46.87161],[-124.20947,46.87481],[-124.21806,46.88034],[-124.22623,46.88527],[-124.23439,46.89119],[-124.23984,46.90006],[-124.24114,46.90289],[-124.24392,46.90894],[-124.24664,46.91781],[-124.24834,46.93064],[-124.2497,46.94643],[-124.2497,46.95629],[-124.24698,46.96812],[-124.24562,46.97897],[-124.24447,46.98358],[-124.2429,46.98982],[-124.24233,46.99404],[-124.24154,46.99981],[-124.24214,46.99981],[-124.24258,47.00671],[-124.24264,47.0072],[-124.24265,47.00728],[-124.24383,47.01733],[-124.24401,47.01886],[-124.24394,47.03295],[-124.24403,47.04667],[-124.24413,47.05865],[-124.24636,47.06408],[-124.24832,47.07085],[-124.24939,47.07864],[-124.24931,47.08451],[-124.2507,47.09307],[-124.25129,47.09665],[-124.25129,47.09658],[-124.25137,47.09678],[-124.25446,47.10483],[-124.25964,47.11679],[-124.26548,47.1278],[-124.27015,47.13881],[-124.27299,47.14634],[-124.27366,47.14813],[-124.27366,47.15491],[-124.27277,47.1594],[-124.27249,47.16084],[-124.27366,47.16507],[-124.2795,47.17439],[-124.28705,47.19158],[-124.28768,47.19302],[-124.29585,47.21251],[-124.3017,47.23368],[-124.3052,47.24385],[-124.30542,47.24464],[-124.30637,47.24808],[-124.3087,47.24981],[-124.30875,47.24981],[-124.31522,47.25152],[-124.32472,47.25586],[-124.33605,47.26161],[-124.3442,47.26885],[-124.3513,47.27639],[-124.35593,47.28465],[-124.35642,47.28592],[-124.35907,47.29279],[-124.35999,47.30297],[-124.35964,47.30934],[-124.36836,47.31464],[-124.37629,47.31982],[-124.38474,47.32497],[-124.39135,47.32977],[-124.39953,47.34078],[-124.4036,47.34921],[-124.40771,47.35772],[-124.41355,47.36873],[-124.41939,47.38398],[-124.42173,47.39329],[-124.42173,47.40685],[-124.41939,47.41447],[-124.41122,47.42378],[-124.40654,47.42802],[-124.40771,47.43056],[-124.41005,47.4348],[-124.41472,47.44411],[-124.42056,47.45597],[-124.42173,47.46868],[-124.42056,47.47545],[-124.41706,47.47884],[-124.41706,47.48154],[-124.42173,47.4998],[-124.42199,47.4998],[-124.42955,47.53295],[-124.43097,47.53294],[-124.43115,47.53363],[-124.43379,47.54298],[-124.43557,47.55194],[-124.43684,47.5567],[-124.43904,47.56473],[-124.44002,47.56904],[-124.4423,47.57113],[-124.44375,47.57257],[-124.44512,47.57405],[-124.44642,47.57555],[-124.44822,47.57787],[-124.44976,47.58015],[-124.45073,47.58177],[-124.45163,47.5834],[-124.45244,47.58506],[-124.45316,47.58673],[-124.4538,47.58842],[-124.45435,47.59013],[-124.45459,47.59098],[-124.45501,47.59271],[-124.45534,47.59444],[-124.45556,47.59617],[-124.45572,47.59791],[-124.45578,47.59966],[-124.45575,47.6014],[-124.45563,47.60314],[-124.45542,47.60488],[-124.45512,47.60661],[-124.45613,47.60827],[-124.45705,47.6099],[-124.45788,47.61155],[-124.45827,47.61238],[-124.45898,47.61406],[-124.4596,47.61575],[-124.46036,47.61831],[-124.46076,47.62004],[-124.46116,47.62235],[-124.4614,47.62496],[-124.4632,47.62446],[-124.46441,47.62416],[-124.46563,47.62387],[-124.46808,47.62334],[-124.46932,47.6231],[-124.47166,47.62267],[-124.47292,47.62246],[-124.47387,47.62232],[-124.47417,47.62227],[-124.47544,47.6221],[-124.47661,47.62195],[-124.47798,47.62179],[-124.47925,47.62166],[-124.48053,47.62155],[-124.48181,47.62145],[-124.4831,47.62136],[-124.48438,47.62129],[-124.48567,47.62124],[-124.48696,47.6212],[-124.48954,47.62117],[-124.49083,47.62117],[-124.49341,47.62123],[-124.49469,47.62128],[-124.49724,47.62137],[-124.49853,47.62144],[-124.49981,47.62152],[-124.50109,47.62162],[-124.50237,47.62174],[-124.50288,47.62179],[-124.50316,47.62182],[-124.50365,47.62187],[-124.50492,47.62201],[-124.5051,47.62204],[-124.50619,47.62217],[-124.50745,47.62235],[-124.50871,47.62254],[-124.50997,47.62274],[-124.51246,47.6232],[-124.51492,47.62371],[-124.51614,47.62399],[-124.51736,47.62428],[-124.51857,47.62458],[-124.51978,47.62491],[-124.52214,47.62559],[-124.52448,47.62633],[-124.52678,47.62712],[-124.52861,47.62781],[-124.53014,47.62841],[-124.53233,47.62934],[-124.53448,47.6303],[-124.53656,47.63132],[-124.53758,47.63185],[-124.53859,47.6324],[-124.53959,47.63295],[-124.54056,47.63352],[-124.54153,47.6341],[-124.54248,47.63469],[-124.54342,47.63529],[-124.54524,47.63653],[-124.54612,47.63716],[-124.54703,47.63783],[-124.54785,47.63846],[-124.5495,47.6398],[-124.5503,47.64048],[-124.55226,47.64217],[-124.55302,47.64287],[-124.55377,47.64358],[-124.55463,47.64443],[-124.55591,47.64576],[-124.55658,47.64651],[-124.55788,47.64802],[-124.55909,47.64956],[-124.55967,47.65034],[-124.56076,47.65192],[-124.56127,47.65272],[-124.56224,47.65434],[-124.56269,47.65515],[-124.56353,47.6568],[-124.56429,47.65847],[-124.56496,47.66015],[-124.56554,47.66185],[-124.56616,47.664],[-124.56653,47.66573],[-124.56682,47.66746],[-124.56711,47.6698],[-124.56724,47.67154],[-124.56728,47.67329],[-124.56723,47.67503],[-124.5671,47.67677],[-124.56687,47.67851],[-124.56655,47.68024],[-124.56615,47.68196],[-124.56565,47.68367],[-124.56507,47.68537],[-124.5644,47.68706],[-124.56364,47.68872],[-124.56247,47.69098],[-124.56153,47.6926],[-124.56051,47.69421],[-124.55941,47.69578],[-124.55822,47.69733],[-124.55696,47.69885],[-124.55562,47.70035],[-124.5542,47.7018],[-124.55342,47.70295],[-124.55235,47.70454],[-124.55119,47.7061],[-124.5502,47.70732],[-124.54955,47.70807],[-124.54819,47.70955],[-124.54749,47.71028],[-124.54676,47.71101],[-124.54525,47.71242],[-124.54367,47.7138],[-124.54286,47.71448],[-124.54117,47.7158],[-124.5403,47.71645],[-124.54189,47.71738],[-124.54325,47.71821],[-124.5451,47.71943],[-124.5469,47.72068],[-124.54862,47.72198],[-124.54946,47.72264],[-124.55028,47.72332],[-124.55108,47.724],[-124.55187,47.72469],[-124.55263,47.7254],[-124.55338,47.72611],[-124.55415,47.72687],[-124.55482,47.72755],[-124.55619,47.72903],[-124.55748,47.73055],[-124.55812,47.73136],[-124.55869,47.73209],[-124.55926,47.73287],[-124.55982,47.73366],[-124.56035,47.73445],[-124.56087,47.73525],[-124.56136,47.73606],[-124.56183,47.73687],[-124.56228,47.73769],[-124.56312,47.73934],[-124.56387,47.741],[-124.56422,47.74184],[-124.56637,47.74383],[-124.56783,47.74527],[-124.56921,47.74674],[-124.57051,47.74825],[-124.57113,47.74902],[-124.57247,47.75078],[-124.57302,47.75157],[-124.57355,47.75236],[-124.57406,47.75316],[-124.57456,47.75397],[-124.57503,47.75478],[-124.57548,47.7556],[-124.5759,47.75642],[-124.5783,47.75746],[-124.57937,47.75795],[-124.58042,47.75846],[-124.58146,47.75898],[-124.58249,47.75951],[-124.5845,47.7606],[-124.58549,47.76117],[-124.58646,47.76174],[-124.58742,47.76233],[-124.58928,47.76354],[-124.59108,47.76479],[-124.59281,47.76608],[-124.59529,47.7681],[-124.5976,47.7702],[-124.59905,47.77164],[-124.60043,47.77312],[-124.60173,47.77463],[-124.60337,47.77671],[-124.60448,47.77829],[-124.6055,47.77989],[-124.60644,47.78151],[-124.60729,47.78316],[-124.60809,47.78485],[-124.61019,47.78625],[-124.61197,47.78752],[-124.61451,47.7895],[-124.61689,47.79157],[-124.61846,47.79309],[-124.61988,47.79455],[-124.62122,47.79604],[-124.62318,47.79842],[-124.62442,47.79926],[-124.62531,47.7999],[-124.62618,47.80054],[-124.62703,47.8012],[-124.62786,47.80187],[-124.62868,47.80254],[-124.63026,47.80392],[-124.63103,47.80463],[-124.63178,47.80534],[-124.63321,47.80679],[-124.63457,47.80827],[-124.63522,47.80903],[-124.63585,47.80979],[-124.63647,47.81056],[-124.63706,47.81133],[-124.63763,47.81212],[-124.63818,47.8129],[-124.63871,47.8137],[-124.63971,47.81531],[-124.64018,47.81612],[-124.64105,47.81776],[-124.64184,47.81942],[-124.64362,47.82014],[-124.64472,47.8206],[-124.64689,47.82155],[-124.64901,47.82256],[-124.65107,47.82361],[-124.65406,47.82528],[-124.65784,47.82766],[-124.661,47.82994],[-124.66221,47.83088],[-124.66308,47.8316],[-124.66383,47.83224],[-124.66539,47.83363],[-124.67016,47.83525],[-124.67241,47.83612],[-124.67569,47.83752],[-124.67898,47.83872],[-124.6801,47.83916],[-124.68063,47.83938],[-124.68121,47.83962],[-124.68338,47.84056],[-124.68445,47.84105],[-124.68655,47.84208],[-124.6886,47.84315],[-124.69059,47.84427],[-124.69156,47.84484],[-124.69251,47.84543],[-124.69346,47.84603],[-124.69395,47.84635],[-124.69438,47.84664],[-124.69529,47.84726],[-124.69619,47.84789],[-124.69707,47.84853],[-124.69877,47.84984],[-124.70041,47.85119],[-124.70197,47.85259],[-124.70418,47.85474],[-124.70556,47.85621],[-124.70686,47.85772],[-124.70808,47.85926],[-124.70922,47.86082],[-124.71029,47.86241],[-124.71126,47.86403],[-124.71216,47.86567],[-124.71296,47.86732],[-124.71369,47.869],[-124.7146,47.87154],[-124.71487,47.87239],[-124.7151,47.87325],[-124.71532,47.87411],[-124.71552,47.87497],[-124.71602,47.87651],[-124.71631,47.87749],[-124.71653,47.87835],[-124.71715,47.879],[-124.7144,47.87902],[-124.71467,47.87942],[-124.71502,47.87986],[-124.71564,47.88065],[-124.71639,47.88145],[-124.7169,47.88222],[-124.71746,47.88345],[-124.71828,47.88468],[-124.71939,47.88588],[-124.7203,47.88701],[-124.72086,47.8883],[-124.72216,47.88874],[-124.72306,47.88893],[-124.72426,47.88929],[-124.72501,47.88952],[-124.72567,47.88984],[-124.72596,47.88998],[-124.72687,47.89061],[-124.72802,47.89111],[-124.72907,47.8916],[-124.73002,47.8921],[-124.73138,47.89292],[-124.73243,47.89348],[-124.73349,47.89421],[-124.73434,47.89458],[-124.73529,47.89507],[-124.7363,47.89577],[-124.7377,47.89646],[-124.73851,47.89702],[-124.73891,47.89721],[-124.73966,47.89755],[-124.74092,47.89861],[-124.74202,47.89934],[-124.74298,47.9],[-124.74305,47.90009],[-124.74376,47.90075],[-124.74589,47.90276],[-124.7466,47.90343],[-124.74896,47.90566],[-124.75133,47.90789],[-124.75133,47.90787],[-124.75379,47.91052],[-124.75497,47.91267],[-124.7561,47.91465],[-124.75717,47.91653],[-124.75805,47.91804],[-124.75917,47.92115],[-124.75985,47.92337],[-124.76008,47.92571],[-124.76061,47.92729],[-124.7602,47.92916],[-124.76033,47.93127],[-124.76016,47.93405],[-124.75964,47.93578],[-124.75923,47.93822],[-124.75876,47.9409],[-124.7583,47.94241],[-124.75819,47.94398],[-124.75844,47.94412],[-124.75972,47.94485],[-124.76264,47.9458],[-124.76587,47.94705],[-124.76844,47.94807],[-124.77122,47.94935],[-124.77409,47.95073],[-124.77687,47.95208],[-124.77958,47.9541],[-124.78162,47.95508],[-124.78252,47.95566],[-124.7836,47.95636],[-124.78572,47.95767],[-124.78755,47.95888],[-124.78948,47.96076],[-124.79116,47.9617],[-124.79274,47.96338],[-124.79392,47.96496],[-124.7952,47.96651],[-124.79628,47.96848],[-124.79796,47.97073],[-124.79904,47.97254],[-124.80011,47.97519],[-124.80079,47.97727],[-124.80143,47.97918],[-124.80176,47.98142],[-124.8023,47.98256],[-124.80268,47.98491],[-124.80321,47.98675],[-124.80339,47.98866],[-124.80337,47.99154],[-124.80325,47.99401],[-124.80276,47.99979],[-124.80106,48.00393],[-124.80136,48.00591],[-124.80091,48.00846],[-124.79906,48.01485],[-124.797,48.01794],[-124.79719,48.01852],[-124.79885,48.02361],[-124.7998,48.03016],[-124.80078,48.03568],[-124.80115,48.03781],[-124.79925,48.04412],[-124.79664,48.04947],[-124.79253,48.05528],[-124.7861,48.06133],[-124.78605,48.06314],[-124.78775,48.06831],[-124.788,48.07597],[-124.78707,48.08308],[-124.78705,48.08329],[-124.78519,48.08711],[-124.7897,48.09087],[-124.79276,48.09444],[-124.79441,48.09637],[-124.79492,48.09697],[-124.80034,48.10486],[-124.8039,48.11429],[-124.80923,48.11754],[-124.81626,48.12176],[-124.81925,48.12478],[-124.82405,48.12931],[-124.82769,48.13475],[-124.83159,48.14265],[-124.83267,48.14772],[-124.83918,48.15289],[-124.84313,48.15843],[-124.847,48.16772],[-124.84854,48.174],[-124.84897,48.18137],[-124.84825,48.1882],[-124.84567,48.19489],[-124.84131,48.2002],[-124.83821,48.20402],[-124.83234,48.20943],[-124.82768,48.21383],[-124.82145,48.21759],[-124.81397,48.221],[-124.80501,48.22432],[-124.79505,48.22672],[-124.7867,48.22821],[-124.7805,48.22858],[-124.78451,48.23574],[-124.78943,48.24413],[-124.79024,48.24635],[-124.79045,48.24767],[-124.79092,48.24978],[-124.79086,48.25302],[-124.79008,48.25971],[-124.78874,48.26637],[-124.78641,48.27229],[-124.78395,48.27533],[-124.78115,48.27878],[-124.77691,48.28359],[-124.76875,48.29024],[-124.76139,48.29569],[-124.76403,48.29993],[-124.76727,48.30514],[-124.76925,48.31029],[-124.77123,48.31604],[-124.77044,48.32354],[-124.77149,48.32408],[-124.77776,48.32758],[-124.78614,48.33188],[-124.78838,48.33454],[-124.79073,48.33713],[-124.79664,48.34413],[-124.80053,48.34998],[-124.80377,48.35694],[-124.80339,48.36299],[-124.80635,48.36555],[-124.8101,48.36999],[-124.8125,48.37478],[-124.81326,48.37722],[-124.81505,48.38136],[-124.81699,48.38548],[-124.81791,48.391],[-124.81793,48.39442],[-124.81726,48.39839],[-124.81482,48.40592],[-124.81251,48.41064],[-124.80919,48.4155],[-124.80773,48.41755],[-124.80117,48.42324],[-124.7939,48.42843],[-124.78856,48.43217],[-124.77358,48.43852],[-124.76495,48.44154],[-124.75705,48.44344],[-124.75136,48.44453],[-124.74619,48.44545],[-124.74604,48.44554],[-124.74584,48.44566],[-124.74607,48.44583],[-124.74621,48.44593],[-124.74765,48.44707],[-124.75136,48.44862],[-124.75468,48.4513],[-124.76033,48.45543],[-124.76528,48.46056],[-124.76922,48.4668],[-124.77226,48.47381],[-124.77263,48.48012],[-124.77208,48.48612],[-124.77018,48.49195],[-124.76837,48.4954],[-124.76303,48.49978],[-124.76297,48.49978],[-124.75136,48.49978],[-124.75136,48.49977],[-124.75,48.49977],[-124.74974,48.49978],[-124.74971,48.49977],[-124.74754,48.49919],[-124.73086,48.49467],[-124.72725,48.49344],[-124.71487,48.49009],[-124.70249,48.48673],[-124.69012,48.48338],[-124.68995,48.48333],[-124.67775,48.48002],[-124.66538,48.47666],[-124.65301,48.4733],[-124.64064,48.46993],[-124.63351,48.468],[-124.62827,48.46657],[-124.62616,48.46599],[-124.61591,48.4632],[-124.60354,48.45984],[-124.59916,48.45864],[-124.59118,48.45647],[-124.57882,48.4531],[-124.56647,48.44973],[-124.55411,48.44636],[-124.55247,48.44591],[-124.54378,48.44354],[-124.54175,48.44298],[-124.5294,48.43961],[-124.52247,48.43771],[-124.51705,48.43623],[-124.5047,48.43285],[-124.49948,48.43143],[-124.49235,48.42948],[-124.48001,48.4261],[-124.46766,48.42271],[-124.45532,48.41933],[-124.44298,48.41595],[-124.43347,48.41334],[-124.43064,48.41256],[-124.4183,48.40917],[-124.40596,48.40579],[-124.39363,48.4024],[-124.38129,48.39901],[-124.36896,48.39561],[-124.36102,48.39343],[-124.35663,48.39222],[-124.34435,48.38884],[-124.33198,48.38543],[-124.31965,48.38203],[-124.30733,48.37863],[-124.29927,48.37641],[-124.29501,48.37523],[-124.28269,48.37183],[-124.27037,48.36843],[-124.264,48.36667],[-124.25805,48.36503],[-124.2518,48.3633],[-124.24945,48.36265],[-124.24573,48.36162],[-124.23342,48.35822],[-124.22111,48.35481],[-124.2088,48.3514],[-124.19649,48.34799],[-124.18418,48.34457],[-124.17188,48.34116],[-124.15957,48.33775],[-124.14727,48.33433],[-124.13497,48.33091],[-124.12267,48.3275],[-124.11038,48.32408],[-124.09808,48.32065],[-124.08579,48.31723],[-124.07349,48.31381],[-124.0612,48.31038],[-124.04891,48.30696],[-124.04565,48.30605],[-124.03663,48.30353],[-124.02434,48.3001],[-124.01206,48.29667],[-123.99924,48.29451],[-123.98642,48.29235],[-123.9736,48.29018],[-123.96078,48.28802],[-123.94796,48.28585],[-123.93515,48.28368],[-123.92233,48.28151],[-123.90952,48.27934],[-123.89671,48.27716],[-123.8839,48.27499],[-123.87108,48.27281],[-123.85827,48.27063],[-123.84547,48.26845],[-123.83266,48.26627],[-123.81986,48.26409],[-123.80705,48.26191],[-123.79425,48.25972],[-123.78144,48.25754],[-123.76864,48.25535],[-123.75584,48.25316],[-123.75109,48.25235],[-123.74304,48.25097],[-123.73815,48.25013],[-123.73193,48.24907],[-123.73024,48.24878],[-123.71745,48.24659],[-123.70465,48.24439],[-123.70174,48.24389],[-123.69186,48.2422],[-123.68161,48.24043],[-123.67906,48.24],[-123.67353,48.23938],[-123.66653,48.2386],[-123.65664,48.2375],[-123.65399,48.2372],[-123.64146,48.2358],[-123.62893,48.2344],[-123.61639,48.233],[-123.60386,48.23159],[-123.59133,48.23019],[-123.58507,48.22949],[-123.5788,48.22878],[-123.56814,48.22758],[-123.56627,48.22737],[-123.5591,48.22657],[-123.55374,48.22596],[-123.54122,48.22455],[-123.5285,48.22715],[-123.52102,48.22868],[-123.51578,48.22975],[-123.50306,48.23235],[-123.49035,48.23495],[-123.47763,48.23754],[-123.46778,48.23955],[-123.4649,48.24014],[-123.45218,48.24273],[-123.43946,48.24532],[-123.42673,48.24791],[-123.41955,48.24937],[-123.41854,48.24958],[-123.41771,48.24975],[-123.4174,48.24981],[-123.41451,48.2504],[-123.414,48.2505],[-123.40559,48.25221],[-123.40462,48.25241],[-123.40223,48.25289],[-123.40177,48.25298],[-123.40127,48.25308],[-123.40098,48.25315],[-123.39771,48.25381],[-123.39769,48.25381],[-123.38854,48.25567],[-123.38566,48.25626],[-123.38359,48.25668],[-123.37581,48.25825],[-123.37014,48.25941],[-123.36308,48.26084],[-123.35707,48.26206],[-123.35035,48.26342],[-123.34914,48.26366],[-123.33761,48.266],[-123.32488,48.26858],[-123.31813,48.26994],[-123.31214,48.27115],[-123.2994,48.27373],[-123.29657,48.2743],[-123.28666,48.2763],[-123.28573,48.27649],[-123.27392,48.27888],[-123.26698,48.28028],[-123.26118,48.28145],[-123.25356,48.28298],[-123.24844,48.28402],[-123.24792,48.28456],[-123.24751,48.28498],[-123.24735,48.28514],[-123.24495,48.28766],[-123.24144,48.29133],[-123.23444,48.29864],[-123.22744,48.30595],[-123.22043,48.31325],[-123.21343,48.32056],[-123.20642,48.32787],[-123.20262,48.33184],[-123.19941,48.33518],[-123.1924,48.34248],[-123.18914,48.34588],[-123.18539,48.34979],[-123.17837,48.3571],[-123.17469,48.36092],[-123.17135,48.3644],[-123.16433,48.37171],[-123.16253,48.37358],[-123.16134,48.37482],[-123.1613,48.37486],[-123.16125,48.37491],[-123.1612,48.37496],[-123.15731,48.37901],[-123.15125,48.38532],[-123.14418,48.39266],[-123.13623,48.40092],[-123.13251,48.40479],[-123.12921,48.40823],[-123.12629,48.41125],[-123.12217,48.41553],[-123.11956,48.41824],[-123.11808,48.41978],[-123.11652,48.4214],[-123.11544,48.42252],[-123.11514,48.42283],[-123.11546,48.42305],[-123.11706,48.42414],[-123.12194,48.42749],[-123.12354,48.42859],[-123.1241,48.42898],[-123.12569,48.43007],[-123.12622,48.43043],[-123.13304,48.43511],[-123.14923,48.44621],[-123.14943,48.44634],[-123.15334,48.44903],[-123.15448,48.44981],[-123.15473,48.44998],[-123.15987,48.45351],[-123.16002,48.45373],[-123.1602,48.45403],[-123.16557,48.4627],[-123.1697,48.46938],[-123.17462,48.47731],[-123.17953,48.48525],[-123.18204,48.48929],[-123.18445,48.49318],[-123.18804,48.49897],[-123.18807,48.49902],[-123.18821,48.49924],[-123.18825,48.4993],[-123.18829,48.49937],[-123.18832,48.49941],[-123.18836,48.49947],[-123.18937,48.50111],[-123.19429,48.50905],[-123.19922,48.51698],[-123.20414,48.52491],[-123.20795,48.53104],[-123.20849,48.53191],[-123.20907,48.53285],[-123.21401,48.54077],[-123.21804,48.54727],[-123.21893,48.54871],[-123.21896,48.5488],[-123.2228,48.56023],[-123.22321,48.56145],[-123.22741,48.57394],[-123.22931,48.57957],[-123.23043,48.58289],[-123.2322,48.58819],[-123.2333,48.59144],[-123.23617,48.59999],[-123.23905,48.60854],[-123.24193,48.61708],[-123.2434,48.62146],[-123.24433,48.62421],[-123.24481,48.62563],[-123.24669,48.6312],[-123.24769,48.63417],[-123.2489,48.63776],[-123.24983,48.64053],[-123.25055,48.64269],[-123.25345,48.65127],[-123.25464,48.65479],[-123.25466,48.65484],[-123.25633,48.65981],[-123.2576,48.66357],[-123.26523,48.68617],[-123.26788,48.69399],[-123.26008,48.6962],[-123.25554,48.69749],[-123.25166,48.69859],[-123.24855,48.69947],[-123.24321,48.70098],[-123.23087,48.70447],[-123.21853,48.70796],[-123.20619,48.71145],[-123.19384,48.71494],[-123.1815,48.71843],[-123.16915,48.72191],[-123.1568,48.7254],[-123.14445,48.72888],[-123.1347,48.73163],[-123.1321,48.73236],[-123.12601,48.73408],[-123.12583,48.73413],[-123.12559,48.73419],[-123.12526,48.73429],[-123.12021,48.73571],[-123.11975,48.73584],[-123.11444,48.73733],[-123.10739,48.73932],[-123.09969,48.74148],[-123.09503,48.7428],[-123.08267,48.74627],[-123.07031,48.74974],[-123.07014,48.74979],[-123.05848,48.75307],[-123.05795,48.75322],[-123.04559,48.75669],[-123.03322,48.76016],[-123.02085,48.76363],[-123.00849,48.7671],[-123.00848,48.80523],[-123.00848,48.82077],[-123.00848,48.82159],[-123.00848,48.82712],[-123.00848,48.82727],[-123.00848,48.82979],[-123.00849,48.83122],[-123.00934,48.83168],[-123.01891,48.83693],[-123.02477,48.84014],[-123.05773,48.85817],[-123.06063,48.85975],[-123.07107,48.86546],[-123.0815,48.87116],[-123.09194,48.87686],[-123.10239,48.88256],[-123.11283,48.88826],[-123.12328,48.89396],[-123.13373,48.89966],[-123.14418,48.90536],[-123.15464,48.91106],[-123.16509,48.91675],[-123.17556,48.92245],[-123.18602,48.92814],[-123.19648,48.93383],[-123.20695,48.93953],[-123.21742,48.94522],[-123.22789,48.95091],[-123.23836,48.95659],[-123.24884,48.96228],[-123.25932,48.96797],[-123.2698,48.97366],[-123.28028,48.97934],[-123.29077,48.98503],[-123.30126,48.99071],[-123.31175,48.99639],[-123.32224,49.00207],[-123.30867,49.00208],[-123.295,49.0021],[-123.28138,49.0021],[-123.26776,49.00211],[-123.25414,49.00212],[-123.24052,49.00212],[-123.2269,49.00212],[-123.21328,49.00212],[-123.19966,49.00212],[-123.18604,49.00212],[-123.17242,49.00212],[-123.1588,49.00211],[-123.14518,49.0021],[-123.13156,49.00209],[-123.11794,49.00208],[-123.10432,49.00207],[-123.0945,49.00206],[-123.0906,49.00206],[-123.08935,49.00206],[-123.0753,49.00207],[-123.06804,49.00207],[-123.06132,49.00207],[-123.04974,49.00207],[-123.03816,49.00208],[-123.03791,49.00208],[-123.03624,49.00208],[-123.03529,49.00208],[-123.02955,49.00209],[-123.02006,49.0021],[-123.01977,49.0021],[-123.01315,49.00211],[-123.01254,49.00211],[-123.00539,49.00211],[-122.99639,49.00212],[-122.9831,49.00213],[-122.96982,49.00214],[-122.95653,49.00215],[-122.94325,49.00216],[-122.92996,49.00216],[-122.92187,49.00217],[-122.86715,49.00217],[-122.85876,49.00216],[-122.85469,49.00216],[-122.84688,49.00216],[-122.83183,49.00215],[-122.825,49.00215],[-122.81196,49.00214],[-122.80313,49.00213],[-122.79902,49.00213],[-122.7877,49.00212],[-122.78699,49.00212],[-122.78395,49.00212],[-122.77928,49.00211],[-122.77854,49.00211],[-122.77839,49.00211],[-122.77821,49.00211],[-122.77298,49.00211],[-122.77087,49.0021],[-122.76767,49.0021],[-122.76757,49.0021],[-122.76737,49.0021],[-122.76517,49.0021],[-122.76471,49.0021],[-122.75971,49.00209],[-122.75785,49.00209],[-122.75748,49.00209],[-122.75714,49.00209],[-122.75704,49.00209],[-122.75599,49.00209],[-122.75438,49.00209],[-122.75128,49.00209],[-122.74906,49.00209],[-122.7489,49.00209],[-122.74749,49.00209],[-122.74399,49.00209],[-122.74392,49.00209],[-122.7425,49.0021],[-122.74225,49.00209],[-122.74201,49.00209],[-122.73963,49.00209],[-122.73931,49.00209],[-122.73847,49.00209],[-122.7383,49.00209],[-122.73817,49.00209],[-122.73796,49.00209],[-122.7362,49.00209],[-122.73567,49.00209],[-122.73552,49.00209],[-122.73534,49.00209],[-122.73509,49.00209],[-122.73468,49.00209],[-122.7305,49.00209],[-122.72595,49.0021],[-122.7242,49.0021],[-122.72396,49.0021],[-122.72224,49.0021],[-122.71399,49.0021],[-122.70541,49.00211],[-122.70535,49.00211],[-122.69112,49.00212],[-122.68339,49.00212],[-122.67338,49.00213],[-122.66909,49.00213],[-122.6613,49.00213],[-122.65917,49.00214],[-122.65576,49.00214],[-122.65153,49.00214],[-122.6472,49.00215],[-122.64012,49.00215],[-122.63925,49.00215],[-122.62742,49.00216],[-122.62524,49.00216],[-122.61571,49.00216],[-122.6094,49.00216],[-122.60558,49.00217],[-122.60214,49.00217],[-122.59106,49.00218],[-122.57998,49.0022],[-122.56955,49.0022],[-122.5591,49.00221],[-122.55071,49.00222],[-122.53987,49.00222],[-122.52916,49.00224],[-122.52377,49.00224],[-122.51512,49.00225],[-122.50604,49.00225],[-122.49696,49.00226],[-122.48499,49.00227],[-122.47626,49.00227],[-122.47388,49.00228],[-122.47369,49.00228],[-122.46301,49.00229],[-122.45087,49.0023],[-122.43817,49.00231],[-122.42657,49.00231],[-122.41574,49.00231],[-122.4078,49.00232],[-122.4064,49.00232],[-122.40491,49.00232],[-122.39218,49.00232],[-122.3829,49.00233],[-122.37188,49.00234],[-122.36316,49.00234],[-122.36085,49.00234],[-122.35117,49.00235],[-122.3447,49.00236],[-122.33877,49.00236],[-122.32883,49.00237],[-122.31922,49.00237],[-122.319,49.00237],[-122.30636,49.00238],[-122.29692,49.00239],[-122.29351,49.00239],[-122.29114,49.00239],[-122.29069,49.00239],[-122.28572,49.00239],[-122.28564,49.00239],[-122.28508,49.00239],[-122.27263,49.00239],[-122.27008,49.0024],[-122.26956,49.00241],[-122.26731,49.00241],[-122.26689,49.00241],[-122.2667,49.00241],[-122.26631,49.00241],[-122.26496,49.00241],[-122.26481,49.00241],[-122.26374,49.00241],[-122.26277,49.00241],[-122.25181,49.00242],[-122.25138,49.00242],[-122.25118,49.00242],[-122.24256,49.00243],[-122.23255,49.00243],[-122.23251,49.00243],[-122.23246,49.00243],[-122.23234,49.00243],[-122.22326,49.00244],[-122.21575,49.00244],[-122.20848,49.00244],[-122.20121,49.00244],[-122.19466,49.00244],[-122.18581,49.00243],[-122.18395,49.00243],[-122.17235,49.00243],[-122.16429,49.00243],[-122.16063,49.00243],[-122.16048,49.00243],[-122.16,49.00243],[-122.15986,49.00243],[-122.15971,49.00243],[-122.15055,49.00242],[-122.15034,49.00243],[-122.14817,49.00243],[-122.14489,49.00243],[-122.13625,49.00243],[-122.13612,49.00243],[-122.12832,49.00242],[-122.12717,49.00242],[-122.11666,49.00242],[-122.10983,49.00243],[-122.09805,49.00242],[-122.0853,49.00224],[-122.0838,49.00223],[-122.08259,49.00221],[-122.0618,49.00191],[-122.05979,49.00189],[-122.0495,49.00175],[-122.04899,49.00174],[-122.03891,49.0016],[-122.02847,49.00145],[-122.02417,49.00139],[-122.01954,49.00132],[-122.00916,49.00117],[-122.00754,49.00115],[-122.00305,49.00108],[-121.99555,49.00097],[-121.98356,49.0008],[-121.97157,49.00063],[-121.95953,49.00045],[-121.94946,49.0003],[-121.94712,49.00027],[-121.94072,49.00017],[-121.93545,49.00009],[-121.93372,49.00006],[-121.93278,49.00006],[-121.92737,48.99997],[-121.9191,48.99984],[-121.91676,48.99981],[-121.9135,48.99975],[-121.91122,48.99972],[-121.8991,48.99953],[-121.88698,48.99935],[-121.88448,48.99931],[-121.88188,48.99927],[-121.88153,48.99926],[-121.87486,48.99916],[-121.86275,48.99897],[-121.85063,48.99878],[-121.83713,48.99856],[-121.82961,48.99845],[-121.81718,48.99824],[-121.81014,48.99813],[-121.80919,48.99811],[-121.80847,48.9981],[-121.79749,48.99792],[-121.79408,48.99787],[-121.79368,48.99786],[-121.78648,48.99774],[-121.77407,48.99754],[-121.76939,48.99746],[-121.76449,48.99738],[-121.75957,48.9973],[-121.75322,48.9973],[-121.75072,48.9973],[-121.7432,48.99731],[-121.7425,48.99731],[-121.74105,48.9973],[-121.72374,48.99753],[-121.70688,48.99776],[-121.70028,48.99784],[-121.69853,48.99786],[-121.68961,48.99798],[-121.68844,48.998],[-121.66778,48.99827],[-121.65785,48.9984],[-121.65706,48.99841],[-121.65587,48.99843],[-121.6515,48.99848],[-121.64143,48.99863],[-121.6408,48.99863],[-121.63015,48.99878],[-121.62156,48.99888],[-121.61367,48.99897],[-121.61335,48.99898],[-121.61298,48.99898],[-121.60147,48.99906],[-121.58995,48.99913],[-121.5825,48.99917],[-121.57212,48.99923],[-121.56692,48.99926],[-121.56355,48.99929],[-121.55521,48.99934],[-121.55362,48.99935],[-121.54031,48.99943],[-121.52699,48.99951],[-121.5241,48.99952],[-121.52406,48.99952],[-121.51145,48.99957],[-121.47349,48.99973],[-121.4723,48.99974],[-121.46534,48.99976],[-121.45811,48.99979],[-121.44645,48.99984],[-121.43387,48.99988],[-121.42552,48.99991],[-121.41576,48.99995],[-121.41149,48.99995],[-121.41133,48.99995],[-121.4112,48.99995],[-121.40511,48.99995],[-121.37895,49.00032],[-121.34915,49.00072],[-121.34587,49.00077],[-121.33885,49.00086],[-121.33816,49.00087],[-121.33485,49.00092],[-121.32934,49.00091],[-121.3238,49.00091],[-121.31623,49.00091],[-121.31275,49.0009],[-121.30701,49.0009],[-121.29759,49.0009],[-121.28599,49.00087],[-121.28071,49.00086],[-121.2744,49.00084],[-121.2628,49.00081],[-121.25121,49.00078],[-121.24803,49.00077],[-121.23279,49.00072],[-121.22842,49.0007],[-121.22441,49.00069],[-121.21703,49.00066],[-121.20564,49.00062],[-121.20447,49.00061],[-121.20054,49.0006],[-121.18499,49.00055],[-121.18056,49.00053],[-121.14695,49.00041],[-121.12496,49.00033],[-121.12021,49.00032],[-121.11896,49.00031],[-121.10696,49.00027],[-121.09495,49.00022],[-121.09451,49.00022],[-121.09393,49.00022],[-121.09002,49.00021],[-121.08388,49.00022],[-121.07325,49.00022],[-121.06689,49.00022],[-121.06571,49.00022],[-121.06313,49.00022],[-121.06262,49.00022],[-121.059,49.00022],[-121.05326,49.00023],[-121.03701,49.00025],[-121.03121,49.00025],[-121.02078,49.00026],[-121.01946,49.00027],[-121.00121,49.00028],[-120.98913,49.00029],[-120.97902,49.0003],[-120.95442,49.00031],[-120.9497,49.00031],[-120.94944,49.00031],[-120.92148,49.00031],[-120.91055,49.00032],[-120.89811,49.00032],[-120.88567,49.00031],[-120.88401,49.00031],[-120.87609,49.0003],[-120.87151,49.00031],[-120.87146,49.00031],[-120.85211,49.0003],[-120.85196,49.0003],[-120.85162,49.0003],[-120.85153,49.0003],[-120.85134,49.0003],[-120.847,49.0003],[-120.84481,49.0003],[-120.84163,49.0003],[-120.83736,49.00029],[-120.81289,49.00028],[-120.8035,49.00027],[-120.80337,49.00027],[-120.80265,49.00027],[-120.80212,49.00027],[-120.80084,49.00027],[-120.80023,49.00027],[-120.8001,49.00027],[-120.80008,49.00027],[-120.79836,49.00026],[-120.78142,49.00025],[-120.77679,49.00024],[-120.76441,49.00023],[-120.76161,49.00022],[-120.75481,49.00021],[-120.75125,49.00021],[-120.73769,49.00019],[-120.73282,49.00018],[-120.71664,49.00016],[-120.71659,49.00016],[-120.71083,49.00015],[-120.70948,49.00015],[-120.69988,49.00013],[-120.6936,49.00012],[-120.68884,49.00011],[-120.68458,49.0001],[-120.68093,49.0001],[-120.67128,49.0001],[-120.66957,49.0001],[-120.66828,49.0001],[-120.65023,49.00019],[-120.64667,49.0002],[-120.64523,49.00021],[-120.64218,49.00022],[-120.6325,49.00027],[-120.63242,49.00027],[-120.62847,49.00029],[-120.62626,49.0003],[-120.62621,49.0003],[-120.61951,49.00033],[-120.61619,49.00034],[-120.61582,49.00034],[-120.60652,49.00038],[-120.60269,49.0004],[-120.58431,49.00047],[-120.57192,49.00052],[-120.55948,49.00057],[-120.55635,49.00057],[-120.55628,49.00057],[-120.55605,49.00057],[-120.55535,49.00057],[-120.55512,49.00057],[-120.55508,49.00057],[-120.55331,49.00057],[-120.55174,49.00057],[-120.54751,49.00057],[-120.54715,49.00057],[-120.53673,49.00057],[-120.52491,49.00057],[-120.52331,49.00057],[-120.5191,49.00056],[-120.5154,49.00056],[-120.51536,49.00056],[-120.51421,49.00056],[-120.51097,49.00056],[-120.50931,49.00056],[-120.50137,49.00055],[-120.49958,49.00055],[-120.49923,49.00055],[-120.49102,49.00055],[-120.48511,49.00055],[-120.4821,49.00055],[-120.47302,49.00054],[-120.47026,49.00054],[-120.4674,49.00054],[-120.46299,49.00054],[-120.45888,49.00053],[-120.45569,49.00053],[-120.45281,49.00053],[-120.44827,49.00053],[-120.43377,49.00051],[-120.43084,49.00051],[-120.42946,49.00051],[-120.42628,49.00051],[-120.41641,49.00049],[-120.41619,49.00049],[-120.4043,49.00048],[-120.4029,49.00048],[-120.38383,49.00045],[-120.38078,49.00045],[-120.37625,49.00044],[-120.37266,49.00044],[-120.36184,49.00042],[-120.35903,49.00041],[-120.35266,49.0004],[-120.34759,49.0004],[-120.3438,49.00039],[-120.33985,49.00038],[-120.33352,49.00037],[-120.32702,49.00036],[-120.32698,49.00036],[-120.32682,49.00036],[-120.3255,49.00036],[-120.32255,49.00035],[-120.31786,49.00034],[-120.30902,49.00032],[-120.30454,49.00031],[-120.29973,49.0003],[-120.29587,49.0003],[-120.29402,49.00029],[-120.28349,49.00027],[-120.27782,49.00026],[-120.27778,49.00026],[-120.27772,49.00026],[-120.27388,49.00025],[-120.26187,49.00022],[-120.25282,49.00019],[-120.24894,49.00018],[-120.24213,49.00016],[-120.23979,49.00016],[-120.23953,49.00016],[-120.23084,49.00013],[-120.22467,49.00012],[-120.22314,49.00011],[-120.21257,49.00008],[-120.20885,49.00007],[-120.18686,49.0],[-120.18184,48.99999],[-120.17294,48.99996],[-120.16871,48.99994],[-120.16487,48.99993],[-120.15621,48.9999],[-120.1542,48.9999],[-120.14817,48.99988],[-120.14625,48.99987],[-120.14526,48.99987],[-120.14288,48.99986],[-120.14256,48.99986],[-120.14226,48.99986],[-120.14176,48.99986],[-120.14169,48.99986],[-120.13668,48.99984],[-120.13493,48.99983],[-120.12621,48.9998],[-120.12347,48.99979],[-120.12175,48.99979],[-120.11666,48.99977],[-120.11637,48.99976],[-120.11345,48.99975],[-120.10148,48.99971],[-120.09998,48.9997],[-120.09503,48.99968],[-120.08456,48.99964],[-120.08026,48.99963],[-120.07949,48.99962],[-120.07527,48.99961],[-120.07438,48.9996],[-120.07132,48.99959],[-120.07032,48.99958],[-120.06538,48.99956],[-120.06532,48.99956],[-120.05971,48.99954],[-120.05937,48.99954],[-120.05896,48.99954],[-120.0575,48.99953],[-120.04812,48.99949],[-120.04595,48.99948],[-120.04568,48.99948],[-120.04396,48.99948],[-120.03902,48.99945],[-120.03729,48.99945],[-120.03638,48.99945],[-120.03582,48.99945],[-120.03551,48.99945],[-120.03543,48.99945],[-120.03531,48.99945],[-120.03247,48.99945],[-120.03117,48.99945],[-120.031,48.99945],[-120.02438,48.99945],[-120.02286,48.99946],[-120.02093,48.99946],[-120.01752,48.99946],[-120.01344,48.99947],[-120.00996,48.99948],[-120.00535,48.99948],[-120.00251,48.99949],[-120.00121,48.99949],[-119.99389,48.99952],[-119.98043,48.99956],[-119.97653,48.99957],[-119.97182,48.99959],[-119.96547,48.99961],[-119.96538,48.99961],[-119.96297,48.99962],[-119.96287,48.99962],[-119.96276,48.99962],[-119.96151,48.99962],[-119.95951,48.99963],[-119.95735,48.99963],[-119.94971,48.99966],[-119.94532,48.99967],[-119.94081,48.99968],[-119.93732,48.99969],[-119.93531,48.9997],[-119.93209,48.99971],[-119.92762,48.99972],[-119.92241,48.99973],[-119.92015,48.99974],[-119.91964,48.99974],[-119.91926,48.99974],[-119.91249,48.99976],[-119.90569,48.99978],[-119.89206,48.99981],[-119.88592,48.99983],[-119.88376,48.99983],[-119.88366,48.99983],[-119.88201,48.99984],[-119.8793,48.99984],[-119.8775,48.99985],[-119.87681,48.99985],[-119.87639,48.99985],[-119.87472,48.99986],[-119.87187,48.99986],[-119.86115,48.99988],[-119.8438,48.99993],[-119.84287,48.99993],[-119.8215,48.99997],[-119.81613,48.99998],[-119.81607,48.99998],[-119.80145,49.00001],[-119.80104,49.00001],[-119.78926,49.00003],[-119.7786,49.00005],[-119.7733,49.00006],[-119.76794,49.00006],[-119.75728,49.00008],[-119.74418,49.00009],[-119.73108,49.00011],[-119.72631,49.00011],[-119.72102,49.00011],[-119.72074,49.00011],[-119.71266,49.00011],[-119.70397,49.00011],[-119.70389,49.00011],[-119.70298,49.00011],[-119.70268,49.00011],[-119.7019,49.00011],[-119.70171,49.00011],[-119.70151,49.00011],[-119.70128,49.00011],[-119.70116,49.00011],[-119.70108,49.00011],[-119.70105,49.00011],[-119.6964,49.00011],[-119.69073,49.00011],[-119.68183,49.00011],[-119.67763,49.00011],[-119.677,49.00011],[-119.67658,49.00011],[-119.67555,49.00011],[-119.67513,49.00011],[-119.6749,49.00011],[-119.67457,49.00011],[-119.67341,49.00011],[-119.67305,49.00011],[-119.67284,49.00011],[-119.67254,49.00011],[-119.67209,49.00011],[-119.67171,49.00011],[-119.67152,49.00011],[-119.67142,49.00011],[-119.67118,49.00011],[-119.67096,49.00011],[-119.67079,49.00011],[-119.66877,49.00011],[-119.66715,49.00011],[-119.66553,49.00011],[-119.66273,49.00011],[-119.66058,49.0001],[-119.65419,49.0001],[-119.64672,49.0001],[-119.63581,49.0001],[-119.62932,49.0001],[-119.62795,49.0001],[-119.62447,49.0001],[-119.6191,49.0001],[-119.61864,49.0001],[-119.61417,49.0001],[-119.60478,49.0001],[-119.59525,49.0001],[-119.59177,49.0001],[-119.58077,49.0001],[-119.57717,49.0001],[-119.5693,49.00011],[-119.55784,49.00011],[-119.55174,49.0001],[-119.55068,49.00011],[-119.54802,49.00011],[-119.54716,49.00011],[-119.54698,49.00011],[-119.54587,49.00011],[-119.5421,49.00011],[-119.54084,49.00011],[-119.53895,49.00011],[-119.53824,49.00011],[-119.5376,49.00011],[-119.53713,49.00011],[-119.53598,49.00011],[-119.53553,49.00011],[-119.53524,49.00011],[-119.53476,49.00011],[-119.53349,49.00011],[-119.53302,49.00011],[-119.53283,49.00011],[-119.53269,49.00011],[-119.5324,49.00011],[-119.5321,49.00011],[-119.53183,49.00011],[-119.53127,49.00011],[-119.52965,49.00011],[-119.52905,49.0001],[-119.52863,49.0001],[-119.52666,49.0001],[-119.52348,49.00011],[-119.51943,49.0001],[-119.51737,49.0001],[-119.51689,49.0001],[-119.51668,49.0001],[-119.51626,49.0001],[-119.51515,49.0001],[-119.51254,49.00009],[-119.51175,49.00009],[-119.5114,49.00009],[-119.51078,49.00009],[-119.50963,49.00009],[-119.5091,49.00009],[-119.50759,49.00009],[-119.5055,49.00009],[-119.5028,49.00009],[-119.50274,49.00009],[-119.50116,49.00009],[-119.49554,49.00009],[-119.47892,49.00009],[-119.47383,49.00009],[-119.47336,49.00009],[-119.47222,49.00009],[-119.46988,49.00009],[-119.46917,49.00009],[-119.46755,49.00009],[-119.46384,49.00009],[-119.46313,49.00009],[-119.46175,49.00009],[-119.46143,49.00009],[-119.46102,49.00009],[-119.45938,49.00008],[-119.45874,49.00009],[-119.45832,49.00008],[-119.45142,49.00009],[-119.44618,49.00009],[-119.44327,49.00009],[-119.4429,49.00009],[-119.44257,49.00009],[-119.44232,49.00009],[-119.44218,49.00009],[-119.4421,49.00009],[-119.43997,49.00009],[-119.43344,49.00009],[-119.43109,49.00009],[-119.43085,49.00009],[-119.43044,49.00009],[-119.42964,49.00009],[-119.42941,49.00009],[-119.42683,49.00009],[-119.42064,49.00009],[-119.40739,49.00009],[-119.4029,49.00009],[-119.39664,49.00009],[-119.39628,49.00009],[-119.3854,49.00009],[-119.38224,49.00009],[-119.36324,49.00009],[-119.34246,49.00009],[-119.34216,49.00009],[-119.34142,49.00008],[-119.3314,49.00008],[-119.32009,49.00008],[-119.31139,49.00008],[-119.3035,49.00008],[-119.30324,49.00008],[-119.29994,49.00009],[-119.28849,49.00009],[-119.28741,49.00009],[-119.27704,49.00009],[-119.26784,49.00008],[-119.26559,49.00008],[-119.25522,49.00008],[-119.24486,49.00008],[-119.23169,49.00008],[-119.22413,49.00008],[-119.21476,49.00008],[-119.2054,49.00008],[-119.19604,49.00008],[-119.1832,49.00014],[-119.18073,49.00013],[-119.18003,49.00013],[-119.17037,49.00011],[-119.15754,49.00008],[-119.14796,49.00009],[-119.13808,49.00009],[-119.13357,49.00009],[-119.12881,49.00009],[-119.11964,49.00009],[-119.11048,49.00009],[-119.10131,49.00009],[-119.09818,49.00009],[-119.09317,49.00009],[-119.08781,49.00009],[-119.0743,49.00008],[-119.0607,49.00008],[-119.04711,49.00007],[-119.03704,49.00008],[-119.02696,49.00008],[-119.01907,49.00008],[-119.01688,49.00008],[-119.00663,49.00008],[-118.99547,49.00008],[-118.98476,49.00009],[-118.97406,49.00009],[-118.9656,49.00009],[-118.95715,49.00009],[-118.95509,49.00009],[-118.94989,49.00009],[-118.94264,49.00009],[-118.93184,49.00009],[-118.92104,49.00009],[-118.91025,49.00009],[-118.90278,49.0001],[-118.8993,49.0001],[-118.89076,49.00009],[-118.88966,49.00009],[-118.88002,49.00008],[-118.8686,49.00008],[-118.8639,49.00008],[-118.85724,49.00008],[-118.84577,49.00008],[-118.83689,49.00008],[-118.83668,49.00008],[-118.83666,49.00008],[-118.83661,49.00008],[-118.83435,49.00008],[-118.82397,49.00008],[-118.81359,49.00008],[-118.81043,49.00008],[-118.80321,49.00008],[-118.79535,49.00009],[-118.78749,49.00009],[-118.77703,49.00008],[-118.77428,49.00008],[-118.77024,49.00008],[-118.76113,49.00008],[-118.75967,49.00008],[-118.75644,49.00008],[-118.75011,49.00008],[-118.74732,49.00008],[-118.74382,49.00008],[-118.73482,49.00008],[-118.72758,49.00008],[-118.7218,49.00008],[-118.71885,49.00008],[-118.71449,49.00008],[-118.70718,49.00007],[-118.69826,49.00007],[-118.69693,49.00007],[-118.69641,49.00007],[-118.69405,49.00006],[-118.68932,49.00006],[-118.68254,49.00007],[-118.68071,49.00007],[-118.68005,49.00007],[-118.66586,49.00007],[-118.6587,49.00007],[-118.63781,49.00007],[-118.63677,49.00007],[-118.62567,49.00007],[-118.62047,49.00007],[-118.61143,49.00007],[-118.61069,49.00007],[-118.60503,49.00007],[-118.60077,49.00007],[-118.59267,49.00007],[-118.57932,49.00007],[-118.57068,49.00007],[-118.54957,49.00007],[-118.53643,49.00007],[-118.53494,49.00007],[-118.52752,49.00007],[-118.52668,49.00007],[-118.50542,49.00007],[-118.50492,49.00007],[-118.50373,49.00007],[-118.50276,49.00007],[-118.5021,49.00007],[-118.50106,49.00007],[-118.49968,49.00007],[-118.49893,49.00007],[-118.49876,49.00007],[-118.49836,49.00007],[-118.49802,49.00007],[-118.49499,49.00007],[-118.49391,49.00007],[-118.49334,49.00007],[-118.49261,49.00007],[-118.49182,49.00008],[-118.48044,49.00008],[-118.46698,49.00008],[-118.45993,49.00009],[-118.45287,49.00009],[-118.44287,49.00009],[-118.43287,49.00008],[-118.42286,49.00007],[-118.41181,49.00006],[-118.40076,49.00005],[-118.38971,49.00004],[-118.37727,49.00007],[-118.37042,49.00007],[-118.367,49.00007],[-118.36488,49.00007],[-118.36468,49.00007],[-118.35123,49.00007],[-118.33822,49.00007],[-118.33626,49.00007],[-118.3252,49.00007],[-118.31241,49.00007],[-118.31043,49.00007],[-118.30002,49.00006],[-118.28682,49.00005],[-118.27382,49.00006],[-118.26081,49.00006],[-118.24781,49.00007],[-118.2391,49.00007],[-118.2304,49.00007],[-118.2246,49.00007],[-118.22441,49.00007],[-118.22406,49.00007],[-118.22394,49.00007],[-118.22377,49.00007],[-118.22344,49.00007],[-118.22298,49.00007],[-118.22257,49.00007],[-118.2178,49.00007],[-118.20759,49.00007],[-118.19737,49.00007],[-118.19719,49.00007],[-118.19699,49.00007],[-118.19693,49.00007],[-118.19689,49.00007],[-118.19621,49.00007],[-118.17525,49.00007],[-118.17322,49.00007],[-118.14484,49.0001],[-118.13525,49.00012],[-118.1271,49.00012],[-118.10551,49.00014],[-118.10085,49.00015],[-118.08574,49.00017],[-118.08412,49.00017],[-118.08368,49.00017],[-118.08281,49.00018],[-118.08222,49.00018],[-118.07967,49.00018],[-118.07018,49.00019],[-118.06727,49.0002],[-118.06702,49.0002],[-118.06688,49.0002],[-118.06665,49.0002],[-118.06657,49.0002],[-118.04671,49.00022],[-118.04387,49.00022],[-118.04142,49.00023],[-118.03992,49.00023],[-118.039,49.00023],[-118.02728,49.00025],[-118.02368,49.00025],[-118.01863,49.00026],[-118.01556,49.00026],[-118.00384,49.00028],[-117.99211,49.0003],[-117.97883,49.00032],[-117.96856,49.00033],[-117.95678,49.00035],[-117.94449,49.00037],[-117.94325,49.00037],[-117.93322,49.00038],[-117.93206,49.00038],[-117.93063,49.00038],[-117.92019,49.00039],[-117.91742,49.00039],[-117.90913,49.0004],[-117.90716,49.0004],[-117.89413,49.00041],[-117.88622,49.00042],[-117.88166,49.00043],[-117.86919,49.00045],[-117.85671,49.00046],[-117.84424,49.00048],[-117.83377,49.00049],[-117.83166,49.00049],[-117.81962,49.0005],[-117.80807,49.00051],[-117.80451,49.00051],[-117.79653,49.00052],[-117.78498,49.00052],[-117.77343,49.00053],[-117.76151,49.00055],[-117.75168,49.00057],[-117.74915,49.00057],[-117.73768,49.0006],[-117.72428,49.00062],[-117.72221,49.00062],[-117.71087,49.00064],[-117.69747,49.00066],[-117.6879,49.00067],[-117.68403,49.00068],[-117.67381,49.00069],[-117.67367,49.00069],[-117.67327,49.00069],[-117.67313,49.00069],[-117.66551,49.00069],[-117.65716,49.0007],[-117.64273,49.00073],[-117.63749,49.00074],[-117.63551,49.00074],[-117.63543,49.00074],[-117.63506,49.00074],[-117.63388,49.00074],[-117.63284,49.00074],[-117.63091,49.00074],[-117.62961,49.00074],[-117.62693,49.00074],[-117.62526,49.00073],[-117.61575,49.00073],[-117.60392,49.00072],[-117.59438,49.00071],[-117.58661,49.0007],[-117.57708,49.0007],[-117.56299,49.00068],[-117.55508,49.00068],[-117.55482,49.00068],[-117.55419,49.00068],[-117.55376,49.00067],[-117.55181,49.00067],[-117.54629,49.00066],[-117.54445,49.00066],[-117.54143,49.00066],[-117.54001,49.00066],[-117.5393,49.00066],[-117.53023,49.00064],[-117.52836,49.00064],[-117.52669,49.00064],[-117.52312,49.00063],[-117.52234,49.00063],[-117.51593,49.00062],[-117.50845,49.00061],[-117.50109,49.0006],[-117.49697,49.0006],[-117.49612,49.00059],[-117.49557,49.00059],[-117.49055,49.00058],[-117.49042,49.00058],[-117.48826,49.00058],[-117.48115,49.00057],[-117.47906,49.00056],[-117.4788,49.00056],[-117.4762,49.00056],[-117.46843,49.00055],[-117.46591,49.00054],[-117.46546,49.00054],[-117.46432,49.00054],[-117.46397,49.00054],[-117.45818,49.00053],[-117.44092,49.00049],[-117.43518,49.00048],[-117.43482,49.00048],[-117.43378,49.00048],[-117.43344,49.00048],[-117.43264,49.00047],[-117.43029,49.00047],[-117.42997,49.00046],[-117.41644,49.00043],[-117.4037,49.0004],[-117.39095,49.00037],[-117.37759,49.00033],[-117.36877,49.00031],[-117.36186,49.00031],[-117.35436,49.00032],[-117.35398,49.00032],[-117.35333,49.00032],[-117.35285,49.00032],[-117.35248,49.00032],[-117.35229,49.00032],[-117.35172,49.00031],[-117.35153,49.00031],[-117.34119,49.00025],[-117.33903,49.00023],[-117.32605,49.00015],[-117.31307,49.00006],[-117.30086,48.99998],[-117.29997,48.99997],[-117.29993,48.99997],[-117.29983,48.99997],[-117.29979,48.99997],[-117.29841,48.99997],[-117.29356,48.99993],[-117.29011,48.99991],[-117.27886,48.99984],[-117.27603,48.99982],[-117.26878,48.99977],[-117.26869,48.99977],[-117.26851,48.99977],[-117.26847,48.99977],[-117.26838,48.99977],[-117.26515,48.99975],[-117.25635,48.99969],[-117.2451,48.99961],[-117.23649,48.99956],[-117.2339,48.99954],[-117.22271,48.99946],[-117.21152,48.99938],[-117.20148,48.99931],[-117.20033,48.9993],[-117.1977,48.99928],[-117.18805,48.99921],[-117.17578,48.99912],[-117.17038,48.99908],[-117.15981,48.999],[-117.15123,48.99894],[-117.14306,48.99887],[-117.1349,48.9988],[-117.1337,48.99881],[-117.12246,48.99886],[-117.11634,48.99888],[-117.11499,48.99889],[-117.11001,48.99891],[-117.09757,48.99896],[-117.06171,48.99909],[-117.04669,48.99915],[-117.04382,48.99916],[-117.03521,48.99919],[-117.03234,48.9992],[-117.03233,48.99439],[-117.03231,48.97998],[-117.0323,48.97518],[-117.0323,48.97422],[-117.03229,48.97248],[-117.03229,48.97138],[-117.03228,48.97043],[-117.03226,48.95973],[-117.03225,48.95222],[-117.03222,48.93608],[-117.0322,48.92765],[-117.0322,48.92604],[-117.03218,48.91696],[-117.03218,48.91492],[-117.03217,48.90882],[-117.03217,48.90679],[-117.03216,48.90259],[-117.03215,48.8977],[-117.03213,48.88998],[-117.03213,48.88577],[-117.03212,48.88399],[-117.03211,48.87865],[-117.03211,48.87687],[-117.03211,48.87493],[-117.03213,48.87281],[-117.0323,48.86063],[-117.03233,48.85803],[-117.03235,48.85657],[-117.03237,48.85457],[-117.03242,48.84856],[-117.03244,48.84667],[-117.03246,48.84407],[-117.03253,48.83659],[-117.03256,48.8341],[-117.03258,48.83095],[-117.03259,48.83016],[-117.03267,48.82152],[-117.0327,48.81837],[-117.03271,48.8171],[-117.03274,48.81328],[-117.03274,48.81201],[-117.03274,48.81199],[-117.03275,48.81179],[-117.03275,48.81115],[-117.03276,48.81094],[-117.03276,48.8106],[-117.03277,48.80959],[-117.03277,48.80925],[-117.03277,48.80919],[-117.03278,48.80805],[-117.03281,48.80445],[-117.03283,48.8034],[-117.03283,48.80325],[-117.03283,48.80254],[-117.03285,48.80041],[-117.03286,48.7997],[-117.03286,48.79945],[-117.03287,48.79871],[-117.03287,48.79846],[-117.03287,48.79841],[-117.03288,48.79701],[-117.03292,48.79264],[-117.03293,48.79119],[-117.03294,48.79109],[-117.03295,48.78985],[-117.03298,48.78584],[-117.033,48.7845],[-117.03303,48.78124],[-117.03311,48.77231],[-117.03311,48.77148],[-117.03314,48.76822],[-117.03316,48.7666],[-117.0332,48.76175],[-117.03322,48.76016],[-117.03322,48.76013],[-117.03325,48.75845],[-117.03333,48.75342],[-117.03336,48.75175],[-117.03335,48.75134],[-117.03333,48.74992],[-117.03332,48.74233],[-117.03332,48.7356],[-117.03331,48.7303],[-117.03331,48.727],[-117.03329,48.7141],[-117.03328,48.70514],[-117.03328,48.7047],[-117.03328,48.70448],[-117.03328,48.70384],[-117.03328,48.70363],[-117.0333,48.70223],[-117.03333,48.69802],[-117.03334,48.69661],[-117.03334,48.69657],[-117.03334,48.69644],[-117.03334,48.6964],[-117.03334,48.6963],[-117.03335,48.69598],[-117.03335,48.69587],[-117.03335,48.69554],[-117.03336,48.69456],[-117.03336,48.69424],[-117.03336,48.69412],[-117.03336,48.69376],[-117.03336,48.69364],[-117.03337,48.69334],[-117.03337,48.69244],[-117.03338,48.69214],[-117.03338,48.69208],[-117.03338,48.69192],[-117.03338,48.69186],[-117.03338,48.69116],[-117.0334,48.68907],[-117.03341,48.68838],[-117.03345,48.68369],[-117.03347,48.68086],[-117.03356,48.66963],[-117.0336,48.66494],[-117.03362,48.66333],[-117.03366,48.65853],[-117.03367,48.65692],[-117.03368,48.65664],[-117.0337,48.6558],[-117.0337,48.65552],[-117.03371,48.65534],[-117.03383,48.65012],[-117.03423,48.63392],[-117.03431,48.63069],[-117.03436,48.62852],[-117.03436,48.62816],[-117.03436,48.62756],[-117.03452,48.6271],[-117.03464,48.62676],[-117.03462,48.62639],[-117.03459,48.62529],[-117.03458,48.62492],[-117.03457,48.62409],[-117.03451,48.6216],[-117.0345,48.62084],[-117.0345,48.62077],[-117.03451,48.61861],[-117.03456,48.61215],[-117.03458,48.61],[-117.03457,48.60966],[-117.03454,48.60865],[-117.03453,48.60832],[-117.03453,48.60823],[-117.03453,48.60821],[-117.03453,48.60798],[-117.03453,48.6079],[-117.03453,48.60714],[-117.03455,48.60486],[-117.03455,48.6041],[-117.03455,48.60348],[-117.03456,48.60283],[-117.0346,48.59901],[-117.03461,48.59774],[-117.03462,48.59744],[-117.03462,48.59655],[-117.03463,48.59625],[-117.03464,48.59432],[-117.03469,48.58852],[-117.0347,48.58659],[-117.03471,48.58578],[-117.03473,48.58336],[-117.03473,48.58265],[-117.03473,48.58255],[-117.03475,48.58073],[-117.03479,48.57526],[-117.03481,48.57343],[-117.03481,48.57259],[-117.03483,48.57007],[-117.03484,48.56923],[-117.03484,48.56908],[-117.03484,48.56888],[-117.03485,48.56784],[-117.03485,48.56749],[-117.03486,48.56668],[-117.03488,48.56424],[-117.03489,48.56356],[-117.03489,48.56343],[-117.03489,48.56295],[-117.0349,48.5615],[-117.03491,48.56109],[-117.03491,48.56102],[-117.03491,48.56096],[-117.03491,48.56079],[-117.03491,48.56073],[-117.03491,48.56067],[-117.03491,48.56038],[-117.03492,48.55933],[-117.03492,48.55899],[-117.03492,48.5589],[-117.03494,48.55652],[-117.03499,48.55016],[-117.035,48.54912],[-117.03502,48.54666],[-117.03502,48.54644],[-117.03503,48.54578],[-117.03503,48.54564],[-117.03503,48.54556],[-117.03503,48.5455],[-117.03503,48.54533],[-117.03503,48.54527],[-117.03504,48.54428],[-117.03506,48.54131],[-117.03507,48.54032],[-117.03509,48.53771],[-117.03515,48.52986],[-117.03517,48.52746],[-117.03518,48.52724],[-117.03518,48.52612],[-117.03521,48.52276],[-117.03522,48.52164],[-117.03522,48.52159],[-117.03526,48.51729],[-117.03538,48.50426],[-117.03543,48.49991],[-117.03542,48.4986],[-117.03542,48.49467],[-117.03541,48.49335],[-117.03541,48.49296],[-117.03541,48.49176],[-117.03541,48.49137],[-117.03541,48.49112],[-117.03539,48.49037],[-117.03539,48.49012],[-117.03539,48.48945],[-117.03539,48.48743],[-117.03539,48.48675],[-117.03539,48.48666],[-117.03539,48.48639],[-117.03539,48.4863],[-117.03538,48.4848],[-117.03538,48.4803],[-117.03537,48.47882],[-117.03537,48.4788],[-117.03537,48.47864],[-117.03537,48.47818],[-117.03537,48.47802],[-117.03537,48.47638],[-117.03536,48.47146],[-117.03536,48.46985],[-117.03536,48.46982],[-117.03536,48.46963],[-117.03536,48.46905],[-117.03536,48.46885],[-117.03536,48.46851],[-117.03535,48.46747],[-117.03535,48.46712],[-117.03535,48.46701],[-117.03535,48.46669],[-117.03535,48.46658],[-117.03535,48.46652],[-117.03535,48.46633],[-117.03535,48.46627],[-117.03536,48.46617],[-117.03536,48.46586],[-117.03537,48.46576],[-117.03536,48.46123],[-117.03535,48.44829],[-117.03535,48.44763],[-117.03535,48.44582],[-117.03535,48.44309],[-117.03535,48.44273],[-117.03535,48.44271],[-117.03534,48.44156],[-117.03534,48.44117],[-117.03534,48.44103],[-117.03534,48.44061],[-117.03534,48.44047],[-117.03534,48.44028],[-117.03534,48.43969],[-117.03534,48.43957],[-117.03534,48.43949],[-117.03534,48.43923],[-117.03533,48.43846],[-117.03533,48.43822],[-117.03533,48.4382],[-117.03534,48.4366],[-117.03534,48.43179],[-117.03535,48.43018],[-117.03531,48.43015],[-117.0353,48.43],[-117.03529,48.42996],[-117.03529,48.42994],[-117.03529,48.42981],[-117.03529,48.42976],[-117.03526,48.42917],[-117.03525,48.42898],[-117.03524,48.42804],[-117.03523,48.42523],[-117.03522,48.42429],[-117.03523,48.42406],[-117.03525,48.42337],[-117.03525,48.42314],[-117.03526,48.42306],[-117.03528,48.42281],[-117.03529,48.42273],[-117.03529,48.42248],[-117.03528,48.42173],[-117.03528,48.42148],[-117.03528,48.42032],[-117.03526,48.41685],[-117.03525,48.41569],[-117.03524,48.41486],[-117.03523,48.41238],[-117.03523,48.4116],[-117.03523,48.41156],[-117.03523,48.41152],[-117.03523,48.41144],[-117.03523,48.41142],[-117.03523,48.41138],[-117.03522,48.41053],[-117.03521,48.40798],[-117.0352,48.40713],[-117.0352,48.40571],[-117.03517,48.40146],[-117.03516,48.4001],[-117.03516,48.40004],[-117.03515,48.39852],[-117.03514,48.39631],[-117.03513,48.39395],[-117.03512,48.39284],[-117.03512,48.39243],[-117.03512,48.39164],[-117.03511,48.39098],[-117.03511,48.39085],[-117.0351,48.38803],[-117.03509,48.38665],[-117.03509,48.38521],[-117.03511,48.38405],[-117.03513,48.38288],[-117.03513,48.38241],[-117.03526,48.37491],[-117.03524,48.37402],[-117.03518,48.37122],[-117.03518,48.37115],[-117.03518,48.37095],[-117.03518,48.37088],[-117.03521,48.36999],[-117.03529,48.36731],[-117.03531,48.36662],[-117.03532,48.36642],[-117.03536,48.36406],[-117.03551,48.35697],[-117.03556,48.35461],[-117.03557,48.35414],[-117.0356,48.35276],[-117.03561,48.3523],[-117.03564,48.35105],[-117.03572,48.34731],[-117.03574,48.34607],[-117.03577,48.34496],[-117.03584,48.34161],[-117.03586,48.34049],[-117.03587,48.34028],[-117.03588,48.33964],[-117.03588,48.33943],[-117.03588,48.33941],[-117.03589,48.3391],[-117.03591,48.33811],[-117.03591,48.33795],[-117.03592,48.33778],[-117.03593,48.33723],[-117.03596,48.33557],[-117.03597,48.33502],[-117.03599,48.33406],[-117.03605,48.33118],[-117.03607,48.33022],[-117.03609,48.32927],[-117.03615,48.32642],[-117.03618,48.32547],[-117.03618,48.32513],[-117.0362,48.3241],[-117.03621,48.32376],[-117.03623,48.32254],[-117.03628,48.31889],[-117.0363,48.31768],[-117.03632,48.31692],[-117.03637,48.31464],[-117.03638,48.31387],[-117.03639,48.31356],[-117.03641,48.31261],[-117.03642,48.31229],[-117.03642,48.31223],[-117.03642,48.3122],[-117.03642,48.31193],[-117.03643,48.31184],[-117.03643,48.31163],[-117.03644,48.31099],[-117.03645,48.31079],[-117.03645,48.31062],[-117.03646,48.3101],[-117.03647,48.30993],[-117.03648,48.30945],[-117.0365,48.30799],[-117.03651,48.30761],[-117.03651,48.30751],[-117.03653,48.30683],[-117.03657,48.30477],[-117.03659,48.30409],[-117.03661,48.30287],[-117.03669,48.29921],[-117.03672,48.29799],[-117.03674,48.29681],[-117.03682,48.29326],[-117.03685,48.29208],[-117.03686,48.29147],[-117.0369,48.28966],[-117.03691,48.28905],[-117.03693,48.28837],[-117.03697,48.28634],[-117.03699,48.28567],[-117.03701,48.28479],[-117.03706,48.28216],[-117.03708,48.28144],[-117.03708,48.28128],[-117.03707,48.28103],[-117.03706,48.28026],[-117.03706,48.28],[-117.03716,48.27596],[-117.03721,48.27362],[-117.03736,48.26725],[-117.03743,48.26386],[-117.03744,48.26354],[-117.03753,48.25982],[-117.03755,48.25896],[-117.03761,48.25637],[-117.03763,48.2555],[-117.03768,48.25329],[-117.0377,48.25242],[-117.03776,48.24988],[-117.03786,48.24316],[-117.03791,48.24007],[-117.03791,48.23985],[-117.03792,48.2392],[-117.03793,48.23899],[-117.03802,48.23482],[-117.03828,48.22233],[-117.03837,48.21817],[-117.03837,48.21815],[-117.03839,48.21714],[-117.03846,48.21408],[-117.03848,48.21306],[-117.03851,48.21182],[-117.0386,48.20809],[-117.0386,48.20794],[-117.03867,48.2071],[-117.03868,48.20691],[-117.03868,48.20685],[-117.03869,48.20676],[-117.03869,48.20667],[-117.0387,48.20599],[-117.03873,48.20463],[-117.03876,48.20344],[-117.03877,48.20258],[-117.03878,48.20254],[-117.03878,48.2025],[-117.03878,48.20227],[-117.03879,48.20219],[-117.03879,48.20207],[-117.03879,48.20202],[-117.0388,48.20167],[-117.03881,48.2015],[-117.03882,48.20134],[-117.03885,48.20077],[-117.03886,48.20058],[-117.03888,48.19946],[-117.03888,48.19934],[-117.03889,48.19905],[-117.0389,48.19877],[-117.0389,48.19863],[-117.03891,48.19845],[-117.03891,48.19837],[-117.03896,48.19695],[-117.03896,48.19679],[-117.03897,48.1967],[-117.03897,48.19653],[-117.039,48.19579],[-117.039,48.19565],[-117.03901,48.19555],[-117.03913,48.19205],[-117.03913,48.19189],[-117.03914,48.19169],[-117.03924,48.18859],[-117.03928,48.18769],[-117.03928,48.18758],[-117.03928,48.18751],[-117.03929,48.18726],[-117.0393,48.18696],[-117.03931,48.18666],[-117.03934,48.186],[-117.03934,48.18595],[-117.03934,48.18587],[-117.03934,48.18574],[-117.03935,48.18551],[-117.03936,48.18539],[-117.03937,48.18523],[-117.03943,48.18471],[-117.03945,48.18457],[-117.03946,48.18447],[-117.03947,48.18441],[-117.03949,48.18417],[-117.03952,48.18398],[-117.03952,48.18312],[-117.03952,48.18289],[-117.03953,48.18269],[-117.03955,48.18202],[-117.03955,48.18192],[-117.03955,48.18184],[-117.03955,48.1818],[-117.03955,48.1813],[-117.03955,48.18119],[-117.03956,48.18108],[-117.03956,48.18106],[-117.03956,48.18103],[-117.03956,48.18091],[-117.03956,48.18061],[-117.03956,48.18047],[-117.03956,48.18032],[-117.0396,48.17927],[-117.0396,48.17908],[-117.03961,48.179],[-117.03961,48.17895],[-117.03963,48.17876],[-117.03963,48.17869],[-117.03963,48.17868],[-117.03963,48.17861],[-117.03964,48.1784],[-117.03964,48.17839],[-117.03964,48.17832],[-117.03964,48.17826],[-117.03963,48.17807],[-117.03964,48.17801],[-117.03963,48.17799],[-117.03962,48.17793],[-117.03961,48.17791],[-117.0396,48.17789],[-117.03959,48.17783],[-117.03965,48.1774],[-117.03965,48.17712],[-117.03966,48.17687],[-117.03965,48.1768],[-117.03964,48.1767],[-117.03963,48.1766],[-117.03964,48.1763],[-117.03968,48.17572],[-117.03968,48.17568],[-117.03968,48.17548],[-117.03967,48.17491],[-117.03968,48.17472],[-117.03969,48.17448],[-117.03971,48.17414],[-117.03971,48.17397],[-117.03971,48.17387],[-117.03971,48.17381],[-117.03971,48.17375],[-117.0397,48.17351],[-117.03971,48.17281],[-117.03971,48.17202],[-117.03972,48.17072],[-117.03972,48.17001],[-117.03973,48.1698],[-117.03974,48.16938],[-117.03974,48.16928],[-117.03973,48.16906],[-117.03974,48.16902],[-117.03974,48.16893],[-117.03975,48.16842],[-117.03979,48.16692],[-117.0398,48.16658],[-117.0398,48.16657],[-117.0398,48.16648],[-117.0398,48.16642],[-117.03984,48.1651],[-117.03997,48.16115],[-117.04,48.15984],[-117.04001,48.15963],[-117.04002,48.15939],[-117.04003,48.159],[-117.04004,48.15879],[-117.04009,48.15708],[-117.04026,48.15197],[-117.04031,48.15028],[-117.04032,48.15026],[-117.04033,48.14966],[-117.04039,48.14786],[-117.04041,48.14726],[-117.04047,48.14517],[-117.04067,48.13888],[-117.04074,48.13679],[-117.04079,48.13487],[-117.04097,48.12913],[-117.04103,48.12721],[-117.04105,48.12675],[-117.04109,48.12536],[-117.04111,48.1249],[-117.04112,48.12298],[-117.04113,48.12234],[-117.04119,48.11466],[-117.04122,48.11211],[-117.04122,48.11206],[-117.04122,48.11165],[-117.04123,48.11029],[-117.04123,48.10984],[-117.04124,48.10837],[-117.04124,48.10785],[-117.04126,48.10498],[-117.04128,48.10103],[-117.04134,48.0904],[-117.04137,48.08553],[-117.04139,48.0824],[-117.04146,48.07299],[-117.04147,48.07242],[-117.04151,48.06985],[-117.04151,48.06979],[-117.04151,48.06958],[-117.04151,48.06951],[-117.04155,48.06879],[-117.04167,48.0666],[-117.04171,48.06588],[-117.04173,48.06576],[-117.04178,48.0654],[-117.0418,48.06529],[-117.04179,48.065],[-117.0418,48.0639],[-117.04181,48.06326],[-117.04181,48.06291],[-117.04181,48.0626],[-117.04182,48.06194],[-117.04182,48.0615],[-117.04182,48.06128],[-117.04183,48.06113],[-117.04184,48.05366],[-117.04183,48.05277],[-117.04184,48.05227],[-117.04184,48.05142],[-117.04184,48.05011],[-117.04186,48.04757],[-117.04187,48.04631],[-117.04187,48.04588],[-117.04188,48.04547],[-117.04188,48.04505],[-117.04188,48.0443],[-117.04189,48.04394],[-117.0419,48.04368],[-117.04189,48.04346],[-117.0419,48.04305],[-117.04192,48.0407],[-117.04196,48.03547],[-117.04199,48.03489],[-117.04199,48.03468],[-117.04205,48.03301],[-117.04206,48.03297],[-117.04206,48.03283],[-117.04207,48.03278],[-117.04208,48.03218],[-117.04212,48.03115],[-117.04212,48.02966],[-117.04212,48.02771],[-117.04211,48.02473],[-117.04211,48.02371],[-117.04211,48.02174],[-117.04211,48.02121],[-117.04211,48.0203],[-117.0421,48.01875],[-117.04209,48.0179],[-117.04208,48.01565],[-117.04205,48.01279],[-117.04204,48.01217],[-117.04203,48.01118],[-117.04202,48.00929],[-117.04199,48.00676],[-117.04199,48.00605],[-117.042,48.0023],[-117.042,48.00185],[-117.042,48.0008],[-117.042,48.00062],[-117.04201,48.0005],[-117.04201,47.99954],[-117.04201,47.99889],[-117.04202,47.99762],[-117.04202,47.99729],[-117.04202,47.9971],[-117.04202,47.99672],[-117.04202,47.99603],[-117.04203,47.99509],[-117.04203,47.99491],[-117.04203,47.99412],[-117.04204,47.99325],[-117.04205,47.99169],[-117.04207,47.9909],[-117.04208,47.99011],[-117.04212,47.98863],[-117.04214,47.98769],[-117.04214,47.98672],[-117.04213,47.98538],[-117.04212,47.98443],[-117.04212,47.98389],[-117.04212,47.9827],[-117.04211,47.98119],[-117.0421,47.98069],[-117.0421,47.9797],[-117.04209,47.97853],[-117.04209,47.97801],[-117.04209,47.97764],[-117.04209,47.97745],[-117.0421,47.97642],[-117.04211,47.97532],[-117.04213,47.97452],[-117.04214,47.97413],[-117.04215,47.97306],[-117.04217,47.97237],[-117.04217,47.97198],[-117.04218,47.97153],[-117.04222,47.96858],[-117.04227,47.96538],[-117.04228,47.96466],[-117.04229,47.96385],[-117.0423,47.96353],[-117.04231,47.96266],[-117.04231,47.96229],[-117.0423,47.96114],[-117.0423,47.96037],[-117.04229,47.95907],[-117.04229,47.95836],[-117.04228,47.95773],[-117.04228,47.95732],[-117.04228,47.95646],[-117.04227,47.95583],[-117.04227,47.95519],[-117.04226,47.95412],[-117.04226,47.95395],[-117.04226,47.95377],[-117.04225,47.95332],[-117.04225,47.95281],[-117.04225,47.95235],[-117.04224,47.95204],[-117.04224,47.95161],[-117.04224,47.95085],[-117.04223,47.95031],[-117.04223,47.95012],[-117.04223,47.9496],[-117.04222,47.94894],[-117.04222,47.94833],[-117.04222,47.94821],[-117.04222,47.94787],[-117.0422,47.94702],[-117.04219,47.94629],[-117.04219,47.94598],[-117.04218,47.94502],[-117.04217,47.94443],[-117.04217,47.94437],[-117.04217,47.94424],[-117.04216,47.94344],[-117.04216,47.94306],[-117.04216,47.94245],[-117.04215,47.94182],[-117.04215,47.94082],[-117.04214,47.94056],[-117.04213,47.93955],[-117.04212,47.93837],[-117.04211,47.93689],[-117.04211,47.93675],[-117.04211,47.93652],[-117.0421,47.9359],[-117.04209,47.93438],[-117.04211,47.93295],[-117.04211,47.93264],[-117.04214,47.93131],[-117.04213,47.92999],[-117.04212,47.92925],[-117.04212,47.92912],[-117.04211,47.92828],[-117.0421,47.92624],[-117.0421,47.92584],[-117.04209,47.92531],[-117.04208,47.92424],[-117.04207,47.9232],[-117.04207,47.92227],[-117.04206,47.92195],[-117.04205,47.92152],[-117.04205,47.9201],[-117.04204,47.91931],[-117.04207,47.91663],[-117.04208,47.91431],[-117.04209,47.91287],[-117.04209,47.91253],[-117.04209,47.9119],[-117.0421,47.91069],[-117.0421,47.91023],[-117.04212,47.90994],[-117.04211,47.90847],[-117.04211,47.90743],[-117.04212,47.90667],[-117.04213,47.90525],[-117.04213,47.90488],[-117.04215,47.9042],[-117.04217,47.90317],[-117.0422,47.90079],[-117.04223,47.89811],[-117.04223,47.89728],[-117.04224,47.89654],[-117.04225,47.89556],[-117.04227,47.8942],[-117.04227,47.89376],[-117.04227,47.89345],[-117.04228,47.89238],[-117.0423,47.89069],[-117.0423,47.88965],[-117.0423,47.88936],[-117.04229,47.88872],[-117.04229,47.88804],[-117.04228,47.88696],[-117.04228,47.88656],[-117.04228,47.88639],[-117.04228,47.88615],[-117.04227,47.88581],[-117.04227,47.88522],[-117.04226,47.88327],[-117.04226,47.8832],[-117.04225,47.88196],[-117.04225,47.88109],[-117.04224,47.88008],[-117.04223,47.87894],[-117.04223,47.87726],[-117.04222,47.87712],[-117.04222,47.87701],[-117.04223,47.87645],[-117.04222,47.87628],[-117.04222,47.87607],[-117.04221,47.87588],[-117.04223,47.87552],[-117.04224,47.87539],[-117.04226,47.87521],[-117.04226,47.87508],[-117.04227,47.87499],[-117.04228,47.87486],[-117.04229,47.87469],[-117.0423,47.87445],[-117.0423,47.87433],[-117.0423,47.87418],[-117.0423,47.87351],[-117.04229,47.87249],[-117.04228,47.87087],[-117.04227,47.87002],[-117.04225,47.8696],[-117.04226,47.86891],[-117.04225,47.86753],[-117.04225,47.86686],[-117.04223,47.86489],[-117.04223,47.86446],[-117.04222,47.86376],[-117.04222,47.86291],[-117.04221,47.86131],[-117.04221,47.86048],[-117.04222,47.8584],[-117.04222,47.85722],[-117.04222,47.85693],[-117.04221,47.85599],[-117.0422,47.85474],[-117.04219,47.85286],[-117.04217,47.85096],[-117.04216,47.8496],[-117.04215,47.84868],[-117.04214,47.84669],[-117.04215,47.84352],[-117.04214,47.84191],[-117.04214,47.84055],[-117.04213,47.83786],[-117.04213,47.83454],[-117.04212,47.83427],[-117.04212,47.83384],[-117.04212,47.83349],[-117.04212,47.83318],[-117.04212,47.83306],[-117.04212,47.83284],[-117.04211,47.83256],[-117.04212,47.83042],[-117.04211,47.82954],[-117.04211,47.82934],[-117.0421,47.82866],[-117.04208,47.82718],[-117.04206,47.82562],[-117.04205,47.82538],[-117.04205,47.82505],[-117.04203,47.82397],[-117.04202,47.82327],[-117.04201,47.82276],[-117.042,47.822],[-117.04199,47.82121],[-117.04197,47.82005],[-117.04197,47.81955],[-117.04196,47.819],[-117.04195,47.81824],[-117.04194,47.81795],[-117.04204,47.81617],[-117.04206,47.81552],[-117.04207,47.81382],[-117.04207,47.81213],[-117.04209,47.8116],[-117.0421,47.81076],[-117.04211,47.80889],[-117.04213,47.80601],[-117.04215,47.80418],[-117.04213,47.803],[-117.04215,47.80176],[-117.04215,47.801],[-117.04213,47.79947],[-117.04216,47.79928],[-117.04216,47.79916],[-117.04216,47.79776],[-117.04216,47.79603],[-117.04217,47.79429],[-117.04217,47.79254],[-117.04217,47.79141],[-117.04217,47.78892],[-117.04216,47.78793],[-117.04215,47.78624],[-117.04214,47.78401],[-117.04214,47.78367],[-117.04215,47.78345],[-117.04214,47.78296],[-117.04213,47.78165],[-117.04213,47.78102],[-117.04213,47.78076],[-117.04212,47.77957],[-117.04211,47.77879],[-117.04211,47.7785],[-117.04211,47.77806],[-117.0421,47.77748],[-117.0421,47.77654],[-117.04209,47.77556],[-117.04209,47.77482],[-117.04208,47.77375],[-117.04207,47.77252],[-117.04207,47.77172],[-117.04208,47.76972],[-117.04208,47.76834],[-117.04208,47.76767],[-117.04208,47.76656],[-117.04209,47.76547],[-117.04209,47.7648],[-117.04209,47.76379],[-117.04209,47.76121],[-117.0421,47.76099],[-117.0421,47.76081],[-117.0421,47.76035],[-117.0421,47.76023],[-117.0421,47.76019],[-117.0421,47.76016],[-117.0421,47.76011],[-117.0421,47.76008],[-117.0421,47.76006],[-117.0421,47.76002],[-117.04211,47.7597],[-117.04211,47.75957],[-117.04211,47.7595],[-117.04212,47.75923],[-117.04212,47.75907],[-117.04213,47.7587],[-117.04213,47.7585],[-117.04214,47.75837],[-117.04214,47.75828],[-117.04214,47.75825],[-117.04214,47.75823],[-117.04214,47.7582],[-117.04214,47.75818],[-117.04214,47.75816],[-117.04214,47.75811],[-117.04214,47.75805],[-117.04214,47.75801],[-117.04214,47.75796],[-117.04214,47.75794],[-117.04213,47.75777],[-117.04213,47.7577],[-117.04213,47.75761],[-117.04213,47.75745],[-117.04213,47.75736],[-117.04213,47.75724],[-117.04213,47.75719],[-117.0421,47.75552],[-117.04208,47.75378],[-117.04205,47.7517],[-117.04204,47.75104],[-117.04202,47.75004],[-117.04201,47.74883],[-117.04199,47.74768],[-117.04197,47.74647],[-117.04196,47.74599],[-117.04196,47.74544],[-117.04195,47.74527],[-117.04195,47.74515],[-117.04195,47.74454],[-117.04194,47.74393],[-117.04193,47.74299],[-117.04192,47.74211],[-117.0419,47.74089],[-117.04189,47.73999],[-117.04187,47.73913],[-117.04187,47.73853],[-117.04185,47.73771],[-117.04184,47.73664],[-117.04183,47.73586],[-117.04182,47.73556],[-117.04182,47.73526],[-117.0418,47.73368],[-117.04177,47.73177],[-117.04176,47.73135],[-117.04176,47.73111],[-117.04178,47.72979],[-117.04178,47.72924],[-117.04178,47.72857],[-117.04178,47.72733],[-117.04177,47.72609],[-117.04177,47.7242],[-117.04176,47.72303],[-117.04176,47.7227],[-117.04176,47.72122],[-117.04175,47.71928],[-117.04175,47.7177],[-117.04174,47.71698],[-117.04174,47.71645],[-117.04175,47.71599],[-117.04176,47.71565],[-117.04177,47.7151],[-117.04178,47.71495],[-117.04178,47.71476],[-117.04178,47.71464],[-117.04178,47.71366],[-117.04178,47.7121],[-117.04178,47.71038],[-117.04178,47.70965],[-117.04178,47.70886],[-117.04178,47.70776],[-117.04178,47.70742],[-117.04178,47.70699],[-117.04178,47.70677],[-117.04178,47.70652],[-117.04179,47.70457],[-117.04179,47.70394],[-117.04178,47.70357],[-117.04179,47.70315],[-117.04179,47.70279],[-117.04179,47.70276],[-117.04179,47.70249],[-117.04179,47.70197],[-117.04179,47.70177],[-117.04179,47.70163],[-117.04179,47.70114],[-117.04179,47.70103],[-117.04179,47.70099],[-117.04178,47.70072],[-117.04173,47.70033],[-117.04173,47.69994],[-117.04172,47.69972],[-117.04172,47.69958],[-117.04172,47.69952],[-117.04171,47.69853],[-117.0417,47.6983],[-117.0417,47.69804],[-117.0417,47.69799],[-117.0417,47.69789],[-117.0417,47.69768],[-117.0417,47.69751],[-117.04169,47.69734],[-117.04169,47.69726],[-117.04169,47.69706],[-117.04168,47.69699],[-117.04168,47.69696],[-117.04168,47.69693],[-117.04168,47.6967],[-117.04168,47.6966],[-117.04168,47.69643],[-117.04168,47.69625],[-117.04167,47.69583],[-117.04167,47.69552],[-117.04167,47.6954],[-117.04165,47.6941],[-117.04164,47.69322],[-117.04163,47.69194],[-117.04161,47.69084],[-117.04159,47.68966],[-117.04163,47.68955],[-117.04168,47.68939],[-117.04169,47.68932],[-117.04169,47.68927],[-117.04169,47.68922],[-117.04169,47.68892],[-117.04169,47.68836],[-117.04168,47.68802],[-117.04167,47.68765],[-117.04166,47.68716],[-117.04166,47.68704],[-117.04165,47.68689],[-117.04165,47.68665],[-117.04164,47.68631],[-117.04163,47.68603],[-117.04166,47.68589],[-117.04167,47.68568],[-117.04168,47.68563],[-117.04159,47.68367],[-117.04158,47.6832],[-117.04155,47.6819],[-117.04157,47.68019],[-117.04158,47.67884],[-117.04158,47.67877],[-117.04158,47.67856],[-117.04159,47.6785],[-117.04159,47.67841],[-117.04159,47.67839],[-117.0416,47.67818],[-117.04162,47.67806],[-117.04162,47.67805],[-117.04163,47.67796],[-117.04131,47.67674],[-117.04129,47.67567],[-117.04129,47.67515],[-117.04128,47.67484],[-117.04128,47.67437],[-117.04127,47.67405],[-117.04126,47.6735],[-117.04127,47.67271],[-117.04126,47.67234],[-117.04126,47.67217],[-117.04127,47.67144],[-117.04127,47.67049],[-117.04126,47.6693],[-117.04125,47.6679],[-117.04125,47.66666],[-117.04125,47.66554],[-117.04124,47.66312],[-117.04124,47.66293],[-117.04129,47.66269],[-117.04129,47.66264],[-117.0413,47.66176],[-117.04131,47.66092],[-117.04133,47.66008],[-117.04132,47.65984],[-117.04132,47.65813],[-117.04132,47.65706],[-117.04132,47.65662],[-117.04132,47.65647],[-117.04131,47.65549],[-117.04131,47.65525],[-117.0413,47.65476],[-117.04129,47.65458],[-117.04127,47.6543],[-117.04123,47.65419],[-117.04122,47.65379],[-117.04122,47.65314],[-117.04122,47.65221],[-117.04122,47.65139],[-117.04122,47.64985],[-117.04121,47.64878],[-117.04121,47.6477],[-117.04121,47.64639],[-117.0412,47.64471],[-117.0412,47.64341],[-117.04121,47.6434],[-117.0412,47.64316],[-117.04118,47.64121],[-117.04114,47.63736],[-117.04113,47.63576],[-117.0411,47.63279],[-117.04108,47.63129],[-117.04108,47.63111],[-117.04107,47.6296],[-117.04106,47.62707],[-117.04103,47.6253],[-117.04102,47.62496],[-117.041,47.62357],[-117.04098,47.62261],[-117.04097,47.62198],[-117.04096,47.62185],[-117.04096,47.62141],[-117.04095,47.62062],[-117.04092,47.61926],[-117.04091,47.61854],[-117.04088,47.61687],[-117.04086,47.61533],[-117.04085,47.61437],[-117.04086,47.61321],[-117.04088,47.61238],[-117.04089,47.61128],[-117.04092,47.60884],[-117.04094,47.60719],[-117.04095,47.60611],[-117.04098,47.60413],[-117.04101,47.60145],[-117.04101,47.60138],[-117.04101,47.60112],[-117.04101,47.60099],[-117.04101,47.60068],[-117.04102,47.60044],[-117.04102,47.59984],[-117.04102,47.59922],[-117.04102,47.59901],[-117.04102,47.59881],[-117.04102,47.59852],[-117.04101,47.59834],[-117.04101,47.59706],[-117.041,47.59667],[-117.041,47.59609],[-117.041,47.5957],[-117.041,47.59534],[-117.04099,47.59459],[-117.041,47.59406],[-117.041,47.59385],[-117.04103,47.59085],[-117.04107,47.58785],[-117.04108,47.58686],[-117.04109,47.58621],[-117.04109,47.58528],[-117.04109,47.58483],[-117.04109,47.58479],[-117.04109,47.58474],[-117.04109,47.58413],[-117.04109,47.58311],[-117.04108,47.58269],[-117.04108,47.58184],[-117.04108,47.58151],[-117.04108,47.58079],[-117.04108,47.57997],[-117.04107,47.57976],[-117.04107,47.57966],[-117.04107,47.57955],[-117.04107,47.5788],[-117.04107,47.57876],[-117.04107,47.5787],[-117.04106,47.57765],[-117.04105,47.57664],[-117.04104,47.57582],[-117.04104,47.57524],[-117.04103,47.57425],[-117.04102,47.57281],[-117.04101,47.57212],[-117.04101,47.57166],[-117.04101,47.57152],[-117.041,47.57127],[-117.041,47.57067],[-117.041,47.56992],[-117.041,47.56968],[-117.041,47.5696],[-117.041,47.56949],[-117.041,47.56935],[-117.041,47.56895],[-117.041,47.56875],[-117.041,47.56861],[-117.041,47.56827],[-117.041,47.56804],[-117.041,47.56765],[-117.041,47.56747],[-117.041,47.56706],[-117.041,47.5669],[-117.041,47.56667],[-117.041,47.56658],[-117.041,47.56649],[-117.04099,47.56617],[-117.04099,47.56586],[-117.04099,47.56562],[-117.04099,47.56527],[-117.04099,47.56503],[-117.04099,47.5647],[-117.04098,47.5644],[-117.04098,47.56425],[-117.04098,47.56389],[-117.04098,47.56368],[-117.04097,47.56352],[-117.04097,47.56338],[-117.04097,47.56335],[-117.04097,47.5632],[-117.04097,47.56317],[-117.04097,47.56306],[-117.04097,47.56302],[-117.04097,47.56278],[-117.04096,47.5625],[-117.04096,47.56237],[-117.04096,47.5621],[-117.04096,47.56178],[-117.04095,47.56152],[-117.04095,47.56125],[-117.04095,47.56102],[-117.04094,47.56081],[-117.04094,47.5607],[-117.04094,47.56064],[-117.04094,47.56043],[-117.04094,47.5603],[-117.04094,47.56021],[-117.04094,47.56018],[-117.04093,47.55948],[-117.04092,47.55864],[-117.04092,47.55847],[-117.04091,47.55821],[-117.04091,47.55804],[-117.04091,47.55778],[-117.04091,47.55746],[-117.0409,47.5567],[-117.0409,47.5565],[-117.04089,47.55604],[-117.04089,47.55579],[-117.04088,47.55551],[-117.04088,47.55494],[-117.04086,47.5541],[-117.04086,47.55352],[-117.04085,47.55274],[-117.04085,47.55222],[-117.04084,47.55182],[-117.04084,47.55174],[-117.04083,47.55125],[-117.04082,47.55054],[-117.0408,47.54994],[-117.04078,47.54935],[-117.04077,47.54898],[-117.04077,47.54878],[-117.04076,47.54857],[-117.04076,47.54849],[-117.04075,47.54837],[-117.04074,47.54806],[-117.04073,47.54772],[-117.04072,47.54737],[-117.04071,47.54708],[-117.0407,47.54672],[-117.04069,47.54641],[-117.04066,47.54545],[-117.04063,47.5443],[-117.0406,47.54362],[-117.04059,47.54316],[-117.04058,47.54267],[-117.04056,47.54201],[-117.04055,47.54157],[-117.04055,47.54084],[-117.04054,47.54045],[-117.04054,47.53981],[-117.04054,47.53923],[-117.04053,47.53888],[-117.04053,47.53848],[-117.04053,47.53809],[-117.04052,47.53752],[-117.04052,47.53708],[-117.04052,47.53666],[-117.04051,47.53611],[-117.04051,47.53601],[-117.04051,47.53589],[-117.0405,47.53532],[-117.04049,47.53499],[-117.04048,47.53479],[-117.04048,47.53472],[-117.04047,47.53418],[-117.04046,47.53381],[-117.04046,47.53361],[-117.04045,47.53355],[-117.04045,47.53347],[-117.04045,47.5334],[-117.04052,47.53298],[-117.0405,47.53186],[-117.0405,47.53159],[-117.0405,47.53149],[-117.04049,47.53101],[-117.04047,47.52956],[-117.04046,47.52908],[-117.04046,47.52877],[-117.04044,47.52782],[-117.04044,47.52772],[-117.04044,47.5275],[-117.04043,47.52735],[-117.04042,47.52691],[-117.04042,47.52676],[-117.04033,47.52333],[-117.04031,47.52269],[-117.04032,47.52253],[-117.04032,47.52244],[-117.04035,47.52232],[-117.04019,47.5213],[-117.04019,47.5207],[-117.04018,47.51946],[-117.04016,47.51805],[-117.04016,47.51696],[-117.04014,47.51532],[-117.04012,47.51228],[-117.04011,47.51036],[-117.04011,47.50986],[-117.04012,47.50843],[-117.04012,47.50696],[-117.04012,47.50622],[-117.04011,47.50498],[-117.04011,47.50402],[-117.0401,47.50288],[-117.0401,47.50223],[-117.04009,47.50198],[-117.04009,47.50194],[-117.04009,47.50149],[-117.04009,47.5013],[-117.04008,47.5],[-117.04007,47.49853],[-117.04007,47.49765],[-117.04006,47.49594],[-117.04006,47.49554],[-117.04005,47.49501],[-117.04005,47.49394],[-117.04004,47.49298],[-117.04004,47.49264],[-117.04004,47.49255],[-117.04003,47.49189],[-117.04002,47.48957],[-117.04002,47.48916],[-117.04001,47.48822],[-117.04001,47.4874],[-117.04,47.48659],[-117.04,47.48626],[-117.03999,47.48574],[-117.03998,47.48387],[-117.03998,47.48357],[-117.03998,47.48274],[-117.03998,47.48269],[-117.03997,47.48222],[-117.03997,47.48202],[-117.03997,47.48155],[-117.03998,47.48056],[-117.03998,47.47998],[-117.03998,47.47842],[-117.03999,47.47779],[-117.03998,47.47699],[-117.03996,47.4751],[-117.03996,47.47483],[-117.03996,47.47417],[-117.03994,47.47251],[-117.03994,47.4718],[-117.03993,47.47104],[-117.03992,47.47029],[-117.03991,47.46992],[-117.03992,47.46956],[-117.03991,47.4688],[-117.0399,47.46776],[-117.03989,47.46635],[-117.03989,47.46578],[-117.03988,47.46505],[-117.03987,47.46417],[-117.03987,47.46369],[-117.03985,47.4634],[-117.03986,47.46226],[-117.03985,47.46147],[-117.03984,47.45984],[-117.03982,47.45757],[-117.03981,47.45635],[-117.03981,47.45545],[-117.0398,47.45434],[-117.03981,47.45099],[-117.03982,47.4494],[-117.03982,47.4473],[-117.03982,47.44567],[-117.03981,47.44335],[-117.03981,47.44167],[-117.03982,47.43734],[-117.03982,47.43719],[-117.03982,47.43687],[-117.03983,47.4362],[-117.03986,47.4349],[-117.03978,47.43488],[-117.03978,47.43253],[-117.03978,47.43178],[-117.03978,47.43133],[-117.03978,47.42908],[-117.03978,47.42779],[-117.03978,47.42583],[-117.03977,47.41987],[-117.03977,47.41398],[-117.03977,47.4138],[-117.03977,47.41362],[-117.03977,47.41341],[-117.03976,47.41254],[-117.03983,47.4125],[-117.03984,47.41184],[-117.03983,47.41016],[-117.03983,47.40966],[-117.03983,47.40957],[-117.03983,47.40791],[-117.03984,47.40726],[-117.03984,47.40658],[-117.03984,47.40568],[-117.03985,47.40516],[-117.03985,47.40503],[-117.03985,47.4049],[-117.03984,47.40373],[-117.03984,47.40229],[-117.03984,47.40204],[-117.03984,47.40171],[-117.03984,47.40078],[-117.03985,47.4003],[-117.03984,47.40012],[-117.03984,47.39956],[-117.03985,47.39942],[-117.03985,47.39916],[-117.03984,47.39837],[-117.03984,47.39659],[-117.03984,47.39525],[-117.03984,47.39402],[-117.03984,47.39302],[-117.03984,47.39282],[-117.03984,47.39127],[-117.03985,47.39112],[-117.03986,47.39087],[-117.03984,47.39035],[-117.03984,47.38843],[-117.03983,47.38794],[-117.03983,47.3878],[-117.03983,47.38691],[-117.03981,47.38318],[-117.0398,47.3776],[-117.03979,47.37643],[-117.0398,47.37606],[-117.0398,47.37224],[-117.0398,47.37171],[-117.0398,47.37114],[-117.03981,47.36936],[-117.03981,47.36796],[-117.03981,47.36787],[-117.03981,47.36775],[-117.03981,47.3661],[-117.03981,47.36603],[-117.03981,47.36591],[-117.03982,47.36536],[-117.03983,47.36321],[-117.03983,47.36302],[-117.03983,47.36209],[-117.03983,47.36165],[-117.03983,47.36007],[-117.03981,47.35725],[-117.03981,47.35713],[-117.0398,47.3536],[-117.0398,47.35231],[-117.03979,47.35182],[-117.03979,47.3513],[-117.03979,47.35113],[-117.03978,47.34721],[-117.03979,47.34538],[-117.03979,47.3453],[-117.03979,47.34521],[-117.03982,47.34234],[-117.03982,47.34228],[-117.03983,47.34067],[-117.03984,47.33993],[-117.03984,47.33981],[-117.03984,47.33949],[-117.03985,47.33934],[-117.03986,47.3377],[-117.03991,47.33271],[-117.03991,47.33264],[-117.03991,47.33252],[-117.03991,47.33178],[-117.03991,47.33167],[-117.03992,47.32684],[-117.03992,47.32672],[-117.03993,47.32268],[-117.03993,47.32085],[-117.03993,47.32077],[-117.03993,47.31996],[-117.03994,47.31875],[-117.03994,47.31796],[-117.03994,47.3178],[-117.03994,47.31747],[-117.03994,47.31696],[-117.03993,47.31597],[-117.03993,47.31503],[-117.03993,47.31494],[-117.03992,47.3121],[-117.03992,47.31203],[-117.03991,47.31054],[-117.03991,47.31014],[-117.03991,47.30935],[-117.0399,47.3069],[-117.0399,47.30668],[-117.0399,47.30628],[-117.0399,47.306],[-117.0399,47.30568],[-117.0399,47.30506],[-117.03989,47.30437],[-117.03989,47.30327],[-117.03989,47.30318],[-117.03989,47.30306],[-117.03989,47.30229],[-117.0399,47.30163],[-117.0399,47.30091],[-117.0399,47.30035],[-117.0399,47.30023],[-117.0399,47.29989],[-117.0399,47.2995],[-117.0399,47.29908],[-117.03991,47.29845],[-117.03991,47.29733],[-117.03991,47.29635],[-117.03991,47.29614],[-117.03991,47.296],[-117.03992,47.29589],[-117.03992,47.29418],[-117.03992,47.29317],[-117.03993,47.2923],[-117.03993,47.29081],[-117.03993,47.29028],[-117.03994,47.28934],[-117.03994,47.28869],[-117.03994,47.28753],[-117.03993,47.28635],[-117.03993,47.28615],[-117.03993,47.28372],[-117.03992,47.28223],[-117.03992,47.28134],[-117.03992,47.28006],[-117.03992,47.2792],[-117.03991,47.27761],[-117.03991,47.27753],[-117.03991,47.27599],[-117.0399,47.27468],[-117.0399,47.26987],[-117.0399,47.26969],[-117.03989,47.26893],[-117.0399,47.26812],[-117.03989,47.26766],[-117.03989,47.26647],[-117.03989,47.26567],[-117.03989,47.2654],[-117.03989,47.26404],[-117.03988,47.25927],[-117.03968,47.25927],[-117.03972,47.25774],[-117.03968,47.25712],[-117.03969,47.25688],[-117.03968,47.25635],[-117.03967,47.25616],[-117.03968,47.25604],[-117.03968,47.25514],[-117.03969,47.25425],[-117.03968,47.25408],[-117.03964,47.25382],[-117.03963,47.25359],[-117.03966,47.25273],[-117.03968,47.25188],[-117.0397,47.25141],[-117.0397,47.25139],[-117.03968,47.25103],[-117.03966,47.25038],[-117.03969,47.25016],[-117.03969,47.24989],[-117.03969,47.24926],[-117.03967,47.24909],[-117.03967,47.24897],[-117.03976,47.24879],[-117.03976,47.24865],[-117.03971,47.24854],[-117.03967,47.24844],[-117.03966,47.24831],[-117.03968,47.2481],[-117.03966,47.24707],[-117.03967,47.24592],[-117.03969,47.24539],[-117.03969,47.24451],[-117.03968,47.24382],[-117.03968,47.24341],[-117.03968,47.24336],[-117.03972,47.24283],[-117.0397,47.24248],[-117.03967,47.24166],[-117.0397,47.24067],[-117.0397,47.24058],[-117.0397,47.24031],[-117.0397,47.24022],[-117.03972,47.23869],[-117.03973,47.23865],[-117.03971,47.23811],[-117.03969,47.2378],[-117.03965,47.23678],[-117.03968,47.23608],[-117.03968,47.23602],[-117.03968,47.23595],[-117.03968,47.23356],[-117.03968,47.23274],[-117.03962,47.23235],[-117.03955,47.23219],[-117.03957,47.23205],[-117.03966,47.23183],[-117.03967,47.23167],[-117.03971,47.23018],[-117.03975,47.23002],[-117.03973,47.2299],[-117.03969,47.22937],[-117.03968,47.22889],[-117.0397,47.22851],[-117.03967,47.22831],[-117.03963,47.22817],[-117.03971,47.22792],[-117.03972,47.22713],[-117.03969,47.22663],[-117.0397,47.22559],[-117.03969,47.22524],[-117.0397,47.22454],[-117.03971,47.22435],[-117.03971,47.2234],[-117.03969,47.22306],[-117.03969,47.2227],[-117.03969,47.22243],[-117.03971,47.22173],[-117.03972,47.22162],[-117.03972,47.22157],[-117.03972,47.22131],[-117.03972,47.2212],[-117.03972,47.22089],[-117.03972,47.21993],[-117.03972,47.21961],[-117.03973,47.21165],[-117.03975,47.20383],[-117.03973,47.20373],[-117.03973,47.20367],[-117.03972,47.2036],[-117.03973,47.2035],[-117.03975,47.20346],[-117.03977,47.20338],[-117.03977,47.20324],[-117.0398,47.20252],[-117.03979,47.2022],[-117.03971,47.19479],[-117.03968,47.18781],[-117.03969,47.1866],[-117.03971,47.18297],[-117.03972,47.18176],[-117.03973,47.17999],[-117.03976,47.17468],[-117.03977,47.17329],[-117.03977,47.17292],[-117.03977,47.17285],[-117.03974,47.17265],[-117.03973,47.17258],[-117.03969,47.16709],[-117.03975,47.15461],[-117.03979,47.1536],[-117.03979,47.15352],[-117.03975,47.15253],[-117.03979,47.15081],[-117.0398,47.15],[-117.03978,47.14881],[-117.03976,47.14865],[-117.03976,47.14804],[-117.03976,47.14749],[-117.03975,47.14698],[-117.03974,47.14654],[-117.03972,47.14582],[-117.03972,47.14524],[-117.03972,47.14481],[-117.03979,47.13996],[-117.03979,47.13945],[-117.03979,47.13413],[-117.0398,47.13407],[-117.03983,47.13401],[-117.03986,47.13399],[-117.03975,47.12727],[-117.03974,47.1268],[-117.03973,47.12593],[-117.03973,47.12568],[-117.03972,47.1256],[-117.03972,47.12554],[-117.03971,47.12442],[-117.03969,47.12334],[-117.03969,47.12331],[-117.03968,47.12312],[-117.03968,47.12307],[-117.03968,47.1223],[-117.03968,47.12205],[-117.03968,47.12082],[-117.03969,47.11713],[-117.03969,47.1159],[-117.03969,47.11385],[-117.03969,47.10771],[-117.0397,47.10567],[-117.0397,47.10539],[-117.0397,47.10454],[-117.03971,47.10426],[-117.0397,47.10382],[-117.03978,47.09622],[-117.03978,47.09543],[-117.03979,47.09488],[-117.0398,47.09397],[-117.0398,47.09369],[-117.0398,47.0915],[-117.0398,47.0912],[-117.0398,47.09103],[-117.0398,47.09072],[-117.0398,47.09021],[-117.03979,47.09016],[-117.03979,47.08999],[-117.03979,47.08893],[-117.03979,47.08866],[-117.03978,47.08864],[-117.03977,47.08858],[-117.03978,47.08849],[-117.03978,47.08839],[-117.03978,47.08834],[-117.0398,47.0882],[-117.03982,47.08792],[-117.03981,47.08781],[-117.03978,47.08766],[-117.03978,47.08762],[-117.03978,47.08728],[-117.03975,47.08348],[-117.03975,47.08323],[-117.03972,47.078],[-117.03974,47.07648],[-117.0398,47.06852],[-117.03982,47.06625],[-117.03985,47.0634],[-117.03982,47.06216],[-117.03978,47.05679],[-117.03978,47.05676],[-117.03973,47.04897],[-117.03973,47.04894],[-117.03972,47.04836],[-117.03972,47.04769],[-117.03972,47.04765],[-117.03972,47.04753],[-117.03972,47.04749],[-117.03978,47.044],[-117.03979,47.04345],[-117.0398,47.04325],[-117.0399,47.03833],[-117.03997,47.03467],[-117.03998,47.03444],[-117.03998,47.03436],[-117.03997,47.03412],[-117.03996,47.0336],[-117.03994,47.03127],[-117.03994,47.03099],[-117.03994,47.03013],[-117.03995,47.02909],[-117.03994,47.02831],[-117.03994,47.02651],[-117.03994,47.02589],[-117.03994,47.02416],[-117.03994,47.02369],[-117.03995,47.01965],[-117.0399,47.01961],[-117.03989,47.0196],[-117.03979,47.01948],[-117.03959,47.01906],[-117.03955,47.01893],[-117.03946,47.01884],[-117.03958,47.01873],[-117.03968,47.01866],[-117.03978,47.01857],[-117.03984,47.01849],[-117.03987,47.01831],[-117.03986,47.01771],[-117.03986,47.01555],[-117.03985,47.01518],[-117.03981,47.01317],[-117.03979,47.01014],[-117.03982,47.00894],[-117.03981,47.0076],[-117.03977,47.00634],[-117.03974,47.00457],[-117.03976,47.00445],[-117.03981,47.00437],[-117.03986,47.00433],[-117.03986,47.00404],[-117.03985,47.00376],[-117.03984,47.00285],[-117.03983,47.00174],[-117.03982,47.00124],[-117.0399,47.0007],[-117.03986,47.00062],[-117.03986,47.00035],[-117.03987,46.99917],[-117.03985,46.99698],[-117.03984,46.99454],[-117.03984,46.99104],[-117.03981,46.99093],[-117.03979,46.99075],[-117.03979,46.99069],[-117.03981,46.99063],[-117.03985,46.99057],[-117.03982,46.99049],[-117.03981,46.9904],[-117.03983,46.99004],[-117.0398,46.98986],[-117.0398,46.98984],[-117.03977,46.98978],[-117.03972,46.98971],[-117.03977,46.98969],[-117.0398,46.98965],[-117.03982,46.9896],[-117.03981,46.98943],[-117.03974,46.98899],[-117.03974,46.98883],[-117.03976,46.98873],[-117.03968,46.98845],[-117.03968,46.98642],[-117.03968,46.98638],[-117.03966,46.98054],[-117.03966,46.98047],[-117.03965,46.98018],[-117.03965,46.97934],[-117.03965,46.97923],[-117.03965,46.97858],[-117.03965,46.9785],[-117.03964,46.97557],[-117.03965,46.97506],[-117.03965,46.97498],[-117.03964,46.97043],[-117.03963,46.96911],[-117.03964,46.96759],[-117.03964,46.96726],[-117.03963,46.96692],[-117.03963,46.96622],[-117.03963,46.9634],[-117.03963,46.96119],[-117.03963,46.96109],[-117.03963,46.96108],[-117.03966,46.96061],[-117.03962,46.95308],[-117.03962,46.95286],[-117.03961,46.94961],[-117.0396,46.94646],[-117.03957,46.9461],[-117.03955,46.93881],[-117.03953,46.93198],[-117.03956,46.9316],[-117.03955,46.93029],[-117.03951,46.9251],[-117.0395,46.92321],[-117.03949,46.92146],[-117.03949,46.92142],[-117.03946,46.91753],[-117.0394,46.91717],[-117.03945,46.91364],[-117.03946,46.91336],[-117.03946,46.91313],[-117.03947,46.91251],[-117.03947,46.91238],[-117.03947,46.91229],[-117.0395,46.90914],[-117.03952,46.90755],[-117.03955,46.90431],[-117.03957,46.90264],[-117.03957,46.89934],[-117.03958,46.89487],[-117.03959,46.89158],[-117.0396,46.88811],[-117.03977,46.88036],[-117.03977,46.88034],[-117.03977,46.88024],[-117.03972,46.87793],[-117.03965,46.87385],[-117.03965,46.87343],[-117.03966,46.87036],[-117.03969,46.86588],[-117.03978,46.8609],[-117.03979,46.86018],[-117.0398,46.86],[-117.03981,46.85943],[-117.03974,46.85122],[-117.03978,46.84486],[-117.03974,46.83989],[-117.03974,46.83972],[-117.03972,46.83728],[-117.0397,46.83685],[-117.03969,46.83642],[-117.03969,46.83585],[-117.03969,46.83518],[-117.03969,46.8337],[-117.03966,46.83041],[-117.03967,46.82957],[-117.0397,46.82683],[-117.03971,46.82664],[-117.03971,46.82619],[-117.03971,46.82598],[-117.03979,46.82595],[-117.03981,46.82594],[-117.03978,46.82587],[-117.03977,46.82478],[-117.03977,46.82386],[-117.03977,46.82378],[-117.03976,46.82266],[-117.03975,46.82223],[-117.03975,46.82093],[-117.03977,46.81999],[-117.03979,46.81981],[-117.03983,46.81942],[-117.03984,46.81937],[-117.03984,46.81922],[-117.03983,46.81907],[-117.03982,46.819],[-117.03978,46.81889],[-117.03977,46.81885],[-117.03974,46.81878],[-117.03964,46.81864],[-117.03963,46.8186],[-117.03968,46.81851],[-117.03975,46.81842],[-117.0398,46.81837],[-117.03982,46.81835],[-117.03992,46.81823],[-117.03994,46.8182],[-117.03995,46.81815],[-117.03995,46.81806],[-117.03989,46.81788],[-117.03985,46.81779],[-117.03983,46.81773],[-117.0398,46.8175],[-117.03979,46.81689],[-117.03979,46.81681],[-117.03979,46.81616],[-117.03979,46.81448],[-117.03979,46.81318],[-117.03977,46.80834],[-117.03977,46.80805],[-117.03976,46.80755],[-117.03968,46.80188],[-117.03967,46.80167],[-117.03967,46.8013],[-117.0397,46.79867],[-117.03977,46.79419],[-117.03978,46.7931],[-117.03979,46.79295],[-117.03979,46.79006],[-117.03979,46.78909],[-117.03979,46.7872],[-117.03972,46.7785],[-117.03966,46.77357],[-117.03966,46.77257],[-117.03967,46.77161],[-117.03967,46.77127],[-117.03974,46.76773],[-117.03977,46.76571],[-117.0398,46.76427],[-117.0398,46.76406],[-117.03984,46.76128],[-117.03984,46.7612],[-117.0399,46.7563],[-117.03991,46.75511],[-117.03994,46.74928],[-117.03991,46.74666],[-117.03991,46.74645],[-117.03987,46.74246],[-117.03987,46.74209],[-117.03982,46.73775],[-117.03982,46.73726],[-117.03981,46.73673],[-117.03979,46.73501],[-117.03979,46.73478],[-117.0398,46.73409],[-117.03981,46.73394],[-117.03983,46.73251],[-117.03983,46.7324],[-117.03983,46.73231],[-117.03984,46.73215],[-117.03984,46.73189],[-117.03984,46.73183],[-117.03985,46.73107],[-117.03988,46.72936],[-117.03988,46.72291],[-117.03988,46.72194],[-117.03987,46.71887],[-117.03987,46.71848],[-117.03987,46.71827],[-117.03986,46.71607],[-117.03986,46.71499],[-117.03984,46.70832],[-117.03983,46.70776],[-117.03983,46.70744],[-117.03982,46.70416],[-117.03981,46.70212],[-117.0398,46.70168],[-117.0398,46.70115],[-117.0398,46.70024],[-117.0398,46.70007],[-117.0398,46.70004],[-117.0398,46.6999],[-117.0398,46.69982],[-117.03982,46.69414],[-117.03982,46.69361],[-117.03982,46.69343],[-117.03982,46.69324],[-117.03984,46.68957],[-117.03983,46.68603],[-117.03983,46.68314],[-117.03983,46.68251],[-117.03983,46.67938],[-117.03983,46.67913],[-117.03983,46.67891],[-117.03984,46.67574],[-117.03984,46.67546],[-117.03984,46.67495],[-117.03981,46.67165],[-117.0398,46.66042],[-117.03978,46.65707],[-117.03977,46.65527],[-117.03975,46.65157],[-117.03971,46.64714],[-117.03971,46.64594],[-117.03967,46.64246],[-117.03967,46.64238],[-117.03967,46.6423],[-117.03968,46.64096],[-117.03969,46.63834],[-117.03969,46.63809],[-117.0397,46.6356],[-117.03973,46.63137],[-117.03974,46.6298],[-117.03974,46.62956],[-117.03975,46.62864],[-117.03975,46.62847],[-117.03976,46.62805],[-117.03975,46.62109],[-117.03974,46.62077],[-117.03974,46.61966],[-117.03974,46.61951],[-117.03974,46.61685],[-117.03973,46.61458],[-117.03973,46.61382],[-117.03974,46.60407],[-117.03974,46.60399],[-117.03974,46.60381],[-117.03974,46.60212],[-117.03971,46.59173],[-117.03971,46.59154],[-117.03971,46.59097],[-117.03971,46.5889],[-117.03971,46.58888],[-117.03971,46.58883],[-117.0397,46.58878],[-117.0397,46.58862],[-117.0397,46.58861],[-117.0397,46.58858],[-117.0397,46.58855],[-117.0397,46.58852],[-117.0397,46.58846],[-117.0397,46.58841],[-117.0397,46.58835],[-117.0397,46.58829],[-117.0397,46.58819],[-117.0397,46.58802],[-117.0397,46.58784],[-117.0397,46.58781],[-117.03969,46.5878],[-117.03969,46.58778],[-117.03969,46.58773],[-117.0397,46.58771],[-117.0397,46.58767],[-117.03977,46.58501],[-117.03972,46.58094],[-117.03972,46.58089],[-117.03969,46.57826],[-117.03964,46.57313],[-117.03965,46.57234],[-117.03965,46.57204],[-117.03966,46.57073],[-117.03966,46.56886],[-117.03968,46.56344],[-117.03969,46.55847],[-117.0397,46.5563],[-117.0397,46.55168],[-117.0397,46.55155],[-117.03971,46.55116],[-117.03971,46.55104],[-117.03971,46.55056],[-117.0397,46.54911],[-117.0397,46.54863],[-117.0397,46.54764],[-117.0397,46.54467],[-117.0397,46.54368],[-117.0397,46.5433],[-117.03969,46.54216],[-117.03969,46.54178],[-117.03969,46.54171],[-117.03978,46.54171],[-117.03977,46.536],[-117.03969,46.53586],[-117.03964,46.53578],[-117.03966,46.53566],[-117.03967,46.53551],[-117.03966,46.53466],[-117.03964,46.53356],[-117.03963,46.53312],[-117.03963,46.53288],[-117.03962,46.53283],[-117.03963,46.53268],[-117.03962,46.53261],[-117.03963,46.53252],[-117.03962,46.53248],[-117.03964,46.53238],[-117.03965,46.53235],[-117.03963,46.53208],[-117.03961,46.53156],[-117.03961,46.53154],[-117.03961,46.53149],[-117.03961,46.53127],[-117.03963,46.53108],[-117.03963,46.53097],[-117.03966,46.53039],[-117.03969,46.52968],[-117.03979,46.5278],[-117.03978,46.52727],[-117.03973,46.52433],[-117.03972,46.52122],[-117.03972,46.51786],[-117.03972,46.51498],[-117.03972,46.51477],[-117.03969,46.50754],[-117.03971,46.50149],[-117.03972,46.49883],[-117.03977,46.49842],[-117.03977,46.49676],[-117.0398,46.4935],[-117.03976,46.49058],[-117.03975,46.48868],[-117.03974,46.48498],[-117.03984,46.48378],[-117.03984,46.48102],[-117.03984,46.47999],[-117.03983,46.47814],[-117.03983,46.47563],[-117.03983,46.47549],[-117.03983,46.47507],[-117.03983,46.47421],[-117.03983,46.47414],[-117.03983,46.47404],[-117.03982,46.47201],[-117.03982,46.47174],[-117.03982,46.47081],[-117.03974,46.46289],[-117.03976,46.46269],[-117.03979,46.46259],[-117.03979,46.46231],[-117.0398,46.46198],[-117.0398,46.45979],[-117.0398,46.45695],[-117.0398,46.45633],[-117.0398,46.4558],[-117.0398,46.45512],[-117.0398,46.45429],[-117.0398,46.45425],[-117.03979,46.45346],[-117.03976,46.44855],[-117.03975,46.44777],[-117.03971,46.44183],[-117.03972,46.44121],[-117.03975,46.43996],[-117.03974,46.43708],[-117.03974,46.43667],[-117.03975,46.4352],[-117.03975,46.43472],[-117.03975,46.43376],[-117.03975,46.43364],[-117.03976,46.43354],[-117.03976,46.43334],[-117.03976,46.43287],[-117.03977,46.43125],[-117.03977,46.43118],[-117.03977,46.43115],[-117.03977,46.43113],[-117.03977,46.4311],[-117.03977,46.43106],[-117.03977,46.43088],[-117.03977,46.43068],[-117.03977,46.42974],[-117.03977,46.42863],[-117.03977,46.42854],[-117.03977,46.42835],[-117.03977,46.42683],[-117.03977,46.4267],[-117.03977,46.42649],[-117.03977,46.42645],[-117.03977,46.42589],[-117.03957,46.42538],[-117.03833,46.42443],[-117.03818,46.42431],[-117.03774,46.42391],[-117.03701,46.42327],[-117.03667,46.42277],[-117.03663,46.42267],[-117.03629,46.42185],[-117.036,46.42075],[-117.03589,46.42043],[-117.03573,46.41997],[-117.03543,46.41941],[-117.03488,46.41888],[-117.0347,46.41815],[-117.03463,46.41784],[-117.03475,46.4167],[-117.03484,46.41555],[-117.03493,46.41448],[-117.03521,46.41295],[-117.03523,46.41143],[-117.03532,46.41084],[-117.0354,46.41033],[-117.03558,46.40979],[-117.03584,46.40902],[-117.03607,46.40846],[-117.03611,46.4084],[-117.03645,46.40779],[-117.03696,46.40748],[-117.03704,46.40743],[-117.03736,46.40723],[-117.03744,46.40711],[-117.03793,46.40648],[-117.03835,46.40582],[-117.03857,46.40548],[-117.0387,46.405],[-117.03886,46.404],[-117.03901,46.40336],[-117.03913,46.40261],[-117.03924,46.40193],[-117.03932,46.40141],[-117.03939,46.40095],[-117.03951,46.40041],[-117.03978,46.39992],[-117.04053,46.39855],[-117.0406,46.39831],[-117.04092,46.39737],[-117.04144,46.39604],[-117.04149,46.39594],[-117.0419,46.39492],[-117.04185,46.39382],[-117.04184,46.39365],[-117.04179,46.39248],[-117.04215,46.39126],[-117.04255,46.39031],[-117.04279,46.38963],[-117.04321,46.38855],[-117.04364,46.38747],[-117.04392,46.38668],[-117.04425,46.38587],[-117.04434,46.38563],[-117.04449,46.38528],[-117.04491,46.38398],[-117.04553,46.38241],[-117.04576,46.38181],[-117.04603,46.38134],[-117.04617,46.38098],[-117.04689,46.37962],[-117.04772,46.37846],[-117.04823,46.37768],[-117.04942,46.37687],[-117.05017,46.37646],[-117.05179,46.37567],[-117.05259,46.37511],[-117.05279,46.37488],[-117.05297,46.37469],[-117.05335,46.37427],[-117.05403,46.37378],[-117.05493,46.37316],[-117.05614,46.37244],[-117.05673,46.37199],[-117.05703,46.37173],[-117.05927,46.37],[-117.06007,46.36921],[-117.06069,46.36829],[-117.06082,46.36806],[-117.06105,46.36759],[-117.06127,46.36741],[-117.06147,46.36725],[-117.06191,46.36681],[-117.06219,46.36629],[-117.06278,46.36518],[-117.0628,46.36494],[-117.06284,46.36456],[-117.06268,46.36399],[-117.06263,46.3636],[-117.06278,46.36268],[-117.0628,46.36207],[-117.06277,46.36124],[-117.06276,46.36087],[-117.06275,46.36046],[-117.06274,46.36028],[-117.06272,46.36005],[-117.06271,46.35989],[-117.06264,46.35819],[-117.06263,46.35766],[-117.06264,46.35541],[-117.0627,46.35459],[-117.06276,46.35416],[-117.06279,46.3536],[-117.06271,46.35327],[-117.06266,46.35307],[-117.06252,46.35253],[-117.06223,46.35175],[-117.06193,46.35092],[-117.06098,46.34929],[-117.06044,46.34857],[-117.0603,46.34838],[-117.05987,46.34792],[-117.0597,46.34778],[-117.05962,46.34771],[-117.05945,46.34755],[-117.05884,46.34702],[-117.05768,46.34639],[-117.05665,46.34581],[-117.05603,46.34556],[-117.0537,46.34458],[-117.05344,46.34449],[-117.05204,46.34393],[-117.05197,46.34391],[-117.0495,46.34301],[-117.04809,46.34277],[-117.04714,46.34265],[-117.04655,46.34257],[-117.0457,46.34254],[-117.04208,46.34223],[-117.04061,46.34213],[-117.03948,46.34203],[-117.0386,46.34195],[-117.03642,46.34171],[-117.03493,46.34148],[-117.03348,46.34124],[-117.03328,46.34117],[-117.03039,46.34022],[-117.02967,46.33982],[-117.02759,46.33863],[-117.027,46.3383],[-117.02678,46.33807],[-117.02665,46.33794],[-117.02624,46.33758],[-117.02581,46.33718],[-117.02558,46.33707],[-117.02524,46.33689],[-117.0243,46.33628],[-117.02389,46.33584],[-117.02355,46.33546],[-117.02336,46.33525],[-117.02292,46.33463],[-117.02283,46.33357],[-117.02281,46.33261],[-117.02281,46.33259],[-117.02301,46.33173],[-117.0231,46.33101],[-117.02306,46.32972],[-117.02304,46.32949],[-117.02299,46.32908],[-117.02299,46.32867],[-117.02306,46.32851],[-117.02336,46.32779],[-117.02336,46.32723],[-117.02336,46.32674],[-117.02335,46.32588],[-117.02335,46.32497],[-117.02335,46.32477],[-117.02302,46.32264],[-117.02282,46.32153],[-117.02271,46.32096],[-117.02284,46.32053],[-117.02307,46.31986],[-117.02275,46.31899],[-117.02266,46.31881],[-117.02246,46.31834],[-117.02233,46.31805],[-117.02205,46.31733],[-117.02122,46.31588],[-117.02058,46.31479],[-117.01889,46.3133],[-117.01871,46.3131],[-117.01736,46.31204],[-117.01725,46.31195],[-117.01699,46.31173],[-117.01659,46.31143],[-117.01588,46.31092],[-117.01541,46.31058],[-117.01291,46.30928],[-117.01214,46.30883],[-117.01192,46.30867],[-117.0111,46.3081],[-117.01082,46.30779],[-117.01053,46.30747],[-117.01025,46.30715],[-117.01004,46.30697],[-117.00738,46.30524],[-117.00737,46.30524],[-117.00639,46.30479],[-117.0059,46.3047],[-117.00539,46.30463],[-117.00416,46.30449],[-117.00185,46.30434],[-117.00171,46.30433],[-117.00099,46.3041],[-117.00026,46.30389],[-117.00025,46.30389],[-116.99951,46.30366],[-116.99799,46.30316],[-116.99616,46.30249],[-116.99555,46.30227],[-116.99438,46.3017],[-116.99428,46.30165],[-116.99305,46.30105],[-116.99085,46.30023],[-116.98965,46.2995],[-116.98877,46.29881],[-116.98818,46.29821],[-116.98814,46.29818],[-116.98745,46.29747],[-116.98698,46.29692],[-116.98679,46.2967],[-116.98622,46.29595],[-116.98565,46.29509],[-116.9848,46.29309],[-116.98482,46.29149],[-116.98503,46.29095],[-116.98503,46.29033],[-116.9853,46.28919],[-116.98558,46.2885],[-116.98678,46.28718],[-116.98732,46.28637],[-116.98809,46.28493],[-116.98886,46.28385],[-116.98977,46.28252],[-116.99017,46.28192],[-116.99087,46.28086],[-116.99125,46.27995],[-116.99142,46.27933],[-116.99145,46.27864],[-116.99142,46.27847],[-116.99135,46.27797],[-116.9912,46.27696],[-116.99083,46.2762],[-116.98995,46.27528],[-116.98952,46.27491],[-116.98877,46.27425],[-116.98792,46.27373],[-116.9874,46.27307],[-116.98684,46.27261],[-116.98656,46.27237],[-116.98634,46.27224],[-116.98614,46.27213],[-116.98529,46.27163],[-116.98425,46.27102],[-116.984,46.27084],[-116.98318,46.27024],[-116.98135,46.26919],[-116.98057,46.2688],[-116.9794,46.2682],[-116.97844,46.26759],[-116.97718,46.26686],[-116.97617,46.26627],[-116.97538,46.26582],[-116.97481,46.2655],[-116.97356,46.26411],[-116.97263,46.26349],[-116.97194,46.26299],[-116.97063,46.26163],[-116.96947,46.26039],[-116.96827,46.25906],[-116.9678,46.25847],[-116.96694,46.25729],[-116.96615,46.25612],[-116.96556,46.2553],[-116.96487,46.25446],[-116.96447,46.25376],[-116.96438,46.25328],[-116.96414,46.2527],[-116.96388,46.25205],[-116.96376,46.25123],[-116.96338,46.24988],[-116.96302,46.24901],[-116.96237,46.24782],[-116.96134,46.24636],[-116.96077,46.24569],[-116.96045,46.24532],[-116.95963,46.24377],[-116.95924,46.24317],[-116.9592,46.243],[-116.95905,46.24248],[-116.95863,46.24166],[-116.95849,46.24137],[-116.95814,46.2405],[-116.95774,46.2392],[-116.95767,46.23793],[-116.95776,46.23711],[-116.95774,46.23641],[-116.95769,46.23579],[-116.95768,46.23557],[-116.95765,46.23501],[-116.95743,46.23413],[-116.9571,46.23332],[-116.95682,46.23287],[-116.95661,46.23241],[-116.95622,46.2319],[-116.95576,46.23156],[-116.95565,46.23148],[-116.95561,46.23135],[-116.95548,46.23098],[-116.95538,46.23031],[-116.95607,46.22667],[-116.95631,46.22599],[-116.95666,46.22503],[-116.95712,46.22409],[-116.95737,46.22356],[-116.95823,46.22199],[-116.95944,46.21972],[-116.96074,46.21755],[-116.96137,46.2166],[-116.96177,46.21598],[-116.96231,46.21519],[-116.96278,46.21449],[-116.96338,46.2137],[-116.96397,46.21282],[-116.96495,46.2113],[-116.96518,46.21096],[-116.96608,46.20955],[-116.96614,46.20946],[-116.96623,46.20934],[-116.96631,46.20919],[-116.96665,46.20787],[-116.96662,46.20735],[-116.96644,46.20676],[-116.9664,46.20665],[-116.96631,46.20631],[-116.966,46.20553],[-116.96592,46.20484],[-116.96572,46.20387],[-116.96538,46.20312],[-116.96487,46.20238],[-116.96429,46.20155],[-116.96326,46.20017],[-116.9623,46.19934],[-116.96179,46.19897],[-116.96086,46.19834],[-116.95981,46.19782],[-116.95908,46.19745],[-116.9578,46.19665],[-116.95644,46.19581],[-116.95484,46.19492],[-116.95461,46.19479],[-116.95449,46.19472],[-116.95277,46.19376],[-116.95242,46.19351],[-116.94963,46.19168],[-116.94932,46.19124],[-116.94859,46.19028],[-116.94811,46.18964],[-116.94713,46.18895],[-116.94674,46.18868],[-116.94588,46.18783],[-116.94523,46.18711],[-116.9445,46.18643],[-116.94373,46.18585],[-116.94278,46.18551],[-116.94208,46.18525],[-116.94196,46.18514],[-116.94177,46.18498],[-116.94157,46.1848],[-116.94143,46.18468],[-116.94136,46.18449],[-116.94105,46.18364],[-116.94058,46.18282],[-116.93984,46.18188],[-116.94003,46.18109],[-116.9402,46.18059],[-116.93984,46.17974],[-116.93978,46.17968],[-116.93907,46.17884],[-116.93853,46.17826],[-116.93784,46.17759],[-116.93719,46.17692],[-116.93698,46.17654],[-116.93681,46.17623],[-116.93596,46.17523],[-116.93558,46.17493],[-116.93534,46.17475],[-116.93501,46.1745],[-116.93429,46.17411],[-116.9334,46.1737],[-116.93289,46.17336],[-116.93273,46.17324],[-116.93248,46.17319],[-116.93221,46.17314],[-116.93196,46.17309],[-116.93065,46.17315],[-116.9289,46.17336],[-116.92855,46.17336],[-116.92829,46.17338],[-116.92747,46.17329],[-116.92657,46.17284],[-116.92592,46.17224],[-116.92522,46.17165],[-116.92473,46.1712],[-116.92384,46.17078],[-116.92377,46.17075],[-116.92282,46.1697],[-116.92263,46.16938],[-116.92234,46.16877],[-116.92214,46.16805],[-116.92171,46.16659],[-116.92148,46.16568],[-116.92135,46.16451],[-116.92168,46.16324],[-116.92213,46.16202],[-116.92248,46.16142],[-116.92284,46.16081],[-116.92316,46.16036],[-116.92437,46.15962],[-116.92556,46.1591],[-116.92659,46.15865],[-116.9283,46.15805],[-116.9295,46.15758],[-116.93019,46.15718],[-116.93127,46.15645],[-116.93224,46.15567],[-116.9332,46.155],[-116.93461,46.15415],[-116.93499,46.15353],[-116.93513,46.15248],[-116.9352,46.15132],[-116.93516,46.15039],[-116.93553,46.14804],[-116.93555,46.14757],[-116.93575,46.1466],[-116.93581,46.14606],[-116.93585,46.14527],[-116.93583,46.14454],[-116.93579,46.14326],[-116.93562,46.1424],[-116.93515,46.14186],[-116.93487,46.14146],[-116.93455,46.14065],[-116.93422,46.13976],[-116.93409,46.13904],[-116.93414,46.13861],[-116.93424,46.13819],[-116.93473,46.13729],[-116.93532,46.13641],[-116.93621,46.1357],[-116.93769,46.1348],[-116.93852,46.13423],[-116.9393,46.13363],[-116.94056,46.13265],[-116.9415,46.13126],[-116.94187,46.13083],[-116.94264,46.12993],[-116.94337,46.12917],[-116.94382,46.1287],[-116.94479,46.12803],[-116.94557,46.12757],[-116.94627,46.12721],[-116.94725,46.12672],[-116.94821,46.12612],[-116.94882,46.12551],[-116.94941,46.12487],[-116.94985,46.12449],[-116.95037,46.12337],[-116.95033,46.12306],[-116.95027,46.12254],[-116.95006,46.12194],[-116.94979,46.12139],[-116.94961,46.12107],[-116.94963,46.12101],[-116.94983,46.12035],[-116.95006,46.11991],[-116.95078,46.11927],[-116.95112,46.11863],[-116.95109,46.11787],[-116.9511,46.11736],[-116.95112,46.1167],[-116.95111,46.11616],[-116.95109,46.11572],[-116.95109,46.1152],[-116.95112,46.11512],[-116.95133,46.11437],[-116.95157,46.11353],[-116.95137,46.11303],[-116.95124,46.11238],[-116.95127,46.11156],[-116.95131,46.11109],[-116.95134,46.11089],[-116.95161,46.11046],[-116.95211,46.10984],[-116.95271,46.10915],[-116.95318,46.10857],[-116.95359,46.10795],[-116.95402,46.10718],[-116.95427,46.10656],[-116.95446,46.10584],[-116.95466,46.10496],[-116.95487,46.10427],[-116.955,46.10362],[-116.95507,46.10316],[-116.95521,46.10251],[-116.95522,46.10248],[-116.95532,46.10217],[-116.95542,46.10186],[-116.95605,46.10125],[-116.95628,46.10114],[-116.95691,46.10081],[-116.95763,46.10053],[-116.95826,46.10009],[-116.95833,46.10003],[-116.95915,46.0994],[-116.95965,46.09904],[-116.95969,46.09901],[-116.96032,46.09886],[-116.96167,46.09874],[-116.96253,46.09869],[-116.96456,46.09856],[-116.96548,46.09849],[-116.96609,46.09834],[-116.96672,46.09818],[-116.96754,46.09806],[-116.96929,46.09803],[-116.9718,46.09783],[-116.97404,46.09766],[-116.97475,46.09747],[-116.97541,46.09731],[-116.9762,46.09709],[-116.97711,46.09672],[-116.97807,46.09631],[-116.97885,46.09585],[-116.97952,46.09537],[-116.98026,46.09482],[-116.981,46.09419],[-116.98146,46.09361],[-116.98198,46.09285],[-116.98246,46.09194],[-116.9826,46.09111],[-116.9826,46.09052],[-116.98259,46.09008],[-116.98249,46.08938],[-116.98246,46.08918],[-116.9823,46.08846],[-116.98209,46.08794],[-116.98193,46.08754],[-116.98192,46.08748],[-116.98181,46.08687],[-116.98206,46.08613],[-116.98209,46.08555],[-116.98196,46.08491],[-116.98195,46.08485],[-116.98165,46.08425],[-116.98089,46.08313],[-116.98059,46.08255],[-116.98048,46.08234],[-116.97993,46.08135],[-116.97941,46.08058],[-116.97935,46.08049],[-116.97915,46.08032],[-116.97885,46.08007],[-116.97857,46.07984],[-116.97843,46.07973],[-116.97749,46.07932],[-116.97682,46.07904],[-116.97658,46.07895],[-116.97559,46.07858],[-116.97459,46.07825],[-116.97391,46.07804],[-116.97296,46.07777],[-116.97268,46.0777],[-116.97203,46.07748],[-116.9719,46.07742],[-116.97104,46.07703],[-116.97031,46.07688],[-116.97009,46.07683],[-116.96889,46.07666],[-116.96806,46.07649],[-116.96711,46.07621],[-116.96577,46.07598],[-116.96452,46.07587],[-116.96324,46.07575],[-116.96221,46.07594],[-116.96129,46.07628],[-116.96112,46.07629],[-116.9604,46.07629],[-116.959,46.07588],[-116.95787,46.07546],[-116.95694,46.07474],[-116.95593,46.07358],[-116.9553,46.07285],[-116.95401,46.07182],[-116.95229,46.07039],[-116.95117,46.0695],[-116.95035,46.06924],[-116.94929,46.06841],[-116.94836,46.06738],[-116.94753,46.06635],[-116.94687,46.06565],[-116.94609,46.06482],[-116.94564,46.06432],[-116.94529,46.06393],[-116.94495,46.0635],[-116.94442,46.06284],[-116.94396,46.06236],[-116.94357,46.06199],[-116.94314,46.0615],[-116.94279,46.06112],[-116.9427,46.06034],[-116.94269,46.06028],[-116.94276,46.05899],[-116.94279,46.05885],[-116.9431,46.05748],[-116.94329,46.05659],[-116.94338,46.05617],[-116.94342,46.05555],[-116.94345,46.05516],[-116.94344,46.05508],[-116.94332,46.05432],[-116.94306,46.05334],[-116.94242,46.05138],[-116.94241,46.05134],[-116.94229,46.05097],[-116.94172,46.04986],[-116.94123,46.04892],[-116.94052,46.04717],[-116.94028,46.04669],[-116.93964,46.04573],[-116.93939,46.04544],[-116.93844,46.04435],[-116.93796,46.04401],[-116.93786,46.04398],[-116.9373,46.04382],[-116.93645,46.04361],[-116.93525,46.04321],[-116.93434,46.04246],[-116.93388,46.04209],[-116.9333,46.04161],[-116.93291,46.04123],[-116.93245,46.0408],[-116.93211,46.04039],[-116.93163,46.03963],[-116.93128,46.03859],[-116.93124,46.03835],[-116.93117,46.03744],[-116.93117,46.03743],[-116.93103,46.03706],[-116.93091,46.0367],[-116.9301,46.03616],[-116.92982,46.03568],[-116.92966,46.03496],[-116.92959,46.03418],[-116.92985,46.03356],[-116.92993,46.03337],[-116.93027,46.0328],[-116.93048,46.03234],[-116.93056,46.03172],[-116.93065,46.03089],[-116.93069,46.03006],[-116.93067,46.02922],[-116.93055,46.02872],[-116.93038,46.0276],[-116.93035,46.02746],[-116.93029,46.02635],[-116.93008,46.02525],[-116.93006,46.02478],[-116.93005,46.0242],[-116.92994,46.02365],[-116.92908,46.02198],[-116.9284,46.02122],[-116.92759,46.0204],[-116.92542,46.01989],[-116.92475,46.01973],[-116.92412,46.01937],[-116.92359,46.01896],[-116.92301,46.0183],[-116.923,46.01829],[-116.92277,46.01803],[-116.92226,46.01724],[-116.92212,46.01691],[-116.92195,46.01648],[-116.92177,46.01607],[-116.92172,46.01594],[-116.92151,46.01518],[-116.92133,46.01432],[-116.92128,46.01402],[-116.9212,46.01347],[-116.92113,46.013],[-116.92109,46.01257],[-116.92092,46.01174],[-116.92092,46.01092],[-116.92088,46.01015],[-116.92087,46.01004],[-116.92076,46.00943],[-116.92068,46.00891],[-116.92059,46.0087],[-116.92039,46.00828],[-116.92022,46.00763],[-116.9202,46.00755],[-116.92012,46.00726],[-116.9201,46.00664],[-116.92009,46.00621],[-116.92009,46.00619],[-116.91966,46.00489],[-116.91913,46.00387],[-116.91885,46.00335],[-116.91866,46.00262],[-116.91875,46.00176],[-116.9189,46.00102],[-116.9191,46.00034],[-116.91927,45.9998],[-116.91925,45.99939],[-116.91892,45.99871],[-116.91853,45.99821],[-116.91809,45.99773],[-116.91774,45.9971],[-116.91764,45.99669],[-116.91717,45.99604],[-116.91621,45.99546],[-116.91607,45.99536],[-116.91626,45.99537],[-116.91667,45.99539],[-116.91749,45.99544],[-116.91837,45.99548],[-116.92828,45.99588],[-116.93095,45.99597],[-116.93342,45.99607],[-116.93464,45.99607],[-116.93622,45.99606],[-116.93675,45.99605],[-116.93686,45.99605],[-116.94069,45.99611],[-116.94382,45.99618],[-116.9453,45.9962],[-116.9462,45.99622],[-116.94777,45.99625],[-116.94874,45.99627],[-116.9547,45.99639],[-116.95766,45.99644],[-116.9607,45.99647],[-116.96292,45.9965],[-116.963,45.99651],[-116.96426,45.99652],[-116.96544,45.99653],[-116.96946,45.99658],[-116.97681,45.99667],[-116.97698,45.99667],[-116.97702,45.99668],[-116.97846,45.99669],[-116.98019,45.99671],[-116.98423,45.99677],[-116.98434,45.99677],[-116.98455,45.99677],[-116.98587,45.99678],[-116.98711,45.99679],[-116.98807,45.99681],[-116.99457,45.99685],[-116.99467,45.99685],[-116.99482,45.99685],[-116.99656,45.99687],[-116.99999,45.9969],[-117.00175,45.99691],[-117.0052,45.99694],[-117.0068,45.99695],[-117.00694,45.99695],[-117.01038,45.99697],[-117.01213,45.99699],[-117.01556,45.99701],[-117.01733,45.99702],[-117.02052,45.99704],[-117.02074,45.99704],[-117.02257,45.99706],[-117.02593,45.99708],[-117.02782,45.99709],[-117.02875,45.9971],[-117.03111,45.99711],[-117.03308,45.99712],[-117.0363,45.99714],[-117.03814,45.99715],[-117.03833,45.99714],[-117.04148,45.99708],[-117.04169,45.99708],[-117.05006,45.99714],[-117.05054,45.99714],[-117.05919,45.99719],[-117.06146,45.99721],[-117.08001,45.99752],[-117.08037,45.99755],[-117.08805,45.99761],[-117.09018,45.99763],[-117.09599,45.99767],[-117.1023,45.99773],[-117.10622,45.99776],[-117.12232,45.99787],[-117.12615,45.9979],[-117.13403,45.99793],[-117.14765,45.998],[-117.1489,45.99801],[-117.15509,45.99804],[-117.16299,45.99808],[-117.17404,45.99812],[-117.17553,45.99813],[-117.17614,45.99813],[-117.17721,45.99813],[-117.17916,45.99814],[-117.18765,45.99818],[-117.18842,45.99818],[-117.19039,45.99819],[-117.1922,45.9982],[-117.19287,45.9982],[-117.19627,45.99821],[-117.19813,45.99822],[-117.20216,45.99824],[-117.2034,45.99824],[-117.20805,45.99826],[-117.20867,45.99826],[-117.21173,45.99827],[-117.21331,45.99828],[-117.21388,45.99828],[-117.21857,45.9983],[-117.2191,45.99831],[-117.2197,45.99832],[-117.22361,45.99833],[-117.22411,45.99834],[-117.22428,45.99834],[-117.2281,45.99835],[-117.22852,45.99835],[-117.22869,45.99833],[-117.22997,45.99835],[-117.23291,45.99836],[-117.24586,45.99842],[-117.24782,45.99843],[-117.24877,45.99843],[-117.25011,45.99844],[-117.25073,45.99844],[-117.25104,45.99844],[-117.25265,45.99845],[-117.255,45.99846],[-117.25947,45.99848],[-117.25962,45.99848],[-117.25992,45.99848],[-117.26031,45.99846],[-117.27327,45.99828],[-117.27841,45.99831],[-117.28047,45.99832],[-117.28309,45.99833],[-117.2839,45.99833],[-117.29505,45.99839],[-117.31333,45.99847],[-117.31602,45.99848],[-117.31895,45.99849],[-117.31908,45.99849],[-117.32039,45.9985],[-117.32162,45.99851],[-117.33742,45.99857],[-117.33791,45.99857],[-117.35121,45.99691],[-117.35184,45.99683],[-117.35401,45.99656],[-117.35443,45.99656],[-117.35489,45.99657],[-117.35595,45.99657],[-117.35612,45.99657],[-117.35843,45.9967],[-117.36125,45.99685],[-117.36313,45.99696],[-117.36459,45.99704],[-117.36603,45.99712],[-117.36638,45.99714],[-117.36656,45.99715],[-117.3667,45.99715],[-117.3669,45.99717],[-117.36775,45.99721],[-117.37116,45.9974],[-117.37157,45.99742],[-117.3728,45.99749],[-117.37386,45.99755],[-117.3768,45.99772],[-117.38148,45.99797],[-117.38213,45.99801],[-117.38268,45.99804],[-117.38543,45.99819],[-117.39029,45.99826],[-117.39496,45.99832],[-117.39741,45.99836],[-117.40101,45.99841],[-117.40439,45.99845],[-117.4058,45.99848],[-117.41172,45.99849],[-117.41179,45.99849],[-117.41185,45.99849],[-117.4131,45.99846],[-117.41757,45.99846],[-117.42048,45.99846],[-117.42304,45.99845],[-117.42783,45.99845],[-117.42871,45.99844],[-117.43067,45.99844],[-117.43139,45.99844],[-117.4315,45.99844],[-117.43358,45.99843],[-117.43673,45.99842],[-117.43711,45.99842],[-117.44127,45.99841],[-117.44146,45.9984],[-117.44389,45.99839],[-117.44493,45.99839],[-117.44499,45.99839],[-117.45804,45.99816],[-117.45828,45.99815],[-117.45861,45.99814],[-117.45885,45.99815],[-117.45905,45.99815],[-117.4594,45.99811],[-117.46204,45.99805],[-117.46448,45.998],[-117.46595,45.99796],[-117.46666,45.99795],[-117.46683,45.99793],[-117.46834,45.99791],[-117.46964,45.99789],[-117.47274,45.99785],[-117.47304,45.99786],[-117.47393,45.99785],[-117.47416,45.99784],[-117.47438,45.99784],[-117.47526,45.99783],[-117.47584,45.99783],[-117.47975,45.99778],[-117.47993,45.9978],[-117.48014,45.99781],[-117.4809,45.99783],[-117.48234,45.99787],[-117.48317,45.99788],[-117.48393,45.99789],[-117.4847,45.99786],[-117.48506,45.99786],[-117.4864,45.99789],[-117.48642,45.99789],[-117.48706,45.9979],[-117.48762,45.99791],[-117.48902,45.99796],[-117.48979,45.99796],[-117.49209,45.998],[-117.49277,45.99803],[-117.49617,45.99805],[-117.49647,45.99805],[-117.49768,45.99807],[-117.49918,45.9981],[-117.4996,45.9981],[-117.49994,45.99813],[-117.50053,45.99815],[-117.50067,45.99815],[-117.50096,45.99814],[-117.50118,45.99814],[-117.50144,45.99814],[-117.50173,45.99813],[-117.50213,45.99813],[-117.50254,45.99815],[-117.50378,45.99816],[-117.50388,45.99816],[-117.50457,45.99817],[-117.50496,45.9982],[-117.50548,45.99816],[-117.5057,45.99814],[-117.50575,45.99814],[-117.50576,45.99812],[-117.51007,45.99818],[-117.51062,45.99819],[-117.51526,45.99826],[-117.51581,45.99827],[-117.51709,45.99829],[-117.51896,45.99831],[-117.51986,45.99833],[-117.52903,45.99836],[-117.53149,45.99837],[-117.53603,45.99839],[-117.54505,45.99842],[-117.54661,45.99843],[-117.55026,45.99844],[-117.5543,45.99846],[-117.55675,45.99847],[-117.55728,45.99847],[-117.56193,45.99849],[-117.5624,45.99849],[-117.56673,45.99851],[-117.5671,45.99851],[-117.56752,45.99851],[-117.57227,45.99853],[-117.57264,45.99853],[-117.57745,45.99855],[-117.57776,45.99855],[-117.58263,45.99857],[-117.58288,45.99857],[-117.58788,45.99859],[-117.58801,45.99859],[-117.58879,45.99859],[-117.58993,45.99862],[-117.59897,45.99884],[-117.6028,45.99894],[-117.60301,45.99894],[-117.60316,45.99895],[-117.60333,45.99895],[-117.60337,45.99895],[-117.60342,45.99895],[-117.60362,45.99896],[-117.60887,45.99908],[-117.61378,45.9992],[-117.61433,45.99922],[-117.6236,45.99933],[-117.62374,45.99934],[-117.62414,45.99934],[-117.62588,45.99933],[-117.62934,45.99932],[-117.63054,45.99931],[-117.63453,45.99929],[-117.63558,45.99929],[-117.63573,45.99929],[-117.63973,45.99933],[-117.64093,45.99935],[-117.64492,45.99939],[-117.64613,45.9994],[-117.65012,45.99944],[-117.65133,45.99945],[-117.65532,45.99949],[-117.65654,45.99951],[-117.66052,45.99955],[-117.66142,45.99956],[-117.66167,45.99956],[-117.66571,45.99961],[-117.6668,45.99962],[-117.67091,45.99966],[-117.67208,45.99968],[-117.67611,45.99972],[-117.67735,45.99973],[-117.68131,45.99978],[-117.68214,45.99979],[-117.68255,45.99979],[-117.6865,45.99979],[-117.68774,45.99979],[-117.6917,45.99979],[-117.69293,45.99979],[-117.69689,45.9998],[-117.69811,45.9998],[-117.70021,45.9998],[-117.70179,45.9998],[-117.70358,45.9998],[-117.70936,45.9998],[-117.71776,45.9998],[-117.72021,45.99981],[-117.73,45.99981],[-117.73006,45.99981],[-117.74064,45.99984],[-117.7457,45.99986],[-117.74645,45.99986],[-117.74691,45.99987],[-117.74834,45.99988],[-117.74908,45.99988],[-117.75358,45.99989],[-117.75872,45.9999],[-117.76302,45.99992],[-117.76609,45.99993],[-117.77159,45.99994],[-117.77623,45.99995],[-117.77794,45.99996],[-117.78043,45.99996],[-117.7828,45.99997],[-117.78419,45.99997],[-117.78492,45.99998],[-117.78577,45.99998],[-117.79525,46.0],[-117.79986,46.00002],[-117.80048,46.00001],[-117.80828,46.00004],[-117.8129,46.00005],[-117.8147,46.00005],[-117.81688,46.00006],[-117.81703,46.00006],[-117.82103,46.00006],[-117.82223,46.00007],[-117.82623,46.00008],[-117.82744,46.00008],[-117.8308,46.00008],[-117.83142,46.00009],[-117.83264,46.00009],[-117.83662,46.0001],[-117.83786,46.00011],[-117.83811,46.00012],[-117.84983,46.00013],[-117.85424,46.00013],[-117.85483,46.00013],[-117.85496,46.00013],[-117.85931,46.00013],[-117.86491,46.00014],[-117.86721,46.00014],[-117.88329,46.00015],[-117.88636,46.00016],[-117.90171,46.0002],[-117.90539,46.00024],[-117.90608,46.00025],[-117.91024,46.00031],[-117.91107,46.00031],[-117.91168,46.0003],[-117.91201,46.0003],[-117.9139,46.00032],[-117.91859,46.00042],[-117.91918,46.00042],[-117.92428,46.00038],[-117.92576,46.00039],[-117.92876,46.0004],[-117.93565,46.00042],[-117.94567,46.00044],[-117.94655,46.00045],[-117.95022,46.00046],[-117.95285,46.00047],[-117.96765,46.00051],[-117.96935,46.00051],[-117.97563,46.00052],[-117.97677,46.00052],[-117.97766,46.00052],[-117.97776,46.00052],[-117.97814,46.00052],[-117.98138,46.00053],[-117.98953,46.00055],[-117.99077,46.00055],[-117.99265,46.00055],[-117.9957,46.00056],[-117.99697,46.00056],[-118.0066,46.00058],[-118.01195,46.00058],[-118.01484,46.00058],[-118.02334,46.00056],[-118.02344,46.00056],[-118.02405,46.00056],[-118.02851,46.00057],[-118.03023,46.00057],[-118.03324,46.00058],[-118.03545,46.00058],[-118.04355,46.00059],[-118.04924,46.00058],[-118.05372,46.00057],[-118.05786,46.00057],[-118.05865,46.00057],[-118.07471,46.00063],[-118.08084,46.00058],[-118.08534,46.00058],[-118.09626,46.0006],[-118.11444,46.00062],[-118.11525,46.00062],[-118.11565,46.00062],[-118.11596,46.00061],[-118.11893,46.00062],[-118.12319,46.00062],[-118.12432,46.00062],[-118.12526,46.00062],[-118.12775,46.00062],[-118.12863,46.00062],[-118.13084,46.00061],[-118.13747,46.00061],[-118.14221,46.00059],[-118.14588,46.00058],[-118.1461,46.00058],[-118.15149,46.00055],[-118.15849,46.00052],[-118.16292,46.00053],[-118.17075,46.00055],[-118.17106,46.00055],[-118.17742,46.00057],[-118.18008,46.00057],[-118.18013,46.00057],[-118.18348,46.00058],[-118.18958,46.0006],[-118.21096,46.00062],[-118.21445,46.00062],[-118.22903,46.00062],[-118.23484,46.00063],[-118.23667,46.00062],[-118.24198,46.00062],[-118.24547,46.00062],[-118.25114,46.00062],[-118.2516,46.00062],[-118.25352,46.00062],[-118.25659,46.00062],[-118.26278,46.00062],[-118.26711,46.00062],[-118.2778,46.00061],[-118.28354,46.00061],[-118.28362,46.00061],[-118.28767,46.0006],[-118.28795,46.0006],[-118.28806,46.0006],[-118.2883,46.0006],[-118.29146,46.0006],[-118.29209,46.0006],[-118.30452,46.00059],[-118.30887,46.00058],[-118.31486,46.00064],[-118.31507,46.00066],[-118.31647,46.00067],[-118.31846,46.00067],[-118.32244,46.00066],[-118.32389,46.00065],[-118.32485,46.00065],[-118.32681,46.00064],[-118.32975,46.00063],[-118.33194,46.00064],[-118.33203,46.00064],[-118.33366,46.00064],[-118.33472,46.00064],[-118.33582,46.00064],[-118.33752,46.00065],[-118.3388,46.00065],[-118.34041,46.00065],[-118.34052,46.00065],[-118.34145,46.00065],[-118.34244,46.00065],[-118.34318,46.00066],[-118.34471,46.00066],[-118.34544,46.00064],[-118.34571,46.00062],[-118.34633,46.00064],[-118.34937,46.00066],[-118.35459,46.00065],[-118.35486,46.00065],[-118.35746,46.00065],[-118.35804,46.00066],[-118.35845,46.00066],[-118.35899,46.00066],[-118.3606,46.00066],[-118.36352,46.00068],[-118.36659,46.0007],[-118.36717,46.00071],[-118.3676,46.00071],[-118.36925,46.00067],[-118.3716,46.00061],[-118.37505,46.00063],[-118.37814,46.00065],[-118.38014,46.00066],[-118.38265,46.00067],[-118.38327,46.00068],[-118.38349,46.00069],[-118.38373,46.0007],[-118.38395,46.0007],[-118.38557,46.00072],[-118.38627,46.00073],[-118.38729,46.00073],[-118.3883,46.00074],[-118.38847,46.00074],[-118.38983,46.00075],[-118.39233,46.00074],[-118.39235,46.00074],[-118.39268,46.00075],[-118.39421,46.00075],[-118.39656,46.00074],[-118.39722,46.00074],[-118.39777,46.00075],[-118.39883,46.00075],[-118.39889,46.00075],[-118.40047,46.00076],[-118.40323,46.00076],[-118.40382,46.00077]]]},"bbox":[-124.84897,45.54354,-116.91607,49.00244],"properties":{"divisionId":"state:53","divisionType":"state","name":"Washington","label":"Washington","labelPoint":[-120.5760468,47.4073801],"state":"WA","sourceFeatureId":"53","landAreaSqKm":170409.258,"cameraViewshedAreaSqKm":2440.041,"cameraViewshedCoveragePct":1.43,"landMix":[{"label":"Tribal reservation/trust area","percentage":7.66,"areaSqKm":13058.842},{"label":"Tribal fee land","percentage":0.0,"areaSqKm":2.836},{"label":"National Park Service land","percentage":4.23,"areaSqKm":7201.968},{"label":"U.S. Forest Service land","percentage":22.05,"areaSqKm":37573.198},{"label":"Other federal land","percentage":1.35,"areaSqKm":2294.077},{"label":"State land","percentage":9.04,"areaSqKm":15401.371},{"label":"Local government land","percentage":0.59,"areaSqKm":1007.425},{"label":"Nonprofit open space","percentage":0.18,"areaSqKm":312.445},{"label":"Mapped private open space","percentage":0.01,"areaSqKm":15.101},{"label":"Other/unclassified","percentage":54.89,"areaSqKm":93541.995}]}}],"metadata":{"schemaVersion":1,"divisionType":"state","source":"https://tigerweb.geo.census.gov/arcgis/rest/services/TIGERweb/State_County/MapServer/0/query?where=%28STATE+IN+%28%2741%27%2C%2753%27%29%29&outFields=GEOID%2CNAME%2CSTATE%2CINTPTLAT%2CINTPTLON&returnGeometry=true&outSR=4326&geometryPrecision=5&f=json&orderByFields=OBJECTID","sourceLayer":"States","vintage":"current","sourceSha256":"80e2d904c5301db508686cd45d189238df24ab0ef3bf6871e74dad51bb670a56","areaCrs":"EPSG:5070","metricsStatus":"complete","landFootprint":"regional coastal mask minus Census areal hydrography","hydroVintage":"2025-01-01","overlapHandling":"displayed dissolved camera viewshed coverage","designationPriority":["Tribal reservation/trust area","Tribal fee land","National Park Service land","U.S. Forest Service land","Other federal land","State land","Local government land","Nonprofit open space","Mapped private open space"],"inputSha256":{"coastalMaskSha256":"2c723deac9d470b735f5b54684292cd60a83b9efd6b5278789b74924dd92d8c5","hydroSha256":"71db00b97bfbcbcb5f8a56174bc78681d28ce8e954b32ed7e25196259735686b","viewshedsSha256":"38092311528616ed6e345d58079676c9e4edc2e338b37b6f5dea0742891409bc","padusFeeSha256":"157fb53563afb653233fcdf39bb5eb19f3dd98d446c9ed6d7a1b04162a36e346"},"designationSources":{"tribalArea":"https://tigerweb.geo.census.gov/arcgis/rest/services/TIGERweb/AIANNHA/MapServer/2/query and layer 3; where=1%3D1&geometryType=esriGeometryEnvelope&outSR=4326","federalFee":"https://services.arcgis.com/v01gqwM5QqNysAAi/arcgis/rest/services/Federal_Fee_Managers_Authoritative_PADUS/FeatureServer/0/query","otherFee":"https://services.arcgis.com/v01gqwM5QqNysAAi/arcgis/rest/services/Fee_Managers_PADUS/FeatureServer/0"},"designationNote":"Tribal reservation/trust area is a jurisdictional boundary. All other named categories are mapped fee parcels; Other/unclassified includes unmapped private land and source gaps.","designationGeometrySimplificationM":2.0,"maxAcceptedSimplificationAreaChangePct":0.05}}
