{"type":"FeatureCollection","features":[{"type":"Feature","id":"utility:29","geometry":{"type":"MultiPolygon","coordinates":[[[[-123.189221557029,44.1147815837032],[-123.189221535445,44.1147878223002],[-123.188246210794,44.1147914618566],[-123.188257912772,44.1170506811441],[-123.184955364798,44.1171118386405],[-123.184700718164,44.1171140932408],[-123.17920313012,44.1171627483622],[-123.179206740898,44.1182900602382],[-123.178547358873,44.1183052587807],[-123.178541213806,44.1207141999005],[-123.182348156442,44.124245018293],[-123.182302278427,44.1270418343133],[-123.182851569045,44.1270628784491],[-123.182838247387,44.1276030373504],[-123.183599466842,44.1276112301742],[-123.183613259744,44.1270512592083],[-123.186157305116,44.1270827282854],[-123.191109004677,44.1254402145943],[-123.193095207778,44.1275891626098],[-123.194160202931,44.1271097789931],[-123.194738088392,44.1277186146224],[-123.188642229955,44.1276807180907],[-123.188651316705,44.1332648029284],[-123.185865544359,44.1332031247245],[-123.183520231174,44.1333055233313],[-123.178693399781,44.1333457886773],[-123.178307311833,44.1348856690385],[-123.175400062663,44.1348658929467],[-123.172956268317,44.1301892699189],[-123.168246300227,44.1301295225595],[-123.16824694594,44.1275587367464],[-123.148015576857,44.1273910311712],[-123.148026505419,44.1285120927589],[-123.147445107206,44.1285089604202],[-123.147153290692,44.1284293065673],[-123.14712977432,44.1284669306044],[-123.147106660844,44.1284962637916],[-123.147095298809,44.128506720209],[-123.146834408181,44.128505421588],[-123.146914249993,44.1284295583775],[-123.146939940926,44.1284029726191],[-123.146948713812,44.1283911213532],[-123.146960944592,44.1283695978787],[-123.146966872923,44.1283513713188],[-123.14697137403,44.128339188203],[-123.146975182659,44.1283066372416],[-123.146975433569,44.1282886166264],[-123.145057642796,44.1282720232354],[-123.145055850447,44.1284951459343],[-123.144846900164,44.1284931386475],[-123.144846844406,44.1282707866675],[-123.143345437942,44.1282576313847],[-123.143430985052,44.1284854548399],[-123.141020688654,44.128469858797],[-123.140972903177,44.1283651219529],[-123.140895546192,44.1282316742524],[-123.140756023572,44.128117056557],[-123.140707386437,44.128024811296],[-123.140688103173,44.1279843229182],[-123.140598420081,44.1277789474405],[-123.140552597824,44.1276499837598],[-123.139996807806,44.1277922789905],[-123.139722871613,44.127578763749],[-123.139587988595,44.1275772349015],[-123.139592763995,44.1268662353885],[-123.131291663579,44.1268722446584],[-123.131281956297,44.127418400239],[-123.130612346283,44.1274370971444],[-123.130620316075,44.1268880205657],[-123.127950355724,44.1268928903946],[-123.128009569786,44.131606429693],[-123.11719381834,44.1315950217929],[-123.115443232219,44.1306028195645],[-123.114223793793,44.1304242285953],[-123.111323472101,44.1292871941487],[-123.109648867901,44.1284652290871],[-123.108445137933,44.1274919791716],[-123.107845006842,44.1268379040461],[-123.107847849599,44.1266852720078],[-123.10760998881,44.1260244366784],[-123.107503401161,44.1257020072419],[-123.107452102033,44.1255793334196],[-123.107414503177,44.125426555691],[-123.107285570972,44.1251272622134],[-123.107213295157,44.1248790268457],[-123.106373150301,44.1236811856382],[-123.105074263067,44.1232627041106],[-123.103342311798,44.1230721548561],[-123.101975701118,44.1232909563126],[-123.099457647053,44.1234371060377],[-123.097238821714,44.1229778474498],[-123.095297236678,44.1222714470697],[-123.093304837248,44.1216543358789],[-123.092041948977,44.1211102631282],[-123.091069492263,44.1203092558675],[-123.090292221709,44.119749970185],[-123.088987231675,44.1188692686019],[-123.088436566894,44.1185358548459],[-123.086325119708,44.1177713852413],[-123.084293951405,44.1170777678248],[-123.082519046717,44.1168349823486],[-123.080526668871,44.1165648979517],[-123.079737528164,44.1165864214262],[-123.078316683868,44.1169418802636],[-123.077229491648,44.1172246981614],[-123.076204995664,44.1175520945536],[-123.074151681555,44.1180747391579],[-123.072857370072,44.1183085565947],[-123.071482447857,44.1182364147788],[-123.069270946597,44.1173793410838],[-123.067640420869,44.1169654802728],[-123.06562505815,44.1171796088519],[-123.063225303605,44.117253700398],[-123.061119636362,44.1169389592656],[-123.058838246987,44.1162618219256],[-123.056188630201,44.1157215470118],[-123.053201391731,44.1146191535511],[-123.051697515728,44.1136875863131],[-123.048921326558,44.1128372980029],[-123.044783830909,44.1117347246778],[-123.043479447019,44.1117488898994],[-123.042384975686,44.1113954203624],[-123.041014914307,44.110449517931],[-123.039453825234,44.1095990920246],[-123.038219451766,44.1091757496612],[-123.036750428989,44.1086914791285],[-123.035353807932,44.1082982946306],[-123.034306792025,44.1081731099011],[-123.033289202834,44.1080072704193],[-123.032587949274,44.1075412867011],[-123.032531530306,44.1062887496262],[-123.033456650304,44.1050159849997],[-123.034166585919,44.1040159343879],[-123.035297785564,44.1031403076791],[-123.035972152093,44.1021340301614],[-123.036274872887,44.1011356765703],[-123.036370928575,44.100342308151],[-123.036313973611,44.0995916926026],[-123.036267061376,44.0989190239938],[-123.035989509009,44.0979429942738],[-123.035672185923,44.0972487689156],[-123.035259889932,44.0967364341392],[-123.034718493564,44.0960636729002],[-123.034328549323,44.0956375417392],[-123.03389444837,44.0951467969871],[-123.033542870107,44.0947493443068],[-123.032793027076,44.0942531298781],[-123.046108873126,44.094424255575],[-123.048929683958,44.0701102162135],[-123.049409530725,44.0664130547187],[-123.050007068172,44.0591109428158],[-123.050280120331,44.0534892843031],[-123.050264058439,44.0497147406428],[-123.050264058439,44.0449122377096],[-123.050023130063,44.0421977798038],[-123.04962158277,44.0409931388223],[-123.049173803128,44.0400673236481],[-123.04843300368,44.0385356711843],[-123.047372918825,44.0372989064194],[-123.046252761955,44.036415204698],[-123.04448178011,44.0354839126525],[-123.042388163783,44.0347250620121],[-123.040090795254,44.0346819539091],[-123.036128810396,44.0344692318696],[-123.034532895976,44.0343026315613],[-123.033401316817,44.0339276322545],[-123.032419131238,44.0334594766736],[-123.032166737405,44.0332202687005],[-123.030663690577,44.0318309132661],[-123.030140756391,44.0288725403355],[-123.029399983023,44.0259473182142],[-123.02900038456,44.0251324506021],[-123.027438918671,44.0251677004291],[-123.026924874284,44.0251649278192],[-123.026717585048,44.0240972014248],[-123.026662469198,44.023869547042],[-123.026582009552,44.0234675527854],[-123.026527487254,44.0232254166197],[-123.026514566694,44.0230224252448],[-123.02651677363,44.0228807082781],[-123.026538271924,44.0227680322189],[-123.02656598723,44.0226518595957],[-123.026564593281,44.022463565841],[-123.024410345561,44.0188039006795],[-123.024464000014,44.0188044438701],[-123.023047299793,44.0163810290613],[-123.022418927292,44.0153859094322],[-123.020587101813,44.0115093205987],[-123.017175423807,44.0115073043187],[-123.017104245165,44.0042258669303],[-123.012541086002,44.0042533088432],[-123.012516155896,43.9969909460754],[-123.027519634623,43.9969630679913],[-123.047405663141,43.9968511302755],[-123.047188157607,43.9977839529671],[-123.046951242006,44.0070264987739],[-123.046903822553,44.0115668052639],[-123.054931038936,44.0127975067995],[-123.060413394263,44.0115006934024],[-123.060396026555,44.0110875772299],[-123.060789754244,44.0107005683766],[-123.060805886283,44.0099922128704],[-123.060041628019,44.0094042397139],[-123.059979870674,44.0092973031281],[-123.059856200403,44.0083535069089],[-123.059877663623,44.0079962098573],[-123.060553647133,44.0077405496867],[-123.061154014746,44.0073756173909],[-123.062037418792,44.0070543786567],[-123.064527011113,44.0070865033395],[-123.065409999672,44.0070316078225],[-123.066113728166,44.0070683748057],[-123.066802636732,44.0072361874002],[-123.068044562706,44.0073274308164],[-123.068370181139,44.006956990173],[-123.068921115717,44.0066757982495],[-123.069543560787,44.006492316767],[-123.070116881289,44.0063978735631],[-123.070911154426,44.006243522021],[-123.0717699809,44.0061540736517],[-123.072803015047,44.0060629867175],[-123.073698345902,44.0059461099251],[-123.074166201109,44.0056763241031],[-123.073500407818,44.0051933818691],[-123.073157800292,44.0049251833506],[-123.072945098937,44.0042634891687],[-123.072827330017,44.0037494330899],[-123.072828488344,44.0032635320864],[-123.072958896336,44.0028645784376],[-123.073136179691,44.0023000622981],[-123.073086416605,44.001981579986],[-123.073055871131,44.0017860817623],[-123.072767282284,44.0013592608213],[-123.07220194956,44.0011329940925],[-123.071594238983,44.0004368837552],[-123.071098684657,43.9999802637782],[-123.070203948254,43.9998289483473],[-123.069656528226,43.9995738313673],[-123.069439891438,43.9991525331629],[-123.068944028644,43.9981882198106],[-123.068397925224,43.9976742401741],[-123.068286017186,43.9973198668184],[-123.068205181624,43.9970638882879],[-123.068054484027,43.9966902145818],[-123.068041980753,43.9964620556794],[-123.068282480152,43.9894826789825],[-123.082738174627,43.9896081631862],[-123.08838202571,43.9896593831741],[-123.088388942396,43.9790938959666],[-123.102359225997,43.9791321252474],[-123.102301669387,43.981539063577],[-123.097708206668,43.9815461592279],[-123.09771173291,43.9967607223295],[-123.127981236645,43.996697978429],[-123.127723782327,44.0196261912957],[-123.138628200631,44.011572379262],[-123.147738808699,44.0115996179281],[-123.149645930815,44.0159236779355],[-123.155644052731,44.0188838567047],[-123.162903148262,44.0188475357852],[-123.17804957243,44.0187966251642],[-123.177632039687,44.0334892631191],[-123.188505552789,44.0335613123048],[-123.203893375679,44.0336104350736],[-123.231152172235,44.0252062525665],[-123.231583521262,44.0265395136877],[-123.218770680423,44.0345764283595],[-123.218920451717,44.0416567827344],[-123.22347366168,44.0440214187535],[-123.250994243689,44.0439111312937],[-123.250881519067,44.0497540500094],[-123.250785260132,44.0565338734395],[-123.250923866343,44.0592306659625],[-123.25261248288,44.0596092868392],[-123.257097608768,44.0588536278927],[-123.257918711379,44.0591414451217],[-123.257934117665,44.0598834505608],[-123.280022351151,44.0600025603699],[-123.280175223308,44.0666571010444],[-123.290243010407,44.0668029180203],[-123.290024190964,44.0759088226341],[-123.251756313003,44.0757498593686],[-123.237912098165,44.0757223697916],[-123.237905148204,44.0751911141786],[-123.236287345185,44.0751843890484],[-123.236339531944,44.0756578092605],[-123.234549541128,44.0756938639807],[-123.23456253903,44.0727643439993],[-123.229621875949,44.0727548426619],[-123.22962253785,44.0752828666111],[-123.230540454279,44.0756650910711],[-123.21662158312,44.0756352137942],[-123.216594591767,44.0993138992171],[-123.218560122152,44.0992604381188],[-123.227322473154,44.0993045435699],[-123.227134367357,44.1053178100689],[-123.229608129811,44.1054099537064],[-123.229595477249,44.1079347266064],[-123.229395555261,44.1177674444121],[-123.229547544284,44.1281772706645],[-123.208478893786,44.1279713223187],[-123.208568793615,44.1337459995783],[-123.206670914731,44.1337300033371],[-123.206670906637,44.1327748720627],[-123.206655703598,44.129871036719],[-123.201448129827,44.1298687812193],[-123.200215792425,44.1288195161079],[-123.19871398756,44.1277785688259],[-123.198710500889,44.1275728336194],[-123.198613894815,44.1207758951915],[-123.196499334177,44.120056192939],[-123.196501250632,44.1182422810565],[-123.193986756084,44.1182463378983],[-123.193982256776,44.1165389911815],[-123.191464287247,44.1165391017981],[-123.191451704832,44.1147799963998],[-123.189221557029,44.1147815837032]]],[[[-123.18518221159,44.1619856821935],[-123.185680510647,44.16157483591],[-123.187818668597,44.1632812500297],[-123.187310090288,44.163476224848],[-123.186338406093,44.162931743805],[-123.18518221159,44.1619856821935]]],[[[-122.544420319642,44.2349206650567],[-122.540668093558,44.2341917744309],[-122.537947623684,44.2344415017739],[-122.537947449215,44.2344415179617],[-122.535845598695,44.2345291020365],[-122.535783913297,44.2345315661789],[-122.534759095356,44.234272635174],[-122.53392905798,44.2338547903663],[-122.533777950292,44.2337786816409],[-122.533616335825,44.233648642371],[-122.533363011194,44.2334446365608],[-122.533235312859,44.2333937870936],[-122.533217883099,44.2333868371329],[-122.532977765911,44.2330780926799],[-122.532517897583,44.2324867416698],[-122.532517843624,44.2319867132163],[-122.532517849919,44.23198668174],[-122.532551189586,44.231897843111],[-122.532629746266,44.231688830775],[-122.532690033218,44.2315276947473],[-122.532817850264,44.2311867221895],[-122.53304886901,44.2304160049947],[-122.533117654556,44.2301867633086],[-122.533171874682,44.2299966727084],[-122.533317540572,44.2294866599814],[-122.532817554387,44.228786740116],[-122.532649709417,44.2287027839064],[-122.532492165281,44.2286239826108],[-122.532017431159,44.228386370035],[-122.531868326262,44.2282374396062],[-122.531617349761,44.2279864442191],[-122.531617475666,44.227586584953],[-122.530717152674,44.2271867103984],[-122.529917126574,44.2268866246181],[-122.529147040703,44.226827302638],[-122.528617368797,44.2267863861828],[-122.527316976098,44.2269865096198],[-122.527262925044,44.2269990695515],[-122.52609539009,44.227268463269],[-122.52601713918,44.2272864416161],[-122.525017004031,44.2276863656333],[-122.524569147948,44.2278933742799],[-122.523856797653,44.2282224164314],[-122.52371742432,44.2282867944001],[-122.523717215677,44.2282868942248],[-122.522814443831,44.2287381524438],[-122.522600541881,44.2288450827344],[-122.522517192714,44.2288866979628],[-122.522517048823,44.2288868229685],[-122.521817147843,44.2294868956038],[-122.52180680564,44.2294931027246],[-122.520569531858,44.2302219178073],[-122.520567002065,44.2302232973673],[-122.51971734418,44.2306867207157],[-122.519117213089,44.2311867545651],[-122.518717196441,44.231186762659],[-122.517317431354,44.2311867788468],[-122.517317273973,44.2311868112224],[-122.516417547232,44.2313869292634],[-122.515717175907,44.2314867791916],[-122.515403363774,44.2314868160638],[-122.514817328657,44.2314867171384],[-122.514432908952,44.231431692119],[-122.514117237021,44.2313863662878],[-122.513894419192,44.2312592965793],[-122.513417221827,44.2309869090187],[-122.512617123781,44.2300867820794],[-122.512117036872,44.2291866479455],[-122.512313706912,44.2287721306294],[-122.512362535603,44.2286456463795],[-122.512355120692,44.228528724621],[-122.512289327191,44.2278585093628],[-122.512167538301,44.227788032192],[-122.511914663331,44.2275560691573],[-122.511616407671,44.2271825447387],[-122.510783064387,44.2260996548752],[-122.508798648239,44.2246872776958],[-122.508193551991,44.2241973279444],[-122.507977768659,44.2240209951729],[-122.507232933953,44.2234123214216],[-122.506801890695,44.2230664952226],[-122.505619901837,44.2226357784185],[-122.504851039944,44.2223588241005],[-122.504374196012,44.2222338381212],[-122.504054541884,44.2221556600557],[-122.504905403961,44.2093995376586],[-122.50606445561,44.2094138908384],[-122.507152637984,44.2059662210643],[-122.507040016783,44.1971744370507],[-122.506300863994,44.1701187379894],[-122.505752996104,44.1416057208274],[-122.525537138628,44.1415954856432],[-122.525647522315,44.1239426374428],[-122.525644031147,44.0998691874131],[-122.548690005739,44.0999655956358],[-122.565438680051,44.0998285524458],[-122.585516965635,44.1002651499168],[-122.586909960626,44.085395840146],[-122.585653633808,44.0712684917476],[-122.605416472292,44.0713428962577],[-122.605438265563,44.0570138506088],[-122.619838247937,44.0569259940394],[-122.634238187143,44.0568363154437],[-122.648638081382,44.0567448157207],[-122.663037930656,44.0566514948707],[-122.684574587447,44.0567149339471],[-122.685067252252,44.0423556387018],[-122.701674171826,44.0419622545544],[-122.718280870166,44.0415664494321],[-122.745050428335,44.0411428453661],[-122.744917271115,44.025750667959],[-122.763830806946,44.0260114497686],[-122.776768914354,44.0260084298452],[-122.791207954284,44.0265544972923],[-122.805647258614,44.0270987310217],[-122.82047776084,44.0272681983687],[-122.835308346703,44.0274357321733],[-122.846170782855,44.0256453438576],[-122.856282868759,44.0257039373869],[-122.856076329559,44.029151394921],[-122.86096139835,44.0291891826347],[-122.861030014823,44.0328513038447],[-122.866042998685,44.0328918111082],[-122.866026622031,44.0364938612028],[-122.876119770911,44.0365110850186],[-122.876075097088,44.033287394098],[-122.885774883404,44.0334102513821],[-122.877996077757,44.0405338199799],[-122.878339854401,44.0492398473411],[-122.881337887434,44.0490859121851],[-122.882323003004,44.0513951697513],[-122.88277434486,44.052569641176],[-122.888631972887,44.0525295745803],[-122.89005570041,44.0520429703069],[-122.891162405221,44.0518300045511],[-122.893092640813,44.0517222792598],[-122.896326813332,44.0513779711166],[-122.897653431161,44.051681098404],[-122.905439952092,44.0568156993851],[-122.909796866132,44.0579888074375],[-122.914228001221,44.0580672337159],[-122.920972736702,44.0578319530822],[-122.931756472283,44.0594004957363],[-122.937627709751,44.0594710574434],[-122.940010733309,44.0594996972533],[-122.944239948115,44.0575052797449],[-122.944227576142,44.0537179980872],[-122.94437151983,44.0533166126716],[-122.944540156203,44.0530954567899],[-122.944681996377,44.0529649660604],[-122.945022409557,44.0527811392382],[-122.945410270967,44.0526766973717],[-122.945892745554,44.0526556046725],[-122.946487940266,44.0526606642583],[-122.947147137031,44.0526662670346],[-122.947679531185,44.0526357818159],[-122.948182592153,44.0526022200165],[-122.948216035242,44.050284226436],[-122.948296834831,44.0501187790584],[-122.948438900735,44.0499315510003],[-122.948720071974,44.0497583145946],[-122.949114833882,44.0495150920479],[-122.949500678114,44.0490941193981],[-122.961282557744,44.0490947426283],[-122.961283871653,44.049926319644],[-122.963802663162,44.0498372301041],[-122.963768515005,44.053476334965],[-122.964334355846,44.0546122245746],[-122.965222309562,44.0553330293959],[-122.965216747255,44.0590395771148],[-122.965736022999,44.0613264649444],[-122.96670361528,44.0620097842242],[-122.967026474592,44.0625092434069],[-122.967187520688,44.0631320473062],[-122.967158778355,44.06372777082],[-122.966648449966,44.0648303846146],[-122.966305205721,44.0653253390932],[-122.96421991082,44.0659258577921],[-122.963944954796,44.0659537187892],[-122.96385528969,44.0661173090666],[-122.963306469418,44.0665281391624],[-122.962831943939,44.06701498985],[-122.962451508231,44.0677569431285],[-122.962514380734,44.0682124281611],[-122.96263185018,44.0683936271642],[-122.962624187057,44.0698258820589],[-122.962633591267,44.0701885984251],[-122.962901298756,44.0705666617221],[-122.963679820267,44.0711259267202],[-122.968499599177,44.0704195128503],[-122.972068035312,44.0705763672057],[-122.972630313039,44.0758529873256],[-122.968251246897,44.0779867098188],[-122.969340698215,44.0808290953865],[-122.969976262594,44.084166701632],[-122.959304775895,44.0842224883772],[-122.962182939191,44.0732156831573],[-122.956855690837,44.0732621106579],[-122.956111622353,44.0717649040271],[-122.956648248718,44.0697674549042],[-122.947665677129,44.0698589033657],[-122.947371230098,44.0700866593719],[-122.947018032156,44.0702803283745],[-122.949444355373,44.0716625485878],[-122.949443358024,44.071917093599],[-122.942949129599,44.0742242215706],[-122.942851702444,44.0839729939586],[-122.943626036712,44.0843917317931],[-122.926209765968,44.0845571458956],[-122.906051789658,44.0847030096363],[-122.90583754057,44.0924915117739],[-122.905757649296,44.0992875760608],[-122.905757649296,44.0992876120337],[-122.885827798614,44.0995164867965],[-122.885830935449,44.1138594602459],[-122.866055914749,44.1142476723922],[-122.865831586958,44.1289049912724],[-122.844209934341,44.1286297015995],[-122.844209931643,44.1286297411697],[-122.84420989567,44.1286297402704],[-122.844197163968,44.1428443435917],[-122.824971772929,44.142970731614],[-122.804470916599,44.14274944623],[-122.803844267199,44.1573057559559],[-122.790781413931,44.1573073522525],[-122.783693113147,44.1572686112575],[-122.77970238056,44.157147246848],[-122.76399567516,44.1567191902385],[-122.744113950798,44.1565894747245],[-122.744157145236,44.1578395080869],[-122.738986387911,44.1575708626053],[-122.735370438795,44.1574004770504],[-122.726345956101,44.1569793892874],[-122.715147373153,44.1569370806818],[-122.70712680276,44.1569470568612],[-122.705810843695,44.167150181136],[-122.705387394313,44.1706987512464],[-122.68726091456,44.1707788556597],[-122.670598512212,44.1708501772939],[-122.663052656155,44.1708816050021],[-122.663044952562,44.1708815708279],[-122.663033895398,44.170881372977],[-122.662481693675,44.1708789969682],[-122.64408594521,44.1707933716169],[-122.625690249805,44.1707047794021],[-122.624812738117,44.1707003142681],[-122.624812758802,44.1707004797434],[-122.62481250879,44.1707004779448],[-122.626020272218,44.180404447907],[-122.626719407874,44.1860214650187],[-122.627133891016,44.200522818973],[-122.615976181356,44.1995357716586],[-122.605931546404,44.1992854453671],[-122.586668033103,44.1992575196189],[-122.586616142221,44.2067536440655],[-122.586563655089,44.2143020461026],[-122.583702004244,44.2142780800694],[-122.571405233065,44.2142571141745],[-122.565737829637,44.2142469437415],[-122.564905274159,44.2223326340439],[-122.564261276836,44.2285837523384],[-122.564105147335,44.2308163409015],[-122.564028335339,44.2308303037756],[-122.563718350721,44.2308864853231],[-122.563103061557,44.230963569813],[-122.562918437936,44.2309866491146],[-122.562507671692,44.2309865600818],[-122.56211816632,44.2309864152909],[-122.561318647438,44.2307864339468],[-122.560417982704,44.2305865569241],[-122.559685093692,44.230540695097],[-122.558818134649,44.2304863508645],[-122.557518215893,44.2307863790882],[-122.557518144846,44.2307863988732],[-122.556918268263,44.2309865609811],[-122.55626671124,44.2309865627797],[-122.555718028564,44.230986541196],[-122.555446027712,44.2310885647855],[-122.554918030343,44.2312864039445],[-122.554487136372,44.2315021665918],[-122.554318289557,44.2315866264217],[-122.55376098688,44.2317258297833],[-122.553518306625,44.2317864000224],[-122.552917858972,44.2319865738214],[-122.552866425845,44.2319866160895],[-122.552718031412,44.2319865693248],[-122.552518200255,44.2320866800563],[-122.552518148094,44.232086732217],[-122.550918388173,44.2335868373627],[-122.550618352755,44.2340866337912],[-122.550369831403,44.2343971993713],[-122.550218278551,44.2345865021654],[-122.550217401712,44.2345869410345],[-122.547718397986,44.235686909923],[-122.547423443737,44.2353919421844],[-122.54731845868,44.2352869382416],[-122.547318414613,44.2352869076647],[-122.546118287329,44.2351868643823],[-122.54500566408,44.2350343591484],[-122.545004986891,44.2350342278474],[-122.545004477874,44.2350340560769],[-122.544420319642,44.2349206650567]]]]},"bbox":[-123.290243010407,43.9790938959666,-122.504054541884,44.235686909923],"properties":{"divisionId":"utility:29","divisionType":"utility","name":"Eugene Water & Electric Board (EWEB)","label":"Eugene Water & Electric Board (EWEB)","labelPoint":[-122.8971487761455,44.1073904029448],"boundaryQualifier":"Approximate service area","landAreaSqKm":608.733,"cameraViewshedAreaSqKm":182.603,"cameraViewshedCoveragePct":30.0,"landMix":[{"label":"Tribal reservation/trust area","percentage":0.0,"areaSqKm":0.006},{"label":"U.S. Forest Service land","percentage":0.03,"areaSqKm":0.156},{"label":"Other federal land","percentage":10.82,"areaSqKm":65.876},{"label":"State land","percentage":0.12,"areaSqKm":0.709},{"label":"Local government land","percentage":2.33,"areaSqKm":14.204},{"label":"Nonprofit open space","percentage":0.37,"areaSqKm":2.259},{"label":"Mapped private open space","percentage":0.13,"areaSqKm":0.814},{"label":"Other/unclassified","percentage":86.2,"areaSqKm":524.709}]}},{"type":"Feature","id":"utility:42","geometry":{"type":"MultiPolygon","coordinates":[[[[-123.933537083869,43.5154662207895],[-123.933310515868,43.5154635084342],[-123.924454810741,43.5153456010187],[-123.915306575038,43.5152248760273],[-123.897527852328,43.515424217054],[-123.881532620134,43.5154656704044],[-123.879005458635,43.5154508100069],[-123.875096456436,43.5154223410682],[-123.855303359362,43.5155627090518],[-123.836205621692,43.5155513362253],[-123.817107893914,43.5155367303359],[-123.817196907012,43.5043342632158],[-123.817220092433,43.503528983276],[-123.817264712297,43.5020228238943],[-123.81765254403,43.4885611662648],[-123.81806319606,43.4743931001615],[-123.818106937285,43.4728718654443],[-123.818103881389,43.4725451732212],[-123.81806907223,43.4677076300032],[-123.817951589294,43.4547249548928],[-123.817823334279,43.4404945253021],[-123.817724561739,43.4312432174006],[-123.817724784771,43.4311114001711],[-123.817722904289,43.4311114550297],[-123.802433851241,43.4308991161014],[-123.784464252823,43.4306201356108],[-123.764029180103,43.430207961928],[-123.764029639656,43.4301818618035],[-123.764029398638,43.4165082402631],[-123.764027819428,43.4020506949836],[-123.764073424949,43.3879405371262],[-123.764075722716,43.3735543089842],[-123.764026454257,43.3648496351026],[-123.764027177312,43.3593054999489],[-123.764025781565,43.3449894387117],[-123.76402553605,43.3399107845551],[-123.764025034228,43.3398325390405],[-123.764025832826,43.3394329783494],[-123.764024795908,43.3339946277499],[-123.764021686052,43.3301750847124],[-123.783912439607,43.3300975910311],[-123.803803141002,43.3300165801011],[-123.822477128017,43.3298684743507],[-123.822583894631,43.3289110686909],[-123.842723131767,43.329004607177],[-123.86253363432,43.3292348129363],[-123.882127446125,43.3294186253693],[-123.902370951558,43.3296438983473],[-123.922516896737,43.3299330366804],[-123.943164151904,43.3292832387305],[-123.943078272944,43.3396679073481],[-123.962971640829,43.3395869027134],[-123.982838289855,43.3395938328891],[-124.001264530733,43.3394155566826],[-124.021131668991,43.3388170092976],[-124.041499228706,43.3379671103939],[-124.061331275418,43.3389375876995],[-124.060503107732,43.35206404462],[-124.080280157303,43.3521226480418],[-124.099930433043,43.352196941036],[-124.119360901884,43.3522419206282],[-124.119831668197,43.3379286706717],[-124.12033318323,43.3233809917394],[-124.120613688971,43.3161652480278],[-124.141204752697,43.3161233603049],[-124.148516463964,43.3159919360791],[-124.14874701866,43.3117177641635],[-124.15181712516,43.311888556212],[-124.1540904683,43.3115139058422],[-124.154683410211,43.3116772640945],[-124.155049344352,43.3121885700465],[-124.155127115924,43.3129701681388],[-124.154468438068,43.3148125273763],[-124.154465015248,43.3154347233339],[-124.154653864784,43.3159408042248],[-124.1607973738,43.3158355817467],[-124.160916036646,43.3089750369684],[-124.170285687235,43.3087146697463],[-124.170312862948,43.3014835467284],[-124.1798152148,43.3013210059597],[-124.179791666052,43.2943235915606],[-124.179808418624,43.2800520368721],[-124.179860889568,43.2658727175519],[-124.180094429115,43.2520115747744],[-124.180159097564,43.2498506855607],[-124.180234647811,43.237733295855],[-124.16058707993,43.2374434578493],[-124.140979334928,43.2378341404333],[-124.13178848575,43.2379795194393],[-124.131176258777,43.2234280651531],[-124.131087962439,43.2091535552924],[-124.131051791707,43.1946851381087],[-124.131122981141,43.1867703675585],[-124.122327441558,43.1870548483026],[-124.122316297159,43.1852837702299],[-124.122254011014,43.1808297258112],[-124.12156558988,43.1808025303126],[-124.121417195447,43.1656169370721],[-124.121611197199,43.1511632193072],[-124.121670192725,43.1365243922869],[-124.14046107272,43.1366294582829],[-124.151516357694,43.1368409482512],[-124.15165665643,43.1296462046087],[-124.161444731889,43.129849911844],[-124.161383300999,43.1226562267036],[-124.1417163896,43.1221644657176],[-124.141353271236,43.1149641867479],[-124.131430467442,43.1219505026137],[-124.121531248368,43.1218054878331],[-124.115475752404,43.1219214653034],[-124.101988607089,43.1221815924066],[-124.082311446116,43.1223457420624],[-124.082062854617,43.1368268612707],[-124.062818959128,43.1367236685625],[-124.062610263353,43.1224824812816],[-124.048028247406,43.12266862116],[-124.033446142425,43.1228528643683],[-124.018863948412,43.123035210007],[-124.004281666266,43.1232156589755],[-124.004143787606,43.1087611588005],[-124.018762943755,43.1085341483324],[-124.033381989287,43.1083052286035],[-124.048000923304,43.1080744032112],[-124.062619744006,43.1078416703568],[-124.062508448406,43.093534292074],[-124.062669036747,43.0792938206533],[-124.063237515299,43.0653328738131],[-124.06214768177,43.0576807583604],[-124.062371987077,43.050715948882],[-124.062269024596,43.0433784648444],[-124.082118017233,43.0432032733125],[-124.102373996263,43.0428823754214],[-124.111624191703,43.0429754642464],[-124.111727381713,43.0394540806413],[-124.116434066379,43.0393981338169],[-124.116558760079,43.0358032648089],[-124.101659118873,43.0358171494419],[-124.101829856063,43.0211216309585],[-124.121341067836,43.0210792009444],[-124.121873416125,43.0065970232341],[-124.130381928083,43.0066437493097],[-124.131514252781,43.0066495427423],[-124.130795464239,42.991594118274],[-124.141503273657,42.9915739581717],[-124.14129776508,42.9774067626121],[-124.151390977811,42.9773767630272],[-124.161232623187,42.9775147559013],[-124.161259956282,43.0071376857557],[-124.161272687085,43.00863954368],[-124.162571085087,43.0086368394187],[-124.163093458996,43.0087652841906],[-124.163602584991,43.0092910143689],[-124.163642686661,43.0094888130583],[-124.164070355662,43.0099979858184],[-124.164169086834,43.0102982271815],[-124.163187995729,43.0122569712822],[-124.163143046714,43.0134558709917],[-124.163309443776,43.0136687576071],[-124.163355221966,43.0144211439207],[-124.162640900357,43.0151064264205],[-124.162008614006,43.0162792475892],[-124.161017541326,43.0169378795795],[-124.160375446969,43.0173653669182],[-124.159437318278,43.0177256398265],[-124.158296156842,43.0177629796778],[-124.157163153157,43.0179346161896],[-124.155794969562,43.0186096509147],[-124.154251413672,43.0191091388757],[-124.153618288253,43.0190996168539],[-124.153203556899,43.0186490277305],[-124.152648858658,43.0175878214209],[-124.151882052615,43.0150656007969],[-124.151409388732,43.0146773203022],[-124.150678992641,43.0147602162111],[-124.150199648595,43.0149406489918],[-124.148711192368,43.0159779252411],[-124.148414945793,43.0161537471977],[-124.147203428595,43.0173769573807],[-124.145363181865,43.018694804122],[-124.144952727686,43.0189938062192],[-124.144613458444,43.0191394370354],[-124.144036576627,43.0190387714222],[-124.143537273926,43.0188902591782],[-124.143091128353,43.018259399152],[-124.142817247918,43.0174444119301],[-124.142730591044,43.0173730831013],[-124.142573180008,43.0171530091042],[-124.14168493671,43.0162976108461],[-124.140483472135,43.015677608335],[-124.139147298109,43.0151814442683],[-124.138898994393,43.0151291046245],[-124.137862555413,43.0142043506503],[-124.137410686554,43.0141586318155],[-124.137148455037,43.0145571447965],[-124.135919792265,43.0158714140346],[-124.13530496715,43.0165052148438],[-124.134817484239,43.017884628273],[-124.134320223,43.0194744506854],[-124.133199290015,43.0205297736302],[-124.133203549204,43.0211585508265],[-124.141417480133,43.0211577747116],[-124.141511498857,43.0356761447383],[-124.161230680651,43.0357066533394],[-124.161345896396,43.0529256056323],[-124.161344506044,43.0576110330228],[-124.161305913437,43.0599618536567],[-124.161243715425,43.0739266846688],[-124.161151758847,43.0791863480716],[-124.173164764242,43.0791758961507],[-124.180898403239,43.0789698992415],[-124.191161193035,43.0788887210377],[-124.191161231705,43.0788282982874],[-124.191180011348,43.0788290519193],[-124.191179311676,43.078726082243],[-124.191169345389,43.0760911738686],[-124.191131036068,43.064447422011],[-124.201510580349,43.0644465038031],[-124.210510284022,43.0643008783829],[-124.220389714414,43.064479580868],[-124.220364616134,43.0793980880514],[-124.220573785852,43.0855048813452],[-124.221029702559,43.093721047988],[-124.221163891301,43.1069108972202],[-124.221114354844,43.1097744258491],[-124.221016862938,43.112620325068],[-124.221008483055,43.115997463712],[-124.220984222944,43.1173921359384],[-124.220999245219,43.1188157141739],[-124.221044534178,43.1227266490157],[-124.220737005608,43.1264199704054],[-124.210438390419,43.1263276262191],[-124.205245794857,43.1263086244435],[-124.201178419349,43.1263249903061],[-124.201125494246,43.1296362805899],[-124.201023725165,43.1333419379801],[-124.201052400948,43.1398049059717],[-124.200934137401,43.1517067182905],[-124.191399470209,43.1516614068485],[-124.191108313798,43.1550121198135],[-124.191326741136,43.1661365203842],[-124.201467403898,43.1662058482214],[-124.220589607624,43.1658913499059],[-124.220581321271,43.1736314190548],[-124.231662656007,43.1734759487561],[-124.234168385762,43.1760841571582],[-124.235098540165,43.1771009909181],[-124.235295942254,43.1772578353808],[-124.235426297186,43.1776641059138],[-124.236604150961,43.1790420912196],[-124.237451171135,43.1796263456794],[-124.237869765078,43.1800202577288],[-124.239394854289,43.1808853893493],[-124.240608554141,43.1814807369465],[-124.240640084372,43.1807518391261],[-124.250267921327,43.1807680296209],[-124.249708064575,43.1661240243043],[-124.249797155914,43.1515352490525],[-124.249639334787,43.1469935477141],[-124.249533801144,43.1440705891864],[-124.253114300784,43.1440152592969],[-124.259017542426,43.1439450842983],[-124.279059241791,43.1444025226584],[-124.279149060681,43.1483944738259],[-124.281505966127,43.1485319441939],[-124.293059823552,43.1493650707415],[-124.29316662434,43.1472245556687],[-124.293194967374,43.1457129347042],[-124.297087107284,43.1460755053803],[-124.298026962674,43.1463457840308],[-124.298024137904,43.1463307734465],[-124.298129117565,43.1463299613587],[-124.298099921074,43.1458681379043],[-124.298047640786,43.1456048568787],[-124.297867636083,43.1447155460856],[-124.29712720086,43.1430006306746],[-124.296360898437,43.1414692417122],[-124.2958255617,43.1397638519203],[-124.294961658554,43.1382893243929],[-124.294763859864,43.1379485721689],[-124.294255882303,43.1370909669746],[-124.293312851407,43.1363222516706],[-124.292349969775,43.1357437213957],[-124.290404002343,43.1351572492077],[-124.288435119285,43.1342364279688],[-124.287717437809,43.1335603023661],[-124.287691817923,43.1335405676431],[-124.287597395403,43.1334407617818],[-124.287355495759,43.1332621681146],[-124.286995599667,43.1329667111448],[-124.286728688978,43.1321531151742],[-124.286554245682,43.131170220929],[-124.286632948951,43.1295923630971],[-124.286916041142,43.1266164228097],[-124.289193191113,43.1247884302419],[-124.291552111041,43.1228916997921],[-124.292508604788,43.1221245888787],[-124.292753006346,43.1217194227132],[-124.293022202213,43.1212021776385],[-124.293060409011,43.1210649249064],[-124.293578263826,43.1195271183819],[-124.29416675679,43.1180693137479],[-124.294418126295,43.117685880599],[-124.294830006799,43.1169646638882],[-124.296761752353,43.1147526859877],[-124.297377279838,43.1142291798328],[-124.298481506117,43.1134597495678],[-124.304525598677,43.1119883687683],[-124.307717035413,43.1110284333156],[-124.31113352839,43.1109589049296],[-124.314684018553,43.1114354161116],[-124.316715504317,43.1126681213368],[-124.317488566944,43.1122668492358],[-124.317505662157,43.1104699381372],[-124.317593273211,43.1073632058473],[-124.317576731981,43.1035019432601],[-124.307867088196,43.1034549042205],[-124.298177305039,43.1032168320912],[-124.298514272915,43.0960915943517],[-124.298033403619,43.0884791156187],[-124.286190655175,43.0880219758336],[-124.279259752835,43.0877535542832],[-124.278996302737,43.079834368961],[-124.279050485991,43.0660871756826],[-124.279187247693,43.0515681806271],[-124.278937567115,43.0371570358686],[-124.297601979048,43.0380629769249],[-124.317570466404,43.0388251901305],[-124.317181379217,43.0533531226486],[-124.337110491556,43.0534404396246],[-124.346533756128,43.0534079938839],[-124.346584596602,43.0607646496689],[-124.359617420607,43.0608363418237],[-124.366517837728,43.0609304522786],[-124.366417251255,43.0754517945647],[-124.376481805291,43.0755760745762],[-124.376524731731,43.0765908866601],[-124.376552169147,43.0800975438666],[-124.376501245936,43.082940827857],[-124.383530208552,43.0829828315925],[-124.397364022731,43.0835389021987],[-124.395487199675,43.0971143312614],[-124.371097867273,43.0970325855854],[-124.346708603219,43.0969455312114],[-124.36163486076,43.0970067768413],[-124.376561148878,43.0970660340703],[-124.391487464875,43.0971233028982],[-124.40641380965,43.0971785842243],[-124.41505274219,43.0971652256947],[-124.41482385034,43.1113798299153],[-124.39493866089,43.1113563333282],[-124.394748332869,43.1131346401516],[-124.394785985685,43.1257796162363],[-124.403741627074,43.1258166898884],[-124.403480240021,43.1276524364109],[-124.4032044836,43.128141366331],[-124.403654464782,43.1282561593943],[-124.405587160019,43.128132477432],[-124.407600565813,43.1282696411311],[-124.407745952913,43.1279102279747],[-124.408317005326,43.1277529617299],[-124.408763715673,43.1284515496993],[-124.410333564143,43.1300997938704],[-124.41030114718,43.1318204442582],[-124.410114443427,43.1340807391348],[-124.409939288767,43.1359711806255],[-124.409737071708,43.1367830615891],[-124.409179930909,43.1370401058163],[-124.408250331388,43.1370203513082],[-124.407535022323,43.1371235880832],[-124.407128095285,43.1373259391409],[-124.406512574096,43.1378679290617],[-124.401508587951,43.1384103830328],[-124.4000114074,43.1389212330286],[-124.399056940725,43.1401369608521],[-124.395066947382,43.1400656212315],[-124.395223646154,43.1439867453921],[-124.395328913598,43.1461887785893],[-124.401784239151,43.1453117948035],[-124.409061357995,43.1422508712807],[-124.410980960903,43.1385195940041],[-124.411697083853,43.1373628940823],[-124.412346495994,43.1358157202193],[-124.412382948214,43.1349642996627],[-124.422495080883,43.1351421936574],[-124.415604776639,43.1520291459284],[-124.408710599914,43.1689157177862],[-124.407423374189,43.1687133829163],[-124.40624776872,43.1686980485761],[-124.405565959401,43.1686874734482],[-124.394776403408,43.1685355177],[-124.384710225197,43.168454969921],[-124.361118767717,43.1682441994103],[-124.360763623642,43.1720593375684],[-124.346383053135,43.1719466812943],[-124.346310703576,43.1957470503861],[-124.336434403725,43.1959425378179],[-124.336824794928,43.2238993422809],[-124.317305009918,43.2234898539737],[-124.317214726978,43.237479262558],[-124.297855722763,43.2375373317825],[-124.298032338821,43.2803181957282],[-124.298017409176,43.2877664213833],[-124.297797813618,43.2881281736763],[-124.320422075418,43.2879785273872],[-124.343046222105,43.2878243260319],[-124.365670250082,43.287665571409],[-124.38829415665,43.2875022617201],[-124.390381316744,43.2875645757446],[-124.391724393066,43.2915710419701],[-124.395027334044,43.2965959418493],[-124.396473844992,43.3001029749724],[-124.401534493822,43.3009161959258],[-124.403449389678,43.3033204956444],[-124.405437058673,43.3068100081754],[-124.402556389865,43.3103698189121],[-124.398381872725,43.31486306298],[-124.3950945143,43.3205120348026],[-124.390314152676,43.3240384366246],[-124.388531467953,43.3299317461532],[-124.385339946681,43.33290848324],[-124.380855827135,43.332667859734],[-124.378324974818,43.335423792574],[-124.378202306391,43.3397763008357],[-124.375138121027,43.341596017842],[-124.37174741611,43.3404932556593],[-124.367070758009,43.3414453328359],[-124.363767532845,43.342745555563],[-124.362454094581,43.3454592427499],[-124.35773858127,43.3437423326426],[-124.353522297816,43.3455680013622],[-124.34924658806,43.3485807877732],[-124.338723437337,43.3618876424008],[-124.332935894376,43.368806472241],[-124.326694191983,43.3771234241068],[-124.317870779713,43.3917531940547],[-124.308742937037,43.4058994048337],[-124.301003955168,43.4185159776303],[-124.28947449725,43.437682830898],[-124.286273308267,43.4374883857805],[-124.280184825169,43.4374128022591],[-124.260319735567,43.4374888372401],[-124.256957341308,43.4374857219885],[-124.24167157888,43.4374632533265],[-124.240593496792,43.437461995175],[-124.237967238997,43.4374764283945],[-124.231275365666,43.4374525657834],[-124.216255907784,43.4269751401906],[-124.201241709138,43.4164957199016],[-124.201047510434,43.4093691790444],[-124.198059283609,43.4092971208655],[-124.198116321311,43.4092142222586],[-124.18124821883,43.4090957033041],[-124.159675036074,43.4102401058962],[-124.160012125359,43.4173193397158],[-124.140262695767,43.4171241589528],[-124.120513396576,43.4169255149006],[-124.100764231384,43.4167234093579],[-124.081015199292,43.4165178387273],[-124.081014742436,43.4166675335799],[-124.080895959981,43.4166658203713],[-124.081044077422,43.4223805389308],[-124.08133099443,43.4256932150699],[-124.081994439592,43.4342533256306],[-124.082187224561,43.4364333506187],[-124.082328467585,43.4378158046557],[-124.082589937376,43.4518348917669],[-124.082863556108,43.4664949032173],[-124.082854757141,43.4685495177461],[-124.082659661814,43.4813033162951],[-124.063033487905,43.4814875550067],[-124.063083546868,43.4896318289458],[-124.063004800431,43.4952054159972],[-124.062993278317,43.4960242109486],[-124.063042762613,43.4998580127371],[-124.063096564555,43.5040802973679],[-124.063121607076,43.508705840702],[-124.063116062756,43.5094983565639],[-124.06311389539,43.5100312300573],[-124.063210570711,43.5103234143941],[-124.063234937842,43.5142417794346],[-124.063062300385,43.5245984782372],[-124.055825560201,43.5245454020487],[-124.042833551927,43.5244380131039],[-124.042834364914,43.5244517187718],[-124.01811669363,43.5244717098016],[-123.993399008857,43.5244862860133],[-123.968681314191,43.5244954483064],[-123.94396361323,43.5244991939826],[-123.941387787616,43.5244995627047],[-123.93376596133,43.5244998459912],[-123.933537083869,43.5154662207895]]],[[[-123.402247156381,44.0215610835772],[-123.406620617048,44.0214795996039],[-123.411486591433,44.0213966011723],[-123.411494088182,44.0225296965883],[-123.402255163045,44.0225537057889],[-123.402247156381,44.0215610835772]]],[[[-123.501364872691,44.0399870753433],[-123.517362973722,44.0399256309631],[-123.533361042378,44.0398619382779],[-123.543928719435,44.0491455938941],[-123.543866287599,44.0566618190877],[-123.528333118978,44.0567943108089],[-123.513094614125,44.0571573239514],[-123.512880799409,44.0422151331219],[-123.502831960127,44.0423400894236],[-123.492574509606,44.0422368643399],[-123.492172717697,44.0570705573604],[-123.48235899717,44.0569799236846],[-123.472683229947,44.0565423522478],[-123.482473531228,44.0484783706803],[-123.492716523349,44.0399936296023],[-123.501364872691,44.0399870753433]]],[[[-123.376841065763,44.0684086512383],[-123.376830802699,44.063533100872],[-123.379395063931,44.063513469571],[-123.379401523761,44.0706845880234],[-123.376836118592,44.070677924047],[-123.376841065763,44.0684086512383]]],[[[-123.422318876915,44.07120094187],[-123.441897647558,44.0712811757857],[-123.441898039663,44.0730674488038],[-123.427121610074,44.0729870503122],[-123.422318876915,44.07120094187]]],[[[-123.379405338685,44.0730803702629],[-123.379406051848,44.0749729710258],[-123.378624847659,44.074976964915],[-123.378625144435,44.0730831500674],[-123.379405338685,44.0730803702629]]],[[[-123.350760042042,44.079134776249],[-123.349991639702,44.0796320743608],[-123.34623568413,44.0796551221862],[-123.346180781418,44.0777770760513],[-123.35144358975,44.0777964726292],[-123.351498767654,44.0741850848738],[-123.356234690179,44.0741789452022],[-123.356218605804,44.0760226291411],[-123.352260161577,44.0760073946256],[-123.351506589957,44.0780704960566],[-123.351466248169,44.0791358761198],[-123.350760042042,44.079134776249]]],[[[-123.356509344031,44.0778205798559],[-123.358344797374,44.0778305407469],[-123.358338352833,44.0790182510914],[-123.356503686396,44.0790094116551],[-123.356509344031,44.0778205798559]]],[[[-123.371569617644,44.0793988163024],[-123.368536402233,44.0793947073],[-123.36853655242,44.0790695852932],[-123.360649156333,44.0790303101008],[-123.360652243706,44.077842381221],[-123.371563697407,44.0778976283729],[-123.371569617644,44.0793988163024]]],[[[-123.377278553562,44.078599856798],[-123.37885453271,44.0786004359614],[-123.378852300593,44.0779953451091],[-123.379399547951,44.0779969117281],[-123.379396466873,44.0792102428585],[-123.377435559004,44.0792026642716],[-123.377431777355,44.0808463560745],[-123.377281095946,44.0808467229979],[-123.377278553562,44.078599856798]]],[[[-123.368539931173,44.0803927650142],[-123.376359730617,44.0804151986026],[-123.376356434602,44.0808403557978],[-123.368542793715,44.0808115190364],[-123.368539931173,44.0803927650142]]],[[[-123.346261021629,44.080744069883],[-123.348909840717,44.0807528409709],[-123.349108089067,44.0808262157573],[-123.348709380933,44.0812356024412],[-123.349880169634,44.0812567949652],[-123.348903899795,44.0822607180577],[-123.348112631293,44.0818835549821],[-123.34635191341,44.0837172672382],[-123.346261021629,44.080744069883]]],[[[-123.338752814791,44.0935385636539],[-123.341174519089,44.0935397669467],[-123.341173316695,44.0939874728437],[-123.338756160269,44.0939717032315],[-123.338752814791,44.0935385636539]]],[[[-123.335748686153,44.092219838275],[-123.338378442311,44.0922204066465],[-123.336855360387,44.0938548291371],[-123.33740472205,44.0940249682777],[-123.337409986682,44.0984444643406],[-123.336688364376,44.0984348083198],[-123.336688746588,44.0986306276014],[-123.335777744148,44.0986276769258],[-123.335748686153,44.092219838275]]],[[[-123.335779389008,44.0993194291484],[-123.337410473215,44.0993216477759],[-123.337413895135,44.101129565677],[-123.335787417255,44.1011164337764],[-123.335779389008,44.0993194291484]]],[[[-123.446900866582,44.1072470573059],[-123.451975504366,44.1072870654457],[-123.451977149226,44.1089102706925],[-123.446937415929,44.1088909910264],[-123.446900866582,44.1072470573059]]],[[[-123.441530680996,44.1091805790206],[-123.434545882287,44.1091965599733],[-123.434552134373,44.1071141833729],[-123.441897134045,44.1071887290767],[-123.441896456856,44.1089687320214],[-123.441530680996,44.1091805790206]]],[[[-123.467039118061,44.1074322798759],[-123.472306750356,44.1074660719017],[-123.472273270395,44.1106212218919],[-123.467022396067,44.1105074198816],[-123.467039118061,44.1074322798759]]],[[[-123.436615832954,44.1130952100759],[-123.436282078355,44.1132804749141],[-123.435203245333,44.1139639470786],[-123.435012526107,44.1142303397584],[-123.434546812186,44.1142835382548],[-123.43455255076,44.1096821174358],[-123.435255096645,44.1099280793175],[-123.435917952751,44.1099853436488],[-123.436743732737,44.1104514361849],[-123.436448735321,44.1112181109272],[-123.436565100399,44.1112764553442],[-123.436946536154,44.1112881069606],[-123.436998946844,44.1129034926021],[-123.436615832954,44.1130952100759]]],[[[-123.442230024396,44.1118772411418],[-123.447902331827,44.1125487990878],[-123.447895952936,44.1133720456834],[-123.447800112185,44.1133675157982],[-123.447651279783,44.1133872118504],[-123.447304170251,44.1133539738069],[-123.447088809601,44.1132787068469],[-123.446936334045,44.1131569377425],[-123.446909541442,44.1179232465606],[-123.456968385682,44.1179741625776],[-123.457037096585,44.1218485147972],[-123.434546572966,44.1217622167529],[-123.434539694951,44.1214590660831],[-123.440065531599,44.1214946297734],[-123.440087790719,44.1174561701662],[-123.437320612756,44.1166230274308],[-123.437317922884,44.1156957562542],[-123.437914022314,44.115872891221],[-123.441887106605,44.115883486134],[-123.441903054282,44.1120203493597],[-123.442230024396,44.1118772411418]]],[[[-123.310149814163,44.1285332169344],[-123.310238213922,44.1140766896875],[-123.327251586591,44.1140524205828],[-123.32611629683,44.1181643521032],[-123.324053370766,44.1186973227233],[-123.319605888701,44.1227306238193],[-123.31642436879,44.1226281208911],[-123.313901616666,44.124915576193],[-123.314671554149,44.1285588799884],[-123.310149814163,44.1285332169344]]],[[[-123.327032982086,44.1347729408186],[-123.327045086062,44.1366081270635],[-123.32533582289,44.1365947091786],[-123.325364739691,44.1347791956035],[-123.327032982086,44.1347729408186]]],[[[-123.32031397531,44.1391020055532],[-123.320263731086,44.1325443983054],[-123.320173956263,44.132488546809],[-123.322510361664,44.1325320128421],[-123.322342637203,44.1332064369276],[-123.32219503867,44.1335146615724],[-123.321646632986,44.1364718545925],[-123.321281127822,44.1379558618736],[-123.321099385628,44.1382934080144],[-123.32086665727,44.1385661310222],[-123.32031397531,44.1391020055532]]],[[[-123.326790503279,44.1443266502548],[-123.327101641727,44.1442325164176],[-123.327108160014,44.1448579724175],[-123.325306847633,44.1448563239603],[-123.324760128177,44.1448987998398],[-123.321671119726,44.1449327060796],[-123.321687278745,44.1437872971461],[-123.320344276167,44.1437739799853],[-123.320314297267,44.1395106907658],[-123.324273654306,44.1395137133872],[-123.324271451866,44.138623461004],[-123.327057191836,44.1386231471406],[-123.327090453262,44.1427959771527],[-123.326812185934,44.1427946416595],[-123.326790503279,44.1443266502548]]],[[[-123.320330100154,44.1520652669985],[-123.325347172334,44.1520759797227],[-123.325357740267,44.1574888759109],[-123.320310932004,44.157431185301],[-123.320330100154,44.1520652669985]]],[[[-123.327915149564,44.1546240018962],[-123.330255127972,44.154646279902],[-123.33029180862,44.1575413657415],[-123.327891804963,44.1575175229154],[-123.327915149564,44.1546240018962]]],[[[-123.28054258827,44.1943142080343],[-123.280463887698,44.1940577447692],[-123.280362900128,44.1938384118133],[-123.280226273324,44.1936679174405],[-123.280086204814,44.1935377423729],[-123.285072354705,44.1935815861214],[-123.285093429418,44.1973582575776],[-123.28288177977,44.1973457839808],[-123.284334763139,44.1960176606866],[-123.28367285312,44.1949600813427],[-123.283744475127,44.1949401343797],[-123.283354902307,44.1943171020527],[-123.28054258827,44.1943142080343]]],[[[-123.295120860339,44.1936565230301],[-123.310412553796,44.1937748288453],[-123.310423038093,44.1992514617856],[-123.295150313136,44.1993043068483],[-123.295120860339,44.1936565230301]]],[[[-123.290323040176,44.2518464437584],[-123.280366563966,44.2588186168857],[-123.28031286095,44.24794278713],[-123.288131457101,44.2479613230566],[-123.289615090264,44.2499389403299],[-123.290323040176,44.2518464437584]],[[-123.288581615449,44.2514633604458],[-123.289773862873,44.2513073703389],[-123.28953884664,44.2506357377492],[-123.289236106061,44.2501110732675],[-123.287984910775,44.2505273001948],[-123.287099412208,44.2509436413361],[-123.287091600697,44.2511772618212],[-123.286679387444,44.2511830525559],[-123.286240130677,44.2514626553773],[-123.286858169069,44.2526619723722],[-123.287642402175,44.2526670166695],[-123.288581615449,44.2514633604458]]],[[[-123.411766151087,44.338773569145],[-123.431573322551,44.3382263181901],[-123.431659045029,44.3670782619523],[-123.41197681188,44.3672912798687],[-123.396206761833,44.367364880385],[-123.381417835265,44.367543376026],[-123.381377889178,44.3660234687082],[-123.373273426427,44.3660090408846],[-123.371499225009,44.3660014236269],[-123.371517736654,44.3652432510752],[-123.371518781666,44.3632638477484],[-123.371531063708,44.3612402373471],[-123.371537819415,44.3606333514481],[-123.367921388261,44.3605895508671],[-123.37153530581,44.3606210604137],[-123.371650329999,44.3480720294007],[-123.391454548988,44.3482964687071],[-123.392271807898,44.3482661957284],[-123.393946665706,44.3482869727656],[-123.393754771066,44.3460557349842],[-123.406630460128,44.3458623762477],[-123.411835229812,44.345780768168],[-123.411766151087,44.338773569145]]],[[[-123.351368055691,44.3506892400165],[-123.351381857587,44.3498680492711],[-123.351410029749,44.3481583939948],[-123.351408119589,44.3481584407595],[-123.348606933763,44.3481445111603],[-123.348590145219,44.3333230129467],[-123.333633157844,44.3334448261179],[-123.333446514345,44.3306392866738],[-123.308847776604,44.330717246204],[-123.308952095263,44.3324546716458],[-123.305247908264,44.332456386653],[-123.30525560736,44.3315337901523],[-123.300490864262,44.331510580449],[-123.300540567093,44.3460317536625],[-123.300558018438,44.360397195774],[-123.304452598209,44.3604596402003],[-123.311051291884,44.3605351490779],[-123.311059973939,44.3611979143523],[-123.311217385874,44.375074025446],[-123.311663863297,44.3895098880709],[-123.305175070373,44.3895592950255],[-123.293636746039,44.3894914870426],[-123.293473219613,44.394192541053],[-123.292930486852,44.4097011132159],[-123.272452538054,44.4095303499457],[-123.272485566556,44.4038113362242],[-123.272511836652,44.3896194488785],[-123.270344707942,44.3894921129707],[-123.270797647893,44.3745219631182],[-123.250398053427,44.3745325778162],[-123.250376943641,44.3603930274163],[-123.25033859565,44.3531823441899],[-123.233541112432,44.3532761605664],[-123.23282408926,44.352005808821],[-123.232838684358,44.3518256512328],[-123.232751301731,44.3517151866066],[-123.232684108884,44.3516275737536],[-123.232604943363,44.3515292670621],[-123.232525650139,44.3514282174384],[-123.232354963311,44.3512126814202],[-123.232265480767,44.3510981491603],[-123.232190265069,44.3510024918716],[-123.232117087234,44.3509095316496],[-123.232023656666,44.3507923490877],[-123.231848897708,44.3505714189359],[-123.231556196261,44.3501583980917],[-123.231409598674,44.3498434591084],[-123.231358399371,44.3497293846034],[-123.23130535286,44.3496167274301],[-123.231252306349,44.3495040693574],[-123.231201107045,44.3493899948525],[-123.231147996683,44.3492759662129],[-123.231094951071,44.3491633081402],[-123.231041841608,44.3490492786014],[-123.230990644103,44.3489352040964],[-123.230937534639,44.3488211745576],[-123.230884426075,44.3487071459181],[-123.230831381363,44.3485944878454],[-123.230780182959,44.3484804133404],[-123.230727075294,44.3483663838016],[-123.23067396673,44.3482523551621],[-123.230527893448,44.3479072061527],[-123.230482428221,44.3477929940515],[-123.230382123236,44.3477336217093],[-123.229087415152,44.3451387682396],[-123.228868619991,44.3432237419822],[-123.228855133757,44.3430977856344],[-123.228796605879,44.3425775997765],[-123.228887235957,44.3425109258386],[-123.229011175126,44.3424201239896],[-123.2291240958,44.3423391922],[-123.229296183772,44.3422142970522],[-123.229433050695,44.3421135765803],[-123.229599596144,44.3419929334272],[-123.229706975197,44.341916250035],[-123.229893835432,44.3417800216308],[-123.230033179088,44.3417327730491],[-123.230347162991,44.3414507600446],[-123.230358245337,44.3414422596526],[-123.230437790372,44.3413840843081],[-123.232484447699,44.3399035933762],[-123.232586532442,44.3398366424472],[-123.232708994924,44.3397554777331],[-123.232833369364,44.3396742689524],[-123.232957678154,44.3395916878062],[-123.233082049897,44.3395104781261],[-123.233206358686,44.3394278969799],[-123.233328820269,44.3393467331653],[-123.233451217999,44.3392641969851],[-123.233547760221,44.3392014953528],[-123.233724792665,44.3391423604317],[-123.233873553122,44.3390921359933],[-123.234022374733,44.3390432830212],[-123.234173043551,44.3389930118181],[-123.234323649417,44.3389413709476],[-123.234415921657,44.3389103398404],[-123.236990749923,44.3381404877933],[-123.237032268025,44.3381285133203],[-123.237198216325,44.3380778733952],[-123.237473625607,44.3379957877754],[-123.237633969332,44.3379480265802],[-123.237801825094,44.3378973398904],[-123.237992350966,44.3378406196489],[-123.238340928191,44.3378103133953],[-123.238626590645,44.3377842564383],[-123.240270323816,44.3376391903964],[-123.240538918936,44.3376162819659],[-123.243170569966,44.3365909945788],[-123.244206427984,44.3357961161979],[-123.244776522618,44.3349382870724],[-123.244931983025,44.3347039588207],[-123.245030275327,44.3345561039811],[-123.245126720422,44.3344096655737],[-123.245214316188,44.3342785390234],[-123.245375184217,44.3340372176435],[-123.245411068066,44.333863409269],[-123.245436328224,44.3337488770091],[-123.245460061333,44.3336426167135],[-123.245486272973,44.3335074728916],[-123.245514521578,44.3333750261366],[-123.245538126983,44.333266023808],[-123.245575536981,44.3330839425699],[-123.245603658782,44.3329487528827],[-123.245622490585,44.3328604547463],[-123.245653794187,44.3327114622642],[-123.245685032139,44.3325610992154],[-123.24571474394,44.3324190081308],[-123.245741529348,44.3322962039068],[-123.245626634661,44.3321287609336],[-123.245503397864,44.3319464188922],[-123.245107134986,44.3313629711243],[-123.250338870842,44.3313566659774],[-123.26053103418,44.331348516321],[-123.266904855974,44.3313509363966],[-123.270512935124,44.3314227922281],[-123.290410948007,44.3314701361379],[-123.29537841718,44.3314943009213],[-123.295354748823,44.3291820036466],[-123.29532578076,44.3260325337745],[-123.29655313412,44.3260272268751],[-123.300839511634,44.326012895279],[-123.304908220838,44.3260051152439],[-123.306919427789,44.3259969350106],[-123.306918714627,44.3263030498459],[-123.308476361095,44.3262867604257],[-123.30847681885,44.3259353539335],[-123.316314989645,44.325996131916],[-123.316277689364,44.3242344823356],[-123.320655729378,44.3242244602907],[-123.320711610552,44.3206789181976],[-123.330920417643,44.3206516858267],[-123.330883635371,44.3180157369368],[-123.330905811754,44.3170447236351],[-123.351304674171,44.3171005229708],[-123.351260276441,44.3126665577155],[-123.351278506598,44.3062475270018],[-123.36818259635,44.3063283301884],[-123.368166511076,44.3089436783081],[-123.368113755046,44.3159511246448],[-123.368110491406,44.3161982880206],[-123.368107005634,44.3167158721399],[-123.368013296277,44.3279494108367],[-123.364018551815,44.3280673928959],[-123.364007244639,44.3315322846872],[-123.3606647209,44.3315390907565],[-123.360661865553,44.3607795524345],[-123.364288568762,44.3607986162632],[-123.364303857237,44.3607982340513],[-123.364462779134,44.3632389572122],[-123.364438378728,44.3658050620541],[-123.357209021979,44.365801900937],[-123.343780132047,44.365841364987],[-123.343767305916,44.3588810008575],[-123.351456287278,44.3588721623205],[-123.35144541987,44.3567118801492],[-123.351322675001,44.3534658743507],[-123.351368055691,44.3506892400165]]],[[[-123.364303457039,44.3607900079526],[-123.367793082884,44.360587277381],[-123.367921388261,44.3605895508671],[-123.364303857237,44.3607982340513],[-123.364303457039,44.3607900079526]]],[[[-123.62049801737,45.0728342687866],[-123.620470937883,45.072834999036],[-123.601870834671,45.0728460481067],[-123.601909367923,45.0582814583227],[-123.604630407967,45.0583595041878],[-123.612607612152,45.0583388548543],[-123.614832591551,45.0583380391692],[-123.622381718442,45.0584229351704],[-123.622251755614,45.0624231951743],[-123.622235163122,45.062943824398],[-123.622289944425,45.0720448214115],[-123.622293574089,45.0728339135543],[-123.62049801737,45.0728342687866]]],[[[-123.742426677649,46.2687565297901],[-123.726857433624,46.2648253350213],[-123.711290339877,46.2608920808049],[-123.695725397309,46.2569567671412],[-123.68016260592,46.2530193940299],[-123.664449993772,46.2559136426006],[-123.648735786228,46.2588058002476],[-123.633596398355,46.2580951056047],[-123.618457388198,46.2573824756208],[-123.603318756655,46.2566679102959],[-123.588180506425,46.2559514060326],[-123.565317796579,46.258138954749],[-123.542453333954,46.2603220841969],[-123.521969256276,46.2653954377493],[-123.501481530049,46.2704652272885],[-123.485376699275,46.2671786863473],[-123.469273727401,46.2638899456645],[-123.451042350724,46.2520211933235],[-123.432818573318,46.2401495217831],[-123.427744700857,46.2293422752259],[-123.430684912878,46.1849414328009],[-123.432467577816,46.1849342328287],[-123.434911511557,46.1849229265518],[-123.434583806697,46.1703494505667],[-123.435357568997,46.1703480548189],[-123.435335534707,46.1685396036199],[-123.434658196818,46.1553790578973],[-123.434601179801,46.1419204336812],[-123.434782048753,46.1269114097339],[-123.435910117858,46.112989606785],[-123.435914582092,46.1125396274019],[-123.43591512888,46.1123585677937],[-123.447207556084,46.1122512543919],[-123.447774218905,46.0983266680414],[-123.467039288033,46.0983004447098],[-123.467039003847,46.0982949660399],[-123.467255881654,46.0982949984155],[-123.467475191227,46.0836998415745],[-123.467429402245,46.0695418847502],[-123.484780239217,46.0684770973402],[-123.485034323775,46.068474778888],[-123.48710876116,46.0684633907729],[-123.504285060407,46.0683616567651],[-123.525545134301,46.0687918852374],[-123.525695061178,46.0687948961676],[-123.546140592115,46.0687594952545],[-123.56777656014,46.0690174118242],[-123.57589871975,46.0689621691688],[-123.589038313967,46.0688710336713],[-123.610330659133,46.0688503267812],[-123.631581356694,46.069180785365],[-123.63119295569,46.0839534395996],[-123.65143881375,46.0838997446775],[-123.651682816009,46.0838918531266],[-123.672725487791,46.0829558756132],[-123.694607319672,46.0827931244032],[-123.694762968037,46.0827916513137],[-123.704870087884,46.082517406653],[-123.704717374008,46.0838356940621],[-123.709934380767,46.0838515590023],[-123.709932895087,46.0837199108453],[-123.709908779766,46.0820634891388],[-123.715285214741,46.0819375966428],[-123.715232963231,46.0826550802678],[-123.736481502419,46.0825841273556],[-123.752208061253,46.0827125190676],[-123.754828992364,46.0827307474261],[-123.754992668077,46.082731715996],[-123.765400022093,46.0826058621709],[-123.765292017113,46.0683750764487],[-123.765174672673,46.0539797822412],[-123.765483471985,46.0398016257445],[-123.765477863812,46.0390829397259],[-123.76515560165,46.0248576416669],[-123.76549171517,46.0103327155824],[-123.765075801207,45.9998425969583],[-123.7649191483,45.9940987799348],[-123.764813153304,45.9819317296656],[-123.765465321867,45.9533999697329],[-123.792350594904,45.9533270212251],[-123.792633539606,45.9388588153821],[-123.81309428887,45.938623112067],[-123.813858162224,45.9249134304105],[-123.829777914319,45.9249198758516],[-123.845697668213,45.9249241683158],[-123.845858782657,45.8955132140636],[-123.819972238228,45.8957657751704],[-123.794085467171,45.8960126363741],[-123.793708142217,45.8664098432398],[-123.801180499381,45.8663345331123],[-123.802436370242,45.8269051231729],[-123.802247526102,45.8123047754451],[-123.822432216773,45.8125184777456],[-123.843046262675,45.8126190651178],[-123.843206698131,45.8091760043691],[-123.843576014621,45.801270368233],[-123.843719648943,45.7981460883713],[-123.843501631695,45.791002194196],[-123.84348540163,45.7898816326313],[-123.843389112118,45.7835136006722],[-123.849598891276,45.7833254382185],[-123.864106898415,45.7832820414331],[-123.865063780669,45.783279287709],[-123.868708909189,45.7832679508553],[-123.870124896247,45.7832684355899],[-123.878770013425,45.7832735446384],[-123.884981247686,45.7832769377805],[-123.885838280013,45.7832768982103],[-123.886254069869,45.7832772426507],[-123.896807484578,45.7832821682375],[-123.905172808278,45.7832632491996],[-123.906598007092,45.7832863518837],[-123.907178579728,45.7832873249502],[-123.927732175899,45.7833223571411],[-123.94752742595,45.7832663077939],[-123.947559553331,45.7786410423503],[-123.947606559995,45.7739371087106],[-123.947660156891,45.7687225040404],[-123.96301647473,45.7688805859703],[-123.967846858446,45.768929929073],[-123.980158470237,45.7690577721985],[-123.980545474594,45.7690051168927],[-123.980149296253,45.7693270022394],[-123.979126427143,45.7699529079005],[-123.978590283715,45.7707482449356],[-123.978536283023,45.7716047475611],[-123.97878280878,45.772599163021],[-123.978956777233,45.7733020731322],[-123.974738550344,45.7746909708117],[-123.974204621946,45.7755246387511],[-123.974099797867,45.7768711531812],[-123.973454364327,45.778163695698],[-123.97208493787,45.7791593162495],[-123.97050320396,45.7800500515687],[-123.970085344763,45.7811835202033],[-123.969323995806,45.7818907821339],[-123.969326888025,45.7832368397084],[-123.969046350808,45.7849233572272],[-123.969178200414,45.7860666275728],[-123.969047528021,45.7871174907796],[-123.96894914039,45.7872095939476],[-123.968331036348,45.7903867008856],[-123.968330673022,45.7914844781262],[-123.968560021728,45.7918715202545],[-123.968365078386,45.7934498331433],[-123.968497676227,45.7956441843317],[-123.968366386,45.7964905992618],[-123.968039741441,45.7976103676244],[-123.968009654622,45.7996448589232],[-123.968434369351,45.8011540724026],[-123.969121347972,45.8020682278665],[-123.969251334182,45.8024335046026],[-123.969218746348,45.8028680830956],[-123.968990743928,45.8029585288131],[-123.96738888409,45.8030731213275],[-123.967240979787,45.8031255194272],[-123.96699697483,45.8032109451291],[-123.966867359141,45.8033712061163],[-123.966853507783,45.8042786355506],[-123.966834854945,45.8054963238963],[-123.966672291693,45.8061831073646],[-123.966542033888,45.8063653405881],[-123.966444175958,45.807441286786],[-123.96569466118,45.8101378265995],[-123.965236383752,45.8110295619647],[-123.964486094658,45.8132924981503],[-123.964224405432,45.8140933471303],[-123.963700819237,45.8146192553744],[-123.963635555436,45.8148709189578],[-123.963833190449,45.8151216832192],[-123.963410247385,45.8189405976305],[-123.96333384638,45.8193654832305],[-123.963082941824,45.8207683932468],[-123.963017662735,45.8218653161315],[-123.962887544325,45.822505844769],[-123.963085665871,45.8255928810067],[-123.963072664372,45.8256701057908],[-123.963020735718,45.8259803772926],[-123.962626680677,45.8267357205771],[-123.962496670185,45.8272157004443],[-123.962531318366,45.8290904343761],[-123.962269413303,45.8302795980251],[-123.962499398728,45.8310329951767],[-123.963185776602,45.8316727575917],[-123.963284225387,45.8319703594446],[-123.963153763435,45.8320853530566],[-123.962890702744,45.8320848809126],[-123.962630577439,45.8319704322897],[-123.962336936201,45.8320161421313],[-123.962205662162,45.8335486066829],[-123.961878685753,45.834668331878],[-123.961716939985,45.8363142090336],[-123.961572608689,45.8370127790166],[-123.961553168944,45.8371135201729],[-123.961519822981,45.83773197585],[-123.96175067985,45.8385319992524],[-123.961782855794,45.8391951764163],[-123.961586657898,45.8398801801263],[-123.961359176185,45.8431045959005],[-123.961360980225,45.8441103329256],[-123.961500159305,45.8449199179199],[-123.961515746355,45.8450155086588],[-123.961689445911,45.8460065723455],[-123.962243636934,45.8472183080785],[-123.962375417292,45.8472871457852],[-123.962408612168,45.8474467088985],[-123.962458049699,45.8474850442994],[-123.962801573634,45.8477438547951],[-123.96276848128,45.8480412156297],[-123.962474849035,45.8483160727286],[-123.962344143367,45.8485902409469],[-123.962343789035,45.8495274307464],[-123.962358965094,45.8496161731479],[-123.962705169008,45.851447388886],[-123.9628021492,45.8514925546377],[-123.963064091135,45.852155810942],[-123.963359662319,45.8537332973539],[-123.963850622009,45.8545791520063],[-123.963982988724,45.8548524218019],[-123.964769042058,45.8572990957767],[-123.964734529675,45.8579628601979],[-123.964309717819,45.8586024616343],[-123.96426525174,45.8588740856705],[-123.964244841626,45.8589913212925],[-123.964214038947,45.860431607133],[-123.964084182239,45.8609801782927],[-123.964049892888,45.8619403160928],[-123.963887158765,45.8622373810504],[-123.963725073953,45.8627402477643],[-123.962938560166,45.8643180741199],[-123.962906660314,45.8647978912098],[-123.963168338748,45.8657808583],[-123.963170391001,45.8668551803224],[-123.962908205349,45.8682048576681],[-123.962759075271,45.8686949899819],[-123.962713111821,45.8688445346476],[-123.962744865083,45.869987957878],[-123.963171623971,45.871427091687],[-123.963106710007,45.8724334051776],[-123.963052390955,45.8727698073807],[-123.962845277088,45.8740561086026],[-123.96309115803,45.8748419505956],[-123.963497733434,45.8755887512199],[-123.963694890007,45.8757956177736],[-123.963761200619,45.8762752792808],[-123.963695964697,45.8790639897114],[-123.964188017063,45.8801842293188],[-123.964449805214,45.8813949551131],[-123.965039979012,45.8824478058216],[-123.965891458024,45.8833378972262],[-123.967234922853,45.8844357482113],[-123.967235394098,45.8848007182786],[-123.966579317082,45.8852577843193],[-123.965861278575,45.8866071783787],[-123.965828087296,45.8872928448889],[-123.965925779751,45.8879334859417],[-123.965764185069,45.8888026869944],[-123.965927794232,45.8893961037472],[-123.966353627718,45.8900366701562],[-123.96641721788,45.8903407759061],[-123.966516499437,45.8908125989224],[-123.966288880128,45.891499883313],[-123.965994317084,45.8921850237199],[-123.966027693623,45.8934189421306],[-123.965961797599,45.8936939359265],[-123.965667311897,45.8939907652617],[-123.965537924635,45.8942882124311],[-123.965570509771,45.8948594222246],[-123.965734112639,45.8952250667834],[-123.966028620824,45.8955456876834],[-123.966127525565,45.8957513320584],[-123.966291443196,45.8957972649319],[-123.96629069496,45.8959797778445],[-123.966389160831,45.8960482234468],[-123.966521520352,45.8968717011682],[-123.966487629401,45.8985850931276],[-123.967013167124,45.9008719872525],[-123.967145131842,45.9017860329991],[-123.96678575286,45.9033169273344],[-123.966785003725,45.9038891155903],[-123.967178513777,45.9046431422673],[-123.96721258819,45.9064725215896],[-123.967433658636,45.9071698882798],[-123.96764006114,45.9078196628472],[-123.967933648419,45.9080264223816],[-123.969112711782,45.9079573265694],[-123.969440107275,45.9083002938236],[-123.969179224741,45.9086661119516],[-123.969212558113,45.9088270357391],[-123.970064067703,45.9089638100319],[-123.970291895654,45.9091231078452],[-123.970063043375,45.9094660292339],[-123.969244672004,45.9096493479391],[-123.969145662942,45.9098320164344],[-123.969212917842,45.910358288904],[-123.969473046744,45.9109858933843],[-123.969507373866,45.911065834121],[-123.969728847209,45.9117041828018],[-123.969967130679,45.9123928026858],[-123.970260379813,45.9129178934461],[-123.9704264774,45.9134206657312],[-123.970818873192,45.9139922217637],[-123.971571808092,45.9146093860144],[-123.97183569616,45.9153631069219],[-123.972391643559,45.9158433862633],[-123.972524504902,45.9161866017303],[-123.97275314674,45.9163911507311],[-123.974588276328,45.9168939976599],[-123.975045748862,45.9173058260031],[-123.975406448948,45.9174186531484],[-123.976224826614,45.9173958292542],[-123.97661928815,45.9175790022692],[-123.977438134362,45.9176933663558],[-123.978126274008,45.9179213588836],[-123.978451583074,45.9181957591271],[-123.978420727335,45.9185616501001],[-123.9778327254,45.9192705829711],[-123.977864743963,45.9196359856123],[-123.978618540413,45.9200705928836],[-123.978619395669,45.9203436153656],[-123.978487270871,45.9205958734009],[-123.977832135445,45.9208471385846],[-123.977538821559,45.9214883507069],[-123.97767006682,45.9221279809216],[-123.978192998308,45.9225159079828],[-123.978293234945,45.9238425006309],[-123.978522709555,45.9246425033489],[-123.978882837673,45.9249391968865],[-123.978949257102,45.9255793702918],[-123.978622489336,45.9258318981236],[-123.978524968652,45.9262656195627],[-123.978097850935,45.9265169989604],[-123.977967438447,45.9267006000527],[-123.977936410937,45.9272256557394],[-123.978032981937,45.9272941481065],[-123.978788827043,45.9292818989405],[-123.97944351011,45.9302188738021],[-123.97950970381,45.9304021466418],[-123.979772509094,45.930585091229],[-123.979805884734,45.9307460096207],[-123.980427682292,45.9308826526124],[-123.981017281422,45.9308130621731],[-123.98141175285,45.9306065472544],[-123.981835999931,45.9306310321965],[-123.982524859035,45.9308356558409],[-123.983178912577,45.9306296796161],[-123.983343009173,45.9305150520281],[-123.983736315079,45.9305157490027],[-123.983932537257,45.9306059815808],[-123.983835373604,45.9311096738724],[-123.983212765756,45.9318649299227],[-123.983411335165,45.9328016727591],[-123.98373856878,45.9332351630724],[-123.983934852112,45.9338756017776],[-123.984657086855,45.9344016656044],[-123.98718095144,45.935611126952],[-123.988720642044,45.9357712737254],[-123.989408368002,45.93618170722],[-123.990294283854,45.936455905116],[-123.990752819387,45.936912921694],[-123.991407871176,45.9371418252351],[-123.992423325376,45.9371857670096],[-123.992521977407,45.9372555579977],[-123.99252381742,45.9374146660541],[-123.992128210149,45.9375059949058],[-123.992588568608,45.9382826476261],[-123.993048266964,45.9388548772508],[-123.993147222966,45.9392196575612],[-123.99301760278,45.9403184339486],[-123.992328685221,45.9408890996523],[-123.991314166316,45.941119543732],[-123.991182258255,45.9412785060982],[-123.991281159398,45.9425131898319],[-123.99154414005,45.9430844032227],[-123.991873921444,45.9445249057998],[-123.992398158748,45.9451871503667],[-123.99321831977,45.9457349544047],[-123.99364553911,45.9461928891905],[-123.993710087051,45.9464448072821],[-123.993546930247,45.9466719310648],[-123.99262885194,45.9469694951462],[-123.991943441736,45.9474055853995],[-123.988666980397,45.9484124942413],[-123.987585990801,45.9490070998978],[-123.987323866303,45.9494182618433],[-123.987029201636,45.9502639618124],[-123.98657047095,45.9506768333692],[-123.98571986428,45.9511795229167],[-123.98477011275,45.9516371195575],[-123.982115303279,45.952392164267],[-123.980837090559,45.9528512178095],[-123.977135442347,45.9547032087861],[-123.975792548587,45.9554591087509],[-123.97500602221,45.9561450486551],[-123.974189178788,45.957401282843],[-123.973829246722,45.9581802630088],[-123.97386237325,45.9592769295867],[-123.974453495832,45.9605560677084],[-123.975074937259,45.9612649043519],[-123.975075771829,45.9616998200907],[-123.974354733184,45.9625909960777],[-123.973635175723,45.9633449184333],[-123.973144373414,45.9642375189464],[-123.972390605742,45.9669572136046],[-123.971964829813,45.9676901017169],[-123.971277012124,45.9683525117591],[-123.969999396555,45.9691530513723],[-123.968950543333,45.9695407059389],[-123.968132282579,45.9699997621793],[-123.966524910796,45.9706851220208],[-123.964854111628,45.9716234098925],[-123.962198849797,45.97281290719],[-123.962166360889,45.9729263701559],[-123.961937968163,45.9730867570482],[-123.961852866217,45.973111213212],[-123.961085400071,45.9733382200828],[-123.960882630829,45.9734018093461],[-123.957445319446,45.9744824742868],[-123.954363429129,45.9750312316061],[-123.95206938989,45.9756254028901],[-123.951119155425,45.9756944321524],[-123.944626207633,45.9757419631212],[-123.942955107192,45.9756042679227],[-123.941839526073,45.9756725714321],[-123.939349020941,45.9761761926772],[-123.938528112582,45.9765637636069],[-123.937906575828,45.9769290412423],[-123.937479354688,45.9773188227056],[-123.936595620591,45.9789869293034],[-123.93600526603,45.979740935296],[-123.935742048856,45.9804044389138],[-123.935709924174,45.9805576699006],[-123.935283641927,45.9826679110953],[-123.934757504355,45.9846562087171],[-123.93390545877,45.9864619277758],[-123.933708095352,45.9874692458091],[-123.933835415072,45.9888032317838],[-123.93387334308,45.989205493139],[-123.933714101025,45.9904545399451],[-123.93367537262,45.9907602527835],[-123.933511342574,45.9912411211808],[-123.933086483055,45.9921315894014],[-123.932756263691,45.9940743579453],[-123.93213366034,45.9961312900271],[-123.931247596999,45.9978007599971],[-123.930952710199,45.9992183847207],[-123.930722419004,45.999842489939],[-123.930688636871,46.0008216996617],[-123.930588991089,46.0008671352102],[-123.930557607448,46.0011643980186],[-123.930221101822,46.0018231496187],[-123.930196545834,46.0018732571452],[-123.929704453897,46.0034502804062],[-123.929700143447,46.0036081842703],[-123.929638393297,46.0071085318334],[-123.929441669298,46.0079319600919],[-123.928915347365,46.0090050797207],[-123.928587975255,46.0093246789908],[-123.927900154868,46.0095765656061],[-123.925470689421,46.0099422344466],[-123.924782765612,46.010192733408],[-123.924600551274,46.0103064176071],[-123.924266586234,46.0105164371839],[-123.923437476059,46.0110399397415],[-123.922353754322,46.012112762594],[-123.921993803371,46.0122508157226],[-123.921861037357,46.012203910682],[-123.921861260389,46.0117470388948],[-123.922058371996,46.0112899341832],[-123.922287348382,46.0109704707107],[-123.922529579876,46.0105106806234],[-123.922635708871,46.0103100328818],[-123.923339778208,46.0089807071939],[-123.92356976903,46.0082509918898],[-123.923501907987,46.0076108814371],[-123.923371812959,46.0070164826246],[-123.923076904575,46.0069249019627],[-123.921436808262,46.0069245467305],[-123.921042312553,46.0066492660508],[-123.920844775566,46.0063751230136],[-123.920846217179,46.005346100742],[-123.921208310315,46.0044547727696],[-123.92199440142,46.003312399048],[-123.922618894247,46.0021019988083],[-123.922712360787,46.0013611579911],[-123.922848055893,46.0002733488361],[-123.923210119351,45.9998429971566],[-123.923311127606,45.9993598669644],[-123.924229805761,45.9978692469682],[-123.924441826329,45.9964458198188],[-123.924459009676,45.9963383058682],[-123.92468931436,45.9952861530336],[-123.92470987556,45.9945776095691],[-123.924731910749,45.9938607923418],[-123.924751419742,45.9932661534103],[-123.92478226469,45.9922362641923],[-123.924786997822,45.9920852077662],[-123.925041875582,45.991378078036],[-123.925379329992,45.9904394214422],[-123.925412237984,45.9903973043922],[-123.925937193846,45.9897303311899],[-123.926067991245,45.9894823098608],[-123.926361666658,45.9889304525784],[-123.926315165413,45.9882855973025],[-123.926264566856,45.9876051891282],[-123.926165991267,45.9875367138483],[-123.926198560215,45.9874232616742],[-123.926101295838,45.9873767019733],[-123.926035035588,45.9871248108614],[-123.925936460899,45.9870563355815],[-123.926035704684,45.9865773647537],[-123.926231647173,45.9862341510853],[-123.926232405301,45.9857539301998],[-123.926034933066,45.9849543159889],[-123.925871760973,45.9847930531569],[-123.925577477618,45.9849072607615],[-123.925248913007,45.9852049417547],[-123.924821574956,45.9858910273491],[-123.924920573226,45.9869198868433],[-123.925444286225,45.9878101644076],[-123.925608701181,45.9887479396658],[-123.925575106106,45.9892057908147],[-123.925395188637,45.9894881689439],[-123.925314316203,45.9896167459161],[-123.924918752998,45.9899136292107],[-123.924524718641,45.9908278629156],[-123.924131726598,45.9916281875908],[-123.924143970868,45.9921286081488],[-123.924151043136,45.9924768876983],[-123.924170354278,45.9932597322509],[-123.924196331196,45.9944169330951],[-123.924161139825,45.9945853392421],[-123.924065386308,45.9950573439214],[-123.923737625691,45.9959943376686],[-123.923714083238,45.9964560100369],[-123.923704519848,45.9966579689901],[-123.923145968012,45.9982122043298],[-123.922259907369,45.999360242881],[-123.922129330304,45.9998428595604],[-123.922016626366,46.0008216133268],[-123.921962606789,46.0013006309194],[-123.921924780404,46.0013922808291],[-123.921634443275,46.0021004276927],[-123.920575435808,46.0036499739672],[-123.919666640303,46.0049797466181],[-123.919370523231,46.00546030385],[-123.918615786989,46.0079517658614],[-123.918615619715,46.0084100091147],[-123.919205683795,46.0084326648357],[-123.919860448701,46.0086153306331],[-123.920221456355,46.008890215611],[-123.920352661146,46.0091415923107],[-123.920319418606,46.0095075012702],[-123.920189534919,46.0098048746952],[-123.919828282649,46.0099868633031],[-123.919269243381,46.0100552306644],[-123.918449684006,46.0098499046495],[-123.918122989984,46.0099183826273],[-123.918121186843,46.009987033275],[-123.918089214146,46.0120212161063],[-123.917987243616,46.0121600003837],[-123.91736624016,46.0130039439769],[-123.917235029973,46.0130489100792],[-123.917074820247,46.0132675847313],[-123.916710330417,46.0137583465705],[-123.916710652375,46.013895533652],[-123.917104520357,46.0141927991584],[-123.917399869408,46.0141924610133],[-123.917956665767,46.0136906276204],[-123.918219905424,46.0137131709262],[-123.918743106709,46.0140327432166],[-123.918842702129,46.0142164387377],[-123.918841309079,46.0143577923783],[-123.918841881048,46.0146966497306],[-123.918481083835,46.0150844131152],[-123.917495998841,46.0151747401222],[-123.916971966583,46.0150719557062],[-123.916348258865,46.014948737794],[-123.916218767282,46.0149236826819],[-123.915824389384,46.01494746975],[-123.915824213117,46.0151752203602],[-123.916423819903,46.0157848141179],[-123.916545365077,46.0159075086247],[-123.916544455862,46.0160900062488],[-123.91627103588,46.0163586103616],[-123.916152182377,46.0164786743514],[-123.915756610179,46.0171418272336],[-123.915753904119,46.0171954124384],[-123.915724802957,46.0175982403666],[-123.915856919661,46.01766712214],[-123.916840911079,46.0173929997871],[-123.918184714053,46.0174390693576],[-123.919465613947,46.0175528030195],[-123.919714619134,46.0175345980433],[-123.920269554796,46.0174951609729],[-123.920389142145,46.0174862001281],[-123.921367629712,46.0174166213801],[-123.922548667087,46.0172108124291],[-123.923041089075,46.0169824745616],[-123.923238885066,46.0167997431137],[-123.92323754058,46.0163497781198],[-123.923237239307,46.0155883464251],[-123.923402311667,46.0149250037859],[-123.923337659405,46.0145358734318],[-123.924256331265,46.0138958960788],[-123.924551648839,46.013599196246],[-123.924912283275,46.0129136997076],[-123.925437868663,46.012319442988],[-123.925865034044,46.0120216477809],[-123.926053575112,46.0120463458622],[-123.926224261041,46.0120688199202],[-123.926783045801,46.0124559214037],[-123.927765181918,46.0138281222701],[-123.927711525666,46.0159219373476],[-123.92771104273,46.0159795730989],[-123.927699478348,46.0164107080877],[-123.928213011921,46.0192933554041],[-123.928433478922,46.0205395423661],[-123.928487264675,46.0208452956739],[-123.928716002741,46.0224918536162],[-123.928730467437,46.022765824883],[-123.928788845129,46.0240345623452],[-123.928881266657,46.0260349342649],[-123.928734571943,46.0295651339238],[-123.928714735597,46.0299896454059],[-123.928717393093,46.0301981046588],[-123.928723557946,46.0312858859349],[-123.928747556355,46.0346080553176],[-123.928845967367,46.0351320201267],[-123.928879762091,46.0367787480408],[-123.929043319094,46.0373049323768],[-123.929085306642,46.0379718480224],[-123.929128117069,46.0386524603428],[-123.929231657815,46.0403122446144],[-123.929338240068,46.041989775208],[-123.929470009633,46.0429051420587],[-123.929796561562,46.0468029252149],[-123.929829003706,46.0471792636122],[-123.929899188597,46.0477904779482],[-123.929960591608,46.0483210033117],[-123.929989461644,46.048440892833],[-123.930190896293,46.04923624066],[-123.930191354048,46.0499002452002],[-123.930682837143,46.0522772217165],[-123.930945059667,46.0536250590493],[-123.930945622642,46.0543562834158],[-123.931404448656,46.0570085882758],[-123.931403765172,46.0580142317714],[-123.931633450224,46.0591805436472],[-123.931962359275,46.0626542892641],[-123.932093248405,46.0639798728729],[-123.932429393402,46.065211676078],[-123.933864276115,46.066884790101],[-123.933979546719,46.0678513796375],[-123.934459633605,46.0693780606491],[-123.934437877206,46.069868469954],[-123.934796658139,46.0711146946875],[-123.934786965246,46.0716417936339],[-123.934911130144,46.0735423965644],[-123.936427639824,46.0782052428777],[-123.937195414437,46.0811681429955],[-123.936133486871,46.0835711207107],[-123.936921884737,46.0856965496561],[-123.937644457626,46.0889872643508],[-123.937906817745,46.0897423926973],[-123.938333181831,46.0904049394364],[-123.938367474779,46.0906796913147],[-123.938629772846,46.0912043414073],[-123.938727789056,46.0912275502113],[-123.938826366444,46.0916856342847],[-123.938925621021,46.0917293836042],[-123.940074859267,46.094930807311],[-123.940930841185,46.096896460903],[-123.941127746848,46.0978729942433],[-123.941155803897,46.0987309807502],[-123.941160547821,46.0989078171421],[-123.941587599888,46.1000052202647],[-123.942015243709,46.1013083873722],[-123.942236181055,46.1021922977364],[-123.94237618931,46.1027479438626],[-123.943034191774,46.1043708937019],[-123.943298373921,46.1052192421743],[-123.943756690919,46.106702594749],[-123.943757836655,46.106885022226],[-123.943857287284,46.1069315072833],[-123.945040340939,46.1096050712171],[-123.945235817579,46.1099025489635],[-123.94533636628,46.1103591950209],[-123.945433853689,46.1104057358361],[-123.946222773162,46.1124624709663],[-123.946322151846,46.1125075836581],[-123.946813089053,46.1139735046735],[-123.947537833804,46.1161418537636],[-123.947638708959,46.1162116168726],[-123.947966908446,46.1171705738629],[-123.948294003565,46.1177193707524],[-123.948328560015,46.1180627031313],[-123.948425980874,46.1181078706817],[-123.948458932933,46.1183593337163],[-123.948558324207,46.1184044446095],[-123.948822170007,46.1191142273398],[-123.949019024408,46.1194336080746],[-123.949085739715,46.1197540491102],[-123.949182602995,46.1198225558663],[-123.949215557752,46.1200740180016],[-123.94931503626,46.1201204976629],[-123.949731309053,46.1210343455587],[-123.950597659255,46.1229310157538],[-123.950598826575,46.1231134414322],[-123.950695779786,46.1231833151579],[-123.950926231061,46.1239599184156],[-123.951419266386,46.1248372169641],[-123.952180293386,46.1266217156197],[-123.952470138586,46.1273032893154],[-123.952502347805,46.1275095002633],[-123.952964725242,46.1286291391235],[-123.953918220649,46.1312119093022],[-123.955201939918,46.133315822867],[-123.955399420247,46.1338395826307],[-123.955484204732,46.1339687999202],[-123.956155430828,46.1349835346625],[-123.956253723131,46.135303045799],[-123.957077447266,46.1368798909942],[-123.957109118691,46.1371094366513],[-123.957735134069,46.1387771232657],[-123.957832598096,46.1388222836216],[-123.957865685953,46.139075109129],[-123.958886917397,46.1411084726779],[-123.959873663439,46.1427998717168],[-123.959973187812,46.1428463423849],[-123.960039138695,46.143120152673],[-123.9611901567,46.1449480274296],[-123.961453638275,46.1454520057056],[-123.96250662568,46.1472566752554],[-123.963812979985,46.1497219966728],[-123.963922334848,46.1499300539289],[-123.964548235113,46.1512327866639],[-123.964744377251,46.1514396694052],[-123.965073162197,46.1520103162231],[-123.966058561054,46.1536084132977],[-123.967015733789,46.1551634319469],[-123.967642508195,46.156283665259],[-123.967608676599,46.1563765733202],[-123.968069383095,46.1570379941082],[-123.968071245591,46.1571984457517],[-123.969026374168,46.1589126417051],[-123.969355140227,46.159643783334],[-123.969452731958,46.1596903016662],[-123.97004747611,46.1610611391603],[-123.970737421595,46.1623413771529],[-123.971034061173,46.1630954056285],[-123.971133546876,46.1631404967366],[-123.97155232518,46.1641817659758],[-123.971694225608,46.1645342750368],[-123.972088818444,46.1652428940444],[-123.972154935702,46.1655180641074],[-123.972483419374,46.1659515121526],[-123.973043877773,46.1670489710332],[-123.973241033447,46.1673682996074],[-123.974130438669,46.1688086430045],[-123.974360183076,46.1690145212032],[-123.975368970601,46.1705336533055],[-123.976073554351,46.1715966753463],[-123.976312132799,46.1720766570122],[-123.976397555803,46.1722469949029],[-123.977247630074,46.1739463781229],[-123.977556022892,46.1745669741866],[-123.978677882178,46.1763502560595],[-123.979335474552,46.1775147863784],[-123.979336185017,46.1777205413699],[-123.979533571817,46.1778807187202],[-123.979565358355,46.1781102517867],[-123.980916611313,46.1803490636584],[-123.983303983992,46.1837370930924],[-123.983719171303,46.1843257137608],[-123.983915264878,46.1846903267972],[-123.984376862602,46.1852624871741],[-123.985332950755,46.1869765140549],[-123.986331943764,46.1885191598314],[-123.986486843893,46.1887587751974],[-123.98734424584,46.1900847248302],[-123.987495003691,46.190288793593],[-123.990145473934,46.1938307923572],[-123.991331209368,46.1952252082768],[-123.991595397809,46.1956358099447],[-123.992451887844,46.196846515954],[-123.992418073335,46.1969394276126],[-123.993639775355,46.1987895758783],[-123.993672088896,46.1989943946757],[-123.994167679195,46.1996341031314],[-123.994759095856,46.200708587931],[-123.994858750631,46.2007550262235],[-123.994860061842,46.2009374402107],[-123.995848396986,46.2024912933386],[-123.996772705796,46.2039990193393],[-123.997300937888,46.2050726156088],[-123.999146940279,46.2076559883333],[-123.99954260061,46.2084358138618],[-123.999542871306,46.2085688730551],[-124.000533158878,46.2102145388699],[-124.001266677415,46.2111860099265],[-124.003807139888,46.2141945758191],[-124.007028335189,46.2184010665561],[-124.009266771145,46.2212127061015],[-124.010185377353,46.2229056879472],[-124.010349871449,46.2235222343637],[-124.010053667143,46.2242320251879],[-124.010184951974,46.2244380149025],[-124.010712300932,46.2246884868842],[-124.01380692475,46.2258325531299],[-124.01713265275,46.2273880682048],[-124.018448833946,46.2278002328945],[-124.024311186112,46.2292649470197],[-124.023552209567,46.2299048848026],[-124.022861490665,46.2303383841092],[-124.021641418217,46.2308425188672],[-124.013047950902,46.2352849089714],[-124.030697750401,46.2389240381139],[-124.048349803601,46.2425605232496],[-124.066004111401,46.2461943643785],[-124.083660669304,46.2498255597019],[-124.059879919822,46.2567943909484],[-124.036093352626,46.2637584027282],[-124.030895963678,46.2706833686426],[-124.034188020161,46.2776977352623],[-124.03794142076,46.2821590623909],[-124.03585160137,46.294279293055],[-124.025043218969,46.2946071382089],[-124.010575921442,46.2859287209338],[-123.99839448112,46.2766446992935],[-123.974036758989,46.2704034843334],[-123.963381147122,46.2626291528132],[-123.952728446361,46.2548538149517],[-123.942078652208,46.2470774698494],[-123.931431765564,46.2393001193051],[-123.916725376975,46.2382187447993],[-123.902019545965,46.2371355419717],[-123.887314276133,46.2360505099231],[-123.872609565679,46.2349636495528],[-123.856345154705,46.2391956387678],[-123.840078329052,46.243425377879],[-123.82380908692,46.247652865987],[-123.807537431008,46.2518781030921],[-123.791263361315,46.2561010882947],[-123.774986878741,46.2603218215949],[-123.758707984186,46.2645403020933],[-123.742426677649,46.2687565297901]]],[[[-123.137259519711,43.6528683706788],[-123.137056239654,43.6345608852767],[-123.120210812679,43.6347070350017],[-123.107143593202,43.6348184726944],[-123.10723460909,43.6306340252401],[-123.106933031334,43.6276267282909],[-123.114402330803,43.6275749390323],[-123.130814861916,43.6274925341532],[-123.147227347164,43.62740774697],[-123.147293257578,43.6346372341211],[-123.147383828301,43.6487622559734],[-123.147456587951,43.663293996221],[-123.147417871238,43.6727207780415],[-123.14737628119,43.6806363570823],[-123.147307320277,43.6870001280535],[-123.14728717906,43.6921644471316],[-123.147627655192,43.7240770689016],[-123.147627716346,43.7240784412671],[-123.147507616383,43.7285697598866],[-123.156798400026,43.7285840267315],[-123.168208487332,43.7285393529089],[-123.168113216752,43.7352812816059],[-123.168098755653,43.7358032283364],[-123.16809887886,43.7358059703693],[-123.168097679165,43.735863649288],[-123.168272002851,43.7454515761294],[-123.168160656889,43.7648825962549],[-123.186678128593,43.7649139142458],[-123.205195619182,43.7649422051187],[-123.22371312596,43.7649674688736],[-123.242230648026,43.7649897073092],[-123.242201259081,43.7795943996618],[-123.217891620102,43.7795563997082],[-123.193582015298,43.7795131845859],[-123.165782138935,43.7794289001237],[-123.137982345309,43.7793377943038],[-123.137982047633,43.7792883855506],[-123.13796131826,43.7459367810577],[-123.137663121056,43.7211856442022],[-123.137893976126,43.7087566061325],[-123.137834228767,43.7049736628043],[-123.137834478778,43.7049365963469],[-123.137765831728,43.6923251146124],[-123.137711837331,43.688927745719],[-123.137711533361,43.688920890187],[-123.137260065599,43.6528807120753],[-123.137259519711,43.6528683706788]]],[[[-123.040872828618,43.8072071657782],[-123.040871899618,43.8071480245617],[-123.040858236219,43.8070015726645],[-123.040844087185,43.8069514012862],[-123.040768047707,43.8067079709961],[-123.04064625612,43.8064149107196],[-123.04054620924,43.8061447453837],[-123.040512901949,43.8060319038493],[-123.040466293684,43.8058418609132],[-123.040460216066,43.8057712335556],[-123.040456729395,43.8056599298619],[-123.04046205428,43.8055738341652],[-123.040472473826,43.8054946191814],[-123.04052550235,43.8053069756365],[-123.040647214797,43.804995269716],[-123.040760916983,43.8047660702979],[-123.040888017268,43.8045643172895],[-123.040878681406,43.8045158051603],[-123.039764894434,43.8046827696941],[-123.039248783405,43.8028754579361],[-123.039067892869,43.8028666589692],[-123.038933854314,43.8028523237758],[-123.03886594111,43.8028407279173],[-123.038782296965,43.8028279098802],[-123.038661061159,43.8028020777537],[-123.038510640554,43.8027590937572],[-123.038412030791,43.8027263548374],[-123.038298818735,43.8026821243806],[-123.038176694399,43.8026262710856],[-123.038604882309,43.8021748177137],[-123.038678161768,43.802206846169],[-123.038780503717,43.802245335354],[-123.038891003417,43.8022772657832],[-123.03898715983,43.8023011616693],[-123.039096818663,43.8023144860248],[-123.03921617039,43.8023253912039],[-123.039325760875,43.8023262887273],[-123.039433153417,43.8023209926197],[-123.039530484344,43.8023092303868],[-123.039524612671,43.8022947791808],[-123.039749370337,43.8022612551529],[-123.039414898079,43.8011943444435],[-123.039879581378,43.8011278539673],[-123.03976564357,43.8008722378635],[-123.039609050018,43.8005809321643],[-123.039221140044,43.8000391886577],[-123.038698433386,43.7994243968185],[-123.038286676089,43.7994881803353],[-123.033716593046,43.8010484294415],[-123.033576245747,43.800599021128],[-123.033409488057,43.8000994468321],[-123.037928628104,43.7985575151173],[-123.037776716422,43.7984066826224],[-123.037723882151,43.7983571407695],[-123.037519736946,43.7981655563954],[-123.035909183362,43.7987128442225],[-123.035304434252,43.797787944558],[-123.036513561951,43.797378121703],[-123.036148384141,43.7971197132043],[-123.035954465126,43.7969599558373],[-123.035680787938,43.796682442141],[-123.035547250305,43.7965047379034],[-123.035418141834,43.7963133567761],[-123.03526584884,43.7960064055712],[-123.035135088314,43.7956173606527],[-123.035092347134,43.7954908952887],[-123.035006914238,43.7953151488751],[-123.035067578006,43.7953170554378],[-123.034973875844,43.7951489199867],[-123.036667822662,43.7951665826717],[-123.03679530426,43.7950626893917],[-123.036695663874,43.7941557312021],[-123.035667556213,43.7941559776163],[-123.035518175224,43.793960500077],[-123.036129306822,43.7937096467828],[-123.035906776776,43.7934026308268],[-123.038231833632,43.793400065061],[-123.038226395432,43.7941566053431],[-123.041022941655,43.7941555072709],[-123.039079519304,43.7958105727997],[-123.039434058135,43.7960349329658],[-123.038837918235,43.7965453081195],[-123.038480603197,43.796319810311],[-123.038190335316,43.7965704126945],[-123.040180722962,43.7977802787369],[-123.040486756858,43.7975842139404],[-123.039658840083,43.7970654813869],[-123.040139918922,43.7967583377272],[-123.040826784229,43.7971460075822],[-123.042315692815,43.7969062762037],[-123.042315575004,43.7964138713032],[-123.042882281892,43.7964150341266],[-123.042896957928,43.7953194557284],[-123.043089967728,43.7953209162274],[-123.043100824344,43.7941043943024],[-123.045138513631,43.7941135062334],[-123.045156204195,43.7923901605775],[-123.047158362169,43.7924027609787],[-123.047137194826,43.7931912748575],[-123.046949515308,43.7931931544406],[-123.046926105955,43.7931922461253],[-123.046903046438,43.7931882954036],[-123.046881118269,43.7931820810882],[-123.046860452748,43.7931725896433],[-123.046843452863,43.7931625487127],[-123.046828892839,43.7931501956251],[-123.046816977721,43.7931351796449],[-123.046808105909,43.7931201888457],[-123.046803182121,43.7931040487129],[-123.046801428443,43.7930881154243],[-123.046764291839,43.7930876729578],[-123.046757278026,43.7936887276527],[-123.04710828432,43.793688893128],[-123.047108793336,43.7939668546866],[-123.047334292044,43.7939622042924],[-123.047342956113,43.7931569180574],[-123.047934919561,43.7931595242927],[-123.047946089141,43.792408578693],[-123.048955856927,43.7924137003321],[-123.048960361631,43.7913327107361],[-123.051528864965,43.7913365652304],[-123.051541679405,43.790644453279],[-123.051723787623,43.7903942510939],[-123.051764535905,43.790393846399],[-123.051891936564,43.7901675778715],[-123.052771329633,43.7895087093595],[-123.052824179192,43.7889970499739],[-123.051135442147,43.7889780787754],[-123.051140102434,43.7882708384285],[-123.053558579964,43.7882837320087],[-123.053564790683,43.7876202526726],[-123.052799127678,43.7876217941106],[-123.050641693659,43.7876005449293],[-123.050642521935,43.7873480161981],[-123.049485349869,43.7876747174143],[-123.049306759799,43.7869328675578],[-123.048005347269,43.7869306012663],[-123.048014638165,43.7861905005912],[-123.053664279983,43.7862305456032],[-123.053651187652,43.7851828606006],[-123.05790125414,43.7851808029517],[-123.057906829936,43.7839752257761],[-123.05813084836,43.7839761799568],[-123.058131474288,43.7842497986893],[-123.058527821702,43.7842493643167],[-123.058527470966,43.7843886297316],[-123.058921921709,43.7843838372443],[-123.058927735826,43.7838380962512],[-123.058727010743,43.7838387437631],[-123.058731270831,43.7831512129582],[-123.058540873562,43.7831505753388],[-123.058539372594,43.783289727439],[-123.058142750887,43.7832926430411],[-123.058139995364,43.7830778435677],[-123.058343996678,43.7830785189585],[-123.058354209379,43.7820285496779],[-123.059567249129,43.782030108203],[-123.05956605393,43.7830122596081],[-123.059878701441,43.7830112676559],[-123.05987738933,43.783154675348],[-123.062114966433,43.7831541366542],[-123.062115881043,43.7818701952534],[-123.062880205857,43.7818684622598],[-123.062879177032,43.7814892109584],[-123.063854526865,43.7814877783384],[-123.06384831165,43.7813198020673],[-123.064447606372,43.7813214568199],[-123.064476753399,43.7813875866678],[-123.064485853639,43.7814591007569],[-123.066949799094,43.7814615244299],[-123.066955546661,43.7816991648846],[-123.067011818141,43.7818304587088],[-123.06677305803,43.7818871834468],[-123.066617543665,43.7818862562458],[-123.066854021296,43.7826374032936],[-123.066928942017,43.7828625818427],[-123.067361391815,43.7838893423194],[-123.067407125039,43.7840384076464],[-123.06742175431,43.7841224304059],[-123.067430734041,43.7843512494107],[-123.067398237938,43.7844989756472],[-123.067355477873,43.7846620479152],[-123.067215701643,43.7849092283782],[-123.06658401514,43.7857828846724],[-123.066050823287,43.7865136773644],[-123.066120950621,43.786514290702],[-123.06552575501,43.7873478480248],[-123.064971482148,43.788083165206],[-123.065146911101,43.7880810553964],[-123.063664598143,43.7900354072083],[-123.064500820157,43.7900166050823],[-123.064524288865,43.7899784711296],[-123.065189291652,43.7899598551633],[-123.065199400932,43.7898685685796],[-123.065218997159,43.7898229756499],[-123.065243786072,43.7897877312189],[-123.065279854282,43.78974700542],[-123.065355507051,43.7896964140583],[-123.065405673933,43.7896731836705],[-123.066137129425,43.7894365468592],[-123.066321859166,43.7894083387239],[-123.067385125823,43.7894071588134],[-123.067384988227,43.7892711075756],[-123.067955159303,43.7892684482803],[-123.067953063883,43.7894070643846],[-123.068807274136,43.7894067757022],[-123.068800247733,43.7897178871708],[-123.069043415421,43.7897110478266],[-123.069030593787,43.7899895867501],[-123.069709537865,43.7899859121202],[-123.069755551677,43.7895883578165],[-123.069808703409,43.7891273230675],[-123.069806628673,43.7889274676286],[-123.069794503114,43.7887754840015],[-123.069708393927,43.7882821752822],[-123.069669654731,43.7881577540771],[-123.069826679957,43.7881574590995],[-123.069843857008,43.7881440520064],[-123.070119483028,43.7881438253773],[-123.070052017686,43.7878238906601],[-123.070020488355,43.7877153298986],[-123.069693422913,43.7873581749399],[-123.070683833692,43.7872790507876],[-123.070818804844,43.7880999843269],[-123.07104902859,43.7880796416622],[-123.07122602686,43.7880310719764],[-123.071387713272,43.7878972924262],[-123.072329271079,43.7881500522831],[-123.074835649246,43.7881482797194],[-123.075063624686,43.78816788494],[-123.075495766017,43.788169376016],[-123.075686192963,43.7884362696182],[-123.075752642071,43.7888780282984],[-123.080653003833,43.7888872040813],[-123.080660434931,43.7895945568434],[-123.082232520914,43.7896014870191],[-123.082221243416,43.7904794834415],[-123.077723217652,43.7904798656533],[-123.077721969393,43.7939435802321],[-123.080014328698,43.7939485543823],[-123.079995851228,43.7953038785712],[-123.078939054294,43.7952953350118],[-123.078928647339,43.7957615957211],[-123.078560739187,43.7957626263442],[-123.078557600553,43.7960559105519],[-123.078422026855,43.7960541352901],[-123.078418824369,43.796279871419],[-123.079080401639,43.7962816268956],[-123.079085686955,43.7957696923175],[-123.0795030848,43.7957700115768],[-123.079514007965,43.7968479146996],[-123.078064611992,43.7974296312725],[-123.077768107312,43.7974944148355],[-123.075851412812,43.7974920226388],[-123.075626910553,43.797510093616],[-123.075356932277,43.7975669730374],[-123.075333022001,43.7985756976104],[-123.074884909611,43.7985736741358],[-123.074884388004,43.7989188627154],[-123.074464952296,43.7989145342784],[-123.074466622337,43.7992282816599],[-123.075331226955,43.7992293545511],[-123.075338346887,43.799416626676],[-123.075400195962,43.7999742189351],[-123.075401725709,43.8008400601207],[-123.073264074977,43.8008468733846],[-123.069993774893,43.8007496458795],[-123.067643585583,43.8007415420885],[-123.067643599073,43.8008682844438],[-123.067273026229,43.8011371826349],[-123.067009386374,43.8011808788945],[-123.06660997497,43.8010937201991],[-123.066512107148,43.8010572068247],[-123.06651096321,43.8007384304343],[-123.064233374371,43.8007276178853],[-123.064234093828,43.8008792462803],[-123.063288974706,43.8008756382002],[-123.063286791152,43.8007221248263],[-123.061850125083,43.8007256141958],[-123.062404925847,43.8009018363507],[-123.062410530422,43.8009945357693],[-123.061107160067,43.8031212759262],[-123.0612334024,43.8045293867219],[-123.058945825689,43.8037834890168],[-123.058864529674,43.8039095919542],[-123.058749991119,43.8039104301223],[-123.058547122951,43.804181463304],[-123.058523655143,43.8043226208923],[-123.058411144559,43.8045909552085],[-123.058378003642,43.804765989359],[-123.058344474218,43.8048807131744],[-123.058200667227,43.8053321602511],[-123.058302691716,43.8053326782605],[-123.058230393418,43.8054602093213],[-123.058167252017,43.8055857079141],[-123.05815996481,43.8056900211776],[-123.058118099571,43.8058960864353],[-123.05809450136,43.8059526987581],[-123.058083992782,43.8060214168549],[-123.058073000369,43.8061096268578],[-123.058001095974,43.8062274353479],[-123.05797694468,43.8063103276596],[-123.057979274824,43.8064270245875],[-123.057963004289,43.806477693291],[-123.057914383342,43.8065575800683],[-123.057878853826,43.806639752023],[-123.057822262188,43.8067446939125],[-123.057723236038,43.8069676538342],[-123.057668174147,43.8070435781986],[-123.057581167437,43.8071027338042],[-123.057475781282,43.8071851971392],[-123.057350006598,43.8072461702746],[-123.057177252228,43.8072572481236],[-123.057063407051,43.8072910077739],[-123.056897186256,43.8073234103472],[-123.056470966962,43.8073898207837],[-123.056479283892,43.8075014383408],[-123.056480093282,43.8075519010994],[-123.056382442196,43.8075968573092],[-123.05616275131,43.8076509803086],[-123.055932350398,43.8077089470103],[-123.055103048667,43.8078035529916],[-123.053880001261,43.8081526806018],[-123.05331173315,43.808334432688],[-123.052567882302,43.8084906053572],[-123.051972085044,43.8085547234218],[-123.051471004383,43.8085602380646],[-123.050941443992,43.8084839215958],[-123.0499729389,43.8082577196181],[-123.048907030935,43.8082551637449],[-123.048538022911,43.8084443253454],[-123.046856779916,43.807774148758],[-123.046860379003,43.8091806308815],[-123.044864671867,43.8081609147944],[-123.0448671486,43.8143315329739],[-123.044846297818,43.8143690302066],[-123.042959139752,43.8143665139036],[-123.043012339148,43.808739050267],[-123.041391689775,43.8087548441608],[-123.041760220258,43.8079758262235],[-123.040671164643,43.8079764215747],[-123.040696771938,43.8078816501181],[-123.04077738267,43.8076589617917],[-123.040859818126,43.8073929288407],[-123.040869430979,43.8073079204243],[-123.040872828618,43.8072071657782]]],[[[-123.018453921611,43.8012839582881],[-123.023276491117,43.8013066580759],[-123.023329088866,43.8050284789812],[-123.018377374017,43.8049729980055],[-123.018453921611,43.8012839582881]]],[[[-123.028526170247,43.8123570822136],[-123.028455534795,43.8159580450278],[-123.023399977927,43.8159540538365],[-123.023391875934,43.8127719106952],[-123.023379864589,43.8123132717402],[-123.028175600124,43.8123496789946],[-123.028526170247,43.8123570822136]]],[[[-123.073026257356,43.840820859695],[-123.072949882431,43.8443117122158],[-123.067296521018,43.8443412333613],[-123.067501954052,43.8370459617018],[-123.088118982105,43.8369772759805],[-123.088232454964,43.8407136380241],[-123.073026257356,43.840820859695]]],[[[-123.234670304791,43.8429982460722],[-123.234579550606,43.8431087502686],[-123.234481073043,43.8434078207144],[-123.234481180962,43.8435565038296],[-123.234488899843,43.8437138689999],[-123.234556965032,43.8439065415537],[-123.234648221938,43.8441014093526],[-123.235068029966,43.8445660539803],[-123.235509678029,43.8450607143805],[-123.235973133753,43.8456035622547],[-123.235938434311,43.8482735585779],[-123.227557270851,43.8481972169281],[-123.227507815333,43.8375351218485],[-123.231788874257,43.8375952667083],[-123.22996990099,43.8381891493099],[-123.229934786961,43.8419546925551],[-123.234633135811,43.8419589337578],[-123.235326469041,43.8419572556229],[-123.235400201758,43.8421449747109],[-123.234796933831,43.842843531204],[-123.234670304791,43.8429982460722]]],[[[-123.035475901691,43.8617340380954],[-123.02690048467,43.8617692663386],[-123.026904008213,43.860899440257],[-123.027731951069,43.8613542022347],[-123.028233430129,43.8604489662468],[-123.028786852231,43.8599183707363],[-123.030023376877,43.8592050941398],[-123.036741159677,43.859197431916],[-123.03646834224,43.8597422178291],[-123.036516221247,43.859766900622],[-123.035475901691,43.8617340380954]]],[[[-123.038739052166,43.8603624478687],[-123.041029734235,43.8610835332785],[-123.039876955357,43.8632969348058],[-123.037573025375,43.862627558615],[-123.038739052166,43.8603624478687]]],[[[-123.028962489827,43.8707432925689],[-123.027160722389,43.8741354058243],[-123.026795367412,43.8741290808924],[-123.026858132897,43.8631479171427],[-123.034995607961,43.8631269440533],[-123.030691088423,43.8707278736925],[-123.028962489827,43.8707432925689]]],[[[-123.029745646444,43.8822811609469],[-123.027118699768,43.8823122406175],[-123.026758323438,43.8829406625816],[-123.026746175396,43.8809164055677],[-123.026791133404,43.8785306067022],[-123.02962199416,43.8785063771676],[-123.029642621909,43.8763881769729],[-123.027665798738,43.8763843647467],[-123.02679117837,43.8780085061877],[-123.026778892732,43.8762857657755],[-123.027243702835,43.8762912588346],[-123.028916862723,43.8731045750162],[-123.033626499863,43.8731059860525],[-123.03362284232,43.8718950624072],[-123.03554400735,43.8719121432309],[-123.029745646444,43.8822811609469]]],[[[-123.046896294328,43.8982547221777],[-123.045181068651,43.8952889721084],[-123.03798520895,43.8953453928756],[-123.037890774739,43.8878819138193],[-123.048035345954,43.8879826468817],[-123.047975915156,43.8952640986593],[-123.057751895633,43.8951938310306],[-123.057577761704,43.9050720626257],[-123.061635827431,43.9050986061158],[-123.061190985875,43.9122981980035],[-123.06706124578,43.9125190813905],[-123.067112770638,43.9241612477434],[-123.046864842339,43.9242252237152],[-123.036880737156,43.9241986235677],[-123.036903397374,43.9088094588895],[-123.039663260251,43.9088168998801],[-123.039801085851,43.9053474979887],[-123.037618754102,43.9053414851215],[-123.0368314651,43.9084178796815],[-123.036831797849,43.9025923979209],[-123.040354452196,43.9025863616713],[-123.046963694919,43.9024998441925],[-123.046896294328,43.8982547221777]]],[[[-123.016574495017,43.9225431659344],[-123.016606747403,43.9222283132861],[-123.012153363087,43.9222305930675],[-123.012332090753,43.9210467219287],[-123.012599281132,43.9209287065946],[-123.012603132928,43.9204796993787],[-123.012440561583,43.9204819746635],[-123.012529761739,43.9203768789898],[-123.014368647795,43.9186556854116],[-123.01447699182,43.9185034256926],[-123.014716957022,43.9182930922524],[-123.01490381366,43.918156064351],[-123.015156419733,43.9180494623129],[-123.015390195801,43.9180017865532],[-123.015635331206,43.9179734983783],[-123.015624361275,43.9178308919821],[-123.013919815047,43.9178252838099],[-123.013923334095,43.9177582177676],[-123.013783774602,43.9177596935551],[-123.012801110583,43.9176248357177],[-123.013160291714,43.9150349312172],[-123.013268838086,43.9150364483734],[-123.013734789429,43.911565247838],[-123.016849835951,43.9115478702381],[-123.016845577661,43.911748814756],[-123.018690090775,43.911728071893],[-123.018532645565,43.9129018652289],[-123.017559949632,43.9129072413762],[-123.017444152925,43.9133374320769],[-123.019125925621,43.9133370822406],[-123.019131050857,43.9134245601953],[-123.020059850881,43.9134359168341],[-123.020073550254,43.9129322461263],[-123.020954762652,43.9129457980102],[-123.020997963385,43.9106887343976],[-123.023798210319,43.9106920708824],[-123.023799699596,43.9122840750501],[-123.025886599787,43.9122865310986],[-123.025893629787,43.9106904503041],[-123.028621485793,43.9107003419473],[-123.028605041689,43.9137545232527],[-123.029987141393,43.913771893658],[-123.029994727175,43.9139840518226],[-123.030305284661,43.9139811092409],[-123.030307121976,43.9132967746265],[-123.029748815655,43.9133041643557],[-123.029737152348,43.9122087190572],[-123.031451825841,43.9122101759589],[-123.031471449947,43.9139850446741],[-123.03066798394,43.9139886509555],[-123.030680102305,43.9150259020238],[-123.029884501768,43.9150376903372],[-123.029883500823,43.9178470429068],[-123.030665554871,43.9178390659202],[-123.030662840717,43.9195094109306],[-123.034078123207,43.9194958500535],[-123.034061341857,43.9206567084404],[-123.033114984369,43.9206619191123],[-123.033110699999,43.9249476257324],[-123.030620735359,43.9249592791475],[-123.030655058884,43.9263099466468],[-123.028248425424,43.9263064177071],[-123.028237033712,43.9258248811134],[-123.02762833478,43.9258164841435],[-123.027612307062,43.9249450680605],[-123.030668204274,43.9249474053985],[-123.030655086763,43.921711595214],[-123.026819521404,43.9217592736716],[-123.026810431057,43.9220549329888],[-123.024052184261,43.9220620816998],[-123.02406826324,43.9225813709336],[-123.022538403125,43.9225660725663],[-123.022530260663,43.9221108339479],[-123.020500221008,43.922125620601],[-123.020538640946,43.9249658226147],[-123.021582761935,43.9249569642925],[-123.021593025897,43.9263789129565],[-123.017986434227,43.9263726482791],[-123.01813957618,43.9249677957272],[-123.018299671692,43.9249741521355],[-123.018626789295,43.9220851610014],[-123.018225855339,43.9220910830371],[-123.01813480168,43.9229327315604],[-123.01717844463,43.9228394466832],[-123.017232575723,43.9225734551009],[-123.017013372269,43.922543147948],[-123.016574495017,43.9225431659344]]],[[[-123.047790446172,43.9787830291136],[-123.047694559556,43.9824247438069],[-123.040048959692,43.9823625448956],[-123.040051199903,43.9787943389876],[-123.047790446172,43.9787830291136]]],[[[-123.026713345644,44.0254511343624],[-123.026760213813,44.025434995129],[-123.026936749831,44.025381660835],[-123.027616270375,44.025569700981],[-123.027912321796,44.0260435132976],[-123.027646010955,44.0265339387903],[-123.026991283821,44.0267488767593],[-123.026303798881,44.0265527750906],[-123.026015417777,44.0260801606709],[-123.026270630085,44.0255968479162],[-123.026713345644,44.0254511343624]]],[[[-123.309214483262,44.0689234870293],[-123.310320530668,44.069656401222],[-123.309117174818,44.0697767493975],[-123.308874743674,44.0705905243333],[-123.307838284909,44.0697981082961],[-123.307856528556,44.0705859171064],[-123.307839059225,44.0713870592654],[-123.307833496019,44.0716865595871],[-123.308850729078,44.0745047425999],[-123.31125818182,44.072934296081],[-123.31225896358,44.074303281871],[-123.314158024173,44.0746630196826],[-123.31297149284,44.0755709788177],[-123.313330846641,44.0764379018877],[-123.311607073807,44.0775262155624],[-123.291481188006,44.0774973167478],[-123.267381165708,44.0775198168861],[-123.242715184758,44.0775485367357],[-123.242793440165,44.076132031668],[-123.237933891436,44.0761767468595],[-123.237919093092,44.0757171159522],[-123.253127831284,44.075754498971],[-123.271638269391,44.0758510151123],[-123.290103058809,44.0759225642749],[-123.290246119363,44.0668084497502],[-123.313341982047,44.0669297889787],[-123.313347342006,44.0689269970833],[-123.309214483262,44.0689234870293]]],[[[-123.232960984961,44.0775552942415],[-123.21836329563,44.0775301968612],[-123.218505768027,44.0992625011635],[-123.216584265751,44.0993143470795],[-123.216619524571,44.0756379522298],[-123.230560554126,44.0756550384493],[-123.231615386041,44.0760797396883],[-123.231970269312,44.076265673622],[-123.232225008577,44.0764592338066],[-123.232470161069,44.0766779786059],[-123.23266278416,44.0769036688692],[-123.232776078953,44.0770893725766],[-123.23291003477,44.0773345736317],[-123.232960984961,44.0775552942415]]],[[[-123.227134367357,44.1053178100689],[-123.227301223073,44.0999838491754],[-123.227330933076,44.0995926521792],[-123.227325012839,44.0993021243936],[-123.229615201181,44.0992565782286],[-123.229608129811,44.1054099537064],[-123.227134367357,44.1053178100689]]],[[[-123.2295912981,44.1353985928708],[-123.222004453643,44.1353328119598],[-123.221901177297,44.128116445018],[-123.229547459747,44.1281785863727],[-123.22955578657,44.1339430940986],[-123.2295912981,44.1353985928708]]],[[[-123.128108545573,44.1347248019081],[-123.125948438769,44.1346960397905],[-123.125927568203,44.1334160922789],[-123.119380343628,44.1334471638556],[-123.119043521441,44.1331576711896],[-123.118522151176,44.1326153790965],[-123.118010617696,44.132130963773],[-123.117709450031,44.1318860478029],[-123.11722241858,44.1316040536842],[-123.128012843318,44.1316066302418],[-123.128108545573,44.1347248019081]],[[-123.127196632119,44.1325188215864],[-123.126175558056,44.1325253209868],[-123.126182764323,44.1327940393135],[-123.127198407381,44.1327927730681],[-123.127196632119,44.1325188215864]],[[-123.127838680611,44.1317456852153],[-123.127693111848,44.1317722556851],[-123.127593303288,44.1317855602555],[-123.127507743587,44.1317931541308],[-123.127368168806,44.1317945660664],[-123.127182691728,44.1317721972292],[-123.127196349732,44.1321603086514],[-123.127838850582,44.1321598535944],[-123.127838680611,44.1317456852153]]],[[[-123.060572085933,44.1420533206043],[-123.060561856145,44.1371886151625],[-123.055139094394,44.1372012551338],[-123.055031541772,44.1369597386011],[-123.054882114918,44.1362126447978],[-123.053912772556,44.1362583699279],[-123.053805224432,44.1366017499709],[-123.053377486182,44.1364146936832],[-123.051863949662,44.1346860123496],[-123.049739730304,44.1264574242708],[-123.056551232353,44.126448698149],[-123.056510522742,44.1297976673285],[-123.053083038252,44.1298016414327],[-123.054484689217,44.1315925306708],[-123.055176312837,44.1321716796793],[-123.060466331056,44.1351099590574],[-123.060554305437,44.1350482116057],[-123.06055504378,44.133566961646],[-123.067467441669,44.1335637438717],[-123.0675042779,44.1337067351777],[-123.067744895111,44.1339480961278],[-123.067787342212,44.1339479252566],[-123.068018774647,44.1341922782511],[-123.068476171638,44.1346887058191],[-123.068464770033,44.134795723344],[-123.068389701823,44.1352986233329],[-123.06847411309,44.1352980117939],[-123.06847160578,44.1354818161329],[-123.068429457254,44.1354819672191],[-123.068652804783,44.1355782558319],[-123.068945926213,44.1354667668779],[-123.069114745149,44.1357658193372],[-123.069260776164,44.1360351033374],[-123.06919694858,44.1364307079109],[-123.069248602941,44.136639186949],[-123.069532019787,44.1368755521651],[-123.069687237376,44.136924795443],[-123.070074096043,44.1371346504438],[-123.070724072058,44.1374228543813],[-123.071362602402,44.1376121140079],[-123.071511611971,44.137817833926],[-123.07158560729,44.1379335038282],[-123.071579072816,44.1382903701045],[-123.071765130856,44.1384958193266],[-123.072551062781,44.1386904407113],[-123.072540279011,44.1412370572444],[-123.073230428641,44.141491837878],[-123.073222320354,44.1424374453319],[-123.073886267337,44.1424373976678],[-123.073885139588,44.1444003020324],[-123.07194444488,44.1443991104306],[-123.07194540086,44.1420078670695],[-123.068082196636,44.1420215772341],[-123.067052723804,44.1420194107673],[-123.067054291322,44.1418901098407],[-123.066824825705,44.1418927106801],[-123.066820672636,44.1423083647393],[-123.066443236166,44.1423105177163],[-123.066387459314,44.1420213640947],[-123.060572085933,44.1420533206043]]],[[[-123.208571038323,44.1359775224448],[-123.208603522734,44.1424314153776],[-123.206123892204,44.1424134748021],[-123.206115647219,44.1337217142857],[-123.208572283884,44.1337454267101],[-123.208574572658,44.1343177057975],[-123.216268157649,44.1343822321543],[-123.216283327414,44.1347227613464],[-123.216284998354,44.134856094833],[-123.216292014865,44.1352806000197],[-123.208573381057,44.1352257962336],[-123.208571038323,44.1359775224448]]],[[[-123.17834561306,44.1457766370822],[-123.178363767674,44.1404148160909],[-123.181199690713,44.145786401921],[-123.17834561306,44.1457766370822]]],[[[-123.193467479441,44.1459364043416],[-123.195966046096,44.1459665541132],[-123.196007212563,44.1568558898875],[-123.193472250344,44.1568320803363],[-123.193467479441,44.1459364043416]]],[[[-123.208542861664,44.154213368752],[-123.207048436636,44.1542087822096],[-123.20706392566,44.1570298115766],[-123.206137605066,44.1570193209849],[-123.206131255853,44.1529079245611],[-123.208528620899,44.1529282870109],[-123.208542861664,44.154213368752]]],[[[-123.20614009439,44.1623834532338],[-123.208681279018,44.1624089049471],[-123.208705817919,44.1678291647842],[-123.206143018086,44.1678050413696],[-123.20614009439,44.1623834532338]]],[[[-123.193549681972,44.1640611933694],[-123.196000708666,44.1640677413333],[-123.195984410252,44.1713969138365],[-123.193606082055,44.1713672128267],[-123.193549681972,44.1640611933694]]],[[[-123.264953632904,44.1790301947877],[-123.259796915795,44.178996364091],[-123.25979010343,44.1754725972826],[-123.259693411022,44.1748108428462],[-123.259667986288,44.1717991122393],[-123.262468396899,44.1717709661572],[-123.26490364139,44.1717703006589],[-123.264953632904,44.1790301947877]]],[[[-123.234636310417,44.1716522502512],[-123.234642215366,44.1747422641442],[-123.23384670656,44.175268015007],[-123.233826240688,44.1753087965637],[-123.237751391114,44.1753358202919],[-123.237785945765,44.1716842814045],[-123.23963791156,44.1716850242445],[-123.239722071916,44.1724553430397],[-123.239632966188,44.1789447268177],[-123.229786643439,44.1789239039151],[-123.229755409085,44.1825654072678],[-123.234643825152,44.1825884982607],[-123.234691455946,44.1843095101758],[-123.224261091876,44.1842255710533],[-123.22434957887,44.1789072907389],[-123.206167797106,44.1785920936503],[-123.206157740887,44.1730475753853],[-123.206153907077,44.1713747482461],[-123.208632667064,44.1714019437447],[-123.208723998614,44.1715082301208],[-123.229628609173,44.1717237121796],[-123.22962962091,44.1716758358712],[-123.234636310417,44.1716522502512]]],[[[-123.254779216787,44.1843820189151],[-123.254753424231,44.1789760762849],[-123.259791622385,44.1790102855962],[-123.259806389253,44.1824067956372],[-123.260204717873,44.1824265816215],[-123.260162437147,44.1826316063636],[-123.26494529439,44.1826486080469],[-123.26496846902,44.1844214209119],[-123.257530438979,44.1843937757522],[-123.254779216787,44.1843820189151]]],[[[-123.199464348601,44.1839504018896],[-123.201367564961,44.1839822082124],[-123.201438248077,44.1858114976026],[-123.198615020767,44.1858169762725],[-123.198571017838,44.1798454832825],[-123.199397228599,44.1826905641183],[-123.199464348601,44.1839504018896]]],[[[-123.193761599118,44.20564955898],[-123.198793143189,44.2057214678715],[-123.198883700422,44.2148856791308],[-123.201088603356,44.2149040163073],[-123.200935643065,44.2112122246645],[-123.20311471837,44.2112193859659],[-123.203212832606,44.2134363946739],[-123.203586037765,44.213429801744],[-123.204118823125,44.213835162163],[-123.203857749935,44.2089496311206],[-123.208344839942,44.2089389192957],[-123.208361899182,44.2122192827937],[-123.208809754367,44.212210283278],[-123.208816841024,44.2124690542036],[-123.207248456651,44.2124803442925],[-123.207265109397,44.2142999228033],[-123.207207409794,44.2143008886751],[-123.20720894134,44.2146285728504],[-123.207456423975,44.2146256392619],[-123.207460877418,44.2150238518693],[-123.20975388963,44.2150428185712],[-123.209749883151,44.2145595885542],[-123.210095495311,44.2145610922207],[-123.210094538432,44.2150468358428],[-123.216480455209,44.2151065058606],[-123.216478232085,44.2145880835732],[-123.213961845363,44.2145599887525],[-123.213931867362,44.2114253244192],[-123.216469601291,44.2114171765615],[-123.216479402103,44.2127329611573],[-123.217839138365,44.2127462594324],[-123.217844912013,44.2131258587714],[-123.218990934284,44.2131324705871],[-123.219000173919,44.2150424480506],[-123.217728905764,44.21503527236],[-123.217778009647,44.2188216708835],[-123.215238290914,44.2188836890311],[-123.215306543162,44.2206628349219],[-123.214098006318,44.2206926969105],[-123.21414371616,44.2216287562621],[-123.214756804683,44.2216135370352],[-123.214821152074,44.2222846570114],[-123.215250799585,44.2222837118239],[-123.215284975621,44.2247348050673],[-123.217847218774,44.2247476896542],[-123.217878290351,44.2273478221443],[-123.213854694738,44.2272969429996],[-123.213847340982,44.2265045449489],[-123.209552480163,44.2266490174383],[-123.209582777423,44.2272073075712],[-123.208437388275,44.2272334958292],[-123.208450363693,44.2276188733124],[-123.207860681825,44.2276282676305],[-123.20789274985,44.2284029229566],[-123.201772135775,44.2285123362753],[-123.201756435411,44.228677610983],[-123.199414548642,44.2287293579735],[-123.199158712205,44.223328306756],[-123.196485777796,44.2233573701466],[-123.196464955793,44.2220653591291],[-123.19587366144,44.2220779199601],[-123.19566958998,44.2185819143239],[-123.192027252955,44.2185478174279],[-123.191965412873,44.2150067710457],[-123.193868669703,44.2150411377384],[-123.193761599118,44.20564955898]]],[[[-123.254761528921,44.1936945508629],[-123.254611185658,44.1936976957921],[-123.254606521774,44.1934721799972],[-123.264826419304,44.1934865655526],[-123.264802169984,44.2008353747528],[-123.270026095228,44.2009311867249],[-123.270019122784,44.2045112142212],[-123.259907419991,44.2044056805777],[-123.260027617081,44.208063653215],[-123.254886499612,44.2080288008885],[-123.254928264128,44.2150140348699],[-123.255060093049,44.2443142771822],[-123.249990102961,44.244312036971],[-123.249947129756,44.2417352032171],[-123.252421376945,44.24171128215],[-123.252406256643,44.240482176911],[-123.249924051354,44.2406745356014],[-123.249971701033,44.2293069088868],[-123.249864403819,44.2150168974119],[-123.249705400983,44.1935530389417],[-123.250678301962,44.19354318507],[-123.25120815823,44.1935149508544],[-123.251217915874,44.1947031243498],[-123.254760075617,44.1945160923439],[-123.254761528921,44.1936945508629]]],[[[-123.088467817436,44.2783337263205],[-123.08817547212,44.2721955457878],[-123.088343855784,44.2577087986222],[-123.088007405018,44.2433803177475],[-123.087985100032,44.2424365197297],[-123.087671692594,44.2288472788788],[-123.087335992762,44.2142236198242],[-123.087152316126,44.200361578624],[-123.108730413678,44.200031510346],[-123.148690194297,44.2000415018139],[-123.164026057956,44.2000746706096],[-123.165177328671,44.2000731840303],[-123.16560997542,44.2005034071066],[-123.165924090624,44.2011868100233],[-123.165868624937,44.2018650049661],[-123.165301427019,44.2028738275652],[-123.164746971595,44.2038042535635],[-123.164512021912,44.2040978480373],[-123.164302996986,44.2044173798582],[-123.163654893359,44.2049957356647],[-123.162980749862,44.2055065505869],[-123.161136450787,44.2068875756012],[-123.159437840084,44.2081440121365],[-123.15864254172,44.2088186439653],[-123.158036562337,44.2094379602937],[-123.157644281658,44.2099795347278],[-123.157587281728,44.2103660021893],[-123.156468439667,44.2097433628659],[-123.154893867958,44.2096109017218],[-123.153979931928,44.2098440266805],[-123.152992148968,44.2101646970432],[-123.151957239735,44.2109562578251],[-123.151224340831,44.2117089031434],[-123.151506076844,44.2124834577454],[-123.152457144082,44.2145549984145],[-123.152700609446,44.2149942956503],[-123.153384284857,44.2161608998057],[-123.153689849307,44.2165842052969],[-123.154060326823,44.217856513967],[-123.157100197216,44.2178815726765],[-123.157045709092,44.2180242537164],[-123.15671796736,44.2186074361843],[-123.156602686864,44.218779502572],[-123.156258488438,44.2193275880978],[-123.155704584299,44.2199541241835],[-123.155101659014,44.2204330536426],[-123.154525566801,44.2208158581654],[-123.153542927964,44.2215023466561],[-123.152919287695,44.2220948209193],[-123.153116845366,44.2226757316997],[-123.151970085651,44.2233146298663],[-123.150606326721,44.2252380476978],[-123.150341614874,44.2259174297457],[-123.150357605719,44.2266788461519],[-123.15058859209,44.2273844065651],[-123.150948399149,44.2281163027253],[-123.151225583694,44.2288293104244],[-123.151659196315,44.2294785849688],[-123.152180223039,44.2300703811432],[-123.152848231361,44.2307460579842],[-123.153405632964,44.2313628616068],[-123.154065082438,44.2319014386006],[-123.154409001174,44.2321372102641],[-123.154820761169,44.2324206450967],[-123.155611623178,44.2329067727295],[-123.156555965286,44.2332708119984],[-123.157514831444,44.2332810615718],[-123.158502922872,44.2331240849086],[-123.159537609973,44.2330808347128],[-123.160425750748,44.2333834655745],[-123.161175613564,44.2337749944205],[-123.161630083262,44.2340441570123],[-123.161966937824,44.2342451411004],[-123.162905678954,44.2347881571478],[-123.163571144892,44.2352743738134],[-123.164109515941,44.2358933591912],[-123.164633723567,44.2366870243867],[-123.165612626621,44.2382800187079],[-123.165971690841,44.2388389293732],[-123.166409550061,44.2395353697615],[-123.166894317918,44.2401542157445],[-123.167497370008,44.2414034729919],[-123.167987148888,44.2423521489326],[-123.168919346551,44.2450403070646],[-123.1693801151,44.2459027272291],[-123.169843837923,44.2465237936382],[-123.170430336191,44.2470477512528],[-123.170913710999,44.2473324990956],[-123.17134703224,44.2475459765656],[-123.172324521559,44.2478298430729],[-123.173072622603,44.247976641209],[-123.174221323955,44.2481218997059],[-123.175017080074,44.2484342000783],[-123.175593430392,44.2488186179849],[-123.176428791755,44.2494051351389],[-123.176835134234,44.2496658216204],[-123.177229075961,44.2499131073041],[-123.177792210742,44.2503074932962],[-123.178411265368,44.2509161058936],[-123.178749423047,44.2515436069519],[-123.17898656258,44.2514933519367],[-123.179020313237,44.2515588801382],[-123.179038028982,44.2516508753877],[-123.179188332675,44.2521665952123],[-123.179241730821,44.2524343233854],[-123.179254722427,44.2528109333779],[-123.179251501056,44.2532110741318],[-123.17914752324,44.2536312571768],[-123.179107489919,44.2540567624097],[-123.178975483831,44.2545500135723],[-123.178873078929,44.2548625333793],[-123.178880832884,44.2574260256906],[-123.177583678644,44.2585112142212],[-123.176789390218,44.2585114309578],[-123.176722422202,44.2584100476856],[-123.175703860844,44.2582077739697],[-123.175258929356,44.2588459931481],[-123.175007444738,44.2595036583672],[-123.174905571335,44.260229812356],[-123.174897276888,44.2606277452743],[-123.174916192328,44.2611750681749],[-123.174915844291,44.2617476881054],[-123.174969880056,44.2622925846351],[-123.174984387919,44.2630176990077],[-123.174914604126,44.2638015022376],[-123.174683149208,44.2645084943716],[-123.174403430374,44.2650422518985],[-123.174257914671,44.2653801442783],[-123.174076075351,44.265872320751],[-123.174063760934,44.2666674095734],[-123.174316849943,44.2678252282518],[-123.174572329349,44.2690792420134],[-123.174681041197,44.2702495837514],[-123.174803524363,44.2715140629237],[-123.174888551665,44.2730904152905],[-123.174988638115,44.2739590443745],[-123.175089459311,44.2748606668863],[-123.175188580788,44.2754203069017],[-123.17538524903,44.2760343990683],[-123.175693498856,44.2769014039766],[-123.175961513913,44.2776057161309],[-123.176157578709,44.2780057057988],[-123.177204859916,44.2796857616886],[-123.178307006063,44.2814201690056],[-123.178502117579,44.2816871066747],[-123.179113704234,44.2825306725525],[-123.179276284573,44.2828525462081],[-123.179465484844,44.2832186440253],[-123.17974807971,44.2835440825934],[-123.180135209972,44.283813130072],[-123.189809200134,44.2837784459186],[-123.201377158929,44.283778070002],[-123.202876827004,44.2837727990755],[-123.216622522911,44.2837309122518],[-123.230064345993,44.2836863976092],[-123.234668500751,44.2836709967192],[-123.234738577723,44.2855113540658],[-123.230026123906,44.2855018913992],[-123.219423509088,44.2854678682476],[-123.219362386665,44.2936293947808],[-123.20952704104,44.2936049817845],[-123.191983030592,44.293588638405],[-123.192157305715,44.2948939719793],[-123.191998004304,44.2962181445518],[-123.191927974996,44.2968607883947],[-123.191882475596,44.2972873593242],[-123.19157881501,44.2982127653069],[-123.165379866787,44.2981967996427],[-123.138423422303,44.2982444789995],[-123.138444563566,44.2965392861592],[-123.132389237573,44.2964304987685],[-123.125717963213,44.2963506443668],[-123.125701824879,44.2922127997809],[-123.117141535354,44.2921415321061],[-123.108458273431,44.2920971361739],[-123.108422699848,44.2870607492542],[-123.088619613105,44.2871007232199],[-123.088614138931,44.2865408565753],[-123.088467817436,44.2783337263205]]],[[[-123.25999499957,44.3059794975558],[-123.259934132554,44.3023913347923],[-123.25753760028,44.3023456959971],[-123.257430526997,44.2986054120102],[-123.257329179698,44.2950641686765],[-123.247726229682,44.2950323083944],[-123.247708836793,44.2911914172502],[-123.245089150344,44.2911898659196],[-123.24508843898,44.2900625468491],[-123.245098524877,44.2875498365557],[-123.245036182074,44.2837218659714],[-123.24503604178,44.2837092457851],[-123.270249982351,44.2837727208345],[-123.280341120346,44.2837614487319],[-123.280360015103,44.2787150352707],[-123.280351188257,44.2623540802766],[-123.285362157637,44.2660821487722],[-123.285371363098,44.273240218961],[-123.290375108225,44.2787487535522],[-123.310673040628,44.278852824898],[-123.310679947422,44.278926714996],[-123.310603014018,44.302407670078],[-123.310605758749,44.3058954361255],[-123.307905171986,44.3059465985567],[-123.307924438162,44.3077751487042],[-123.307903908439,44.3096941787434],[-123.310671720423,44.3096592553704],[-123.310695683759,44.3120715833369],[-123.310704088823,44.312917604364],[-123.310737004909,44.316145088625],[-123.306923343438,44.3160957248379],[-123.307247701021,44.3174563460336],[-123.30592574078,44.317641664831],[-123.306317230056,44.3191002186003],[-123.305950008086,44.3194821480827],[-123.305226992731,44.3202503426792],[-123.306182288582,44.3203386426143],[-123.306617716035,44.3203844648712],[-123.307463576083,44.3214836873224],[-123.307603277669,44.3212369619163],[-123.309320877556,44.3212253345816],[-123.309320346956,44.3218936576662],[-123.30931981186,44.3225663730398],[-123.309278637299,44.3242596921311],[-123.299739796354,44.3242235222978],[-123.290535953771,44.3242198629563],[-123.290473966201,44.3241332186732],[-123.290544187964,44.3178180272802],[-123.290553441988,44.3169857577865],[-123.290523160915,44.313485718691],[-123.270459847244,44.3133322430886],[-123.270401394009,44.3133326576761],[-123.270265138625,44.3095302638107],[-123.265287720252,44.3094809881571],[-123.265250795887,44.3059439347649],[-123.25999499957,44.3059794975558]]],[[[-122.932018935825,43.592710471611],[-122.91763272477,43.5929781952875],[-122.918144621577,43.5786327010384],[-122.902814803161,43.5792468417684],[-122.90191197196,43.5589282708231],[-122.892782963763,43.558736502088],[-122.892586426822,43.5446986227433],[-122.873176282659,43.5447406831361],[-122.864009302387,43.5447217389172],[-122.840316433756,43.5446721107294],[-122.839361836679,43.5446754346237],[-122.819758000132,43.5443856766577],[-122.800201380689,43.544088809551],[-122.780644958198,43.5437885546981],[-122.761224359417,43.5441766472345],[-122.741803507926,43.544561396991],[-122.741802407155,43.5444818177817],[-122.741342953415,43.5229438335911],[-122.741063704027,43.5091674770974],[-122.740976575908,43.5045825624354],[-122.740800028199,43.4953002432117],[-122.740825292853,43.4893379278032],[-122.740904241637,43.4814394313847],[-122.740913469581,43.4805293309639],[-122.741007085409,43.4713637986005],[-122.741033885206,43.4686101860113],[-122.741349600304,43.4371740844165],[-122.736370281663,43.4372318793478],[-122.720573888674,43.4374153806154],[-122.70257329692,43.4375807731342],[-122.682917109937,43.4378453761632],[-122.659222943584,43.438108537579],[-122.635528572186,43.4383667167506],[-122.623266922231,43.4385985017195],[-122.623233044769,43.4385991402382],[-122.622344707043,43.4386158811181],[-122.622410255929,43.4404632252977],[-122.608217560992,43.4404772133528],[-122.599998729658,43.4404838818257],[-122.584259797052,43.4404955316435],[-122.568520858151,43.4405049853169],[-122.549105257801,43.4404467452212],[-122.52893066292,43.4403281570189],[-122.508756148977,43.4402059571393],[-122.508752753137,43.4402169963174],[-122.508476718825,43.4411386278455],[-122.50773697698,43.4413192368933],[-122.4914151353,43.441296052371],[-122.492229556849,43.4412075482898],[-122.470433700155,43.441262899763],[-122.457915613914,43.4413892086451],[-122.451194034177,43.4413891807661],[-122.4499759897,43.4414034089402],[-122.450499522835,43.4407672060418],[-122.451789273856,43.4394302082376],[-122.453340580104,43.4383768422176],[-122.455021830293,43.4369218596561],[-122.455109789385,43.4362712361287],[-122.456071993827,43.4348287145736],[-122.457489536713,43.4339518926658],[-122.458084838445,43.4324635812293],[-122.457565076167,43.4311387413599],[-122.456768766066,43.4303964409431],[-122.456875098307,43.429387327863],[-122.45652842135,43.4278261857299],[-122.457179552095,43.4272398808159],[-122.457655238598,43.4262408149617],[-122.459275419425,43.4252918296543],[-122.460030824763,43.4240395012221],[-122.461360904082,43.4226865881156],[-122.462276531737,43.4210979833853],[-122.4649476684,43.4198245730457],[-122.466119672984,43.4193965443151],[-122.466757886767,43.4187664927795],[-122.468680223613,43.4177421020165],[-122.469220330354,43.4171068892716],[-122.47035838643,43.4168509467139],[-122.472950199292,43.4164940552565],[-122.474245309373,43.4156356235852],[-122.475838113938,43.4149572164025],[-122.476612555225,43.4148654028161],[-122.477981359352,43.4148152943904],[-122.479093627369,43.4144650264399],[-122.479709672863,43.4133412569935],[-122.480720637647,43.4116945515623],[-122.481275556222,43.4100339057402],[-122.480642446092,43.4087633111779],[-122.480490674705,43.4081017851693],[-122.479610454259,43.4071552792927],[-122.479454464152,43.4066502685951],[-122.479200877818,43.4058121319244],[-122.478262667288,43.4044192646374],[-122.477514931369,43.4038340766813],[-122.476315391342,43.4034736400965],[-122.475395571049,43.4026348379275],[-122.473875430806,43.4026532659356],[-122.472521347682,43.4023421571649],[-122.469946472652,43.4024517386569],[-122.468042247252,43.4028665419574],[-122.467258104078,43.4023724957941],[-122.466725881694,43.4018122901052],[-122.4652926978,43.4013830868601],[-122.462867900733,43.401935883934],[-122.461580524821,43.4019349927058],[-122.459638581855,43.4017163090605],[-122.457501099296,43.4011002815528],[-122.455144897119,43.4016229009762],[-122.454128216244,43.4012659159893],[-122.453546353981,43.4017755294172],[-122.452530122767,43.4015475180036],[-122.451735827147,43.4010260955779],[-122.451350755433,43.400298595304],[-122.450468822678,43.3993971868308],[-122.448591272969,43.3991291690759],[-122.447782785147,43.3991527663871],[-122.445739970623,43.3984895964178],[-122.442151561445,43.3980410676412],[-122.438502999314,43.3979996601562],[-122.437632919624,43.3958875951365],[-122.436763872355,43.3954922360779],[-122.436003150225,43.3948383911788],[-122.433117678138,43.3945284398357],[-122.432008491199,43.3939793569618],[-122.430516599561,43.3935246534401],[-122.430060215207,43.3926185388146],[-122.429866536312,43.3904632577732],[-122.429337558681,43.3898726388113],[-122.429274728446,43.3891491513123],[-122.428723568138,43.3878110149664],[-122.428719230708,43.3868587264491],[-122.4265414864,43.385490807255],[-122.424206424587,43.384201012167],[-122.423326699667,43.3828794476285],[-122.422284673199,43.3818927429558],[-122.421826962344,43.3809385919425],[-122.421087624294,43.3802952664134],[-122.419999956333,43.3801121023916],[-122.418718543826,43.3802821623919],[-122.417962394749,43.3812858345736],[-122.417625782104,43.3823482243911],[-122.416792846213,43.3827178322622],[-122.415739465804,43.3828428047517],[-122.414940257187,43.3826203736314],[-122.41397616237,43.3825956054029],[-122.413263116899,43.3830674410096],[-122.411838092554,43.384104396201],[-122.410832599245,43.3839032799125],[-122.408563688863,43.3851480063755],[-122.406884889326,43.3859010213151],[-122.405170523401,43.386838497099],[-122.404533674789,43.3861603938871],[-122.403059819055,43.3851945435933],[-122.401853969385,43.3844903672367],[-122.401078740292,43.383066696371],[-122.399191164041,43.3817468783158],[-122.397497889016,43.3807970107735],[-122.396090914964,43.3798560186404],[-122.394931848026,43.3796134373104],[-122.393343646192,43.3798405179256],[-122.391999782964,43.3799413382222],[-122.390363820834,43.3798480686335],[-122.389401255763,43.37998910931],[-122.388559110814,43.379892091347],[-122.38780216224,43.379274920801],[-122.387474632748,43.3785531141349],[-122.386400438429,43.3780167296884],[-122.385545835172,43.3778814752499],[-122.38421533407,43.3771503857817],[-122.382175011567,43.376219827583],[-122.381007356105,43.3749809871829],[-122.378620240632,43.3741453587214],[-122.377176769392,43.3721453636177],[-122.376852970288,43.3710570733253],[-122.376675260655,43.3703684183679],[-122.376215333871,43.3696776077355],[-122.374877274866,43.368995942309],[-122.373228614309,43.3679448048089],[-122.371302014676,43.3662437011859],[-122.369850861428,43.3654897572466],[-122.366098837691,43.3645955847185],[-122.363096526583,43.3635530249522],[-122.360738898981,43.3623721080864],[-122.359173828609,43.3607279504346],[-122.357212043901,43.3588419444002],[-122.355074628791,43.3577176569444],[-122.352696189977,43.3573712479848],[-122.350484568208,43.3573102181921],[-122.345976710157,43.3561506260506],[-122.344288642207,43.3572116129257],[-122.342287520253,43.3611813724224],[-122.340648762131,43.3633639910554],[-122.33913997493,43.3646991578399],[-122.338576260086,43.3650843662505],[-122.335309434982,43.3654601767458],[-122.332128449269,43.3660609148794],[-122.331276419871,43.3664919473455],[-122.330287947131,43.3666438824093],[-122.325381714594,43.366801798864],[-122.324072037295,43.3668449942012],[-122.321633084899,43.3675445516398],[-122.320290790987,43.3677528993769],[-122.318735233644,43.3676902301201],[-122.316625943932,43.36673492078],[-122.314214362403,43.3664156758428],[-122.312134670279,43.3665589684217],[-122.309929267322,43.3670239736775],[-122.307604661926,43.3655971686745],[-122.305467457257,43.3652047180234],[-122.303835652693,43.364418528892],[-122.300207066303,43.3634639381103],[-122.298067041361,43.3656045296254],[-122.295793533645,43.3672504616396],[-122.294440482043,43.3674161320489],[-122.29099744018,43.3682641351817],[-122.287424769138,43.3680492430781],[-122.285611800644,43.3681836881267],[-122.282633540106,43.3677163257479],[-122.281464695739,43.3684483936785],[-122.279973062207,43.3692061390522],[-122.278357947261,43.3696707872771],[-122.276145902811,43.3699239077622],[-122.274347740756,43.3699893262465],[-122.273434195931,43.3698829724213],[-122.271953472974,43.3699968652631],[-122.269185312952,43.369827727068],[-122.267871005942,43.3709914417017],[-122.266184467739,43.3717177566692],[-122.264542871356,43.3725023468059],[-122.26257992922,43.3730435741017],[-122.261159183849,43.3732812559253],[-122.258181150839,43.3749374330162],[-122.257575686769,43.3761640471331],[-122.254930672712,43.3775089292937],[-122.252139582676,43.3779160541826],[-122.247144685978,43.3779072579136],[-122.245499545368,43.378907055816],[-122.24409268463,43.379886671133],[-122.239353396842,43.3805871153032],[-122.234957289447,43.3810583978268],[-122.233093769162,43.3809581207207],[-122.231638569864,43.3811204852223],[-122.230119374809,43.3821935868646],[-122.22928241715,43.3837652771459],[-122.227904692647,43.3846591600922],[-122.226493648263,43.3863562770206],[-122.224845103719,43.3879760540517],[-122.224298049715,43.3896255941459],[-122.223689091778,43.3910867145802],[-122.219846316554,43.3923791042124],[-122.216379099116,43.3934529423994],[-122.212160709449,43.3939919627589],[-122.209341600135,43.3944423477362],[-122.208137071569,43.3968084676367],[-122.206098446086,43.399030785942],[-122.204088036833,43.402447823908],[-122.201571785909,43.4057558325657],[-122.200081177604,43.4058881264359],[-122.194589788588,43.4049088249823],[-122.192215948907,43.4054206804201],[-122.191607701434,43.4054751019944],[-122.190453642821,43.4057956896194],[-122.189387977673,43.404247380812],[-122.188547042312,43.4032582929359],[-122.185610048965,43.4026848141529],[-122.183790441676,43.4020918101889],[-122.18201108984,43.4020594022197],[-122.179687319914,43.4010018291712],[-122.178130919007,43.3997914379246],[-122.176752993955,43.3978291531929],[-122.170854482748,43.3967175560704],[-122.167206336104,43.3971448761352],[-122.163804121663,43.3968082517994],[-122.161772342719,43.3966242010461],[-122.154982510734,43.3936820896567],[-122.152383747012,43.3929257724065],[-122.148817416191,43.3921520110065],[-122.147617432798,43.3922381903403],[-122.145891902689,43.391345444137],[-122.14509993991,43.3889557071402],[-122.14428906259,43.387930187728],[-122.141489715878,43.3864314621423],[-122.139107127592,43.3844820152329],[-122.137555134262,43.3817355549519],[-122.132909450611,43.3787403592802],[-122.129517324765,43.3790735625949],[-122.1283918556,43.3789855666307],[-122.127127894437,43.3791314600489],[-122.126048097342,43.3789933826386],[-122.124023886193,43.3796853677856],[-122.121287676385,43.379929271119],[-122.118624415085,43.3791840955696],[-122.116078932597,43.3789668238599],[-122.114345717781,43.3792222232271],[-122.112036456617,43.3800923442863],[-122.108687048568,43.3810417810534],[-122.106777091789,43.3803226058037],[-122.105152982724,43.3800192051223],[-122.104165589171,43.3806603623859],[-122.103097508443,43.3815208328202],[-122.103148323736,43.3821540490702],[-122.102198868083,43.3823871146736],[-122.101694953659,43.3831709322927],[-122.101660853166,43.3839357121635],[-122.100327091122,43.384150902842],[-122.098845026377,43.3848717679178],[-122.097424349354,43.3852857501373],[-122.095032137423,43.3853196752628],[-122.094293636642,43.3855647773926],[-122.093255420601,43.3861420639052],[-122.093161100604,43.3869104365675],[-122.091887208228,43.3895931969685],[-122.088536790241,43.3906778809795],[-122.085789948647,43.3918225713546],[-122.083076988112,43.3927581477703],[-122.079489158997,43.3935577430954],[-122.074625796243,43.3943695817908],[-122.071846688774,43.3958066471591],[-122.070130898322,43.3964645246182],[-122.068101787667,43.3968001686929],[-122.066219145997,43.3963337730852],[-122.064060988923,43.3954759934224],[-122.063359020402,43.3948957175634],[-122.062711851171,43.396125919076],[-122.061524832405,43.3967159498812],[-122.062158493819,43.3952554212008],[-122.062603819211,43.3945823748767],[-122.063033795873,43.394186713646],[-122.062356831203,43.3924726876645],[-122.06147896788,43.3919277740476],[-122.060933750292,43.3913672652871],[-122.060620159393,43.3911026712513],[-122.060088419945,43.3894703207987],[-122.05958894997,43.3873421750014],[-122.059343987235,43.3860996563741],[-122.058807865391,43.3853798417064],[-122.057550138328,43.3841129199753],[-122.057258622188,43.3837547056152],[-122.056559443364,43.3817541790122],[-122.055763222295,43.38151957287],[-122.053857907816,43.3809544973522],[-122.050955768594,43.3793795083577],[-122.050358577386,43.379055676878],[-122.046558689932,43.3766545598601],[-122.044759113242,43.3748556954341],[-122.044158651201,43.3742560751578],[-122.042658436338,43.3727549420869],[-122.041804584014,43.3723206972425],[-122.03811290029,43.3704406114451],[-122.037727915811,43.3702441671347],[-122.03735818833,43.3700557465755],[-122.032858703866,43.3680547999891],[-122.032998625786,43.367348985967],[-122.033160387742,43.3665413363137],[-122.033257038781,43.3660556538454],[-122.032257606004,43.3645557978119],[-122.031898556173,43.3640475063874],[-122.030558184113,43.3621557303028],[-122.030725143251,43.3616979079322],[-122.031258091388,43.3602553998668],[-122.031652366763,43.3594212606827],[-122.032157289327,43.358355094612],[-122.033758694108,43.3568554822947],[-122.033756813626,43.3568555083751],[-122.033728986803,43.3567968851682],[-122.033558544591,43.3564561743131],[-122.033556665008,43.3564562003934],[-122.031057464331,43.3575563887164],[-122.029441987857,43.3582136618311],[-122.028978561811,43.3584024547096],[-122.028356919836,43.3586551408221],[-122.026856778717,43.359855546896],[-122.023157612634,43.3612558677642],[-122.022688158432,43.3615050896882],[-122.021933019293,43.3619091101174],[-122.021903947809,43.3618752002803],[-122.021865233793,43.3618318151862],[-122.02181670098,43.3617720984037],[-122.021797379046,43.3617517773227],[-122.021729489225,43.3616703670938],[-122.021663514959,43.36159030315],[-122.021604816209,43.3615005364207],[-122.021568920669,43.3614200659833],[-122.021562862836,43.3614036821343],[-122.021554714978,43.3613049977275],[-122.021567072562,43.3612732723437],[-122.021593599865,43.3612070507648],[-122.021649786808,43.3611239633003],[-122.021715374365,43.3610407481321],[-122.021777166783,43.3609562118597],[-122.021825799421,43.3608718536532],[-122.021848808576,43.3608152853972],[-122.021862873073,43.3607766748037],[-122.021894515719,43.3606898020927],[-122.021922365025,43.360601609177],[-122.021936044613,43.3605479106576],[-122.021946418293,43.3605120951571],[-122.02195658333,43.3604680490613],[-122.021968383334,43.3604143757229],[-122.021981436094,43.3603359881154],[-122.021986342795,43.3603071063879],[-122.021985089141,43.3602577273123],[-122.021981779635,43.3602015142885],[-122.021955076066,43.3601126855521],[-122.021955040992,43.3601113149853],[-122.020950661943,43.3585496854197],[-122.019267114885,43.3559351889579],[-122.019085059728,43.3556522433564],[-122.018957865913,43.3554563728134],[-122.017920008701,43.3532351750633],[-122.01755618437,43.3524565950958],[-122.013557212196,43.3484558179817],[-122.012700887636,43.3469332936367],[-122.011756085975,43.345255531018],[-122.011695746861,43.3451740137698],[-122.011507004345,43.3449213339525],[-122.010981775089,43.344223114705],[-122.01035147534,43.3433836038703],[-122.01030864243,43.3433251767156],[-122.010256134613,43.343255903737],[-122.010160221017,43.34034553302],[-122.008956365144,43.3375556858463],[-122.009004970803,43.3361266478266],[-122.009027023978,43.3354348002759],[-122.009055653895,43.334556252569],[-122.00913360803,43.3319042561765],[-122.009156120758,43.3311561443406],[-122.009748065321,43.3306281622599],[-122.011056819916,43.3294566253231],[-122.011574193594,43.3287306763797],[-122.01289398467,43.3268825093204],[-122.013055561365,43.3266566778635],[-122.014357223907,43.3256567117879],[-122.01431470486,43.324271434779],[-122.014256933311,43.3223567223849],[-122.013756187198,43.3213563228361],[-122.013511595883,43.3202289821818],[-122.013256478903,43.3190565018562],[-122.011955837092,43.3178569231585],[-122.006955093003,43.316357092306],[-122.005534431269,43.3149353936536],[-122.004790390664,43.3141906866509],[-122.004703656449,43.3141040315758],[-122.004701776865,43.3141040567569],[-122.002956128922,43.3127566546959],[-122.002561045056,43.312362649117],[-122.0022256411,43.3120254716982],[-122.001955823802,43.3117560249207],[-122.0016898583,43.3114151746706],[-122.001254980333,43.3108570410197],[-122.001239175647,43.3106761306989],[-122.000276874078,43.3099151010011],[-121.999205301284,43.309066331646],[-121.999173816918,43.3087840938109],[-121.999891980431,43.3081995956349],[-122.000098230049,43.3080321886346],[-122.000305042644,43.3077371669368],[-122.000384872764,43.3076235879583],[-122.00073575585,43.3075297158238],[-122.000881804851,43.3074344623306],[-122.001155427181,43.3072565485509],[-122.001786887954,43.3058375739449],[-122.001955834594,43.3054566112337],[-122.001968673316,43.3054440899728],[-122.00328070504,43.3041943857623],[-122.004055053698,43.303456803189],[-122.00609279065,43.3023057510097],[-122.006355828858,43.3021567810107],[-122.006379727442,43.3021358789677],[-122.006668177794,43.3018767977761],[-122.007625452153,43.3010201071922],[-122.008255688949,43.3004573141538],[-122.008486922633,43.299791475896],[-122.00856225974,43.2995750423544],[-122.009056339179,43.2981564949263],[-122.008953060136,43.296814573334],[-122.008933218393,43.2965486483016],[-122.00891965212,43.2963828034237],[-122.00885564827,43.2955562716047],[-122.008908132704,43.2953277952416],[-122.009240225356,43.2938935852208],[-122.009351975114,43.2934077246868],[-122.009455198399,43.2929562830061],[-122.008563091613,43.291394436704],[-122.008451090945,43.2911983548203],[-122.007855746046,43.2901566709936],[-122.006955766595,43.2871569373428],[-122.006897128999,43.2870657919528],[-122.006170197097,43.2859421663979],[-122.005888837,43.2855082300209],[-122.005855608849,43.285456535191],[-122.005732620264,43.2853456685678],[-122.005600036812,43.285226699053],[-122.003955445687,43.2837572284134],[-122.003439561287,43.2833319129375],[-122.003349426735,43.2832576532182],[-122.003330238799,43.2832414438376],[-122.003192171282,43.2831280330324],[-122.002254451781,43.2823570937049],[-122.001428053062,43.2819057347619],[-122.001155764427,43.2817570678345],[-122.001155777017,43.2816075069809],[-122.00005485215,43.2812174341373],[-121.999087160944,43.281047857073],[-121.998083667727,43.280873259993],[-121.996074114629,43.2807216585778],[-121.995955596573,43.2807136321285],[-121.995955563299,43.280712259763],[-121.994696216557,43.2808209509262],[-121.993984146851,43.2804325067548],[-121.99364494236,43.2801598493976],[-121.993054645356,43.2796833382155],[-121.992088502782,43.279196722251],[-121.99196107964,43.2791325520257],[-121.991777028887,43.2790567850427],[-121.990056215722,43.2783537697107],[-121.989418555022,43.2784637612936],[-121.988804188562,43.2783017610175],[-121.988707797427,43.278276967608],[-121.988510611176,43.2782013696975],[-121.988006334325,43.2780104652109],[-121.987757690665,43.2777530558589],[-121.987460857732,43.2774455155981],[-121.986746608969,43.2754503129816],[-121.986147754915,43.2745485249945],[-121.98614587803,43.2745485501755],[-121.985029628714,43.2740611158279],[-121.984774175388,43.2739067004339],[-121.984440569177,43.2737052909665],[-121.984441669947,43.2731427110673],[-121.984046685006,43.2709155040473],[-121.984020144214,43.2708294119478],[-121.984011956786,43.2708020779536],[-121.982879251676,43.2694174808321],[-121.982081413626,43.2688928855982],[-121.981515947803,43.2677409116138],[-121.980409022658,43.2653419637606],[-121.980038394057,43.2649310985914],[-121.977175903245,43.2627514504192],[-121.976701247365,43.2625367813474],[-121.976365225575,43.2623861503006],[-121.973859682878,43.2617343711444],[-121.973935377016,43.2616057716891],[-121.974197382803,43.2614953088615],[-121.974364580261,43.2614231382673],[-121.974825786781,43.2610150556004],[-121.975315446051,43.2608480892679],[-121.976056414572,43.2605941198228],[-121.978129925656,43.2602471532836],[-121.979566740113,43.2597383942116],[-121.982237970306,43.2582062066512],[-121.98328021531,43.2579152831639],[-121.984357904394,43.2576156470445],[-121.985318452285,43.2566795202437],[-121.98566305001,43.2563429120958],[-121.985663015835,43.2563415406296],[-121.965405316402,43.256576102705],[-121.963607142655,43.2565872003391],[-121.9634232268,43.256589596133],[-121.962745607424,43.2565929344165],[-121.955573387302,43.2566298515864],[-121.943398852875,43.256693659385],[-121.943459501355,43.2548446658487],[-121.943446000732,43.2529568350899],[-121.943422067974,43.2498548350326],[-121.943404230821,43.2417775425996],[-121.943419586744,43.2276667453241],[-121.943418100165,43.2256539070023],[-121.943436564146,43.2132335132161],[-121.943403336894,43.2113829926311],[-121.94339790409,43.206240477616],[-121.943389938795,43.1985733596729],[-121.943446687814,43.196876732875],[-121.943451055822,43.196746327581],[-121.943344264027,43.1840298535949],[-121.943344489756,43.183961247014],[-121.943374685393,43.182174407423],[-121.943346335165,43.1788872621375],[-121.943266880062,43.1694140663062],[-121.943332632195,43.1680932787818],[-121.943359300691,43.1675646851621],[-121.94338564723,43.1627305117038],[-121.943436527274,43.1532213600777],[-121.943514860023,43.1387696567943],[-121.943281843882,43.1242245813993],[-121.943273310215,43.1158303705752],[-121.943266632749,43.1096986876444],[-121.943125306987,43.0952224769358],[-121.943167915967,43.0895059147662],[-121.943235311161,43.0806086043037],[-121.943251271429,43.0661331849985],[-121.943288288424,43.0542534573312],[-121.943298394106,43.0516313337191],[-121.943375285241,43.0372018562807],[-121.943484872129,43.0228117844363],[-121.943500488856,43.0082473439398],[-121.943463703887,43.003980772195],[-121.943428406396,42.9998541322624],[-121.943469902014,42.9972165394118],[-121.943516030041,42.9942262729242],[-121.943377049711,42.9798395321687],[-121.943383174094,42.9733840411407],[-121.943390524253,42.965341103709],[-121.94337492911,42.9507209861846],[-121.94336971574,42.9436359220602],[-121.943365244311,42.9362695958652],[-121.94337179767,42.9306126740357],[-121.943382046344,42.9216765920012],[-121.936720714889,42.9216609384017],[-121.936669196326,42.9153421083517],[-121.936610584811,42.9079408632803],[-121.936348700432,42.8934873892317],[-121.936400787366,42.8788954690507],[-121.936324431327,42.8642366527993],[-121.936368227412,42.8496106420176],[-121.936385524073,42.8481423890601],[-121.936547309411,42.8352655695505],[-121.936688111767,42.82339060829],[-121.936720436999,42.8206736682552],[-121.936528159247,42.8145447678268],[-121.936270990913,42.8063107298564],[-121.936340629916,42.8053206383369],[-121.937282644578,42.7918082823264],[-121.936801741107,42.7772153701932],[-121.937036677301,42.7628053603791],[-121.936921240323,42.7562996494094],[-121.936805593803,42.7498625486178],[-121.93679280994,42.7479131655602],[-121.92907269405,42.7479713211196],[-121.917831216138,42.7480546100323],[-121.91036707608,42.748073911282],[-121.898126625843,42.748104746337],[-121.878389667149,42.7480392981751],[-121.862678368012,42.7480199582545],[-121.8585271604,42.7480144148334],[-121.849093616577,42.7480316611323],[-121.845075118322,42.7480500747512],[-121.838821165364,42.7480760291854],[-121.819177477159,42.7480908877843],[-121.816303359912,42.7480041598641],[-121.799222653203,42.7474830638923],[-121.779519131303,42.7475574818923],[-121.766854317073,42.7475732802827],[-121.75999888584,42.7475824407771],[-121.751122561957,42.7476207563928],[-121.742637345137,42.7476690922549],[-121.740340625919,42.7476823428659],[-121.736146738281,42.7476768300218],[-121.720664867889,42.7476527515733],[-121.70631857774,42.7476320635689],[-121.700804917913,42.7476230442682],[-121.681503775179,42.7476085633845],[-121.676662773168,42.7476337390059],[-121.661860187697,42.747592940362],[-121.642094147627,42.7475943136267],[-121.63141727129,42.7475948918908],[-121.622480762977,42.747593387325],[-121.602589923086,42.7476850399327],[-121.583103457059,42.7476978732583],[-121.564079899068,42.7477810722388],[-121.544594248726,42.7478365478185],[-121.530028343233,42.7479008502441],[-121.524993758555,42.7479239682166],[-121.520400036832,42.7479304739123],[-121.50514847832,42.7479539021509],[-121.501340602187,42.7479813368693],[-121.501124718131,42.7479832767069],[-121.501046551757,42.7479839799768],[-121.499948629725,42.7480007001722],[-121.484839814306,42.7479871419931],[-121.465221506767,42.7478886059744],[-121.461191121273,42.7476175350213],[-121.448349227835,42.7467494851007],[-121.428605088954,42.7469048519774],[-121.417601664285,42.7468204407108],[-121.409124330024,42.7467541390923],[-121.38836618665,42.7466829217795],[-121.369524531832,42.7466902917236],[-121.363438059619,42.7466841349649],[-121.349895177021,42.7466675649562],[-121.346038739296,42.7466763441381],[-121.346012684138,42.7466765419888],[-121.342895072749,42.7466782273184],[-121.332004858337,42.7466846475785],[-121.330621942948,42.7466853661368],[-121.330339020729,42.7466847321148],[-121.329808576305,42.7466859408036],[-121.326717020074,42.7466869786212],[-121.323437493845,42.7466893195565],[-121.322646460066,42.746689678386],[-121.322253753108,42.7466912054348],[-121.316580521174,42.7466849236703],[-121.310765849264,42.7466793838465],[-121.30535507008,42.7466733637847],[-121.29472726615,42.7466742433217],[-121.291122012671,42.7466752136902],[-121.286593553849,42.7466743593343],[-121.284039906417,42.7466745284068],[-121.282035333764,42.7466749007261],[-121.279062906228,42.746675151637],[-121.278977278179,42.7466743791193],[-121.278431924793,42.7466740760478],[-121.276347325968,42.7466749061221],[-121.276209587602,42.7466744942326],[-121.275174733227,42.7466748413709],[-121.271511769353,42.7466742064495],[-121.269576074876,42.7466752487638],[-121.266127154145,42.7466743305559],[-121.259642545767,42.7466748422702],[-121.259361503131,42.7466753872594],[-121.254898217279,42.7466755428421],[-121.251778745193,42.7466746911841],[-121.251702440415,42.746675204697],[-121.244005834602,42.7466486836898],[-121.238849952963,42.7466308717174],[-121.234096123138,42.7466142891182],[-121.221995154153,42.7465301332591],[-121.212662123958,42.7464653991589],[-121.210916172044,42.7464559787605],[-121.193019316188,42.7463629879616],[-121.181981462774,42.7464612901564],[-121.173492133355,42.7464388628633],[-121.173227840592,42.7464390885931],[-121.172280447085,42.7464365803839],[-121.171917486103,42.7464346540361],[-121.171463330268,42.746433277174],[-121.169147887165,42.7464266329828],[-121.166115857061,42.7464187414318],[-121.159381712896,42.7463984482299],[-121.153702924051,42.7463811605622],[-121.151478664109,42.7463722428848],[-121.149139015753,42.7463639529341],[-121.147106466091,42.7463552016313],[-121.144290318244,42.7463440896081],[-121.141764531808,42.7463339767317],[-121.133939623315,42.7463019626655],[-121.133524552916,42.7463002089875],[-121.133079718554,42.7462999940495],[-121.13235195388,42.7462972691038],[-121.13197411991,42.7462966701552],[-121.12892721412,42.7462878496046],[-121.128540074865,42.7462872911256],[-121.12830742205,42.7462872317704],[-121.127795560317,42.746284630931],[-121.126624822877,42.7462816200008],[-121.126120420121,42.7462803411649],[-121.116441819135,42.7462533857852],[-121.115321333113,42.746249978254],[-121.114377680785,42.746248327998],[-121.113636902921,42.7462469241563],[-121.113033861623,42.7462461291556],[-121.102674187863,42.7462299539493],[-121.102480618686,42.746229629294],[-121.094871864045,42.7462170216983],[-121.088824705696,42.7462079970015],[-121.083745395034,42.7462004364011],[-121.075341925689,42.7461879124423],[-121.075001315558,42.7461869267853],[-121.074971538106,42.7461870805694],[-121.074744455692,42.7461855085544],[-121.074312650708,42.7461849932429],[-121.073957164891,42.7461854527965],[-121.067718434758,42.7461886157121],[-121.058991365059,42.7462011999255],[-121.057669920131,42.7462023357692],[-121.055151739261,42.7462053107266],[-121.054788808856,42.7462057477971],[-121.053039282137,42.7462062172432],[-121.04679121794,42.7462055103761],[-121.040757195088,42.7462047864218],[-121.035877116636,42.7462036757591],[-121.029158178207,42.7462028726645],[-121.027631998118,42.7462032530777],[-121.017045455983,42.7461980226207],[-121.016228386831,42.7461976970661],[-121.014158666389,42.7461894358938],[-121.010884727648,42.7461784362858],[-121.001490391568,42.7462965712298],[-121.001114535208,42.7463092372815],[-120.9967522711,42.7463562097713],[-120.99660525263,42.7463582368432],[-120.996778180569,42.7438443871088],[-120.996763078253,42.7438183904064],[-120.996704631314,42.7437267431947],[-120.99164071075,42.7437492082594],[-120.988249872733,42.7437641217169],[-120.98129621215,42.7436983596916],[-120.979930090701,42.7436905373884],[-120.977666879323,42.7436783174005],[-120.977432819069,42.7437341913799],[-120.977135591334,42.7438040534144],[-120.975322792813,42.7437953416817],[-120.974881679846,42.7437917362997],[-120.961851444988,42.7437189496699],[-120.960513450735,42.7437382068528],[-120.958462723076,42.7437672423644],[-120.948424916677,42.743908241672],[-120.946052152585,42.7439301140835],[-120.944347478653,42.7439451579427],[-120.943740861651,42.7439599221128],[-120.942215009815,42.7439961692878],[-120.94023610831,42.7439230732912],[-120.938661169677,42.7438634419444],[-120.938516007408,42.7438640130138],[-120.937866407309,42.7438542229941],[-120.936544875146,42.7438347175982],[-120.93387388687,42.7437943982929],[-120.932511404078,42.7437736329468],[-120.931783632209,42.7437627385596],[-120.931096811868,42.7437530528612],[-120.930356013319,42.7437421998427],[-120.929713977418,42.743748793672],[-120.929492520264,42.7437510203933],[-120.928714636371,42.7437595036982],[-120.927259238323,42.7437582365534],[-120.925852479209,42.7437924305763],[-120.924689489428,42.7438215623153],[-120.923686481846,42.7438404705613],[-120.922076823986,42.7438699017746],[-120.92124873634,42.743885381805],[-120.920984493939,42.7438904971488],[-120.919125460372,42.7439221991502],[-120.913755466342,42.7438229310835],[-120.913042660091,42.7438228330574],[-120.910725560436,42.7438204255722],[-120.906241795223,42.7437682810814],[-120.904311670247,42.743745124438],[-120.902967845689,42.7437294168791],[-120.900777203305,42.7437112568691],[-120.899268270414,42.7437756618174],[-120.897118786403,42.7437902038549],[-120.896612585003,42.743793379361],[-120.895274515207,42.7438036217398],[-120.889883147889,42.7438445705705],[-120.883356539373,42.7438919153797],[-120.883349130758,42.7436038724208],[-120.88334727006,42.7436038778168],[-120.883079276587,42.7436047996218],[-120.882997110928,42.7294458283623],[-120.883018684764,42.7275623386311],[-120.883033365298,42.7263537757062],[-120.88304439908,42.7245690899916],[-120.883068743728,42.7207720039249],[-120.883094852845,42.7166662723307],[-120.883100503286,42.7157951925941],[-120.883100566238,42.7146292080715],[-120.883100262267,42.7145811977641],[-120.883099471763,42.7144563718641],[-120.883099414207,42.7141532157983],[-120.883087156447,42.7042780706765],[-120.883082808225,42.7000627252147],[-120.883081994339,42.6969941448639],[-120.883081848648,42.6957952451545],[-120.883081684072,42.6940051266353],[-120.883079736141,42.6869352016982],[-120.883080033816,42.6866882892332],[-120.883085970241,42.6855689327601],[-120.883102799255,42.6808802875952],[-120.883109135878,42.6795304816465],[-120.883128652066,42.674091499723],[-120.883125281407,42.6712067641809],[-120.883124635693,42.67051678722],[-120.883117175817,42.6646334727566],[-120.883081544678,42.6569395918887],[-120.883080888172,42.6565417947681],[-120.883077423085,42.65569956888],[-120.883074053325,42.6539904154254],[-120.883074732313,42.6538038582615],[-120.883072703442,42.6526008657374],[-120.883066201344,42.6462800023203],[-120.883244090842,42.6435579010763],[-120.883268322175,42.64239460103],[-120.883288270038,42.6414357015964],[-120.883309789915,42.6404315320896],[-120.882976582104,42.6329787828446],[-120.882952126839,42.6323423919878],[-120.882818325705,42.6279218257317],[-120.882808791093,42.6275885333841],[-120.882787943009,42.6269342990787],[-120.882754829072,42.625808239059],[-120.882726676695,42.6248796881471],[-120.882696615956,42.6180569157941],[-120.882676955877,42.6134700001405],[-120.882537077124,42.6068986521511],[-120.882555077954,42.6023925531738],[-120.88257048514,42.598653249448],[-120.882563358013,42.5984063675598],[-120.882417817128,42.5935798671172],[-120.882419905354,42.5933219811246],[-120.882423675312,42.593036655917],[-120.882473511244,42.5882794473387],[-120.882458694913,42.586518243822],[-120.882455999645,42.5863851999171],[-120.882440780418,42.5845595302981],[-120.882436303592,42.5841439221044],[-120.88243594926,42.5840876838996],[-120.882341690417,42.5738428607594],[-120.882294411258,42.5710516421196],[-120.882268775184,42.5696334067564],[-120.882229309335,42.5660191546603],[-120.882356109247,42.5546296519369],[-120.882277894309,42.5519318305896],[-120.882218049823,42.5497935926003],[-120.882051013344,42.5409386402062],[-120.882262522198,42.5294570397107],[-120.882317842195,42.5264611308766],[-120.882317496855,42.5264062650372],[-120.882318478915,42.5262677235766],[-120.882311833824,42.5258013810289],[-120.88210337637,42.5118276098564],[-120.882100063267,42.5115958113976],[-120.882096501053,42.5113242350255],[-120.882054853449,42.5085344274219],[-120.882042105559,42.5076867867159],[-120.881926282772,42.4998797279671],[-120.881930567142,42.4990868982418],[-120.881934713017,42.4979772175746],[-120.881975802142,42.4880024419592],[-120.881973929753,42.4868200888761],[-120.881972472851,42.4865882859207],[-120.881544248069,42.4865678137537],[-120.881127143403,42.4865473011171],[-120.88069820276,42.4834543419444],[-120.871080286226,42.4834293246037],[-120.863315463238,42.483086056976],[-120.859887612723,42.4831575836556],[-120.843841460915,42.4834910423778],[-120.840509640907,42.4835109209923],[-120.840055639756,42.4835136864075],[-120.824485842648,42.4832064411244],[-120.804490958391,42.4832631289902],[-120.794158623122,42.4834007423505],[-120.784497039107,42.4835301871685],[-120.773065534447,42.4836274983105],[-120.7698985206,42.4836242760396],[-120.767280041041,42.4836223865639],[-120.765310155239,42.4836202578687],[-120.763332951654,42.4836400573428],[-120.756454481589,42.4837220107622],[-120.754590324584,42.4837441367825],[-120.753760060578,42.4837295803559],[-120.751098778686,42.4836848849495],[-120.747974414288,42.483687798753],[-120.746097200026,42.4836892358696],[-120.726757744374,42.4836358134421],[-120.723020029751,42.4836475064274],[-120.706894285243,42.4836952136632],[-120.696438883148,42.4836771876521],[-120.687649450861,42.4836594862963],[-120.680451903133,42.4836563395685],[-120.668402862802,42.4836478535656],[-120.648478303731,42.4837407796134],[-120.6293258603,42.4835576461685],[-120.615803824887,42.4836507691677],[-120.609620031639,42.4836927153466],[-120.590158392296,42.4835963943582],[-120.570728662698,42.4837942829798],[-120.55095943543,42.4836885370964],[-120.540659842678,42.4837764602155],[-120.531281222251,42.4838563119193],[-120.515238673126,42.4837293708139],[-120.512132833863,42.4837050639376],[-120.510911630967,42.4837298807295],[-120.502646711177,42.4838977239009],[-120.50136619979,42.483925180203],[-120.501080818825,42.4839306696647],[-120.496607360741,42.4840101778275],[-120.492925181952,42.4840772141922],[-120.473558088335,42.4840701716012],[-120.465852732118,42.4841201891954],[-120.45419089939,42.4841941692256],[-120.454110893003,42.4797102799055],[-120.454059262025,42.4769244832783],[-120.453805502122,42.4694942836343],[-120.454005550016,42.4548605575687],[-120.454267998269,42.4408455299973],[-120.454454508669,42.4341261032371],[-120.45465234423,42.4270624240917],[-120.454512415116,42.4111696615507],[-120.454510564311,42.4111696606514],[-120.454510654243,42.4110503332064],[-120.454310461559,42.3966540407515],[-120.453924815178,42.3829792006297],[-120.453979768252,42.3788109994281],[-120.454122767652,42.368256795115],[-120.45431682696,42.3585969162148],[-120.454414761332,42.3537635620388],[-120.454000110017,42.3421023840178],[-120.454024695683,42.3413727262704],[-120.45403036411,42.3412108851743],[-120.454028101416,42.3393112777933],[-120.45422580028,42.3247043344375],[-120.45436232636,42.3102304898453],[-120.454240178641,42.3055617223956],[-120.453976159272,42.2955082659938],[-120.473998466556,42.2950909841616],[-120.48949434299,42.2951785772296],[-120.493362776771,42.2952008219604],[-120.493223673234,42.2835387122418],[-120.49318891084,42.2805693612871],[-120.49309268428,42.2659091933546],[-120.493435865573,42.2512559978661],[-120.501097018313,42.2513384791875],[-120.512657088254,42.2514502226497],[-120.532077704123,42.2514462926123],[-120.54240833068,42.2515031576447],[-120.551527950854,42.2515527714433],[-120.570854359141,42.2514680103404],[-120.579394260137,42.2514622052166],[-120.59021220413,42.2514539035748],[-120.609909802196,42.2514840722322],[-120.620884683281,42.2514835847996],[-120.62920676488,42.2514837691606],[-120.648842343899,42.2510462435893],[-120.648812231,42.253080232167],[-120.664446639001,42.2529414973523],[-120.684143017586,42.2529982103991],[-120.703719219766,42.2529871748183],[-120.703747612262,42.2498806511712],[-120.703803387316,42.2383955568096],[-120.703819020232,42.2237383251637],[-120.711616932875,42.2237250331838],[-120.723507545936,42.22370435777],[-120.729907139603,42.2237899714301],[-120.743135413269,42.2237314750276],[-120.751086180083,42.2236451140308],[-120.758060945956,42.2235933814295],[-120.762345444786,42.2235627172457],[-120.762318662976,42.222054134191],[-120.7635955429,42.2220565812463],[-120.764656537869,42.2220595301233],[-120.764386693591,42.2176974512764],[-120.76429932985,42.216269935809],[-120.764311468,42.209273935144],[-120.764330021014,42.1990741536493],[-120.76433878041,42.1947073380733],[-120.76436578885,42.180073632692],[-120.764395379243,42.1651876683762],[-120.764453383717,42.1504827663666],[-120.764449329573,42.1359207414491],[-120.764473985386,42.1216069725838],[-120.76444786098,42.1155686185969],[-120.764409223407,42.1070617443041],[-120.764373952896,42.0925165421048],[-120.764369457185,42.0782730759418],[-120.764301179756,42.0637500932922],[-120.764288782601,42.0587500147014],[-120.764266956055,42.0494355806875],[-120.76411706605,42.0394330627857],[-120.764047409061,42.034800709785],[-120.763950233716,42.0203713546543],[-120.763698156445,42.0058259069401],[-120.763633948448,42.0024429227028],[-120.763584372421,41.9998950633066],[-120.763470378855,41.9939107549774],[-120.780494932795,41.9938942254382],[-120.797519477742,41.993875062684],[-120.814544010997,41.993853266715],[-120.831568530763,41.9938288384302],[-120.848593037039,41.9938017751319],[-120.865617527127,41.9937720786186],[-120.882642000128,41.9937397488903],[-120.899666454243,41.9937047859472],[-120.920021296645,41.9941117075893],[-120.939077166378,41.9935546171519],[-120.95780916596,41.9929969439539],[-120.977191630789,41.9929146128192],[-120.998511544672,41.9928201093606],[-121.018862839249,41.9929660360538],[-121.037924854948,41.9932365611185],[-121.057316048597,41.9941041523848],[-121.076384250733,41.994970023248],[-121.094477172284,41.9951137762798],[-121.115807339337,41.9959605806163],[-121.135514696846,41.9960899166164],[-121.155229867664,41.9969383999872],[-121.174613254298,41.9968213010623],[-121.193681203725,41.9974255015857],[-121.213705703555,41.9969354268285],[-121.232765425984,41.9968101854417],[-121.251501525575,41.996683852278],[-121.270891906236,41.9972738498084],[-121.291247046314,41.9973693973798],[-121.310309927161,41.9974720720785],[-121.329047898242,41.9973325251759],[-121.33968660825,41.9958064017441],[-121.349711489594,41.9964522004088],[-121.370069896908,41.9967745129335],[-121.389769207283,41.9962563379597],[-121.408846175111,41.9973045751461],[-121.428229092299,41.9971428131904],[-121.44858441314,41.9972106337638],[-121.463770538779,41.9973200758608],[-121.483482736439,41.9976270756291],[-121.503200920886,41.9981718669382],[-121.522913608676,41.9984731766958],[-121.541973034328,41.9982943905737],[-121.561360317724,41.9984712089791],[-121.581396897249,41.9987575522193],[-121.601107647,41.9988035030793],[-121.620829811846,41.9995685761289],[-121.639898234316,41.999854131563],[-121.659612104715,42.0001309590766],[-121.67867623472,42.0001684644031],[-121.698728066747,42.0011574470586],[-121.718111307691,42.0009446368855],[-121.737501728822,42.0010904088953],[-121.757216394221,42.0013483839209],[-121.777249763166,42.0013591182288],[-121.796319432995,42.0016175752909],[-121.816044882166,42.0023476692096],[-121.834151483304,42.0028524775598],[-121.854512389835,42.003086575585],[-121.874875258686,42.0033155133004],[-121.895232811645,42.0033007311439],[-121.914295232939,42.0031781382605],[-121.934016915748,42.0036457686373],[-121.953721744363,42.0033872791996],[-121.973457211081,42.0043290879171],[-121.992510995286,42.003832341989],[-122.011574476881,42.0038122151616],[-122.031634541301,42.0047405205586],[-122.051662831774,42.0044599959321],[-122.070420256989,42.0050374991813],[-122.089815720619,42.0052404932542],[-122.109862899553,42.0056719448045],[-122.130233938745,42.0060963258848],[-122.148995806611,42.0067797252042],[-122.171950324648,42.0071576607975],[-122.191016570758,42.0071064300178],[-122.210743350925,42.0075244528912],[-122.23108659567,42.0069663480186],[-122.251133689168,42.0072513917384],[-122.270521585902,42.0071812715985],[-122.289918368838,42.007350380116],[-122.310298253761,42.0079813678459],[-122.330017055143,42.0081367482124],[-122.349421546167,42.0085352989649],[-122.368828132612,42.0090511078224],[-122.388225722239,42.0092015230319],[-122.407600891768,42.0086260117811],[-122.427628510447,42.0082770847197],[-122.447347723718,42.0084128193961],[-122.466092329098,42.0083196370417],[-122.485488114685,42.0084543177126],[-122.503561984998,42.0076439350196],[-122.522959428035,42.0077706090265],[-122.542327033366,42.007052149637],[-122.563330152065,42.0069018396482],[-122.582041368314,42.0058265301703],[-122.6007665987,42.0052292616212],[-122.619825645737,42.0049845309114],[-122.640501984979,42.0047050530958],[-122.659583774072,42.0050552203222],[-122.678631485155,42.0044383600423],[-122.697355382745,42.0038260332449],[-122.720003028717,42.0044552699948],[-122.739371624201,42.0038227812964],[-122.758777160238,42.0041491713473],[-122.777841526765,42.0039976769513],[-122.797550895158,42.0038294146958],[-122.81695489875,42.0041455866495],[-122.836333370589,42.0037358896996],[-122.85638446607,42.004031376347],[-122.875134440402,42.0041112163596],[-122.895143420632,42.0033153568183],[-122.914195809989,42.0028990327642],[-122.934570442872,42.0031731802981],[-122.953320245433,42.0032397022505],[-122.972374045826,42.002813268018],[-122.993687964828,42.0023323357688],[-123.014062754193,42.0025917685953],[-123.033447499702,42.0023886603085],[-123.047041426021,42.0027978986042],[-123.053559301221,42.0040929430349],[-123.073335459564,42.0054405861142],[-123.093085160752,42.0061829962484],[-123.112866171836,42.007644201219],[-123.133910805939,42.0083471913699],[-123.147172891416,42.0085119417727],[-123.15231799468,42.0079050900479],[-123.172287751878,42.0062172873979],[-123.191309123617,42.0050306382534],[-123.211674897279,42.005012265104],[-123.231350883736,42.0040440271102],[-123.245869177321,42.0033962679235],[-123.260387162438,42.0027465940801],[-123.274904838188,42.0020950046808],[-123.28942220637,42.0014415024235],[-123.303939261588,42.0007860846102],[-123.318456008338,42.0001287530396],[-123.332972442124,41.9994695077116],[-123.347488562947,41.9988083468278],[-123.369162683811,41.9991495469141],[-123.390837045693,41.9994864779187],[-123.407672227591,42.0000075181325],[-123.427354914897,41.9992440854463],[-123.446456017831,41.9998196443611],[-123.465557478695,42.000391888375],[-123.493185205932,42.0001260946436],[-123.520812690353,41.9998533680385],[-123.536251247597,41.9998805617386],[-123.55168981923,41.9999055907704],[-123.567128402554,41.9999284551341],[-123.58256699667,41.999949153031],[-123.603247063601,41.9997293937965],[-123.623926981245,41.9995057503901],[-123.640298664252,41.9972309026841],[-123.656669128677,41.9949536232112],[-123.678998495584,41.9953954772196],[-123.701328182649,41.9958328022421],[-123.720421167403,41.9961799342566],[-123.739514367094,41.9965237549674],[-123.757113121973,41.996124872365],[-123.774711648424,41.9957231748847],[-123.796674360833,41.9953080460295],[-123.818636774667,41.9948885338788],[-123.820896075793,41.9948203508786],[-123.821523846648,41.9948274744085],[-123.821428227131,41.9954726759233],[-123.821426389816,41.995472730782],[-123.821312762274,41.9962269022498],[-123.821227223258,41.9967867059418],[-123.821061361293,41.9975616679367],[-123.82121704563,41.9978877333323],[-123.821447860231,41.9983775976481],[-123.822052760427,41.9989796892613],[-123.822052834171,41.9989810589288],[-123.823207308271,41.9993689122455],[-123.824605367344,41.9998372297044],[-123.82554785415,42.0000818659854],[-123.825924881428,42.0001802662064],[-123.826105376262,42.0002173551469],[-123.828377242716,42.0006811652037],[-123.82893078173,42.0015551533477],[-123.82902899759,42.0018047170141],[-123.82976911895,42.0037065322308],[-123.830006339421,42.0048536067087],[-123.830103484188,42.0053200553763],[-123.82893664531,42.0064670749956],[-123.828695065825,42.0067282929764],[-123.828218801956,42.0072422834047],[-123.828026722056,42.0075678811529],[-123.827868480046,42.0078389287236],[-123.828384116234,42.0087593632541],[-123.828565442042,42.0090819006093],[-123.828646980873,42.0092276618272],[-123.830114934357,42.0107725783918],[-123.832111756652,42.0110442662799],[-123.833022157447,42.0111690382206],[-123.833287372015,42.011139044931],[-123.833898269789,42.011069753966],[-123.834587871733,42.0109925849399],[-123.835467805295,42.0108959177125],[-123.836785268026,42.0109932207606],[-123.836814654273,42.0112283979722],[-123.836953534778,42.0123578619259],[-123.837081082026,42.0133806159228],[-123.837082919341,42.0133805601648],[-123.837201860078,42.0135704735985],[-123.837588938179,42.0141887071431],[-123.837999236775,42.0143889969547],[-123.838093991145,42.0144053376363],[-123.838233366277,42.0144299322956],[-123.838753519759,42.0145184597592],[-123.839543164086,42.0146550793685],[-123.840993177893,42.0151559423929],[-123.841092580858,42.015189980833],[-123.84130990293,42.0164735274314],[-123.841381319892,42.0169050671152],[-123.841313539788,42.0170457480629],[-123.840716830617,42.0182524457938],[-123.840539970843,42.0183168318563],[-123.840171849551,42.0184515314131],[-123.838998528359,42.0185365479234],[-123.838158464442,42.0192647523665],[-123.838158539085,42.019266122034],[-123.837499428656,42.0198364837668],[-123.837330574646,42.0207227467574],[-123.837098647584,42.0219375761583],[-123.836944447128,42.0224514478761],[-123.836888305151,42.0226370652484],[-123.837100440833,42.0232866860318],[-123.837494917656,42.0270765433478],[-123.836931942055,42.0284661137202],[-123.836846196195,42.0286828233537],[-123.836782890218,42.0288384627249],[-123.836434309396,42.0297040979658],[-123.836400947246,42.0299700023138],[-123.836352748081,42.0303351747286],[-123.836266598425,42.0310171747029],[-123.836859259747,42.0313862537727],[-123.837258491286,42.0314153252571],[-123.838088498086,42.0314779963126],[-123.839329845796,42.0316228842887],[-123.840675022035,42.0317810777346],[-123.841219384367,42.0320404278235],[-123.841587958018,42.0322158990446],[-123.84297020611,42.0342313148234],[-123.845227041295,42.0373908939746],[-123.845558241819,42.0378584622982],[-123.845558315564,42.0378598319657],[-123.84748399519,42.0405820033568],[-123.847730369861,42.0411811622809],[-123.848461646388,42.0429692708153],[-123.848762956145,42.044302427615],[-123.848986397204,42.0452893346351],[-123.847136832599,42.0461155669799],[-123.846184175359,42.046541184628],[-123.843974735346,42.0478257402658],[-123.843219701428,42.0495094168262],[-123.842549426815,42.0504534738488],[-123.84205280859,42.0511383381638],[-123.842042451098,42.0511510060142],[-123.841388280645,42.0520533902518],[-123.841351909363,42.0521629231804],[-123.840885171114,42.052822170307],[-123.840580737111,42.053250024569],[-123.839969161248,42.0555400986967],[-123.839873703608,42.0560178860167],[-123.839753573968,42.0566172041207],[-123.840493753784,42.0579960959431],[-123.840920096285,42.0583496239361],[-123.84114004078,42.0585323589812],[-123.842187819312,42.0594050547995],[-123.841040850954,42.0605598409639],[-123.84064279303,42.060960342346],[-123.840031865578,42.0612067134192],[-123.839875182993,42.0612718558115],[-123.838055849098,42.0619542640781],[-123.837637094177,42.0621110716687],[-123.835744245201,42.0627297881493],[-123.834115475848,42.0630577358259],[-123.833933555589,42.0633020618407],[-123.832063746345,42.063668844042],[-123.832368748719,42.0638915710392],[-123.832704521397,42.0641380707154],[-123.833856489086,42.0647263280576],[-123.835446501255,42.0658818840417],[-123.83544608307,42.065907975173],[-123.835448280114,42.0659820235516],[-123.835645615653,42.0662903552158],[-123.835770545874,42.0664869596055],[-123.835725140003,42.0666338233923],[-123.835637855403,42.0669246974169],[-123.835326482231,42.0673623551886],[-123.835009980226,42.0674021358],[-123.834237959015,42.0674996277057],[-123.833646697937,42.0675339979957],[-123.832808455146,42.0682415117364],[-123.832567190423,42.0684450840734],[-123.831898679381,42.0684817818088],[-123.831296298186,42.0685151016907],[-123.831162131027,42.0686221003297],[-123.830747200923,42.0689517018596],[-123.830507383209,42.0694187503751],[-123.830399040084,42.069627904804],[-123.830324981812,42.0696548502912],[-123.829857470146,42.0698309429437],[-123.829659670557,42.0698520212538],[-123.829575447249,42.0698614299611],[-123.828793593749,42.0699482010487],[-123.827997101085,42.0700367797736],[-123.827801342958,42.0703322978973],[-123.82759537033,42.0706432214076],[-123.82789824221,42.0715371888902],[-123.828132442758,42.0719816716169],[-123.828292978038,42.0722911292323],[-123.828804701276,42.0735356407573],[-123.828810038752,42.0740735090852],[-123.828541025448,42.0743094777003],[-123.827390135147,42.0750634549146],[-123.827239847641,42.0759917036543],[-123.827185492616,42.0763131447359],[-123.827190416405,42.0765051499927],[-123.82720635419,42.0771703434366],[-123.827061253074,42.077957065866],[-123.827050912669,42.0780040437517],[-123.826960663903,42.0784446063336],[-123.826424560045,42.0810521276536],[-123.826342951966,42.0814485074427],[-123.82427701857,42.0836067220726],[-123.823197768262,42.0852080845855],[-123.822800515232,42.0857979031508],[-123.822925045255,42.0863939414273],[-123.823135144871,42.0874115108326],[-123.823267006167,42.0877355680421],[-123.823347640281,42.087930779382],[-123.824638896768,42.0910733469574],[-123.825509785848,42.0931937073238],[-123.826982458973,42.0944174687912],[-123.827571131802,42.0949061567937],[-123.827985176075,42.0953012946191],[-123.82822821516,42.0955341479826],[-123.828626652598,42.0959132850701],[-123.829228907888,42.0970905713728],[-123.828858760423,42.0976370453134],[-123.829415716862,42.097880999009],[-123.830195464149,42.0982225309451],[-123.83065738563,42.098616212768],[-123.830746354661,42.0986931308834],[-123.830496317051,42.099414411446],[-123.830813230946,42.1000554167242],[-123.831518605199,42.1008576182845],[-123.831500332774,42.1024832633919],[-123.831499508096,42.1033809333834],[-123.831500114239,42.1041358144163],[-123.831651892821,42.10468847929],[-123.8317996946,42.1052357743116],[-123.832127750195,42.1062154615743],[-123.832460306898,42.1065677583954],[-123.832781152628,42.1069080546631],[-123.834687689285,42.1076629267027],[-123.835489389024,42.1080998416344],[-123.836469659947,42.1084311482789],[-123.836897126601,42.1089342847895],[-123.837588558665,42.1097478591764],[-123.8375932882,42.109766931099],[-123.837649910415,42.1100273738643],[-123.838224704007,42.1125519363229],[-123.838449947307,42.1129294294497],[-123.838663101921,42.113288071887],[-123.838663176564,42.1132894415545],[-123.839654303203,42.1135476504038],[-123.84004500917,42.113646986819],[-123.840074979976,42.1136556859612],[-123.840902506446,42.1144953164058],[-123.841385168091,42.1171859998341],[-123.841428987558,42.117582714171],[-123.841485224863,42.1181053272991],[-123.840817239924,42.1194089215845],[-123.840061491045,42.1211310576522],[-123.839974576965,42.1213285964376],[-123.839864506242,42.1216421297805],[-123.839312589604,42.1232153390167],[-123.839684866663,42.124089364033],[-123.841224672381,42.1248360432489],[-123.841226513293,42.1248359865916],[-123.841700327408,42.1248353498715],[-123.841720573845,42.1248347356346],[-123.841720649388,42.1248361062014],[-123.841921586712,42.1248355045549],[-123.842076624437,42.1248047252579],[-123.842527232446,42.1247169442316],[-123.843742557373,42.124621063911],[-123.845077480441,42.1246217384025],[-123.845878629795,42.1247401701228],[-123.846529184075,42.124835716795],[-123.846751490189,42.1249895584214],[-123.84702176794,42.1251776300437],[-123.848369273423,42.126113976279],[-123.848971232836,42.1265335396911],[-123.852147458438,42.1284025242571],[-123.854870362777,42.1300381563359],[-123.855444798439,42.1312642299603],[-123.855962625375,42.132365746582],[-123.855962700019,42.1323671180481],[-123.857201401923,42.1339353225571],[-123.857492519664,42.134903736818],[-123.857801839683,42.1359347340008],[-123.85795309396,42.1366397539215],[-123.858101982121,42.1373352374313],[-123.857849551416,42.138848651644],[-123.85780078208,42.1391356352015],[-123.857677363619,42.1395072467621],[-123.857520779061,42.1399800671264],[-123.857501698145,42.1400355516994],[-123.856800499443,42.1411357553109],[-123.85544995695,42.1418645299242],[-123.854763965784,42.1422354139332],[-123.854550955962,42.1423530740352],[-123.854400508377,42.1424345157404],[-123.852602068431,42.1431357018512],[-123.85110065657,42.1433350725556],[-123.848001630571,42.1444353193345],[-123.845601397586,42.1457352605739],[-123.845001688277,42.1462352305715],[-123.844969248832,42.1463501396473],[-123.844823591935,42.1468898650753],[-123.844700448667,42.1473355717793],[-123.843801125721,42.1491348498935],[-123.842499800425,42.1507349290738],[-123.841300168668,42.1518350355585],[-123.840868146048,42.1522324477693],[-123.840460623659,42.152605782431],[-123.840100494642,42.152935130352],[-123.839622266654,42.1530951071535],[-123.838000878937,42.1536355799182],[-123.836945236733,42.1540312618333],[-123.836406548224,42.1542328592591],[-123.835600312305,42.1545345089605],[-123.831900930384,42.1556345947608],[-123.831024071604,42.155927363657],[-123.829199626861,42.1565356030357],[-123.826395759257,42.1569098208316],[-123.826199742124,42.1569349487889],[-123.825389890931,42.1570362358337],[-123.824600221423,42.1571355353767],[-123.824184178857,42.1575241612111],[-123.823590844842,42.1580787200569],[-123.823325721105,42.1583255371938],[-123.823099174687,42.1585355037106],[-123.822417670239,42.1593686005805],[-123.821850084714,42.1602613998438],[-123.82158152107,42.1606826332969],[-123.821526428602,42.1608229221402],[-123.821225371554,42.161596512669],[-123.821044954061,42.1623156843214],[-123.820918839433,42.1628122359959],[-123.820337624682,42.1635572002047],[-123.819531824934,42.1639383238946],[-123.818535388697,42.1644102773125],[-123.816847499712,42.1657389132203],[-123.813457954921,42.1689963332142],[-123.81310336303,42.1695340531541],[-123.81401235009,42.1702698991366],[-123.814744137432,42.1714118573714],[-123.814345378936,42.1723256207309],[-123.81448069183,42.1725068539083],[-123.814723668862,42.1728358349059],[-123.815213686962,42.1735005364206],[-123.815153265111,42.1737809846048],[-123.815038076346,42.1743101438981],[-123.813878679358,42.1764065912912],[-123.813768704862,42.1775079577261],[-123.813584095629,42.1793760942314],[-123.813550210973,42.1809953856286],[-123.813576338077,42.1822244351096],[-123.813595201357,42.1830817318365],[-123.813601688167,42.1833711525567],[-123.813618913782,42.1841983031093],[-123.813620757392,42.1841982482506],[-123.816746818811,42.1867740010194],[-123.816952752767,42.1871672340806],[-123.817171086576,42.1875848000985],[-123.818720016815,42.1890521897068],[-123.81890299108,42.1892264963058],[-123.819281527421,42.1892974654057],[-123.821567726369,42.1897269195617],[-123.821659062416,42.1897433870477],[-123.821733664777,42.1897576116245],[-123.821846434365,42.1898626524395],[-123.823100714326,42.191034140813],[-123.823101433784,42.1923353393045],[-123.822896534048,42.1928095644099],[-123.822799898297,42.1930348346899],[-123.822508285929,42.193815013652],[-123.822200325684,42.1946341170709],[-123.821500234049,42.1971341001586],[-123.821500817709,42.1975856668451],[-123.82150125298,42.1980344932973],[-123.821501086606,42.198234898222],[-123.821200349716,42.2000351889728],[-123.820862906998,42.2008222342587],[-123.820663041666,42.2012880686895],[-123.82064169266,42.2013367516898],[-123.820600912002,42.2014354333986],[-123.820341789442,42.2016944147655],[-123.820163118433,42.2018713653713],[-123.819907453766,42.2021261244212],[-123.819876618711,42.2025772639296],[-123.819822662985,42.2033159733535],[-123.819366848801,42.2034889039898],[-123.818829658562,42.2036931049529],[-123.81709588167,42.2037562076829],[-123.816783891563,42.2037902910891],[-123.815666271681,42.2039130899172],[-123.815260188207,42.2040501951604],[-123.814093196444,42.2053713657959],[-123.813868151894,42.2057487240244],[-123.813422766248,42.2064881996707],[-123.812943629045,42.2090542406607],[-123.813088988266,42.2099969711833],[-123.811969638988,42.211824550063],[-123.811776548249,42.2124850733275],[-123.811761016058,42.2125390713211],[-123.811737754194,42.212620752246],[-123.811486941369,42.2134765426084],[-123.811167878095,42.2145718413175],[-123.811132098567,42.2146950763168],[-123.811053325151,42.2148086193224],[-123.810461522681,42.2156760082412],[-123.809925434111,42.2161752389961],[-123.809292552409,42.2167624702119],[-123.808661087139,42.2170696444486],[-123.80820878211,42.2171394759062],[-123.807259944291,42.2171445723642],[-123.807181624133,42.2171304467128],[-123.806898211783,42.2170799156057],[-123.806446567755,42.2169575574454],[-123.806009970284,42.2168402363878],[-123.80580944485,42.2167858471892],[-123.805674482691,42.2167487096852],[-123.803407935728,42.2162551671423],[-123.801552929324,42.2160979089913],[-123.800332641938,42.2162730303761],[-123.798443094373,42.2179354397688],[-123.797735625599,42.2186140483997],[-123.797358145062,42.2189753348439],[-123.796604940366,42.2196964787096],[-123.796108152169,42.2201738766232],[-123.794979798879,42.2206852221453],[-123.793578575091,42.2208629209871],[-123.79217726317,42.2210049167435],[-123.791704614576,42.2209723423998],[-123.791270905728,42.2209427232281],[-123.789641132732,42.2205808935934],[-123.789188908641,42.2204818161829],[-123.78918706593,42.2204818710416],[-123.789137657177,42.2204902059583],[-123.788555660915,42.2205871537742],[-123.788553818204,42.2205872086328],[-123.788484508353,42.2207059434246],[-123.788376265952,42.2208903494101],[-123.788468339442,42.2212623233976],[-123.791007925076,42.2219896141294],[-123.791562188045,42.2237739311221],[-123.792429138994,42.2247816439578],[-123.794217361742,42.2261599197445],[-123.793534796094,42.227883674592],[-123.79345046037,42.2281003158769],[-123.793271756986,42.2285531119366],[-123.793108268332,42.229971763686],[-123.793015253251,42.2307802533061],[-123.793047865367,42.2316920579422],[-123.793084849086,42.2318639021974],[-123.793099760745,42.2319348326265],[-123.792415871295,42.2333621403506],[-123.792001202893,42.2339606031993],[-123.791629299053,42.2344960226733],[-123.791149747263,42.2348850361156],[-123.790892643681,42.2351521203741],[-123.790903431948,42.2352835679823],[-123.790942225104,42.2357628211973],[-123.791170372315,42.2362254513436],[-123.791257441078,42.2364012939846],[-123.792525300802,42.236723119976],[-123.795422390331,42.2371143682336],[-123.795800048034,42.2373350672596],[-123.795954232302,42.2373853690396],[-123.797540169643,42.2383963014482],[-123.797599415181,42.2384329650094],[-123.797823262733,42.2385758942622],[-123.798880464362,42.2392361108579],[-123.799641377148,42.2397116345843],[-123.799963987348,42.2397678799837],[-123.800206405901,42.2398100500938],[-123.800530860611,42.2398662379366],[-123.80095609155,42.2399413753942],[-123.802628764006,42.2399929380237],[-123.803672396664,42.2400262354225],[-123.806757534433,42.2411555231089],[-123.810142165329,42.2406876373246],[-123.810508621076,42.2407686167783],[-123.810802184973,42.2408339381358],[-123.811400387918,42.2411344492954],[-123.811444162418,42.2411921587911],[-123.811701050163,42.2415344731375],[-123.812261148833,42.2421875131433],[-123.812280858375,42.2422102560985],[-123.812301056249,42.2435342272229],[-123.812001062199,42.244235023028],[-123.811156010641,42.2482340950275],[-123.81085050105,42.2496845054357],[-123.810881890087,42.2497521947081],[-123.810919631036,42.2498347929414],[-123.811130487882,42.2502814376383],[-123.811201612564,42.2504344123183],[-123.811270908925,42.250621756389],[-123.811489141111,42.2512040683131],[-123.811401516567,42.2517337815888],[-123.81140159121,42.2517351521556],[-123.811530478449,42.2521691550825],[-123.81157991688,42.2523310150643],[-123.811701560079,42.2527336640274],[-123.81280177718,42.2536340562667],[-123.813729759721,42.2547304008874],[-123.813901568902,42.2549338850908],[-123.814401364431,42.2558344320135],[-123.81466846128,42.2566348951843],[-123.814754563272,42.2568931103288],[-123.814801051927,42.2570344675667],[-123.81530236731,42.2582342000483],[-123.81514123488,42.2588388736152],[-123.81499055527,42.2593979389638],[-123.81490166538,42.2597341550073],[-123.814600715351,42.261233860854],[-123.814800989874,42.2623341921693],[-123.815401081395,42.2629709301643],[-123.815634415896,42.2632178642131],[-123.815826772787,42.2634248476786],[-123.8160208267,42.2636290360512],[-123.816375860158,42.2640068340482],[-123.817302886719,42.2643345137269],[-123.817472900854,42.2643005832054],[-123.817566099396,42.2642813134319],[-123.817801934012,42.2642344236797],[-123.818502374585,42.264133773355],[-123.819202888902,42.2640344891004],[-123.821202563847,42.2638343818513],[-123.822101887692,42.264534838612],[-123.822701423432,42.2656341357069],[-123.822740527753,42.2658429735744],[-123.822872747879,42.2665733579742],[-123.822882892232,42.2666238414172],[-123.822901858934,42.2667344544316],[-123.823700910169,42.2680350162031],[-123.824588968206,42.269069348072],[-123.824902746165,42.2694346356],[-123.825035886297,42.2696392709357],[-123.825175236248,42.2698560731993],[-123.82544304536,42.2701239128883],[-123.825730430015,42.270411754399],[-123.825793906863,42.2707282968735],[-123.825842500831,42.2709752821836],[-123.825732833004,42.2714041032169],[-123.825425582325,42.2717345492101],[-123.825337035975,42.2718731059591],[-123.825119097868,42.2722145902312],[-123.825332003369,42.2727970469462],[-123.825392716601,42.2729613090173],[-123.825546835218,42.2732792418436],[-123.825709307638,42.2736147681071],[-123.825859214731,42.2739232193811],[-123.825971496887,42.2741518162534],[-123.826085712586,42.2755333772636],[-123.826459976247,42.2767012143896],[-123.826843206149,42.2778976067892],[-123.827470368163,42.2792280359452],[-123.827786433097,42.2794985394261],[-123.827871747283,42.2795714645515],[-123.828095989638,42.2796498161861],[-123.828455946884,42.2797762392821],[-123.829657122778,42.2800749787773],[-123.83014953937,42.2803250622518],[-123.83051949258,42.280668057385],[-123.830658220201,42.2809740948786],[-123.830736164442,42.2811488178637],[-123.830798057584,42.2814695259979],[-123.833102532556,42.2821344109743],[-123.833227932223,42.2821965163562],[-123.833302080427,42.2822340873333],[-123.833823058587,42.2827015450403],[-123.834303340627,42.2831345407265],[-123.834585241216,42.2837931457371],[-123.83460225459,42.2838338121807],[-123.834802965285,42.2849341174156],[-123.835403126953,42.2858343127034],[-123.83545328664,42.2858726058361],[-123.835765851413,42.2861116231529],[-123.816326206789,42.2860542832786],[-123.812382665228,42.2860462676212],[-123.797220445367,42.2860137634245],[-123.785714225931,42.2860036892189],[-123.777683566044,42.2859964559717],[-123.758053596097,42.2859976592646],[-123.758053669841,42.2859990289321],[-123.758051824432,42.2859990837907],[-123.757757140879,42.299261692673],[-123.75772201336,42.300852214758],[-123.757853210957,42.3326245827583],[-123.758086614705,42.3890527450882],[-123.758088463712,42.3890526911288],[-123.772609862655,42.3890244740003],[-123.787131249008,42.3889943539064],[-123.801652619173,42.3889623299476],[-123.81617397405,42.3889284012248],[-123.816171580054,42.393809804379],[-123.816168314616,42.3976562218572],[-123.815933445872,42.4100615663882],[-123.816322852318,42.4208023854218],[-123.816536599584,42.4267247610389],[-123.816348432634,42.4333633927064],[-123.81612095272,42.4413882978317],[-123.816219800803,42.4459853569387],[-123.816319132722,42.4506249638711],[-123.816246120362,42.4539066107016],[-123.81614200405,42.4585207470349],[-123.816164957447,42.4633232706525],[-123.816170112361,42.4646066292926],[-123.816194539746,42.4671262499765],[-123.816235034419,42.4713668124285],[-123.816231220394,42.473029318948],[-123.816224418822,42.4767771167706],[-123.831766829775,42.4769878333219],[-123.846689634819,42.4769885752626],[-123.852937464292,42.4770249060746],[-123.859179744949,42.4770610552236],[-123.866086274762,42.4770025534252],[-123.869528427195,42.4769734792427],[-123.876370239095,42.4768847287473],[-123.882309665858,42.4768093673584],[-123.893498141326,42.4769149450687],[-123.893583454613,42.4769150790677],[-123.902399460966,42.4766448318935],[-123.910038863603,42.4770868801555],[-123.918880121121,42.4772648290087],[-123.920111169795,42.4771925334088],[-123.927074304735,42.4767866531815],[-123.930719495308,42.4770349488039],[-123.933320243834,42.4772111448785],[-123.933272913414,42.4832640382049],[-123.933206013746,42.4914646609654],[-123.9332170853,42.4916276855693],[-123.933235685978,42.4933019669123],[-123.933266778239,42.4959190021603],[-123.932565676665,42.4958885403239],[-123.932504333009,42.4958863198978],[-123.932290910397,42.4959176378887],[-123.932013057656,42.4959578142018],[-123.931559200397,42.4960020626451],[-123.931013012441,42.4962180258412],[-123.930476074012,42.4964007518932],[-123.930269578878,42.496357718434],[-123.929877114737,42.4962737604258],[-123.929453257062,42.4957981422705],[-123.929186980395,42.4953862896456],[-123.929001977259,42.4950995983678],[-123.92883365385,42.4948782860042],[-123.928489379881,42.4944976740285],[-123.9282148969,42.4943345567944],[-123.927713500578,42.4942594517124],[-123.926937179707,42.4941447917488],[-123.926196159925,42.4943269413353],[-123.926134666082,42.4943549237408],[-123.925792865249,42.4945110046792],[-123.925048371385,42.4947632681104],[-123.924997601958,42.4947840550402],[-123.924740281639,42.4948922200999],[-123.92459815638,42.4949377950433],[-123.924505257312,42.4949681201826],[-123.924190135766,42.4950053089479],[-123.92379152296,42.4950093810781],[-123.92354421929,42.4949662217138],[-123.922517049622,42.4948771231807],[-123.920538719186,42.4945331855581],[-123.919735480708,42.4945332521079],[-123.919333246332,42.4946705839803],[-123.918158542882,42.4955854112378],[-123.917571034675,42.4955623364327],[-123.916829058015,42.4953326019181],[-123.916515551651,42.4953326531794],[-123.916150116635,42.4953329292713],[-123.914975707263,42.495561301313],[-123.914115256614,42.4958307867615],[-123.91395491109,42.495882399753],[-123.913535219075,42.4959735721227],[-123.913335595661,42.4960195292779],[-123.91271754378,42.4966082740527],[-123.912213114943,42.4967432326142],[-123.912131315308,42.4968061545804],[-123.911339777009,42.4974112121578],[-123.91048480503,42.4973825993275],[-123.909951373957,42.4973646839331],[-123.908984919319,42.4972337804147],[-123.907930047833,42.4970479274199],[-123.907294574285,42.4976248200295],[-123.906817004601,42.498007408715],[-123.906201210018,42.4984724922118],[-123.906199434756,42.4984739203352],[-123.906095312149,42.4986020440492],[-123.905737709328,42.4990399752147],[-123.905320680205,42.499146133887],[-123.904746375845,42.4992928142121],[-123.903891170041,42.4994920428236],[-123.903616440646,42.4995553892699],[-123.902188330727,42.4992312987854],[-123.901734030101,42.4987716148182],[-123.901505879293,42.4984079541638],[-123.901430446858,42.4982867138608],[-123.900829131359,42.4981829770628],[-123.900787927121,42.4981760037197],[-123.899830373073,42.4984689470843],[-123.899560203241,42.4985142962978],[-123.899098806964,42.4985902170649],[-123.898995697893,42.4986373082652],[-123.898594067862,42.4988198472582],[-123.898361933057,42.498881874399],[-123.898127868306,42.4989425858317],[-123.897611107067,42.4988911527046],[-123.897200752713,42.4988515591522],[-123.896524935577,42.4986430009737],[-123.896483349127,42.4986291738973],[-123.895839430945,42.4987587203387],[-123.894241600969,42.4996121068133],[-123.893827278806,42.4998334560492],[-123.893332202019,42.5001368972001],[-123.891941547964,42.5001835612224],[-123.891116118714,42.5002856828381],[-123.89054681998,42.5003566312536],[-123.890395794131,42.5003763488895],[-123.890148948215,42.5006735586379],[-123.890028760119,42.5009133556669],[-123.889932052422,42.5011085049536],[-123.889897334994,42.5012509656596],[-123.889683932168,42.5021141223689],[-123.889220167976,42.5028462748357],[-123.888756655595,42.5030512600077],[-123.886684264167,42.5034165862065],[-123.886095778397,42.5039424953499],[-123.886084705944,42.5040101009854],[-123.886034536365,42.5043081587946],[-123.886244894986,42.5046202271418],[-123.886435052136,42.5049027095924],[-123.886558232277,42.505314910255],[-123.885908526957,42.5058413140255],[-123.885197815227,42.5061389437573],[-123.885010847972,42.5067788878355],[-123.885011993709,42.5067994454381],[-123.885012072849,42.506933977721],[-123.885012381316,42.5070726217042],[-123.885010796711,42.5071440557536],[-123.885012650214,42.5071439999957],[-123.885300153579,42.5072423030899],[-123.885355015821,42.5072612212284],[-123.885754020731,42.5073959306777],[-123.885692104207,42.5077163132573],[-123.884950472886,42.5080588146626],[-123.884446480221,42.5082375603152],[-123.883402049865,42.5086071376094],[-123.882228332971,42.5087211878326],[-123.88179893817,42.5088070407124],[-123.881083251391,42.508949667793],[-123.880589568554,42.5091473001079],[-123.880340913203,42.509246856857],[-123.879983201563,42.5095872331643],[-123.879909217936,42.5096581276205],[-123.879599144285,42.5103210322899],[-123.879599219828,42.5103224028567],[-123.880370278765,42.5110072725676],[-123.880386955793,42.5112401412196],[-123.880401324262,42.5114648440274],[-123.8800607546,42.5120133630263],[-123.87919477402,42.5123568689744],[-123.878575757165,42.5128369891358],[-123.878284465855,42.5128376249565],[-123.877807701964,42.5128397896246],[-123.877486696154,42.5128399559992],[-123.877470023623,42.5128404641162],[-123.877453351991,42.5128409722331],[-123.877086033793,42.512842546946],[-123.876210384602,42.512845867243],[-123.875512323635,42.5129728191403],[-123.875510471931,42.5129728757976],[-123.875453766078,42.5131544390262],[-123.875357149213,42.5134525319089],[-123.875446731581,42.5140291286414],[-123.875446808024,42.5140305001075],[-123.875552304795,42.5141590779791],[-123.875719802627,42.5143681379793],[-123.875845344387,42.514423348259],[-123.876094650847,42.5145351942439],[-123.876144036218,42.5145556556191],[-123.87621062562,42.5145852028449],[-123.876291761556,42.5146760838343],[-123.877088712874,42.5155592477611],[-123.877088721867,42.5159930537365],[-123.876934078045,42.5163821481177],[-123.876895533102,42.5164231329213],[-123.876699328911,42.516632281055],[-123.876839963993,42.5175258159637],[-123.876888237802,42.5175929872266],[-123.877065751383,42.5178484162714],[-123.87721912896,42.5180702592351],[-123.877364488181,42.5182813642936],[-123.877438357594,42.5185083738624],[-123.877519158982,42.5187598827624],[-123.877860312304,42.5189210961317],[-123.878279596926,42.519752604799],[-123.878598751931,42.5203853596967],[-123.878854868058,42.5207523361514],[-123.879248566068,42.5213237878626],[-123.879248145186,42.5218495872887],[-123.878442370619,42.5244110849037],[-123.877916681809,42.5249364058905],[-123.877849729981,42.5249672733211],[-123.877039114364,42.525342019019],[-123.876718864884,42.5254904206465],[-123.876210341434,42.5257241760299],[-123.875911208036,42.5259186076577],[-123.875837575144,42.5263299458704],[-123.875833313257,42.5263534136791],[-123.875896463651,42.5272218539055],[-123.875858556327,42.5274412848875],[-123.875818010393,42.5276800153205],[-123.874970241983,42.5287560091825],[-123.874909215788,42.5297613900761],[-123.874692948621,42.5303116015992],[-123.874200398929,42.5306999882139],[-123.873519621134,42.5309746600526],[-123.873378065146,42.5314333646581],[-123.873181554285,42.5320722052681],[-123.872804250915,42.5325641596083],[-123.872407852241,42.5330800314184],[-123.871728838015,42.5337211787894],[-123.871268861768,42.5340618851479],[-123.870894403854,42.5343382153364],[-123.870740207894,42.5346366814377],[-123.870863265727,42.5350475313186],[-123.870092400144,42.5355061289048],[-123.86931818009,42.535804203801],[-123.867895924757,42.5369017013525],[-123.867216644333,42.5378407266683],[-123.866427060261,42.5385318709492],[-123.865856998901,42.5390310198657],[-123.865828738605,42.5395590361207],[-123.86573395276,42.541364410739],[-123.865594656768,42.5415306279362],[-123.865272389209,42.5419124333122],[-123.864590882963,42.5422104065851],[-123.863744769306,42.5423856943444],[-123.863478614946,42.5424404378759],[-123.862148290111,42.5430573323301],[-123.861499349216,42.5436755361971],[-123.861315415374,42.5444773366598],[-123.860819046262,42.5449344152911],[-123.860138773885,42.5452556603205],[-123.859713214693,42.5460194707221],[-123.859397194725,42.5465822799483],[-123.858935773267,42.5469669046989],[-123.858903851831,42.5469939554068],[-123.858222735891,42.547199896558],[-123.857860428716,42.5474634563735],[-123.857665903559,42.5476052497825],[-123.857451671557,42.5477599952276],[-123.857016245004,42.5480779298526],[-123.856491472603,42.5484589699056],[-123.855608984967,42.5494891792823],[-123.855234035123,42.5499274575861],[-123.854885217779,42.550334744353],[-123.854915458382,42.5513181332253],[-123.85519421584,42.5520276848299],[-123.855597246116,42.5526675848412],[-123.856959987014,42.5546114586519],[-123.857479053216,42.5550323116919],[-123.857580151403,42.555114367634],[-123.858416258304,42.556029447601],[-123.859189166247,42.5573788722372],[-123.85958738425,42.5579639936435],[-123.860056718842,42.5586595320119],[-123.860208819381,42.5591258026138],[-123.860397266021,42.5597117819732],[-123.86036699574,42.5607409373445],[-123.860275592245,42.5614040281734],[-123.859533469894,42.562456102767],[-123.859610377217,42.5630399678203],[-123.859626629765,42.56316577578],[-123.85954018693,42.5632480151838],[-123.858513063127,42.5642181021837],[-123.858429259802,42.5645157930695],[-123.858411976631,42.5645726014445],[-123.858214527778,42.5652663555579],[-123.857602063384,42.5659781536689],[-123.857031165656,42.5663674530956],[-123.857029312153,42.5663675088535],[-123.855918195268,42.5668953182644],[-123.85520574425,42.5675126551849],[-123.854586859596,42.5681765805848],[-123.854472917291,42.5685342112849],[-123.854340132391,42.5689541856872],[-123.85402718091,42.569306844935],[-123.853628524037,42.5697554438587],[-123.853536547674,42.5705105254405],[-123.853320913629,42.5708767158878],[-123.850444739633,42.5738505823385],[-123.849980596827,42.5745606051879],[-123.849951990292,42.5784479094435],[-123.84948863799,42.578836666579],[-123.849364918256,42.5795226892208],[-123.849643968894,42.5803709090902],[-123.849613919846,42.580701292131],[-123.849581523568,42.5810564559907],[-123.849861305355,42.5820858658701],[-123.849771226561,42.5823384368694],[-123.849706961007,42.582520215036],[-123.849428697277,42.5828635761931],[-123.849420332682,42.5830148376647],[-123.849367343728,42.5839389711067],[-123.848779340894,42.5847625495521],[-123.847634647821,42.5856317380143],[-123.845993812265,42.5863648536551],[-123.843549890215,42.5873253053186],[-123.841600471185,42.5879893925965],[-123.841338585907,42.5881592664371],[-123.841105319755,42.5883090566177],[-123.840516721569,42.5892932261016],[-123.839998971975,42.589506484137],[-123.839681022061,42.5896368543574],[-123.839403304219,42.5900254747959],[-123.838134842849,42.5905742968664],[-123.837931990869,42.5907368951916],[-123.83751042017,42.5910776672006],[-123.837111901793,42.5913985264209],[-123.836246292632,42.5915371038543],[-123.835920904426,42.5916676863147],[-123.835564584938,42.5918101775977],[-123.835100464615,42.59222223257],[-123.834793027776,42.5926117343441],[-123.833430825572,42.592977985046],[-123.832877449335,42.5934229102392],[-123.832788544156,42.5934955916483],[-123.832749392171,42.5935269680951],[-123.831820209035,42.5940984809602],[-123.830580829042,42.5947396921831],[-123.8304018046,42.5948631223353],[-123.830149360405,42.5950368021068],[-123.830126740657,42.595335379724],[-123.830118149433,42.5954495810334],[-123.830312084635,42.596071140271],[-123.830582573727,42.5969361378925],[-123.830336213445,42.5979648966627],[-123.830242970836,42.5981955799621],[-123.829901026111,42.5990405011183],[-123.829281702588,42.599910210288],[-123.829070921286,42.6006400002359],[-123.828911646855,42.6011911533491],[-123.829128746794,42.6016253190533],[-123.829188634448,42.6021067549228],[-123.829222240314,42.6023803098035],[-123.82829399787,42.6060858952479],[-123.828016810627,42.6065884130249],[-123.827520180712,42.6068174487663],[-123.826684643082,42.6070003483874],[-123.825972883642,42.6070683371341],[-123.824796170207,42.6073671422798],[-123.823319710936,42.6079274999542],[-123.823103050765,42.6080094857492],[-123.822565999921,42.6082136246591],[-123.821636972368,42.6084885141337],[-123.821168169276,42.6088869173974],[-123.82101899603,42.60901355723],[-123.821017216271,42.6090149826554],[-123.820769978252,42.609929801819],[-123.820754244613,42.6100497066287],[-123.820677412832,42.610614855891],[-123.820430559723,42.6110958537907],[-123.819811429554,42.6117362412346],[-123.819471723241,42.612354546725],[-123.819254674564,42.613176482109],[-123.819409321983,42.6137264768955],[-123.819068656094,42.6148705979998],[-123.819407884866,42.6158722251232],[-123.819625395795,42.6165178133464],[-123.819888176798,42.6171414554139],[-123.82052379064,42.6186668755759],[-123.8210751479,42.6196717708356],[-123.821112457174,42.619742042961],[-123.821397391177,42.620023189019],[-123.822010798959,42.6206336011598],[-123.82201265516,42.6206335454019],[-123.823156441716,42.6215259939295],[-123.823882256661,42.6222195223132],[-123.824209848206,42.6225323343998],[-123.825234026729,42.6233102794459],[-123.82778830009,42.6248358929622],[-123.828004991737,42.6249227548813],[-123.828562250348,42.6251517987166],[-123.828916033748,42.6252977020274],[-123.829018738124,42.6253399287947],[-123.829134736279,42.6253872484228],[-123.829830465304,42.6255311399502],[-123.8303683759,42.6274712950643],[-123.830410144912,42.6276224261341],[-123.831782365564,42.6325632807709],[-123.831649738944,42.6327210128645],[-123.828147855339,42.6368661707372],[-123.821746983736,42.6444434625958],[-123.818854898934,42.6478630726228],[-123.818364271094,42.6484460698303],[-123.818124926424,42.6487277797633],[-123.817808915449,42.6491037566331],[-123.817178289247,42.6498474294154],[-123.816734832646,42.6503754708514],[-123.815645118727,42.6516682319034],[-123.814068361666,42.6535438516675],[-123.813076445422,42.6547224707655],[-123.811832987902,42.6561996144207],[-123.811045206971,42.6571332608913],[-123.810977208331,42.6572162827053],[-123.810849595432,42.6573656034399],[-123.810330824208,42.6579809753418],[-123.809682867171,42.6587511997081],[-123.803874939277,42.6656535161969],[-123.803773653132,42.665774589226],[-123.803387362836,42.6662294870013],[-123.799755648604,42.6705203080658],[-123.797853997064,42.6727677453352],[-123.797275766264,42.673457573908],[-123.791089983716,42.6808192829836],[-123.789592248284,42.6826015818975],[-123.787402283988,42.685207420586],[-123.78132974677,42.6924361514073],[-123.780055233862,42.6939522635861],[-123.780035982974,42.6939747961],[-123.779988785654,42.6940311008547],[-123.778994056331,42.6952163380636],[-123.774575688018,42.7004766984409],[-123.774527219955,42.7005096999627],[-123.774335204806,42.700641650292],[-123.774211432911,42.7007276623518],[-123.774078665098,42.7008194291734],[-123.773795820221,42.7009238503555],[-123.773644324926,42.700979102004],[-123.773609372774,42.7010899560367],[-123.773580668213,42.7011786606667],[-123.773489718875,42.7014586457],[-123.773675707668,42.7024196369567],[-123.773489506635,42.7029001096524],[-123.773385943407,42.7030157282933],[-123.772961421133,42.703494975213],[-123.772378998592,42.7040145576258],[-123.772371861572,42.7040202593275],[-123.772232322763,42.7040902589583],[-123.77209271021,42.704158887123],[-123.771783000785,42.7043176318533],[-123.771178201313,42.7043546335595],[-123.770293299896,42.7044094760166],[-123.770261180609,42.7044351309765],[-123.769648110972,42.7049048046131],[-123.769555101287,42.7049748069418],[-123.769549822266,42.7049804528856],[-123.769376603847,42.7050473201778],[-123.76908317305,42.7051630206569],[-123.768779004348,42.7054245560984],[-123.76849220605,42.7064214078218],[-123.768889448289,42.7068490399513],[-123.768958640329,42.7069238851292],[-123.769143495076,42.7073824656283],[-123.768896363177,42.7078386368437],[-123.768718211976,42.7079866436687],[-123.76811936062,42.708479229333],[-123.76755142256,42.7086826110137],[-123.767096713642,42.7088455996447],[-123.766475491651,42.7092344988731],[-123.766568422195,42.7095077066154],[-123.766450694644,42.7096717816275],[-123.766367549623,42.7097867941253],[-123.766163182285,42.7100701021536],[-123.76576150369,42.7106296450422],[-123.765388460409,42.7108574972758],[-123.765178127868,42.7111684342759],[-123.765171137438,42.7111768762119],[-123.765171211182,42.7111782467787],[-123.76514464431,42.711272377918],[-123.765016492717,42.7117264222367],[-123.764239090861,42.7133966080671],[-123.763738523714,42.7138492179671],[-123.763555652871,42.7140138280757],[-123.7631323213,42.7142417747382],[-123.763090679092,42.7142635877944],[-123.763090752836,42.7142649592605],[-123.762656800271,42.7146757992488],[-123.762439454817,42.7152024683193],[-123.762284258811,42.7152935048914],[-123.761972079848,42.7154770043603],[-123.761431431715,42.7156356231855],[-123.761042915598,42.715749970185],[-123.760293164298,42.7170033517233],[-123.760281186228,42.7170229227697],[-123.76023506,42.7170997788318],[-123.759693764356,42.7173503866111],[-123.759397719229,42.7174881015947],[-123.758776331762,42.7179456002094],[-123.758670820602,42.7183371956052],[-123.758589884316,42.7186319762847],[-123.758308672607,42.7188378940536],[-123.758096518939,42.7190816022342],[-123.757968424004,42.7192267519131],[-123.757564596029,42.7201638499818],[-123.757204771883,42.7205697517927],[-123.757160955114,42.7206204555696],[-123.756852952602,42.7208477466262],[-123.756756260193,42.7209192166486],[-123.75666422987,42.7212156916509],[-123.756678512903,42.7213772656484],[-123.756693901203,42.7215593999464],[-123.75657320409,42.7217729727445],[-123.756445438306,42.7219936160126],[-123.755723772834,42.7227340827118],[-123.755422112341,42.7230449261825],[-123.754992545769,42.7240239506448],[-123.754911261445,42.7242089133107],[-123.754800125925,42.7244620149101],[-123.754750354745,42.7246790024341],[-123.754643431649,42.7251488847133],[-123.754798894753,42.7258582033934],[-123.75498470458,42.7262316657588],[-123.755356332329,42.726978591389],[-123.755431873582,42.7271713206],[-123.755634731857,42.7276884307765],[-123.755664858247,42.7280060434442],[-123.755696458625,42.7283510683472],[-123.755570704624,42.7291976550478],[-123.755105469142,42.7298606037839],[-123.754887512149,42.7299973951637],[-123.754902718785,42.7302454299827],[-123.754917762645,42.7305250453946],[-123.754297387814,42.7310044496957],[-123.754297298781,42.7310373999561],[-123.75429726101,42.7312790172129],[-123.754452245675,42.7315984698935],[-123.754452962434,42.7318194728904],[-123.754452088293,42.7319416790653],[-123.754390553082,42.7320093728343],[-123.753985629733,42.7324440376623],[-123.753367005883,42.7327833599641],[-123.753023249024,42.7329704989894],[-123.752835744874,42.7331544454213],[-123.752774038791,42.7335653465635],[-123.752995352953,42.7346681150415],[-123.753021096047,42.7348005258237],[-123.752845955776,42.7349374350147],[-123.752463382379,42.7352341591292],[-123.752089604352,42.735486695055],[-123.752058354709,42.7358061009708],[-123.75215806884,42.7359981278114],[-123.75221402106,42.7361035733213],[-123.752213771049,42.7363067571512],[-123.752214422158,42.736492068754],[-123.751903156905,42.7373880012553],[-123.751240375443,42.7392977287072],[-123.751225924237,42.7393407082072],[-123.751209686078,42.7393851131325],[-123.750805430027,42.7399721276117],[-123.750266212716,42.7407511590388],[-123.74971670806,42.7415469601241],[-123.749683105791,42.7417881843772],[-123.749654365257,42.7419812166599],[-123.749406522893,42.7422561511005],[-123.748712784068,42.742482318904],[-123.74785611237,42.7427612850054],[-123.747551922084,42.7429582338355],[-123.747112600566,42.7432401200356],[-123.746027178212,42.7446363498877],[-123.74598922862,42.74465804873],[-123.7459259802,42.7446942131675],[-123.745215577837,42.7450965653543],[-123.745096296257,42.7451645639935],[-123.74497772784,42.7452805909266],[-123.744905230792,42.7453527165547],[-123.744724735058,42.7455295790269],[-123.744444898413,42.7463545604147],[-123.7441936719,42.7467407769653],[-123.744075055819,42.7469254446536],[-123.743644208613,42.7472619817551],[-123.743578118335,42.7473147009128],[-123.742927249293,42.7476123423358],[-123.742274897269,42.7482298869998],[-123.741655943367,42.7490537523288],[-123.740910246211,42.7493898343734],[-123.740799321132,42.7495097508744],[-123.740492752139,42.7498371670517],[-123.740490892341,42.749837221011],[-123.740103968923,42.7511334345604],[-123.739452234733,42.7517289800085],[-123.738584423133,42.7522553001421],[-123.737967095205,42.7528676808988],[-123.737684038088,42.7531477288846],[-123.73765876444,42.7538238877623],[-123.737656339868,42.7538829903078],[-123.737654894658,42.7539255893945],[-123.737854320221,42.7541710152802],[-123.737934001953,42.7542675413141],[-123.737840576781,42.7547493701873],[-123.738088992013,42.7554573830519],[-123.738152064166,42.756600476231],[-123.738135468977,42.756708038745],[-123.737967455833,42.7577452808201],[-123.736355719641,42.7605597280491],[-123.735726017042,42.7612561963165],[-123.735650357078,42.7613393908003],[-123.735636354634,42.7613562710751],[-123.735486747915,42.7615198649498],[-123.735425789169,42.762504571329],[-123.735141179822,42.7631745356763],[-123.735084824705,42.7633052179615],[-123.7352091263,42.7639221196102],[-123.735235069943,42.7639543144401],[-123.735520596598,42.7643111879111],[-123.735486039249,42.7646402948138],[-123.73545926913,42.7649060273913],[-123.734281811956,42.7663006870271],[-123.733753310067,42.7670793191553],[-123.733303852291,42.7681865024052],[-123.733030500657,42.7688588796336],[-123.733010815397,42.7689088729462],[-123.732358376138,42.7693218065562],[-123.731427094885,42.7696426118171],[-123.731024171628,42.7701224307057],[-123.730943366643,42.7702840217902],[-123.730712508875,42.7707410005967],[-123.730545974217,42.7709023326765],[-123.730310248419,42.7711288197393],[-123.729752784763,42.771471715947],[-123.729750996911,42.7714731395738],[-123.729665864388,42.7717282070911],[-123.729565962299,42.7720207673446],[-123.729503275955,42.7727309583671],[-123.729353868886,42.7730386820896],[-123.729192755341,42.773371454629],[-123.72882683559,42.7735330717939],[-123.728107796138,42.7738518140101],[-123.726857008244,42.7740884858949],[-123.726524884116,42.7741502729168],[-123.725178203311,42.7743361636831],[-123.724538240347,42.7744260779012],[-123.724023461214,42.7746620006508],[-123.72313937818,42.7750664824323],[-123.722478350396,42.7756004108304],[-123.722147794685,42.7758666892963],[-123.72187502761,42.7761683605814],[-123.72134006769,42.7767604130627],[-123.7207514758,42.7776052379914],[-123.720626721846,42.7781318863775],[-123.72084546035,42.7792293020907],[-123.720721454631,42.780259750687],[-123.720472549269,42.7812196789451],[-123.720453832578,42.7812531670001],[-123.720163272417,42.7817461690505],[-123.719419756117,42.7822728534095],[-123.718533342939,42.7827762039587],[-123.716975717156,42.7836599812232],[-123.716841877351,42.7837366043609],[-123.716624953679,42.783827981776],[-123.71660948444,42.7838174462182],[-123.716438795814,42.7836919566186],[-123.71623062884,42.7838077919961],[-123.716210743031,42.7838193482843],[-123.716212635205,42.7851509195793],[-123.71637738291,42.7851296901831],[-123.716555010705,42.7851053428374],[-123.716688194904,42.7850863968198],[-123.716801347604,42.785006251937],[-123.716932527214,42.7849146047253],[-123.718456360972,42.7838505943295],[-123.719015098068,42.7835983282004],[-123.719509763864,42.7836128630432],[-123.719821479678,42.783621700681],[-123.720569271355,42.783804636275],[-123.721873586896,42.7840785517838],[-123.722132216628,42.7841053920503],[-123.722134078225,42.7841053389902],[-123.722550859135,42.7837775361045],[-123.723209008189,42.7835374737754],[-123.723216306188,42.7835345168045],[-123.72356456865,42.7833899049202],[-123.724410536617,42.7830373203161],[-123.724603353062,42.782843663904],[-123.724686498983,42.7827602607775],[-123.725109374598,42.7823375479396],[-123.725857811988,42.7815896591355],[-123.726109025911,42.7813380234311],[-123.726743563265,42.780830922709],[-123.727610402698,42.7801372504338],[-123.730110820158,42.7796378308213],[-123.732310732754,42.7800366621623],[-123.733156619782,42.7804857377267],[-123.733806780159,42.7808292922381],[-123.734010109679,42.7809373331914],[-123.734707093258,42.7812850137924],[-123.735210713604,42.781536716946],[-123.735210787348,42.7815380884121],[-123.736147120993,42.7818307601815],[-123.736285455609,42.7818734177241],[-123.736353691669,42.7818947730254],[-123.736810514893,42.7820380026517],[-123.736903457129,42.7820682513488],[-123.738009827392,42.7824383367599],[-123.738387914071,42.7826772011919],[-123.738432328889,42.7827061116977],[-123.738669657279,42.7828570880842],[-123.739109646993,42.7831380812575],[-123.739139028743,42.7831646832036],[-123.739209986152,42.7832367530738],[-123.739411105138,42.7833379852599],[-123.73951514231,42.7834708699847],[-123.739787320329,42.7838198896762],[-123.74010977045,42.78423746109],[-123.740609523711,42.7857371543462],[-123.741211174656,42.7867382913391],[-123.742110047041,42.7873381472377],[-123.743710411306,42.7876375189564],[-123.745249937335,42.7876366169364],[-123.745510916096,42.7876372518577],[-123.745925694215,42.7876210496718],[-123.748111312087,42.7875381339778],[-123.749911610932,42.7876380180801],[-123.750150111139,42.7876365530845],[-123.750610510067,42.7876368489615],[-123.750811863776,42.7876378391151],[-123.751212551318,42.7879487626253],[-123.75141030684,42.7884372132069],[-123.751412168437,42.7884371592476],[-123.751611389854,42.7885370532425],[-123.751851828099,42.7885369003577],[-123.751911527795,42.7885379031018],[-123.752045451237,42.7886712779572],[-123.752210921097,42.7888366785699],[-123.752611033972,42.7891366330492],[-123.753212511348,42.7894375713869],[-123.753811666675,42.789937634914],[-123.753911245008,42.7899868943798],[-123.754010897985,42.7900375253116],[-123.754279046141,42.7901710953199],[-123.754612316905,42.7903370840892],[-123.754907234281,42.7903792640918],[-123.755311126108,42.7904374790065],[-123.755562411976,42.7905001518606],[-123.755679570256,42.7905296766033],[-123.755900637105,42.7905849948017],[-123.756110389583,42.7906378974211],[-123.756252790934,42.7906515824047],[-123.757111141666,42.7907376942892],[-123.757449236393,42.7907854689743],[-123.757811820559,42.7908380190594],[-123.758178737659,42.791040079636],[-123.758711105733,42.7913375187116],[-123.759546268346,42.7917537717192],[-123.759912235761,42.7919380086323],[-123.760306528224,42.7922326157426],[-123.760312333347,42.7922365646658],[-123.760312407092,42.7922379361319],[-123.760511656388,42.792337813939],[-123.760533990151,42.7923371610312],[-123.760757692913,42.7923374775926],[-123.760938516899,42.7923376781414],[-123.761111821653,42.7923367239607],[-123.761812709189,42.7923368013024],[-123.762329051345,42.7923367860139],[-123.762711245228,42.7923379497366],[-123.764312274991,42.7924379507509],[-123.764770537131,42.7927430250706],[-123.764911729792,42.7928377326753],[-123.765311680789,42.7932364938691],[-123.765544256262,42.793469926396],[-123.766011347046,42.7939381053593],[-123.766711129315,42.7945381186393],[-123.767106008136,42.7947736537811],[-123.767211930286,42.7948364453457],[-123.767307211658,42.7948748356052],[-123.767711196115,42.7950373421996],[-123.76967147356,42.795677244909],[-123.77060521356,42.7959834451799],[-123.771475124178,42.7964878290501],[-123.772597259556,42.7971399319624],[-123.772831166925,42.7972250429015],[-123.77317920006,42.7973521063147],[-123.774582736904,42.7978641299257],[-123.774835709001,42.7979569138805],[-123.775169453707,42.7980953726034],[-123.776202861972,42.7985194101427],[-123.777343193334,42.7989897160027],[-123.778655761054,42.7993011836028],[-123.780912694265,42.7998374421443],[-123.781251305204,42.7998933691837],[-123.781512857732,42.7999378361623],[-123.782110343917,42.7998515956747],[-123.782213982689,42.7998375608548],[-123.782259250064,42.7997442463],[-123.782313079885,42.7996369499853],[-123.782512613366,42.7996379374409],[-123.782912049052,42.799337869647],[-123.783312825626,42.7993370449687],[-123.783806441014,42.7991577561256],[-123.784413367383,42.7989366856796],[-123.784790904577,42.7987484575753],[-123.785014106416,42.7986361682246],[-123.785312433122,42.7986369830104],[-123.78611390893,42.7987369075823],[-123.786159250049,42.7987479269753],[-123.786512752861,42.7988377206843],[-123.78681286742,42.7988371064474],[-123.787499937772,42.798307505587],[-123.788742144334,42.7982159366163],[-123.789487211066,42.7978960333753],[-123.78993096804,42.7975548171012],[-123.790127720818,42.7974021122178],[-123.790287708411,42.7973616930877],[-123.791227156408,42.7971197826519],[-123.791476247031,42.7970039688581],[-123.791725412298,42.7968895247319],[-123.792605809011,42.7957693390838],[-123.793432137583,42.7947180154241],[-123.793640630111,42.7945416170021],[-123.793836615767,42.7943751983568],[-123.794749880003,42.7941669792228],[-123.794786654181,42.7941576541525],[-123.794922959027,42.7941275385551],[-123.795055466037,42.7940961630076],[-123.795142041972,42.7940771288565],[-123.795351057905,42.7939446443299],[-123.79579446864,42.7936665649601],[-123.796476569338,42.7928432599086],[-123.797036318172,42.792545259656],[-123.797205859263,42.7923727526005],[-123.797440744195,42.7921337883437],[-123.797658060871,42.7916070392336],[-123.797834470085,42.7915263097914],[-123.798172546826,42.7913680327086],[-123.798399632837,42.7912253966348],[-123.799428691081,42.7905785106898],[-123.800280036994,42.789681524183],[-123.800514449782,42.7894343293309],[-123.800826339164,42.7891381591987],[-123.800855739801,42.7891304241298],[-123.800984661213,42.7891018931379],[-123.801276438157,42.7887788602562],[-123.801315133287,42.7887365282682],[-123.802315144328,42.7880369321587],[-123.802808298364,42.787817755685],[-123.803214073371,42.7876368633506],[-123.803787438839,42.7875553371092],[-123.803915019363,42.7875364522455],[-123.804221785307,42.7873516271759],[-123.804413122368,42.7872374951144],[-123.804713290886,42.7871366100666],[-123.805013423431,42.7871373169337],[-123.806614385745,42.7872367100062],[-123.807214250637,42.7875374109228],[-123.807470965712,42.7876643322432],[-123.807614734932,42.7877369453038],[-123.808015115805,42.7880367001337],[-123.808576728034,42.7881490731213],[-123.809013944238,42.7882363082591],[-123.809361085246,42.7883124889303],[-123.809914072976,42.788437467715],[-123.810214136273,42.7884367896262],[-123.810841093242,42.7883467710867],[-123.810915079567,42.7883363353536],[-123.811362649667,42.7882722370741],[-123.811466181419,42.7891752580318],[-123.811479048919,42.7893080447305],[-123.811479123563,42.7893094161967],[-123.828976205587,42.7891669051286],[-123.8497914703,42.7889933206853],[-123.849927051192,42.7814176970691],[-123.861797582392,42.7813168318064],[-123.868809637755,42.7812573938137],[-123.868811499351,42.7812573371564],[-123.869290178799,42.7748986365629],[-123.888736541358,42.7749224056445],[-123.906796888566,42.77498518282],[-123.913661114269,42.7749260469995],[-123.925402046867,42.77482508461],[-123.925551191334,42.7676564563804],[-123.925680956311,42.7614618541813],[-123.925849529732,42.7533219806249],[-123.926131996894,42.7468645893294],[-123.926453648417,42.7394888778095],[-123.938094868683,42.739129950287],[-123.937502665116,42.728709759348],[-123.957234612787,42.7291228098698],[-123.957236471686,42.7291227523132],[-123.957327190797,42.7241278763005],[-123.957503704332,42.71437856342],[-123.967811104998,42.7143832021231],[-123.976930727871,42.714388312071],[-123.977228296449,42.7002567503488],[-123.994281905685,42.7000821172959],[-123.996640772554,42.7000574264092],[-123.996646371733,42.6955470448603],[-123.996656965746,42.6859359442885],[-124.015509365665,42.6857507909663],[-124.02899460082,42.6858838996223],[-124.035217694441,42.6859443898218],[-124.057020207916,42.6859824176545],[-124.069866418101,42.6860019518286],[-124.069874795286,42.6854497303208],[-124.076380456793,42.6854082266084],[-124.090115545196,42.6853213152266],[-124.089484683371,42.6783543266909],[-124.10873222741,42.6780526661976],[-124.120156836968,42.6780026207244],[-124.12015675513,42.6780012501576],[-124.12015861223,42.6780011899031],[-124.119405304111,42.6708789891741],[-124.128406656242,42.6709014155679],[-124.128323482443,42.6664705403832],[-124.129940212571,42.6664383626403],[-124.13300663275,42.6663807700565],[-124.133064425883,42.6675610825779],[-124.133223101365,42.6708567273561],[-124.138989711706,42.6708013327154],[-124.138822941426,42.6817418758869],[-124.13876986164,42.6852243377331],[-124.138965885967,42.6978968591528],[-124.138997301984,42.6998744305606],[-124.13910556507,42.7143678363067],[-124.139052264051,42.721499990732],[-124.138995786626,42.7288272413841],[-124.138888933677,42.7397138261322],[-124.16023090793,42.7394960481042],[-124.160225651393,42.7442416761125],[-124.160214657181,42.7536327287675],[-124.160447548316,42.7682830608147],[-124.160284987762,42.781511536828],[-124.160190342211,42.7892137454181],[-124.164561800986,42.7893913417371],[-124.164861877773,42.8033159928389],[-124.164900000035,42.8100005268029],[-124.164941887758,42.8172081136636],[-124.159279214764,42.8173941788983],[-124.160803788664,42.8281465749046],[-124.141954047142,42.8286033576589],[-124.141958530262,42.8300079179311],[-124.14196826992,42.8324586280633],[-124.14200010592,42.8456698254022],[-124.141891760097,42.8492874427614],[-124.146482487077,42.8493790899731],[-124.146784151168,42.8598105557126],[-124.151057444445,42.8600717044457],[-124.151290219568,42.8639198684073],[-124.156413303831,42.863752039625],[-124.156438089146,42.8677663119658],[-124.156438171884,42.8677676816333],[-124.161013831623,42.8676175973742],[-124.160705624965,42.8823259509819],[-124.180363371372,42.8824729208886],[-124.180385375984,42.8896909623681],[-124.160886420172,42.8896760237296],[-124.139737851421,42.8904200427508],[-124.140384072767,42.8956828232038],[-124.141435912637,42.9042595136657],[-124.141454710267,42.9188033192179],[-124.121446329884,42.918917266019],[-124.121493064054,42.9335397019957],[-124.121701103323,42.9406115146098],[-124.121550225862,42.9553351773766],[-124.127354203933,42.9552937842808],[-124.131494587305,42.9553487544415],[-124.131608326363,42.9614556097886],[-124.131631171841,42.9627964441007],[-124.151456461047,42.9626898762369],[-124.151412492293,42.9709125126024],[-124.151388150343,42.9751701576767],[-124.151381874874,42.9766094533636],[-124.151377287432,42.9773360147453],[-124.146447607771,42.9773363268101],[-124.141437169889,42.9773926081824],[-124.141537992884,42.9764926422217],[-124.14136474029,42.9761014407289],[-124.140635553788,42.9756706816567],[-124.139381987888,42.9750414107326],[-124.139133472831,42.9746732561659],[-124.138629785037,42.9738575189094],[-124.137942687705,42.9732248908161],[-124.137346611657,42.9727678076882],[-124.136598718356,42.9725216380632],[-124.136334466962,42.9724190110286],[-124.135487167099,42.9715169496475],[-124.134780239716,42.9705856000455],[-124.134403562275,42.9697039226979],[-124.13346489309,42.9689599891122],[-124.13265097786,42.9675556203956],[-124.131216429694,42.9666492800403],[-124.129897996595,42.9663351009842],[-124.128683144711,42.9663745650342],[-124.128607542304,42.9663921251965],[-124.128120481175,42.9664079415733],[-124.127163517083,42.9667246306373],[-124.126282055572,42.9669290078675],[-124.126098636143,42.9670503057271],[-124.126019710741,42.9670748383332],[-124.125555506781,42.9674084751211],[-124.124954962002,42.9678069521292],[-124.124394865131,42.9682562938929],[-124.123872025374,42.9686412585872],[-124.123752706023,42.9687714588358],[-124.123561840207,42.9689245774074],[-124.122414822386,42.9700932500035],[-124.121333759945,42.9710222164022],[-124.120826214958,42.9711334130766],[-124.120155228981,42.9712320507186],[-124.119842433082,42.9713479175724],[-124.11941244293,42.9714428625981],[-124.11822966087,42.972018072576],[-124.11684869701,42.9720023641179],[-124.116744858588,42.9627026358181],[-124.110372944256,42.9627316002832],[-124.11036830915,42.9627166445575],[-124.101542284349,42.962663730247],[-124.090611008691,42.963016962363],[-124.080640048899,42.9628563821164],[-124.080601786343,42.9484618199571],[-124.096553407714,42.9481168346243],[-124.101608477149,42.9481612890123],[-124.101517246324,42.9223274340639],[-124.101495034868,42.9213298889633],[-124.101440751789,42.9189506416589],[-124.101444555921,42.9187953566205],[-124.10150791226,42.9156955464124],[-124.10154070424,42.9138984437582],[-124.101659073907,42.9079036951994],[-124.101741923051,42.9046302492866],[-124.096673180323,42.9046399116027],[-124.089612737838,42.904670850979],[-124.081794994244,42.9047503636384],[-124.081701643716,42.918969139814],[-124.072978531034,42.9189973803249],[-124.061948495427,42.9190312829674],[-124.052409589731,42.9190372562644],[-124.042252402826,42.9190441828428],[-124.042480305422,42.9125875937425],[-124.042745308649,42.9050780586056],[-124.041421665777,42.9050569020544],[-124.022556006255,42.9047517791713],[-124.002884942686,42.9051085950857],[-123.98389224673,42.9048256476855],[-123.972689713959,42.9048273680886],[-123.964081385348,42.9048271189764],[-123.947525508595,42.9056348927361],[-123.944325618233,42.9057899718298],[-123.944550990136,42.9094750347451],[-123.944530480197,42.9094756678678],[-123.92012486557,42.9096961051911],[-123.899912598987,42.9094856296581],[-123.891627388693,42.9095578047489],[-123.880278478669,42.9096535303862],[-123.8603395907,42.9096129691633],[-123.84030950428,42.9096415981813],[-123.82872345922,42.9097350584262],[-123.820718062189,42.9097977438709],[-123.820728217333,42.917683519379],[-123.820734289556,42.9243077097331],[-123.82075220585,42.9386446829058],[-123.820769387397,42.9531039162128],[-123.801268167992,42.9531492078697],[-123.780907712921,42.9532355553766],[-123.774198114851,42.9532401985763],[-123.76129842738,42.9532468418683],[-123.742107844601,42.9530819098023],[-123.742105979407,42.9530819637617],[-123.722730208232,42.9531359959295],[-123.703354402883,42.9531866691295],[-123.682210365816,42.9533900732933],[-123.666171477831,42.953541005613],[-123.643097554109,42.9537559867495],[-123.642977769808,42.9673736272911],[-123.643010959288,42.9685835239105],[-123.643009164242,42.968584946638],[-123.643022779078,42.969025241222],[-123.643125891746,42.9729019433701],[-123.643264006928,42.9783454317963],[-123.643525786086,42.9971252429357],[-123.623818433074,42.9975883901921],[-123.60326639273,42.9979218695987],[-123.583016288971,42.9982720701],[-123.583016217924,42.9982706986339],[-123.583109456936,43.0024675072697],[-123.557677930792,43.0030217198765],[-123.532637173567,43.0030193582568],[-123.507596420838,43.0030113902635],[-123.507317507797,43.013870480938],[-123.507322998158,43.0149918716776],[-123.507254370892,43.0286773246988],[-123.507254146062,43.0287102767579],[-123.507076305127,43.0370257249573],[-123.507126129367,43.0423314696217],[-123.507126266064,43.0423342107553],[-123.507259541095,43.0566526426054],[-123.485692796585,43.0565519491132],[-123.48512739911,43.0767039251461],[-123.485094500111,43.0778524250495],[-123.474975188154,43.077862337377],[-123.474621248272,43.0778621323316],[-123.474619377682,43.0778621817943],[-123.474598732845,43.0848678681576],[-123.468236666089,43.0848307954049],[-123.460299023981,43.0847828651372],[-123.444697327919,43.0846877321532],[-123.444697395368,43.0846891027199],[-123.444695524779,43.0846891521827],[-123.444571423732,43.0898058440645],[-123.444366818973,43.0980613533488],[-123.444366634612,43.098134112999],[-123.444365434917,43.098147871727],[-123.444310745345,43.1019284498382],[-123.444316510898,43.1126068181502],[-123.464721063326,43.1126795121498],[-123.464825407167,43.1271071198977],[-123.444795479927,43.1271301713204],[-123.444382486962,43.1271163163649],[-123.444303998631,43.1413166582373],[-123.444299911212,43.1418837086663],[-123.444278957908,43.1560345266721],[-123.424447029007,43.1562365539738],[-123.414421655735,43.1562464357245],[-123.414549819918,43.1705620661864],[-123.426447677019,43.170595351894],[-123.426513752008,43.1850787967491],[-123.406752835375,43.185044973247],[-123.406937487775,43.192619041036],[-123.426866390571,43.1926993064279],[-123.426673299833,43.2086776187771],[-123.426678372009,43.2088971262015],[-123.426651413932,43.2288232905624],[-123.426790053418,43.2360156429077],[-123.446485042551,43.2362732420166],[-123.446266175444,43.2404576831756],[-123.465735551654,43.2404089929807],[-123.465994175091,43.2456406793739],[-123.465594716023,43.2507799316486],[-123.46119482608,43.2509770576452],[-123.461015298018,43.2854261911659],[-123.465759384588,43.2871597962876],[-123.465722926072,43.2950460394432],[-123.465814802611,43.2982325973566],[-123.465906689042,43.3014191561692],[-123.465885165568,43.3161785705846],[-123.465901610571,43.3196636512566],[-123.465911834064,43.3234028623523],[-123.475908846316,43.323428304173],[-123.475770689766,43.3266662709317],[-123.475597027081,43.3307041459796],[-123.485702720604,43.3307341095916],[-123.485691476381,43.3447342686716],[-123.485632747953,43.356121883718],[-123.485615264233,43.3594692521044],[-123.506071453035,43.3595243068013],[-123.505953417017,43.373964044605],[-123.485883097627,43.3739528219652],[-123.465812789029,43.3739380200237],[-123.446836942771,43.3740371792725],[-123.436538501151,43.3740209177312],[-123.435966402827,43.3740207486587],[-123.436002220126,43.3777441649613],[-123.436039470945,43.3816885626771],[-123.425741595898,43.3816712651168],[-123.425879820797,43.3886962770116],[-123.413523704256,43.3886462153506],[-123.406951204235,43.3886185108357],[-123.406909778763,43.3886182077641],[-123.406384539615,43.3886166744201],[-123.389752717814,43.3886208139994],[-123.387023393215,43.3886208571669],[-123.38698008816,43.3886205963635],[-123.386741068146,43.3886212357814],[-123.368749951649,43.3886557607548],[-123.367575527888,43.3886582392864],[-123.360976816227,43.3886697011458],[-123.36099843503,43.3893582661711],[-123.359136680114,43.3893547911907],[-123.358657586978,43.3896099360497],[-123.358245337752,43.3890575859389],[-123.358192165336,43.3888900899058],[-123.358188246091,43.3886897704166],[-123.346656305144,43.3887047801016],[-123.346602671376,43.3872208447662],[-123.336655364653,43.3871851326878],[-123.336587863339,43.4030376712516],[-123.326327268788,43.4030006389684],[-123.326219405001,43.4034673259564],[-123.326169535795,43.4105435704295],[-123.326392974156,43.4175855030686],[-123.31649812309,43.4177291382891],[-123.316404034219,43.4210507150185],[-123.306873955369,43.42087275987],[-123.305935331151,43.4213381671228],[-123.306268658572,43.4229839741312],[-123.306715719655,43.4321109597531],[-123.292968302445,43.4320903481911],[-123.286803377874,43.4320508949329],[-123.286799954155,43.4314922909365],[-123.286008200918,43.4314377551484],[-123.282465470105,43.4314429811087],[-123.282305360204,43.4314428192308],[-123.274120013328,43.4314553171092],[-123.266692067385,43.4314719518691],[-123.266616747365,43.4314724294092],[-123.258879992218,43.4314906442779],[-123.256751778971,43.4314947164081],[-123.256861891063,43.4197034343661],[-123.256856084141,43.4188827130668],[-123.256846636763,43.4176969488552],[-123.256763110429,43.4083647712173],[-123.247505209598,43.4083618646084],[-123.246843171875,43.4085413692888],[-123.246966205426,43.4177833287377],[-123.220112511183,43.4173508843359],[-123.195826882305,43.4173543476251],[-123.18592985398,43.4175277378149],[-123.166926931832,43.4174379459045],[-123.147924068141,43.4173449488104],[-123.147707719136,43.4030102797007],[-123.167518398855,43.4029351359478],[-123.167906706329,43.3735983640733],[-123.160583288588,43.3735974566574],[-123.158125758897,43.3735951480976],[-123.148151748604,43.373267571841],[-123.144189280811,43.3733154688339],[-123.139995308637,43.3733192450871],[-123.134113461867,43.3732786649784],[-123.128873692367,43.3732049331612],[-123.109181028881,43.3739433404129],[-123.109165335712,43.3564417626773],[-123.109185974253,43.3544112203016],[-123.109072171344,43.3449333695794],[-123.089601574753,43.3446792670346],[-123.085113329117,43.3446576230509],[-123.069428534799,43.3445709877609],[-123.059543543,43.3445658085653],[-123.050100138111,43.3445511208376],[-123.030574037162,43.3444774798519],[-123.010027274039,43.3441871598096],[-123.010028710257,43.3442214410667],[-123.01012510409,43.3503366987797],[-123.01029479357,43.3533085786281],[-123.010357282962,43.3554277599832],[-123.012483863939,43.3606549587594],[-123.012485887414,43.3661286149437],[-123.012326171416,43.3772539058431],[-123.012170736191,43.3852538233053],[-123.012171080631,43.3852620512027],[-123.011927594583,43.396232755837],[-123.011712572077,43.4127726336501],[-123.011715927448,43.4130319711486],[-123.011716100118,43.4130360837483],[-123.011795226968,43.4180605933218],[-123.00931813972,43.4303822874127],[-123.008782108707,43.4330487386085],[-123.009244091342,43.4347678592493],[-123.012057156313,43.4452422289457],[-123.01241006827,43.459606358047],[-123.01213786597,43.4610206660709],[-123.010464816698,43.4697311153987],[-123.010463509983,43.4697448696301],[-123.010451269311,43.4698123970246],[-123.009750286447,43.4743478282897],[-123.009597275794,43.4753271198508],[-123.009634368331,43.4809688611241],[-123.009651522899,43.4838014296923],[-123.009579282158,43.4880963876382],[-123.009576280221,43.4881595919916],[-123.00956833561,43.4898109523136],[-123.009534658698,43.4966854545701],[-123.008277516194,43.539498731881],[-122.987676662448,43.5392818954432],[-122.98801315908,43.5469587296617],[-122.986784445046,43.5851381592987],[-122.986879039336,43.605475982031],[-122.988865946606,43.6055826020555],[-122.99155446087,43.6161406114002],[-122.991802536158,43.6202046441291],[-122.991673528411,43.6314047658174],[-122.970160760311,43.6320651074188],[-122.969899910153,43.6258600622921],[-122.960076080347,43.6259851597873],[-122.960117638918,43.6197570614393],[-122.950359280656,43.6196575604481],[-122.95057370871,43.6126928058284],[-122.940657001419,43.6127565129028],[-122.940859790447,43.6057110738071],[-122.932666694113,43.6057244925913],[-122.932018935825,43.592710471611]],[[-123.266664739686,43.3812021643485],[-123.266680305152,43.3739650050809],[-123.246806030774,43.3738438762939],[-123.226931838234,43.3737192365536],[-123.207057729331,43.3735910885579],[-123.187183705863,43.373459432307],[-123.187788942406,43.3881569086145],[-123.207480839669,43.3882215797622],[-123.207628108151,43.4026281226897],[-123.227250385297,43.4028743768511],[-123.246872821623,43.4031172117899],[-123.246742583603,43.3885082926237],[-123.266583580368,43.3886084078518],[-123.266718476876,43.3992227965948],[-123.276525680915,43.3962839668317],[-123.276555901733,43.3920663209041],[-123.286484570007,43.3920542888744],[-123.286292929875,43.3812257355793],[-123.266664739686,43.3812021643485]],[[-123.276171124098,42.9032663608539],[-123.27601741737,42.9025633032539],[-123.275924941883,42.9021359840884],[-123.275798179742,42.9016532424033],[-123.275626554022,42.901006905944],[-123.275276716847,42.8998955768195],[-123.275071588683,42.8993324267502],[-123.274872752176,42.8987842198159],[-123.274457502811,42.8977925580801],[-123.274413614996,42.8976907053618],[-123.274355665382,42.8975672401361],[-123.273904524075,42.8966066652654],[-123.273342195086,42.8955417897218],[-123.27273339543,42.8944808127393],[-123.272067757721,42.8934418331741],[-123.27135840037,42.8924258969377],[-123.270599100068,42.891419432361],[-123.27052800956,42.8913347252175],[-123.26978875065,42.8904389357083],[-123.268930767741,42.8894774606164],[-123.26809971503,42.8886141366332],[-123.268029072384,42.8885390252559],[-123.267943134968,42.8884560556025],[-123.267085463224,42.8876222095973],[-123.266094664837,42.8867340085677],[-123.265380032063,42.8861285696778],[-123.265069414322,42.8858672419797],[-123.264980322084,42.8857967027557],[-123.263996911628,42.8850277158564],[-123.262884615732,42.8842152440383],[-123.261911682378,42.8835516693741],[-123.261732526635,42.883429825626],[-123.261661350691,42.8833835483122],[-123.260548288573,42.8826753888582],[-123.259324509119,42.8819534859647],[-123.25858932144,42.8815489106537],[-123.258068578902,42.8812625620177],[-123.256780748832,42.8806080992844],[-123.255462445236,42.8799804543345],[-123.254336845669,42.8794852939112],[-123.254110185936,42.8793852002668],[-123.252737584872,42.8788343547217],[-123.251522309407,42.8783770656491],[-123.251330589235,42.8783063015946],[-123.249908839321,42.8778225175952],[-123.249636277292,42.8777386450225],[-123.248462698894,42.8773763756193],[-123.24699185499,42.8769610210343],[-123.245504199159,42.8765858643462],[-123.245049829286,42.8764844918659],[-123.243995998317,42.8762509972858],[-123.243344468273,42.8761228978535],[-123.242476385077,42.8759520770268],[-123.240945419695,42.8756904750355],[-123.23939968115,42.8754731367759],[-123.238804839871,42.8754012665553],[-123.237844137297,42.8752862135879],[-123.236279531875,42.8751461576691],[-123.23531187844,42.8750834110706],[-123.234709277811,42.8750460235552],[-123.23313896619,42.8749856718513],[-123.231564738922,42.8749624540541],[-123.229992312095,42.8749789728014],[-123.229282461916,42.8750045720034],[-123.228417952626,42.8750353207235],[-123.226847312753,42.8751327316903],[-123.225285981763,42.875271069904],[-123.223913847446,42.8754253557956],[-123.223728177913,42.8754463576633],[-123.222177934664,42.8756653623666],[-123.221611098274,42.8757587947326],[-123.220647929758,42.8759195359578],[-123.219598994698,42.8761235345735],[-123.219123553709,42.8762161008924],[-123.218175581938,42.876424489099],[-123.217615619965,42.8765465576776],[-123.216129902173,42.8769148840148],[-123.21465900431,42.8773226339325],[-123.213469902714,42.8776891975984],[-123.213202983931,42.8777711779975],[-123.211774704039,42.8782560870488],[-123.211469864443,42.8783664347632],[-123.210373670908,42.8787663938541],[-123.208993163903,42.879318733173],[-123.208766181314,42.8794175749612],[-123.207638712057,42.8799115977421],[-123.206320822148,42.8805296379325],[-123.206320884201,42.8805310102979],[-123.205025133803,42.8811855548695],[-123.20377016586,42.8818761559599],[-123.203219027136,42.8821969549256],[-123.202538645042,42.8825908795655],[-123.201347843728,42.8833402900224],[-123.200193847168,42.8841203637638],[-123.19995162197,42.8842964177455],[-123.199076531257,42.8849283623541],[-123.19800335587,42.8857641050295],[-123.197899017426,42.8858517241778],[-123.197612925096,42.8860905967038],[-123.197431170312,42.8862418509807],[-123.197373529165,42.8862885383854],[-123.197307055776,42.886346417853],[-123.197137922977,42.886487758903],[-123.196949198447,42.8866501611761],[-123.196866494993,42.8867207858357],[-123.196564715789,42.8869847413528],[-123.196266726328,42.8872499757059],[-123.196008525573,42.8874867986769],[-123.195974447563,42.8875178180929],[-123.195022201314,42.8884302162815],[-123.194970394068,42.8884822510551],[-123.194115836676,42.8893675760528],[-123.193367076429,42.8901981862973],[-123.193253187185,42.8903230886397],[-123.192791119115,42.8908859958921],[-123.192444066241,42.8913075000411],[-123.192366364816,42.8914068238659],[-123.191674626083,42.8923032995577],[-123.191149924729,42.8930530013949],[-123.190956791722,42.8933266740868],[-123.190291573997,42.894358381734],[-123.189672186622,42.8954136866923],[-123.189522418025,42.8956972932955],[-123.189103738647,42.8964814868312],[-123.188586293023,42.8975631536167],[-123.188582807251,42.8975687276147],[-123.188121715844,42.8986586420827],[-123.187711814748,42.8997665375957],[-123.18735430096,42.9008772875569],[-123.18735249692,42.9008787039891],[-123.187296382822,42.9010859347681],[-123.187049602557,42.9020004913297],[-123.186801208909,42.9031305740168],[-123.186709571589,42.9036721853232],[-123.186607380726,42.904270324416],[-123.18654849132,42.9047507548435],[-123.186465829235,42.9054101872304],[-123.186422183337,42.9060233881689],[-123.186382334377,42.9065541446581],[-123.186358173191,42.9074372654175],[-123.186351120708,42.907698217199],[-123.186372314131,42.9088451450874],[-123.186454817036,42.9099851086259],[-123.18658973243,42.9111279302099],[-123.186782354622,42.9122666176104],[-123.187021311684,42.9133973280243],[-123.187189181835,42.9140219098833],[-123.187321589919,42.9145210722897],[-123.187321651073,42.9145224428565],[-123.187669952206,42.9156340498716],[-123.188074290096,42.9167456811683],[-123.188472807574,42.9176845113312],[-123.188537541674,42.9178380498861],[-123.188690252853,42.9181637816333],[-123.189047143411,42.9189224380202],[-123.189608447172,42.9199932266062],[-123.190221272194,42.9210463021452],[-123.190885744382,42.9220844048714],[-123.191025386612,42.9222841757742],[-123.19160011995,42.9231103208846],[-123.192358133321,42.9241091025531],[-123.192729317704,42.9245585837117],[-123.193167799255,42.9250929096102],[-123.193853822796,42.9258587147079],[-123.194024896332,42.9260508620577],[-123.194498875023,42.926543151845],[-123.194927867827,42.9269898585952],[-123.195876592331,42.9279071562903],[-123.19649540414,42.9284631972188],[-123.196865227848,42.9287974050762],[-123.197864746061,42.9296379699164],[-123.197895825732,42.9296646698887],[-123.197897690926,42.9296646249226],[-123.198968200722,42.9305048399265],[-123.200080489423,42.9313179565585],[-123.201232260161,42.9320944222198],[-123.202422323132,42.9328493617087],[-123.20364645512,42.9335718959263],[-123.204900738678,42.9342580013057],[-123.205256353998,42.9344401742747],[-123.20618933497,42.9349171836811],[-123.207515790921,42.9355452378225],[-123.208655176195,42.9360419306906],[-123.20886474701,42.9361329276925],[-123.210240547863,42.9366938717249],[-123.211646249375,42.937212896558],[-123.212120526641,42.9373743248652],[-123.213069091066,42.9376971751846],[-123.21351421411,42.9378332273216],[-123.214522075333,42.9381450168791],[-123.215994126128,42.9385594352698],[-123.217481075991,42.9389309218246],[-123.218990695964,42.9392661522112],[-123.219936875386,42.9394517471005],[-123.220511786789,42.9395653962261],[-123.222049697635,42.9398230322072],[-123.22300679123,42.9399602957311],[-123.223595342651,42.9400447726482],[-123.224051657758,42.9400967840394],[-123.225152079005,42.9402222997194],[-123.226712996308,42.9403681337824],[-123.228286617433,42.9404642236451],[-123.229860681026,42.9405287122303],[-123.231434565653,42.940547887575],[-123.233016165564,42.9405311646815],[-123.234584516662,42.9404694496055],[-123.234979450341,42.940444684075],[-123.236156783409,42.9403705583546],[-123.237725185769,42.9402278152615],[-123.239277034308,42.9400497701808],[-123.239759667175,42.939981658227],[-123.240827190323,42.939834684723],[-123.241848798583,42.9396641211023],[-123.24236053531,42.9395788132117],[-123.243112364944,42.9394327039562],[-123.243884593899,42.9392833427521],[-123.244311788958,42.9391877502146],[-123.245393703057,42.9389470430716],[-123.246886180153,42.9385740708368],[-123.247644380584,42.9383632625546],[-123.24825311459,42.9381931872658],[-123.249705171656,42.9377539143118],[-123.251134555016,42.9372685133313],[-123.252543816044,42.9367520200897],[-123.252686921564,42.9366949626025],[-123.253923435418,42.9362005522138],[-123.255278883713,42.9356112309736],[-123.255756186299,42.9353867062316],[-123.256601144327,42.9349911421276],[-123.257895623084,42.934336036379],[-123.259158902561,42.9336528600915],[-123.260383143367,42.9329335751244],[-123.26157605629,42.9321834811828],[-123.262735964093,42.9314067376309],[-123.262797392286,42.9313612957872],[-123.263851421106,42.9305981409915],[-123.263990312403,42.9304903878212],[-123.264926410425,42.9297630818008],[-123.265964663339,42.9289014701268],[-123.266958654318,42.9280121197636],[-123.267910501269,42.9271004716095],[-123.268819953278,42.9261610406995],[-123.269676321005,42.9252050757537],[-123.270494215735,42.9242253507194],[-123.271260644063,42.9232235626174],[-123.271458852844,42.9229441270699],[-123.271985185568,42.9222049661863],[-123.272649251262,42.9211713942445],[-123.272760134972,42.9209833406088],[-123.273269379678,42.9201169472394],[-123.273590734425,42.9195105181959],[-123.273836561408,42.9190487127279],[-123.274073408661,42.9185541890246],[-123.274354527739,42.9179666007781],[-123.274630812962,42.9173146210729],[-123.27481955278,42.9168707031205],[-123.275231701282,42.9157623921208],[-123.27558762327,42.9146499856084],[-123.275589487565,42.9146499388436],[-123.275888934826,42.9135279545515],[-123.276143163276,42.9123974869545],[-123.276337380865,42.9112616468076],[-123.276386103436,42.9108596408598],[-123.276477248826,42.91012166888],[-123.276564699801,42.9089788760743],[-123.276594203859,42.9078347792517],[-123.276583849965,42.9073258079397],[-123.276571233376,42.9066864969843],[-123.276517095987,42.9058752743245],[-123.276494367421,42.9055436736017],[-123.276357888106,42.9044037055666],[-123.276253954356,42.9037680386641],[-123.276171124098,42.9032663608539]],[[-122.736908003402,42.2191176111888],[-122.736924551827,42.2191159042756],[-122.736979682966,42.2191092987552],[-122.73698880389,42.2191063696633],[-122.737038101127,42.219091652258],[-122.737045276818,42.2190860189047],[-122.737104836219,42.2190491404056],[-122.737104784958,42.2190477689394],[-122.73671280735,42.2188279584436],[-122.736677124949,42.2188616092759],[-122.736559516109,42.21897649407],[-122.736759043295,42.2190822129738],[-122.736772204873,42.2190888059037],[-122.736835718594,42.219109471425],[-122.736837614364,42.2191108051196],[-122.736859847404,42.2191130992902],[-122.736908003402,42.2191176111888]],[[-122.729256755795,42.2125358589428],[-122.72994443139,42.2129706137029],[-122.730298410843,42.2131624031225],[-122.730768599791,42.2134533697773],[-122.73287439204,42.2143602254441],[-122.736938196341,42.2162659931811],[-122.736939989589,42.2162645848427],[-122.736947517814,42.216268548155],[-122.738089082145,42.21448240374],[-122.738090726106,42.2144768819026],[-122.737931331166,42.2145089247471],[-122.737883680587,42.214518123013],[-122.737881887339,42.2145195313514],[-122.737863544767,42.2145226466029],[-122.737399435236,42.2150026462552],[-122.737180585216,42.2150743069338],[-122.735985961783,42.2146580952949],[-122.735877436994,42.2146177598019],[-122.735926298959,42.2144905480005],[-122.73635834766,42.2134377116811],[-122.735933593361,42.2133296941101],[-122.735325945736,42.2131663817232],[-122.735394240252,42.2130154521015],[-122.735587897563,42.2130622950889],[-122.735768846555,42.2131148829455],[-122.735772283764,42.2131079536692],[-122.735787188228,42.213111767694],[-122.735985796307,42.2126892886798],[-122.736018423711,42.2126227721233],[-122.736016580101,42.2126228098948],[-122.736028636412,42.2125992422613],[-122.734286781809,42.2121556768431],[-122.733283966682,42.2118851023156],[-122.733686814395,42.2109412557344],[-122.735340835811,42.2109530593362],[-122.735280702642,42.209059558352],[-122.735281644232,42.2090348431835],[-122.732862421164,42.2090398901788],[-122.732835731983,42.2074530400258],[-122.732833477383,42.2071896636721],[-122.732831632874,42.2071897014436],[-122.731772147866,42.2071836831805],[-122.731707433551,42.2070793483333],[-122.731893381874,42.2070673567732],[-122.732041106312,42.2070698586871],[-122.732040704315,42.2070588905554],[-122.732042547925,42.2070588536832],[-122.732056542276,42.2067855452168],[-122.732051009646,42.2067856567327],[-122.731725858861,42.2067757659889],[-122.731719569902,42.2065028676133],[-122.731621836079,42.2065048443231],[-122.731625174362,42.204880344952],[-122.732815943301,42.2048946846421],[-122.732800063972,42.2058224693316],[-122.732798821109,42.2058389584013],[-122.734266209818,42.205847687221],[-122.734286243116,42.2058404215982],[-122.734482784553,42.2057651006789],[-122.734481831271,42.2057390527152],[-122.734451995363,42.2044705688617],[-122.734448307244,42.2044706426061],[-122.732725932855,42.2044519816737],[-122.732718059291,42.2042367388345],[-122.73274746982,42.2036283546649],[-122.731606912729,42.2036239758659],[-122.731549668183,42.2034714706319],[-122.731534568565,42.2018473471774],[-122.732041989446,42.2018466933703],[-122.732778751838,42.2018606058823],[-122.732748736065,42.2017967297353],[-122.732758795882,42.2017690872736],[-122.737689259752,42.2017680431607],[-122.737668318138,42.1999890015912],[-122.737607371983,42.1999874934281],[-122.737606316179,42.1999587034315],[-122.732247778612,42.1999560549281],[-122.731607369584,42.1999525385788],[-122.732140922066,42.1990019443843],[-122.732194129555,42.198943244735],[-122.732809213674,42.1983051820386],[-122.732812049237,42.1982818005647],[-122.73302037539,42.1963101655817],[-122.732906165087,42.1963152197716],[-122.731491042278,42.1963671592171],[-122.731508727446,42.1944789579376],[-122.728447586287,42.1944721986331],[-122.729367933583,42.1855728188306],[-122.729382903698,42.1854270872903],[-122.72884585735,42.181783001984],[-122.729352509311,42.1817659085699],[-122.732830636425,42.1817422429102],[-122.73281427326,42.1816479076249],[-122.732283800957,42.1785415206747],[-122.732183417731,42.1774103048418],[-122.731817167029,42.1709735835641],[-122.736346494595,42.171065725403],[-122.736363207596,42.1708170601593],[-122.736365051206,42.170817023287],[-122.736365739187,42.1707854525866],[-122.737408349316,42.1563052012241],[-122.712907231184,42.1563617433998],[-122.712774075763,42.1707026807841],[-122.708126314678,42.1709027988252],[-122.708115709872,42.1782086788875],[-122.697444259145,42.1781829663709],[-122.693531495982,42.1781675151188],[-122.693533338693,42.1762165627442],[-122.69087774771,42.1762281577033],[-122.690878141613,42.176239125835],[-122.690876298003,42.1762391627072],[-122.690876446391,42.1762432762063],[-122.690862786588,42.1763766258806],[-122.688039830873,42.1763503171135],[-122.688025368876,42.1754835316397],[-122.688026966072,42.1754766410342],[-122.686711941403,42.175478011601],[-122.685654853089,42.1754715148986],[-122.685638506112,42.175117876289],[-122.685644204217,42.1747102954438],[-122.685438104785,42.1745689507965],[-122.685404929694,42.1745696082009],[-122.685216150305,42.1745513951308],[-122.685218627937,42.1742083586289],[-122.685231211251,42.172962383907],[-122.685247802844,42.1708492612844],[-122.685234902069,42.1708495157926],[-122.683753393105,42.170885705411],[-122.683751550394,42.1708857422832],[-122.68375229863,42.1713192613749],[-122.683751805801,42.1728009699888],[-122.681487722081,42.1728224287122],[-122.681487770644,42.1728238001783],[-122.681484085222,42.1728238730234],[-122.681476161296,42.172911833914],[-122.681267505991,42.1729049828787],[-122.681260930148,42.1728241689003],[-122.681260880685,42.1728227983335],[-122.678997562288,42.1728140083599],[-122.678993411017,42.1708371222355],[-122.677885779005,42.170858989251],[-122.677823019816,42.1708574828866],[-122.677861646598,42.1727678353674],[-122.677081371408,42.1728161586389],[-122.67676451507,42.1728265251241],[-122.676726054664,42.1708681533427],[-122.67697893413,42.1708741392302],[-122.676988148584,42.1708739575672],[-122.677009810554,42.1708090489985],[-122.67703478113,42.1707852331521],[-122.677043703304,42.1707768262896],[-122.67716480691,42.1706043156367],[-122.677236571011,42.1705480216739],[-122.677236522448,42.1705466511071],[-122.67725149616,42.1705010815597],[-122.677260367972,42.1704913032311],[-122.677320829393,42.1704283731709],[-122.677318938118,42.1704270376777],[-122.677001296672,42.1703633368985],[-122.677212647246,42.169980510792],[-122.677252542071,42.1699097548314],[-122.677337092733,42.1697983306285],[-122.677476429194,42.1696199743824],[-122.67794412702,42.1697026634472],[-122.677945969731,42.169702626575],[-122.678121413073,42.1694508433818],[-122.678198818621,42.1692942849034],[-122.678303478123,42.1691262151028],[-122.67833476104,42.1689691961715],[-122.678351233922,42.1689139930864],[-122.677907675699,42.1689392118752],[-122.677271237178,42.1687789077205],[-122.677202236694,42.1686540512435],[-122.677194571772,42.1686459708349],[-122.676933476998,42.1683575267785],[-122.676792563126,42.1680776883347],[-122.676663453755,42.1678703280533],[-122.676659573181,42.1678649168325],[-122.676470628317,42.1676861765758],[-122.676466893432,42.1676848779548],[-122.67610305741,42.1674629405623],[-122.676078561676,42.1674483328743],[-122.67552422856,42.1672109433304],[-122.675743580402,42.1672079899568],[-122.676416424378,42.1672002081232],[-122.67641627689,42.1671960946241],[-122.67644406774,42.1653887046251],[-122.675084640843,42.1653798418063],[-122.675089334405,42.1671166224342],[-122.672327785299,42.1671449582732],[-122.671628946419,42.167147738977],[-122.671629092109,42.1671518515768],[-122.671627249398,42.1671518884489],[-122.671616738122,42.167219319616],[-122.670860280577,42.1672095107104],[-122.669052314113,42.1671901887763],[-122.669052898672,42.1672066409737],[-122.669057020265,42.1708531652415],[-122.670770714397,42.1708633671507],[-122.670840795866,42.1708633608555],[-122.670838626701,42.1712173627911],[-122.670287620177,42.1712295737859],[-122.670280117134,42.1719005993332],[-122.67026383221,42.1728434413718],[-122.670251505203,42.1742608961235],[-122.670250246152,42.1742773842939],[-122.670220313117,42.1745249217877],[-122.670265326883,42.1745459884067],[-122.670886602834,42.1748493144444],[-122.670868178424,42.1751611058004],[-122.668604135173,42.1740435893402],[-122.668401236428,42.1739391933392],[-122.668151286952,42.1738082826262],[-122.668061164091,42.1737634082547],[-122.666577891556,42.1730242545657],[-122.666576047946,42.173024291438],[-122.666575038008,42.1730997670407],[-122.666556413048,42.1735624763273],[-122.665425537159,42.1735023566485],[-122.664157934641,42.1734353040961],[-122.66415609193,42.1734353400689],[-122.664142495979,42.173936364072],[-122.663141021741,42.1739367930486],[-122.66320786565,42.1741056020919],[-122.663301011133,42.1744961497776],[-122.663171142734,42.1749432027667],[-122.662948636071,42.1754826197272],[-122.662917839687,42.1755504492938],[-122.662778654311,42.1759949401144],[-122.662768565717,42.1760225771802],[-122.662859292023,42.1765531097383],[-122.662859340586,42.1765544812044],[-122.663105430171,42.1770970610805],[-122.663492662956,42.1774585210939],[-122.663521282981,42.1774853991319],[-122.663954309244,42.1778377292279],[-122.66428101136,42.178104337745],[-122.664258891635,42.1781047721176],[-122.664148007924,42.1780987151836],[-122.664146310904,42.1781028637562],[-122.664143561676,42.1813036543402],[-122.662868348196,42.1794641864231],[-122.662286869044,42.1786181186313],[-122.662283422842,42.17857291241],[-122.662285347391,42.1781064151789],[-122.662867897635,42.1780977439158],[-122.663762582777,42.1781007854229],[-122.663743616974,42.1780860653197],[-122.66376389219,42.1780856678193],[-122.663448688806,42.1778311785661],[-122.663049230637,42.1774891645933],[-122.662723259671,42.1770867161791],[-122.662577055986,42.1768124499347],[-122.662458253745,42.1764265202677],[-122.662432344277,42.1762157488578],[-122.662439421942,42.1761031105701],[-122.6625117724,42.1756462109039],[-122.662565022158,42.1754832789302],[-122.662701886383,42.1751815141156],[-122.662806741038,42.1749654367056],[-122.662841560989,42.1748549999583],[-122.662889377942,42.1746949179362],[-122.662892818749,42.1746358567594],[-122.662902323683,42.1745917692948],[-122.662899504309,42.1744601184398],[-122.662901296657,42.1744065782011],[-122.662815966284,42.1740803572227],[-122.662813735066,42.1740694259633],[-122.662730257295,42.1739517029088],[-122.662669577339,42.1738527406116],[-122.662528571736,42.1736209043813],[-122.661933818591,42.1729191507982],[-122.661622527258,42.1725136689707],[-122.661382149267,42.1721836258737],[-122.661151142211,42.1723267161051],[-122.660906309878,42.1724440092837],[-122.660761873362,42.1723233634326],[-122.660595128263,42.1724583336852],[-122.660244950244,42.1726215903142],[-122.660235880581,42.1726258827783],[-122.660459860334,42.172805337996],[-122.65884333705,42.1738233948338],[-122.658834315951,42.1738290587641],[-122.658211971605,42.1742240023359],[-122.657151001817,42.1747852890099],[-122.653873600686,42.1767741289229],[-122.651835733332,42.176780956576],[-122.651132950925,42.1767795680227],[-122.651256929664,42.1771050425637],[-122.651392210182,42.1774371567994],[-122.651404574062,42.1774739579569],[-122.651583926757,42.17795749824],[-122.651459788838,42.1780463503588],[-122.65302558856,42.1797677741635],[-122.654593464817,42.1814932530113],[-122.654612623973,42.181513458979],[-122.655318754557,42.1821828954243],[-122.655152798163,42.1822890316135],[-122.655143775265,42.1822946964431],[-122.654944473808,42.1826059014413],[-122.654251413972,42.1822023621493],[-122.653658043084,42.1818531239226],[-122.65363801878,42.1817561068589],[-122.653636810091,42.1817218318971],[-122.653435555307,42.1816640216773],[-122.652579754152,42.1814049575728],[-122.652583971973,42.1814199672577],[-122.652780368619,42.1823339608437],[-122.652949520304,42.1831551956558],[-122.652951460142,42.1831579017158],[-122.654660013749,42.1831698339208],[-122.654602521889,42.1832656198126],[-122.654588404331,42.1832837312592],[-122.654586801739,42.1832906218648],[-122.654561280778,42.1838741928398],[-122.65455996597,42.1839414441424],[-122.654513769595,42.1904206475949],[-122.6545777006,42.1905593383428],[-122.654587300863,42.1906222603091],[-122.654635519813,42.1906816839127],[-122.654649538445,42.1907129650314],[-122.655231668707,42.1914204985572],[-122.655239332729,42.1914285807645],[-122.65617686517,42.1913334423845],[-122.657212106254,42.1912363857506],[-122.657810355963,42.1912507596149],[-122.658150012813,42.19136073501],[-122.658916797272,42.1920193652016],[-122.658958084248,42.1920391367968],[-122.6594388807,42.192279425755],[-122.660343770449,42.1927213220314],[-122.66034561316,42.1927212860585],[-122.660399030191,42.1925624657852],[-122.661692345226,42.1924068111255],[-122.662321386822,42.1929775676606],[-122.662287720702,42.1931209097023],[-122.663349382968,42.1940810510997],[-122.663255184379,42.1945466157338],[-122.663251934229,42.1945590272774],[-122.663483423321,42.1946875700754],[-122.663781387601,42.194869686387],[-122.66410553834,42.1948015942182],[-122.66427555877,42.1949656386533],[-122.664290212323,42.1949626079381],[-122.666125305938,42.1945795102363],[-122.666132631815,42.1945779939793],[-122.665778120864,42.1942062915871],[-122.665774287054,42.1942022509332],[-122.66553202858,42.1941342909648],[-122.665412670558,42.1940982182582],[-122.665573062847,42.193990803233],[-122.665574907356,42.1939907672602],[-122.665338312813,42.1937704090772],[-122.66463232792,42.1931120001188],[-122.664553079661,42.192854256219],[-122.664551188387,42.1928529207258],[-122.664299665997,42.192731633658],[-122.664304561007,42.192661569276],[-122.664402465701,42.1926130031876],[-122.664404260748,42.1926115948493],[-122.664097916586,42.1925051016292],[-122.664101211702,42.1924419278527],[-122.664253554158,42.1924197343833],[-122.664253504695,42.1924183629172],[-122.664166596911,42.1922046714085],[-122.664159173907,42.1922034447333],[-122.664023616397,42.1921786630149],[-122.664023905079,42.1921347554147],[-122.664029675129,42.1920893684297],[-122.664123106596,42.1919146706256],[-122.664123058033,42.1919133000588],[-122.664137103644,42.1908003746376],[-122.664136422858,42.1907811822059],[-122.663865502991,42.190632835437],[-122.663672451822,42.1904953093111],[-122.663541211058,42.190384010114],[-122.663304736125,42.1901663885681],[-122.663174706747,42.1899850969347],[-122.663048171236,42.1897982483905],[-122.662992229808,42.1897293747109],[-122.662371552805,42.1889773634147],[-122.662367671331,42.1889719512945],[-122.662282040584,42.1888981718132],[-122.662146876977,42.1887800881306],[-122.662145033367,42.1887801250028],[-122.661357806418,42.1892633757043],[-122.660990596139,42.1889481588305],[-122.661976676682,42.1883498884367],[-122.662547024026,42.1888792608693],[-122.663101815796,42.1895420153518],[-122.663105600143,42.1895446854389],[-122.663179634133,42.1895514663271],[-122.663201852783,42.1895537739875],[-122.663373223096,42.1898604751809],[-122.663379190997,42.1898727059607],[-122.663791122762,42.1897315519696],[-122.664156141393,42.1896201277667],[-122.66415749757,42.1896063816293],[-122.66415804166,42.1860832173666],[-122.664377121007,42.1860706889112],[-122.664712288441,42.1860545128056],[-122.664800708886,42.1858428708518],[-122.665071840993,42.1858416693576],[-122.665081058144,42.1858414876946],[-122.665086077261,42.1855148674172],[-122.667546234771,42.1854953907997],[-122.667686216046,42.1856970610706],[-122.667839906586,42.186128948792],[-122.66783995515,42.1861303202581],[-122.667963564267,42.1861306359202],[-122.669048875105,42.1861477284349],[-122.66905463976,42.1870887700308],[-122.669053103718,42.1872012986011],[-122.66904254118,42.1886173558064],[-122.669048364291,42.1886254739865],[-122.671248918103,42.1918844902771],[-122.671252555861,42.1918830468652],[-122.671402025883,42.1918320876808],[-122.671414014745,42.1918579189079],[-122.671631561647,42.1918536399336],[-122.672130501921,42.1920839140415],[-122.673196472839,42.1925911343734],[-122.673279995575,42.192708849334],[-122.673374445974,42.1928743677579],[-122.673394531432,42.1928684843931],[-122.673396473069,42.1928711895538],[-122.673970971683,42.1926842672652],[-122.673983598165,42.192520756128],[-122.674451698887,42.1925581823143],[-122.674455336644,42.1923495737739],[-122.674475297997,42.1907865277761],[-122.676307982328,42.1908066591001],[-122.67629164974,42.1921597259906],[-122.675810170703,42.1921609859408],[-122.675795421821,42.1921612773211],[-122.675799037995,42.1922627298412],[-122.675777590064,42.192437390773],[-122.676272466301,42.1924495855799],[-122.676314777605,42.1926531732054],[-122.67631489002,42.1927080489373],[-122.676326000245,42.1927092018682],[-122.676328137034,42.1927173919941],[-122.676533367721,42.1927298080342],[-122.676533319157,42.1927284365681],[-122.676530481796,42.190475747258],[-122.679640948971,42.1904761069868],[-122.679629185838,42.1904049975926],[-122.67972107137,42.1903949521654],[-122.679722962645,42.1903962858599],[-122.679722914081,42.1903949152932],[-122.679790908224,42.1879075937605],[-122.679736411106,42.1869496763865],[-122.679736165592,42.1869428217539],[-122.678396138871,42.1862503752546],[-122.677997697835,42.1860442137695],[-122.676911118054,42.1854743412679],[-122.677360473307,42.1854531289588],[-122.677548501762,42.1854494201547],[-122.679586468041,42.1865218446075],[-122.679998458262,42.1867455680536],[-122.680680660584,42.1870970312031],[-122.680706958559,42.1871102305528],[-122.681322315173,42.1874492911519],[-122.683093908557,42.1883430769715],[-122.683092526299,42.1884075862412],[-122.68549491226,42.1896565413164],[-122.685486592632,42.1898364318059],[-122.682956978682,42.1885378593348],[-122.682957420249,42.1885501980333],[-122.682966655387,42.1896338586157],[-122.682968498997,42.1896338217435],[-122.68353291801,42.1896308899537],[-122.683534760721,42.1896308530814],[-122.683876953658,42.1895527415658],[-122.684229619202,42.1900767099722],[-122.6839750607,42.190077630878],[-122.682954788832,42.1900758628109],[-122.682954936321,42.1900799763099],[-122.682963004139,42.1910278365655],[-122.682955679161,42.1910293537218],[-122.68287819897,42.1910295138011],[-122.682876796927,42.1910418893718],[-122.682836022564,42.1932035259221],[-122.681882069402,42.1932004349522],[-122.681881548694,42.1932374879198],[-122.681883394103,42.1936504098386],[-122.681887081324,42.1936503369935],[-122.68287049088,42.1936514737366],[-122.682872010735,42.1936939747972],[-122.682873855244,42.1936939379249],[-122.682945807303,42.1936938866636],[-122.682944098591,42.1943167903876],[-122.684230657918,42.1947975922351],[-122.684263942727,42.1947996777629],[-122.684945074855,42.1948602830757],[-122.684943946206,42.1948287510461],[-122.684962431771,42.1948297573874],[-122.684926875275,42.1919809047949],[-122.684906594664,42.1919813058926],[-122.682967631151,42.1919826260973],[-122.682951234712,42.1914725827935],[-122.683534255302,42.1914733993779],[-122.685506633125,42.1914782674082],[-122.685524579995,42.1949681720436],[-122.685524972999,42.1949791401752],[-122.689417129997,42.1950076522814],[-122.689431878878,42.1950073600017],[-122.689494613785,42.1950074868061],[-122.691202917381,42.1950024020393],[-122.691213515891,42.1983813339315],[-122.691224579351,42.1983811153962],[-122.692713660607,42.1983831028979],[-122.692716657148,42.1987232903476],[-122.692715734444,42.1989030360463],[-122.692719421664,42.1989029632012],[-122.692719618615,42.1989084472671],[-122.696277576749,42.198872018429],[-122.696281665067,42.198319034296],[-122.696297317767,42.1950109168204],[-122.698427181269,42.1959014560874],[-122.698413053819,42.2038591476816],[-122.698428497877,42.2038780478337],[-122.69850092208,42.2039932231088],[-122.698518022689,42.2059534277086],[-122.697986202301,42.2059434380393],[-122.696457073335,42.2068848582497],[-122.694728311063,42.2072539966746],[-122.69469351989,42.2072615482819],[-122.694821125594,42.2074744106156],[-122.694834331239,42.2074823804076],[-122.694842397259,42.2075014271492],[-122.698575642252,42.2097553881007],[-122.698588680623,42.2110392962266],[-122.698588730086,42.2110406667934],[-122.700561248203,42.2110315557617],[-122.700796912847,42.2111695441392],[-122.700798806819,42.2111708787331],[-122.70087558464,42.2110993772345],[-122.700877181836,42.2110924857297],[-122.700878645033,42.2110307175936],[-122.701100145355,42.2110317895855],[-122.701100977228,42.2112595222092],[-122.701106508958,42.2112594106933],[-122.703751110226,42.2112587946577],[-122.703813441337,42.2113494741989],[-122.70387671314,42.2114662008046],[-122.703897000046,42.2114657961097],[-122.709084985683,42.2114718800233],[-122.709123196079,42.2109470203887],[-122.709255927019,42.2109429923253],[-122.709340858094,42.2109440373375],[-122.709320377833,42.2112449100246],[-122.709690108012,42.2112622066855],[-122.709670381383,42.211532881937],[-122.709620538257,42.2115325069197],[-122.709297160036,42.211521142187],[-122.709297507174,42.2115307388526],[-122.709246499426,42.2123137875513],[-122.709249832314,42.2123548811729],[-122.709246146892,42.212660906076],[-122.709414090788,42.2128647149347],[-122.709427745194,42.2128850207272],[-122.709696667667,42.2131252242498],[-122.710540529422,42.2139013391755],[-122.71063238078,42.2139914215669],[-122.710785734074,42.2141488739714],[-122.710795053749,42.214151430744],[-122.711874370606,42.21439598069],[-122.713098139268,42.214755615979],[-122.713086885152,42.2168879040536],[-122.71309815006,42.2168931659868],[-122.713098248985,42.2168959080198],[-122.713171321599,42.2169259993354],[-122.713492078297,42.2170677441811],[-122.714360446577,42.217397446435],[-122.714380883671,42.2174011516419],[-122.714953079121,42.217503551148],[-122.714956817603,42.2175048479704],[-122.715130011741,42.2170897793699],[-122.715468041717,42.2167921361482],[-122.715467743142,42.2167839109488],[-122.715506709867,42.2160271647219],[-122.720840739109,42.2160791662206],[-122.720841884845,42.216059935118],[-122.720924978605,42.2160610080091],[-122.72101932738,42.2109964831013],[-122.726496910004,42.2109986666552],[-122.726511913394,42.2110052236122],[-122.727994898146,42.21179164297],[-122.729256755795,42.2125358589428]]],[[[-123.008320636888,43.7795538492308],[-123.008295890243,43.781194869148],[-123.002929911686,43.7812678473334],[-123.003295380877,43.779591414812],[-123.008320636888,43.7795538492308]]],[[[-122.997578405019,43.7801558230329],[-122.997581181227,43.7805678420323],[-122.997014172166,43.7805717432914],[-122.997007384083,43.781311775618],[-122.99319411022,43.7812922315513],[-122.993197583402,43.7796753764175],[-122.997545952983,43.7796417489676],[-122.997578405019,43.7801558230329]]],[[[-122.71705296822,43.8528762996016],[-122.717358107291,43.7801682966297],[-122.726844900871,43.7800075742902],[-122.744752650215,43.7800407170055],[-122.744083408023,43.8077306089805],[-122.74397799309,43.8213261513808],[-122.744343797728,43.839157812683],[-122.744952001134,43.8516332521729],[-122.744005447593,43.8516472087517],[-122.744100426793,43.8531106944031],[-122.71705296822,43.8528762996016]]],[[[-122.988295770134,43.8158843132105],[-122.988326373164,43.8232655852386],[-122.967953636951,43.8230168282641],[-122.948019876916,43.8234245718866],[-122.948095250895,43.8163214376843],[-122.968032145967,43.8158850083865],[-122.988295770134,43.8158843132105]]],[[[-122.887729773011,43.8387331204372],[-122.887856287837,43.8664136576642],[-122.867665170611,43.8661094107208],[-122.867874786392,43.8389669063977],[-122.887729773011,43.8387331204372]]],[[[-122.833176788878,43.8900636861902],[-122.832994302945,43.890026438969],[-122.832983148653,43.8878044749966],[-122.828913412424,43.8878063356939],[-122.828888288963,43.8804961101075],[-122.835419653095,43.8804770201984],[-122.835484944774,43.8888060148857],[-122.83512347217,43.8888556286844],[-122.83439445564,43.8891419629313],[-122.833844798998,43.8894853375783],[-122.833176788878,43.8900636861902]]],[[[-122.966438693891,43.8882288129095],[-122.966438603958,43.8952149911789],[-122.956241702093,43.8952906196664],[-122.956521016232,43.8883272491033],[-122.966438693891,43.8882288129095]]],[[[-122.762489177633,43.909800295947],[-122.764999975968,43.9097863762403],[-122.765194041572,43.9170528354201],[-122.763944725868,43.917063120067],[-122.763925786146,43.9161531662357],[-122.762666284721,43.9161595622141],[-122.762489177633,43.909800295947]]],[[[-122.964331728926,43.9232324522159],[-122.962947517614,43.9227006534125],[-122.961624744386,43.9238336256214],[-122.962792747887,43.9242800337965],[-122.96147272029,43.9242773852931],[-122.961476173686,43.920536614773],[-122.966634514072,43.9205480523508],[-122.966609921211,43.9242690656649],[-122.963555863113,43.9242829287143],[-122.964331728926,43.9232324522159]]],[[[-122.849620876302,43.9393778568027],[-122.849672366986,43.9405337824082],[-122.846293110439,43.9405963095721],[-122.846291507847,43.9386271729057],[-122.85366371291,43.9386521039115],[-122.854480762277,43.939051400202],[-122.853890009316,43.9398964481626],[-122.853748884104,43.9400531577271],[-122.853062258017,43.9397602548319],[-122.853100652773,43.9397098127577],[-122.85224132178,43.9393126451625],[-122.849620876302,43.9393778568027]]],[[[-122.824367014826,43.9423855260712],[-122.820768402839,43.9423555076007],[-122.8207927304,43.9438575220071],[-122.821214673418,43.9438548321348],[-122.821216114132,43.9479021887351],[-122.820454918959,43.947904483805],[-122.820448425854,43.9460744785544],[-122.81554669982,43.9460491077801],[-122.815576960208,43.9423217290646],[-122.805627622817,43.942166222793],[-122.805661863604,43.9411775638935],[-122.805740997649,43.9386204621646],[-122.790718162813,43.9386774234244],[-122.790692595087,43.9350114827938],[-122.788160444149,43.9350119045758],[-122.788238258888,43.9331897917755],[-122.785689039717,43.933172412377],[-122.78566289013,43.9313625438464],[-122.802998977321,43.931347225694],[-122.805831318361,43.9313679901407],[-122.805746691257,43.9386203461521],[-122.814936992748,43.9385819972614],[-122.825438174832,43.9387357111842],[-122.825418134339,43.9390956018806],[-122.825718046551,43.939873151225],[-122.825973212993,43.9404732562359],[-122.826515220001,43.9414874819618],[-122.826850648239,43.9424736335514],[-122.827074969734,43.9428970460619],[-122.827882464704,43.943632921722],[-122.827655518088,43.9438380750672],[-122.828478620792,43.9442940277472],[-122.829021308587,43.94458314],[-122.830657044987,43.9453104712013],[-122.834515761593,43.9470292806768],[-122.834463349104,43.9475431775757],[-122.834438470259,43.9496347137711],[-122.836044342872,43.9496279238896],[-122.836037225637,43.9509756910753],[-122.839264315096,43.950892271761],[-122.838929040643,43.9504944566539],[-122.838528609408,43.950081040108],[-122.838202740064,43.9497785603323],[-122.837762771934,43.9494171102115],[-122.837313638813,43.9490688000851],[-122.838327819573,43.9460602773599],[-122.839656264825,43.9469819106867],[-122.840298920359,43.9473452251021],[-122.841192028989,43.9480444291071],[-122.841769255247,43.9482694529729],[-122.842469584304,43.9485485233957],[-122.842466645319,43.9500578016263],[-122.842485015771,43.9508453037678],[-122.84249619884,43.9515065303022],[-122.830598041366,43.9515198087922],[-122.830572094127,43.9497201718485],[-122.825471497412,43.9497193867404],[-122.825447004376,43.9479064811992],[-122.824349131807,43.9479032634249],[-122.824348322417,43.9438435861127],[-122.825871507764,43.9438389294231],[-122.825870299974,43.9433906938255],[-122.824696767442,43.9426417042513],[-122.824367014826,43.9423855260712]],[[-122.829937802288,43.9458440083943],[-122.829630476965,43.9456713997154],[-122.829352858947,43.9454640817021],[-122.828669361602,43.9449722595622],[-122.827216629144,43.9451891256776],[-122.826605282608,43.945271830031],[-122.826598311063,43.946020012014],[-122.826936625225,43.9459656147214],[-122.826786142566,43.9467776512677],[-122.830173768205,43.9476753590307],[-122.830171072037,43.9459490528066],[-122.829937802288,43.9458440083943]]],[[[-122.856033847384,43.9431999269351],[-122.854020278813,43.9432406644252],[-122.85402574759,43.9415626032316],[-122.855152660167,43.9420333326722],[-122.856009258121,43.9420325403695],[-122.856033847384,43.9431999269351]]],[[[-122.866924425122,43.9458235569116],[-122.866909045816,43.945212335381],[-122.866314242308,43.9450095310651],[-122.866304372249,43.9424662348289],[-122.875988369168,43.945941958055],[-122.86630376071,43.9459806405941],[-122.866306110638,43.9456368693461],[-122.866924425122,43.9458235569116]],[[-122.871009893192,43.9442436962896],[-122.868363651561,43.9432605817105],[-122.871021010611,43.9457926885818],[-122.871009893192,43.9442436962896]]],[[[-122.906631679708,43.9423728941937],[-122.906689290279,43.9458630740217],[-122.896652223122,43.9458363290834],[-122.896653447998,43.9494618946508],[-122.893316226662,43.9494635835776],[-122.893306826049,43.9460114252871],[-122.896367041805,43.9460075366186],[-122.896354385646,43.942382777743],[-122.906631679708,43.9423728941937]]],[[[-122.879880854418,43.9536073421052],[-122.877838399622,43.9536226962305],[-122.878246265553,43.9547642650588],[-122.879887561562,43.9547466716216],[-122.879869253163,43.9560386781425],[-122.880945804605,43.9560511724237],[-122.881041342284,43.9622443330096],[-122.878651064795,43.9558742991596],[-122.87809247159,43.9558507216336],[-122.877553745309,43.954318016963],[-122.877202925175,43.9533865819253],[-122.876787163197,43.9524935623281],[-122.876370224906,43.9517131072741],[-122.87595183421,43.9510383630301],[-122.875550775248,43.9505114826189],[-122.875113077906,43.9500183069993],[-122.874858288279,43.9496588767558],[-122.879872407985,43.949664705262],[-122.879880854418,43.9536073421052]]],[[[-122.840936378711,43.9569031622512],[-122.840925013079,43.9605456773412],[-122.835427595007,43.9605587948525],[-122.835426373728,43.9605264714196],[-122.835360714226,43.9581820566567],[-122.839045810416,43.9581284498681],[-122.839018289363,43.9569025453163],[-122.840936378711,43.9569031622512]]],[[[-122.874852020005,43.9625279800823],[-122.869916703393,43.962533974963],[-122.869928723732,43.9639817098881],[-122.870059090355,43.9641361288793],[-122.865987639118,43.9641372017705],[-122.8659942959,43.9622695248188],[-122.874850045993,43.9621535131741],[-122.874852020005,43.9625279800823]]],[[[-122.880443147433,43.9633002063395],[-122.879993756207,43.9620809279925],[-122.880385124973,43.9620725975724],[-122.881068045854,43.9639099367942],[-122.881073296096,43.9642661069953],[-122.878802280401,43.9642619206512],[-122.878808420972,43.9632971441479],[-122.880443147433,43.9633002063395]]],[[[-122.835882344395,43.9715006600275],[-122.833021866266,43.9715733549264],[-122.825429946035,43.9715605800568],[-122.825389181565,43.9678585424379],[-122.834958910625,43.9678491283346],[-122.835829861759,43.9678777969228],[-122.835882344395,43.9715006600275]]],[[[-123.01236325586,43.9716271577672],[-123.01158332601,43.9737165301938],[-123.011182911862,43.9754355698957],[-123.010896449911,43.9763260893776],[-123.010896367174,43.9807664802889],[-123.020050786614,43.9808465757089],[-123.020159743977,43.97517813896],[-123.022469653552,43.9751498292013],[-123.022598314161,43.9897277010726],[-123.011374615846,43.9897165278955],[-123.011237379302,43.9884956316681],[-123.009660267907,43.9885693284118],[-123.008895300078,43.9897031333929],[-123.007322365135,43.9897085859825],[-123.007146737432,43.967900148673],[-123.012752685688,43.9678929406068],[-123.012752376321,43.9691756202587],[-123.012436276313,43.9711906538257],[-123.01236325586,43.9716271577672]]],[[[-122.846189835892,44.0256386421097],[-122.846331512389,44.0114333638587],[-122.866140684845,44.0112096431106],[-122.86612908359,44.0183651880031],[-122.861117854306,44.0183470882476],[-122.861172718346,44.0255182273843],[-122.856302389444,44.0254337801449],[-122.85627209668,44.0257158632965],[-122.846538599277,44.0256405495717],[-122.846189835892,44.0256386421097]]],[[[-122.940428513365,44.0343324305973],[-122.941852187828,44.0343288872684],[-122.941865099395,44.035864032699],[-122.942480602598,44.036045747913],[-122.943047084655,44.0361863892905],[-122.944755746181,44.0364735068469],[-122.945432203633,44.0365867809552],[-122.945424918225,44.0334409479415],[-122.946493871295,44.0334323459261],[-122.946495949628,44.0374451730564],[-122.94608167423,44.0373017338879],[-122.945723038987,44.0371906847024],[-122.943471272381,44.0365878160749],[-122.942498289564,44.0363196607238],[-122.941621019794,44.0360576486416],[-122.941124081411,44.035897869691],[-122.939939384695,44.0354623747888],[-122.937603491008,44.0345475781083],[-122.936588678924,44.0340804027884],[-122.935691785947,44.0335053376013],[-122.940421514841,44.0334718261639],[-122.940428513365,44.0343324305973]],[[-122.941627852843,44.0349000727802],[-122.941032374844,44.0349044272975],[-122.94103925196,44.0355823173701],[-122.941636953982,44.0357925392943],[-122.941627852843,44.0349000727802]]],[[[-122.957478722265,44.0774913956114],[-122.957589966604,44.0766982870963],[-122.957586229921,44.07640844999],[-122.957619442783,44.0760946837227],[-122.957707091609,44.075550691911],[-122.957532800298,44.0755329347971],[-122.957467711865,44.0755240126231],[-122.957403874389,44.0755080829317],[-122.957346657722,44.0754866835637],[-122.957291885412,44.0754621878298],[-122.957244441678,44.0754303059639],[-122.957204467712,44.0753938717298],[-122.95716779156,44.075354788093],[-122.95714378236,44.0753123059183],[-122.957125312083,44.0752671833339],[-122.957115324213,44.0752257290842],[-122.957162212166,44.0744649350088],[-122.957157889125,44.0743170082234],[-122.957075974377,44.0739854659565],[-122.956869452263,44.0732813696396],[-122.962158233016,44.073245137753],[-122.959998225138,44.0817285640221],[-122.959298447365,44.0842237887969],[-122.955065891578,44.0842447915639],[-122.955442933245,44.0836940602327],[-122.954226498554,44.0835543784319],[-122.95375654343,44.0842503493742],[-122.952986848764,44.0842525733976],[-122.953516214002,44.0834828238733],[-122.950557812293,44.0831443496321],[-122.950970194619,44.0823028288125],[-122.954465380973,44.0827174918189],[-122.956118635267,44.0803348396811],[-122.956126765138,44.0785584708968],[-122.957163144763,44.0785344374144],[-122.957356892007,44.0779789828438],[-122.957478722265,44.0774913956114]]],[[[-122.978926694212,44.0850097899699],[-122.979777360237,44.0847216552802],[-122.980087771134,44.0846255968938],[-122.981278183941,44.0843027267895],[-122.981824744217,44.0841667394035],[-122.982485590338,44.0839954698151],[-122.983141227586,44.0838313992997],[-122.983931847677,44.0837662011493],[-122.984527501943,44.083798520985],[-122.985379331691,44.0839027119407],[-122.986421053289,44.0839177162297],[-122.987428275095,44.0837722652779],[-122.990394603428,44.0829947402152],[-122.99080257368,44.0828588427614],[-122.991748009363,44.0826699770379],[-122.993010040581,44.082496271186],[-122.993336239975,44.0825139680452],[-122.994545223783,44.0824469361772],[-122.99544004832,44.0824672923317],[-122.996296213699,44.0825158206487],[-122.99687931343,44.0825791149343],[-122.996897790001,44.0826540086756],[-122.997478215147,44.082702415584],[-122.9991840546,44.0834637951181],[-122.999878068618,44.0842967786734],[-122.986631127724,44.0842066441214],[-122.986647426138,44.0858176203869],[-122.986670351655,44.0877674620987],[-122.985506898724,44.0877681572747],[-122.977250585446,44.087762746054],[-122.97676906594,44.0877632361845],[-122.977135015369,44.0869059790278],[-122.977224468235,44.0866776960189],[-122.977601398386,44.0860131033221],[-122.977964271234,44.085633537258],[-122.978205037732,44.0854212810673],[-122.978513083412,44.0852140242079],[-122.978926694212,44.0850097899699]]],[[[-122.966323535703,44.084173099409],[-122.971182974714,44.0841645891246],[-122.973431293319,44.0855924652201],[-122.974766729901,44.0858901633005],[-122.975289305257,44.0869271139952],[-122.975763023145,44.0869142491933],[-122.975780841413,44.0877628179997],[-122.966314688172,44.0877622424336],[-122.966323535703,44.084173099409]]],[[[-122.885831177367,44.1138590942219],[-122.88586213473,44.0995642677768],[-122.905757155568,44.0992871578761],[-122.90586583594,44.1208828407705],[-122.895971868007,44.1209150571842],[-122.896114862911,44.1284045752111],[-122.888972153142,44.1284209482682],[-122.872776014202,44.1287606986474],[-122.865830650764,44.128905099191],[-122.866055796038,44.11424816612],[-122.885831177367,44.1138590942219]]],[[[-123.662946848918,45.0005364969618],[-123.662946914568,45.0004664937338],[-123.64251165389,45.0005362379571],[-123.641273839616,45.0005780969017],[-123.62233602209,45.0004663462449],[-123.621266375643,45.0004334499438],[-123.602842167232,45.0002621021144],[-123.601486086714,45.0002627855991],[-123.601392782051,44.9998548998838],[-123.600233989407,44.9829241497298],[-123.600554854023,44.9777259603848],[-123.600630087708,44.9765600244256],[-123.601151841085,44.9685262321999],[-123.600863334076,44.9540974481388],[-123.600456874685,44.9394466511421],[-123.600534722699,44.9253249432916],[-123.600176834793,44.9124542949298],[-123.600444891219,44.9254522576156],[-123.600365090776,44.9395740167275],[-123.600771454839,44.9542234440568],[-123.601060882754,44.9685973002253],[-123.580191811603,44.9686885607285],[-123.562306145112,44.9688521608986],[-123.544420377898,44.9690129947539],[-123.527589895857,44.9690912744428],[-123.503751443175,44.9693692980547],[-123.479912764762,44.9696424086703],[-123.47999881909,44.9719294772636],[-123.461440269952,44.9717214775642],[-123.45244913412,44.9715973396455],[-123.438660301332,44.971379074185],[-123.438658369588,44.9713791227484],[-123.427723264617,44.9711954101401],[-123.417378169767,44.9711700762381],[-123.417345274365,44.9711695339469],[-123.398431508307,44.9709137370793],[-123.398139693592,44.9850240523182],[-123.377621107128,44.9849380744326],[-123.377708155207,44.9779325139744],[-123.367478615146,44.9778778540797],[-123.367311899724,44.9922070912843],[-123.357087136862,44.9921815253572],[-123.347097250837,44.9921328063839],[-123.346836141675,44.9963263711651],[-123.34685702663,44.9994439052121],[-123.336990023071,44.9994406640554],[-123.337241210913,44.9921307190575],[-123.316662261954,44.9920552506493],[-123.296083366954,44.9919761228998],[-123.296080456748,44.9937684870261],[-123.295803063561,44.9937916607566],[-123.295813031646,44.9998407445548],[-123.275496965313,44.9998304473173],[-123.275502477257,44.9919517081049],[-123.255188672719,44.9919069794236],[-123.234874900556,44.9918586840311],[-123.234776369934,44.9998094769259],[-123.214645607109,44.9998211681125],[-123.214656702045,44.9921346203165],[-123.193927526734,44.9921513234249],[-123.193961041769,44.9929176564248],[-123.193277146923,45.0102464123421],[-123.189261435667,45.0102547373663],[-123.183796581147,45.010426912572],[-123.183774731219,45.0113797829507],[-123.183719807823,45.0135876842243],[-123.173428561679,45.0136941801424],[-123.162913035408,45.0138035493944],[-123.162973865551,44.9998228138718],[-123.153195338194,44.9997936299721],[-123.153207318963,44.999292477366],[-123.153402873844,44.9915291589436],[-123.15340141964,44.991327467089],[-123.153400982569,44.9913178713227],[-123.153318147814,44.984830272699],[-123.153318084862,44.9848289021322],[-123.142632453625,44.9848663481035],[-123.14244674632,44.9681562502108],[-123.142364120208,44.9607930887301],[-123.142363622883,44.9607821223971],[-123.142340445555,44.9587791136652],[-123.142278731378,44.9573327609982],[-123.14223581573,44.9560026223232],[-123.142232025088,44.9559189988628],[-123.14315178063,44.9559144393],[-123.143151718577,44.9559130678339],[-123.142970467413,44.9482515949352],[-123.1429702192,44.9482461108694],[-123.137033615409,44.9483281946905],[-123.136970048629,44.9458554053028],[-123.136969986576,44.9458540338367],[-123.132868461111,44.9459159809378],[-123.132829908074,44.9437362922961],[-123.132817777119,44.9419704302912],[-123.132826865667,44.9414871768918],[-123.132899273682,44.9382990640506],[-123.13289928987,44.9266208240918],[-123.137794134292,44.9265325007743],[-123.137924712256,44.9195129306773],[-123.137498287016,44.9195652091671],[-123.137498038803,44.9195597251013],[-123.135181156785,44.9195796648697],[-123.132835144826,44.919596105376],[-123.132868043825,44.9160040368569],[-123.132905271261,44.912507926],[-123.132899483225,44.9125080582004],[-123.132899359118,44.9125053161675],[-123.121357883559,44.9124974785758],[-123.121282579727,44.9124978158216],[-123.11790277909,44.9124948741392],[-123.117889211918,44.9124938093419],[-123.118538973894,44.9120399448876],[-123.119585616583,44.9116511805576],[-123.120955164449,44.911142550988],[-123.121811810966,44.9108239481668],[-123.122358075365,44.910560415331],[-123.122944044832,44.9102781388251],[-123.123733947264,44.9096783413824],[-123.124352480283,44.9090042113753],[-123.125775209558,44.9074486162607],[-123.126254540115,44.906814691345],[-123.127557315118,44.9050847707456],[-123.128656022258,44.9037986170126],[-123.128880216049,44.903417502316],[-123.128951874929,44.903293734918],[-123.128977027168,44.9032519928852],[-123.129210119751,44.9028542056571],[-123.129874830259,44.9017082868081],[-123.131327078882,44.8977750946449],[-123.132903602119,44.8931775849776],[-123.133292290906,44.8919940178097],[-123.134123562153,44.890137522129],[-123.134540731569,44.8896284797706],[-123.134877313637,44.8892159652447],[-123.135972391113,44.8885432336833],[-123.137624121956,44.8872457206136],[-123.139125532917,44.8860833612582],[-123.139142331353,44.8860706259587],[-123.139569666707,44.8857452215648],[-123.140027981906,44.8853793108066],[-123.140479197857,44.8850272828828],[-123.140933334806,44.884654601129],[-123.140951998436,44.8846404511959],[-123.141800700342,44.8835176835943],[-123.14183535122,44.8834729755974],[-123.141937314555,44.8833375269054],[-123.142061115228,44.8831727603147],[-123.142119467739,44.8830973179869],[-123.142594811601,44.8824688906269],[-123.143126568137,44.8817650650058],[-123.143282846026,44.8813799798023],[-123.143855680895,44.8799643416811],[-123.143932757291,44.8797910360275],[-123.144013377915,44.8796107858092],[-123.144071169249,44.8794804641522],[-123.144160498009,44.879279429702],[-123.144244600808,44.8790908670499],[-123.144246280741,44.8790853389173],[-123.144526517585,44.8784545085688],[-123.144704422371,44.8780785316989],[-123.144781989797,44.8779161923784],[-123.144819063449,44.8778398651177],[-123.144906955991,44.8776498410674],[-123.144935257656,44.8775929265723],[-123.145005733028,44.8774444727842],[-123.145084855382,44.8772738632982],[-123.145173057291,44.8770906947798],[-123.145243406758,44.8769394980594],[-123.14529105284,44.876840971034],[-123.145368554615,44.8766772602474],[-123.145375025237,44.8766496645504],[-123.145429578112,44.8764480536348],[-123.145541296394,44.8760173260388],[-123.145557780067,44.8759551936773],[-123.145608786916,44.8757605264272],[-123.145733938371,44.8752855746696],[-123.145756827915,44.8751944769436],[-123.145758694008,44.8751930614107],[-123.145933104929,44.8745275990695],[-123.145972416094,44.8743729966166],[-123.146443984602,44.8734084143669],[-123.146693514994,44.8724846010835],[-123.146691586847,44.8724846460497],[-123.142298696328,44.8725619616653],[-123.137905793218,44.8726391109063],[-123.13782194043,44.8690331712439],[-123.140405594642,44.868982328072],[-123.140010586319,44.8617426938703],[-123.143069471978,44.8616260176267],[-123.142874687817,44.8543831539594],[-123.140967000027,44.8543925239958],[-123.132794472087,44.8544379352626],[-123.133161891908,44.8399129444269],[-123.118012723009,44.8398693695758],[-123.118012796753,44.8360419232962],[-123.118018336577,44.8307445720044],[-123.119426540003,44.8307098545762],[-123.119989100117,44.8306970779079],[-123.119727828177,44.8231523855742],[-123.119718012077,44.8231484924091],[-123.119717212579,44.8231306696447],[-123.118939471679,44.8229013119461],[-123.118706674973,44.822827002764],[-123.118511462734,44.8227737970731],[-123.117575488818,44.8224986189162],[-123.115657864419,44.8223486281867],[-123.115386954444,44.822327325046],[-123.115028562918,44.8222901650591],[-123.113724592716,44.822193470852],[-123.113492885988,44.8221863707045],[-123.112167609048,44.822087396716],[-123.110884254005,44.8216320231994],[-123.110047336815,44.8213284678346],[-123.109361566883,44.8210846148631],[-123.108774075763,44.8208824490658],[-123.108595847221,44.8208206080847],[-123.108562610976,44.8208103818936],[-123.104475455778,44.8193973068403],[-123.103124106592,44.8187979158911],[-123.102856525009,44.8186777008153],[-123.102628261785,44.8185744388593],[-123.101691553123,44.8181495658499],[-123.098970853022,44.816802901233],[-123.098787759148,44.8167178262667],[-123.098730619822,44.8166902944216],[-123.097675417387,44.816200815915],[-123.097551632902,44.8161487109943],[-123.097159987144,44.8159695228752],[-123.09617731683,44.8155497598136],[-123.095795797438,44.8153813176937],[-123.095214347964,44.8151391509511],[-123.095183042563,44.8151288770961],[-123.094234163376,44.8148181235576],[-123.093695729374,44.8146326203992],[-123.092741204243,44.8140639826667],[-123.09200794561,44.8128330167304],[-123.09192356582,44.8127127755742],[-123.091350964775,44.8117128643573],[-123.091216332668,44.8114592627348],[-123.091154541149,44.8113700769675],[-123.091085634195,44.8112508601391],[-123.091225005729,44.8100030211226],[-123.091291465629,44.8095019971195],[-123.09151495615,44.8086296583321],[-123.091546561025,44.8085164157001],[-123.091842637628,44.8074118908461],[-123.091836861282,44.8074120212478],[-123.091840165391,44.8073995962145],[-123.088496198241,44.807458251797],[-123.086521431819,44.8074847314352],[-123.081532860053,44.8074071550162],[-123.0814404718,44.7975929218759],[-123.081427952338,44.7960877490505],[-123.081427527858,44.7960781532842],[-123.071121012125,44.7960573609585],[-123.071145557322,44.7926287289328],[-123.071234865397,44.7816919692091],[-123.071219465406,44.7816923118507],[-123.071219042725,44.7816827151852],[-123.051871281834,44.7815061917574],[-123.050938801784,44.7815089958435],[-123.050902167901,44.7815084346666],[-123.040813308787,44.7812907933355],[-123.040751838327,44.7866592953902],[-123.040681178594,44.7923930256177],[-123.030354854393,44.7922963098269],[-123.009777799406,44.7919282937558],[-123.009947591408,44.7957025397405],[-122.989829441575,44.7956324573721],[-122.989956257675,44.7811026263852],[-122.974335249572,44.7810352752578],[-122.958714279241,44.7809658080257],[-122.943093344882,44.7808942237895],[-122.927472450093,44.7808205234484],[-122.927182758677,44.784516642629],[-122.906784597731,44.7849293172342],[-122.906783127339,44.7844723869911],[-122.90672040862,44.7883310982017],[-122.899160092364,44.7884063786515],[-122.899313383606,44.7953330307948],[-122.893654047996,44.7952132860644],[-122.890109002329,44.7953321269761],[-122.889576198982,44.7953102392761],[-122.886406188595,44.7952688722607],[-122.882747565748,44.7952965264136],[-122.882759292008,44.7971913413074],[-122.876173630409,44.7971859336839],[-122.876110953957,44.7997683935965],[-122.876050197559,44.8023508121403],[-122.881303834604,44.8022904469466],[-122.881274001394,44.8085113857919],[-122.88378206579,44.8085638504414],[-122.883883521008,44.8222483501813],[-122.88133866085,44.8223009236488],[-122.881319910885,44.8241112733166],[-122.876256183676,44.8241484746724],[-122.876304220064,44.8313488849431],[-122.878803151844,44.8313426598359],[-122.878882365928,44.8386851252184],[-122.886340789895,44.8387424057375],[-122.88635668901,44.8458336877745],[-122.909581608904,44.845980838445],[-122.932806644811,44.8461233126408],[-122.93288343882,44.8642626041359],[-122.92725791592,44.8642383404271],[-122.92723186256,44.8676488646035],[-122.939250298962,44.8680363276145],[-122.940206361934,44.8679653468233],[-122.947645418102,44.868064438623],[-122.947614147775,44.8825503584123],[-122.927308133164,44.8824754655703],[-122.927171552225,44.8751081573157],[-122.914497126941,44.8750363896177],[-122.914628874023,44.8822322574128],[-122.906773277065,44.8822288786599],[-122.886570765428,44.8822194546642],[-122.866368260087,44.8822064972321],[-122.866382285914,44.8786494995748],[-122.845656567597,44.8787891193224],[-122.824930752152,44.8789250176755],[-122.824952083172,44.8730173981345],[-122.824958578076,44.8719209024277],[-122.824891332169,44.8679072793975],[-122.819879738659,44.8679422504346],[-122.819945033037,44.8568167230134],[-122.802153605604,44.856754504317],[-122.784362218641,44.856689541789],[-122.784270396961,44.8605553603417],[-122.768549197188,44.8606678619323],[-122.76442733985,44.8606939233859],[-122.764010826039,44.8606993498951],[-122.76379866068,44.860700768126],[-122.763666848846,44.8350605219256],[-122.772298802648,44.8350678253199],[-122.781498044299,44.835010986368],[-122.781216644632,44.8241292417711],[-122.777181390209,44.8241807999041],[-122.770605516831,44.8242054566166],[-122.770326614582,44.8134791553388],[-122.760590848189,44.8135325687731],[-122.752219960383,44.8135632626345],[-122.752191984273,44.808836693059],[-122.752170888875,44.8034883879788],[-122.736039005596,44.8033440728707],[-122.733222221928,44.8033204530765],[-122.73322255108,44.8029760343166],[-122.733226786887,44.8022294962943],[-122.732878565793,44.8022458450698],[-122.728120679126,44.8022637964371],[-122.722970679054,44.8022081526842],[-122.722985358687,44.7988447080169],[-122.718813138416,44.7988496129194],[-122.719231527313,44.8046402954134],[-122.71932066092,44.8058707748165],[-122.717289578052,44.8060854870556],[-122.717139849025,44.8046283937854],[-122.716696475162,44.7988340717351],[-122.714288653698,44.7988144800043],[-122.702990551773,44.7988429399498],[-122.702978997283,44.798843161183],[-122.702977071834,44.7988431980552],[-122.682491961735,44.798764914769],[-122.682452560637,44.7981742679282],[-122.68244950564,44.795615280321],[-122.682468472342,44.7931299678738],[-122.679780232372,44.793179460264],[-122.677594273657,44.7932111676613],[-122.677596341198,44.7918184046957],[-122.662347420397,44.7918433779696],[-122.64591778238,44.7918800873962],[-122.645462314434,44.7921231993262],[-122.644866748302,44.7924869184366],[-122.643083300054,44.7928795849249],[-122.643066503416,44.7922638119254],[-122.642473477869,44.7923818623331],[-122.642358933918,44.790781345183],[-122.641592484905,44.7908463562744],[-122.641628342674,44.7926665031566],[-122.640049313025,44.7926958273506],[-122.640019746914,44.7917303988389],[-122.637108504754,44.7917801259521],[-122.635500012416,44.7911483719998],[-122.633139560942,44.7913178213604],[-122.618090390359,44.792488455378],[-122.6139970811,44.7920127212101],[-122.611133158568,44.7917233373622],[-122.61118828701,44.7895699421991],[-122.60453521223,44.7894706903202],[-122.60452498514,44.7911668072024],[-122.60096375887,44.7906746909842],[-122.600939274828,44.789082118445],[-122.600941372946,44.7879610649512],[-122.590477225843,44.7878576833854],[-122.590354010629,44.7839809686469],[-122.585653281274,44.7839344026506],[-122.580602041151,44.7838912288972],[-122.580551344569,44.7803013439319],[-122.575467670397,44.7802036523767],[-122.57551283435,44.7784369396131],[-122.575486403275,44.7766070278921],[-122.57053947012,44.7765533131849],[-122.570519365776,44.7759856233379],[-122.566564949613,44.7743620538657],[-122.566455542589,44.774700181868],[-122.565861154569,44.7752692836506],[-122.565384209913,44.7752915535624],[-122.565394552117,44.7712217112131],[-122.540057114844,44.7710487491005],[-122.540112022951,44.7673225413023],[-122.539098728024,44.767317150766],[-122.52930090841,44.7673734896948],[-122.518830999351,44.7674325400797],[-122.516150465671,44.7674479139901],[-122.498166567133,44.7675484995636],[-122.498159157619,44.7660352256452],[-122.496861011427,44.7660344045642],[-122.478080318052,44.766193689787],[-122.45785873809,44.766230338959],[-122.444401240725,44.7664403738243],[-122.444389691631,44.7664405689771],[-122.44400448412,44.766440208349],[-122.437764291689,44.7664972937152],[-122.437685370783,44.7664986211145],[-122.414529873155,44.7666291019515],[-122.391374273004,44.7667549296963],[-122.374534651153,44.766843504824],[-122.357694978041,44.7669296194065],[-122.342662246166,44.7668444464141],[-122.327629558357,44.7667573128997],[-122.316582333108,44.7666287826922],[-122.31673258644,44.7364379777305],[-122.331892893442,44.7363407007628],[-122.347053148284,44.7362414281994],[-122.362213351865,44.7361401600404],[-122.377373503285,44.7360368962858],[-122.392533599846,44.7359316378349],[-122.407693642448,44.7358243837883],[-122.422853628392,44.7357151350455],[-122.43801355678,44.7356038898077],[-122.457959258913,44.7356383509292],[-122.458270927062,44.7356330521237],[-122.458284440275,44.7356341942627],[-122.463296312575,44.7355543515521],[-122.478559722353,44.7355058097454],[-122.498162692854,44.7354184522998],[-122.498217460667,44.7366839432095],[-122.523763030739,44.7367081673481],[-122.549308618798,44.7367267257578],[-122.574854221245,44.7367396202374],[-122.600399830887,44.7367468489879],[-122.600422111591,44.7396196900967],[-122.600417416231,44.7417410927773],[-122.600416158079,44.7420814043334],[-122.600403314861,44.7449411603064],[-122.600402276144,44.7482905476707],[-122.600446951765,44.7586506629978],[-122.610891671713,44.7586793064049],[-122.611152342007,44.7660606908482],[-122.621244562786,44.7660509700763],[-122.6419590099,44.7660382356761],[-122.642286420682,44.7660376376269],[-122.644512909143,44.7660360116527],[-122.662268994119,44.7660225083321],[-122.662594277104,44.7660164028348],[-122.662600050752,44.7660162949161],[-122.664070059186,44.7660271146597],[-122.664251091814,44.7553058423908],[-122.654074145006,44.7552166647174],[-122.654228419206,44.7480072432397],[-122.667099355351,44.7480320087702],[-122.671873821919,44.7480628339327],[-122.671742192648,44.7443618530172],[-122.674974546738,44.7444037731157],[-122.674861678224,44.7409535402737],[-122.677543844173,44.7409604911338],[-122.677557881691,44.7406652104312],[-122.677628653839,44.7370838879111],[-122.678798132228,44.7371084223159],[-122.678791959281,44.7385451990018],[-122.682007898945,44.7391360931562],[-122.683795228667,44.7377629776793],[-122.682258951889,44.7377632843481],[-122.682249268889,44.7371940170902],[-122.682253607218,44.7351425402961],[-122.68466592889,44.7351475729022],[-122.684680830656,44.7333813044037],[-122.688007745761,44.7333936098273],[-122.689625061347,44.7334012900375],[-122.689736374934,44.7313861917194],[-122.692491639577,44.7314545168126],[-122.692399950098,44.7280313067994],[-122.694866650176,44.7279541269814],[-122.694891179185,44.7262988096424],[-122.694898549129,44.7243913385894],[-122.705467880039,44.7244061738059],[-122.705452360438,44.7226665387298],[-122.705450681404,44.7218048380229],[-122.707642168251,44.7217861653993],[-122.707693292012,44.7171211148476],[-122.710638620276,44.7170920388666],[-122.710609460658,44.7136195810788],[-122.713012118215,44.7135953722287],[-122.712937972709,44.7117361021395],[-122.722944251576,44.7117285523309],[-122.723042919795,44.7100704021274],[-122.745292424206,44.7100913851094],[-122.763799131025,44.7101076385567],[-122.784546589553,44.7099941333227],[-122.789309292989,44.7099447929179],[-122.789270840677,44.7045334759392],[-122.799416464098,44.7044245437577],[-122.79998770357,44.7044186190241],[-122.801806899868,44.7043918569987],[-122.801695678013,44.6790034506488],[-122.791588873827,44.67900898058],[-122.791427922161,44.6718476908183],[-122.763649443367,44.6715551296655],[-122.745231187569,44.6717226158061],[-122.743776007157,44.671737287346],[-122.723935362027,44.6717699192464],[-122.723912251249,44.6717689938441],[-122.723569942299,44.6717687501278],[-122.703156891278,44.6714068062792],[-122.690025550139,44.6715834538134],[-122.68294126213,44.6716879199616],[-122.66439807611,44.6716431193345],[-122.662534525248,44.6716383736121],[-122.642128442174,44.671628420815],[-122.621722368093,44.671614849146],[-122.600833602689,44.6717841699036],[-122.589888007126,44.671672062216],[-122.580638514056,44.6715598088381],[-122.559867252272,44.6718121846847],[-122.539095810623,44.6720608112575],[-122.51885337898,44.6718703564318],[-122.498611080437,44.6716763402909],[-122.498779342693,44.6644354767159],[-122.486709878758,44.6648599980905],[-122.479938955019,44.6650508414232],[-122.459280775787,44.6651891553553],[-122.438824146317,44.6654328743277],[-122.41900944483,44.6660231038832],[-122.40956058915,44.6663491171181],[-122.397769753172,44.6667912229366],[-122.377590033953,44.6669906565936],[-122.357104725103,44.667588696761],[-122.336618998968,44.6681830892782],[-122.317917339813,44.6684245869252],[-122.299215526875,44.6686630448637],[-122.28051356375,44.6688984630936],[-122.261811451337,44.6691308416151],[-122.234069598333,44.6693396992678],[-122.222373883648,44.6694015258598],[-122.221931742756,44.6694040286731],[-122.214607810602,44.6694530534157],[-122.214125230795,44.6694533852656],[-122.202197833663,44.6693492257862],[-122.192693933178,44.6692754274191],[-122.193185782298,44.6546288527394],[-122.194731088269,44.6546911568714],[-122.194710409258,44.6396870998798],[-122.194710075609,44.6370171557172],[-122.194707592581,44.6251011817742],[-122.1947610267,44.6218322297736],[-122.194787812108,44.6202334249327],[-122.194945717771,44.6105445770706],[-122.194935390856,44.5986245112123],[-122.194896255957,44.5814540323777],[-122.197209907611,44.5814651470989],[-122.215199631058,44.5815121240853],[-122.215233690183,44.5819547865842],[-122.229480575568,44.581955199373],[-122.23657235583,44.581955221856],[-122.241843953236,44.5819481217085],[-122.257586679182,44.5819552848086],[-122.265281294796,44.5819539142418],[-122.265397462923,44.5767547392399],[-122.265434475421,44.574156844263],[-122.284334023197,44.5741055658193],[-122.303233535899,44.5740511784192],[-122.307044059636,44.5740557730555],[-122.317131771214,44.5740640009529],[-122.322769747926,44.5740679597686],[-122.344542413801,44.5740846260047],[-122.366315092268,44.5740971652521],[-122.384127519769,44.5738049476403],[-122.384138560746,44.571339079435],[-122.388389601199,44.5713159066038],[-122.416734918182,44.571148174049],[-122.44508006879,44.5709734447687],[-122.465694481615,44.5706347843679],[-122.483906431137,44.5706646391618],[-122.486436126026,44.5705989535789],[-122.50182164935,44.5701520309915],[-122.501791896179,44.569111079213],[-122.526751745896,44.5696131967916],[-122.532045016964,44.5700863597977],[-122.536954771246,44.5706237137135],[-122.541461639143,44.5709443579958],[-122.561880408954,44.5714289360966],[-122.582131094574,44.5717619946204],[-122.601947955334,44.5720321923318],[-122.62186424334,44.5722298983911],[-122.621878334817,44.575008363745],[-122.641089372676,44.574786279763],[-122.653746532776,44.5746785922433],[-122.662296591614,44.5746057462582],[-122.681922098226,44.5742757112551],[-122.685340647953,44.5742587365515],[-122.702796109353,44.5741694977242],[-122.712610219286,44.5741180520066],[-122.723000149837,44.5740628552167],[-122.723272566176,44.5740575815922],[-122.723282158345,44.5740573963319],[-122.725632428594,44.5740173594136],[-122.743705982345,44.5738728689378],[-122.763768280682,44.5736726240924],[-122.783921458209,44.5734890212014],[-122.783924527595,44.569918278306],[-122.78897650786,44.5699480503623],[-122.789059172643,44.5666048827092],[-122.804363006048,44.5664716760271],[-122.804364924302,44.5664716373562],[-122.814670063173,44.5663878646083],[-122.824565854031,44.5661467779515],[-122.824610963125,44.570192789166],[-122.844690348581,44.569916279113],[-122.865495305264,44.5700192820643],[-122.865460014968,44.5735249203389],[-122.865381051794,44.575804599203],[-122.865886787345,44.5757763407056],[-122.867618662171,44.5757777013799],[-122.871623429578,44.5757225099859],[-122.87166070198,44.572322492589],[-122.872015304663,44.5723083066831],[-122.872066029124,44.5705712679497],[-122.872408889359,44.5705518336003],[-122.872452171031,44.5688684673059],[-122.872822263637,44.5688580747404],[-122.872859778856,44.5671748271566],[-122.873604166599,44.5671635577521],[-122.873615571801,44.5664963714104],[-122.87362412975,44.5659486348217],[-122.874401719564,44.5659517698584],[-122.874623987007,44.5627633701335],[-122.874639700861,44.5612068217375],[-122.874650698671,44.5609568299938],[-122.874701149738,44.5598318482612],[-122.872884883431,44.5598680297858],[-122.873093616977,44.5588591703145],[-122.87401036069,44.5547602735678],[-122.875905786223,44.5547869321712],[-122.875774326924,44.5504489596518],[-122.876100475956,44.5504463264369],[-122.875999089087,44.5485106868188],[-122.876008353902,44.5483128791361],[-122.875609518065,44.5483211340132],[-122.875636129004,44.544806030374],[-122.879502053677,44.5447873451599],[-122.879593053377,44.5430599903264],[-122.883757748122,44.5430704260594],[-122.883770038257,44.5403488167445],[-122.883884736891,44.5379283661013],[-122.888283526064,44.5380002174361],[-122.886453828381,44.535801357047],[-122.886607285997,44.5349980879914],[-122.886902386836,44.5334315930936],[-122.886744655641,44.5331384473815],[-122.886714666848,44.5324007478962],[-122.886715859349,44.5323828828638],[-122.886717329741,44.5323718742627],[-122.88690239403,44.5315912762165],[-122.88692956165,44.5313629005774],[-122.886973961179,44.5311808283326],[-122.886995656424,44.5309594278354],[-122.887249300315,44.530355808274],[-122.887274208838,44.5298832019483],[-122.887296499434,44.5293461502047],[-122.88732269039,44.5289050822038],[-122.88734631558,44.5284009375533],[-122.887275358171,44.5277409430901],[-122.88716159663,44.527113400663],[-122.887076740199,44.5267720800675],[-122.88674533373,44.5252735073665],[-122.886556382571,44.5241644616207],[-122.886357668372,44.5235702507665],[-122.886473903048,44.5232206276299],[-122.88648546743,44.5228443638763],[-122.886491125965,44.5225587967511],[-122.885710437087,44.5217571132003],[-122.884487728726,44.5206036832134],[-122.884481812985,44.5205996893242],[-122.883845546235,44.5199994709989],[-122.882245690986,44.519382208722],[-122.881338823628,44.5190140343702],[-122.879801991069,44.5185779531101],[-122.87822382477,44.51811526181],[-122.87572078039,44.5175481951931],[-122.872779259855,44.5171411017805],[-122.872316484018,44.5170806826275],[-122.87006243943,44.5169776868708],[-122.867155239722,44.51694439217],[-122.864309402557,44.5166723436538],[-122.862999206348,44.5165250508904],[-122.860856187563,44.5164154711971],[-122.858360288297,44.5161154888388],[-122.856463753899,44.5160295793017],[-122.854655364753,44.5158457650701],[-122.853616958955,44.5153002992694],[-122.853117595101,44.5149002142735],[-122.852616375945,44.5145015376159],[-122.852378361372,44.5140658988223],[-122.852089348045,44.5134103587012],[-122.851854471207,44.5130528781878],[-122.851619597067,44.5126953958759],[-122.851544944344,44.5124595117971],[-122.851468429125,44.5122250378553],[-122.851343079819,44.5120162683361],[-122.85131230412,44.5119661221389],[-122.851209727447,44.5117033636194],[-122.851386585423,44.511282548351],[-122.85152087219,44.5106128394111],[-122.85148894356,44.5105338978212],[-122.851488560449,44.5105243002563],[-122.8513003917,44.5100876371348],[-122.850885859994,44.509888910345],[-122.850469358774,44.5096888498606],[-122.849851711587,44.5094942824352],[-122.849234069796,44.509299709614],[-122.849092155878,44.5092518396008],[-122.848825794675,44.509161231106],[-122.847064439172,44.5085646379478],[-122.846306274715,44.5083084273921],[-122.845546200996,44.508052249212],[-122.84415511077,44.5076497738181],[-122.842764095187,44.5072486519038],[-122.841955324079,44.5070208931997],[-122.841148529681,44.5067944600963],[-122.840603206872,44.5066326747582],[-122.840358713584,44.5065608126314],[-122.838482220578,44.5060062375978],[-122.838259355984,44.5059476548604],[-122.838257384671,44.5059463220651],[-122.837361933307,44.5057079468643],[-122.83640058412,44.505403663948],[-122.834931931863,44.5050246158934],[-122.834181248865,44.5048093433766],[-122.834124973788,44.5047926483621],[-122.833921279144,44.5047336663257],[-122.83384370902,44.5047119153227],[-122.831042870332,44.5039111661674],[-122.828972362984,44.5031984462514],[-122.826523036009,44.5021187300954],[-122.826003380751,44.501731294064],[-122.824954348564,44.5009524973599],[-122.823962642762,44.500216443634],[-122.823021661421,44.4994532798451],[-122.822894812945,44.4993488083009],[-122.822254451582,44.4988169618334],[-122.821483122848,44.4981244568783],[-122.820872791646,44.4975755277885],[-122.820455349735,44.4972010959539],[-122.820407636203,44.4971581470309],[-122.820387773777,44.4971407091764],[-122.819227073671,44.4961033789678],[-122.818765990358,44.4956913977398],[-122.818709846582,44.4952890689354],[-122.818646225843,44.4948429773216],[-122.81913943114,44.4942717207634],[-122.819632571686,44.493699092739],[-122.819350743042,44.4928251306753],[-122.817844104322,44.4917151892047],[-122.816182345139,44.490851263575],[-122.815537004229,44.4901891116382],[-122.81508503015,44.4897632098043],[-122.814551796928,44.4893183619529],[-122.80837092198,44.483850730327],[-122.806661186664,44.482927256088],[-122.805832724001,44.4823318644241],[-122.805190805911,44.4820936358127],[-122.804693588738,44.4819279743966],[-122.804304695805,44.4818850146817],[-122.803917773287,44.4818433868629],[-122.803915857731,44.4818434246344],[-122.803282162142,44.4819124233197],[-122.802703042811,44.4819556186569],[-122.80238333832,44.4819661560134],[-122.801724882597,44.4819903558703],[-122.801501536866,44.4820140521069],[-122.801287714057,44.4820361844224],[-122.801005151566,44.4820651848605],[-122.800320379882,44.4821516591718],[-122.799217479203,44.4822808216027],[-122.797573373712,44.4822465367483],[-122.797182369171,44.4822475098148],[-122.797180399656,44.4822461770195],[-122.796273783209,44.4822478713422],[-122.796176205867,44.4822525694006],[-122.796172374755,44.482252645843],[-122.794871792299,44.4823267167047],[-122.793992567403,44.4822935362178],[-122.793044452639,44.4823125020204],[-122.792166546149,44.4822147807876],[-122.790777858911,44.4820449222354],[-122.7902481924,44.4819800262572],[-122.78766247964,44.4815403576015],[-122.787392353874,44.4814949706164],[-122.786268823647,44.4808970941256],[-122.785614593838,44.4805368679822],[-122.784745882017,44.4798364606842],[-122.784209863594,44.4791143248663],[-122.783905213755,44.4789200362308],[-122.783602482169,44.4787257080251],[-122.782554521974,44.4778010520769],[-122.782327608632,44.477535223272],[-122.78181122241,44.4769224701959],[-122.781353152726,44.4762811087862],[-122.781296493638,44.4762040144038],[-122.781172853944,44.4760308175682],[-122.780758690961,44.4756808841655],[-122.78041177928,44.4756809237357],[-122.771751895234,44.4756689663498],[-122.763989218927,44.4756619696242],[-122.763875957409,44.4727713803949],[-122.763638676684,44.4614352866092],[-122.763693461584,44.4488253759903],[-122.763705399185,44.446249300365],[-122.763769910253,44.4322009583076],[-122.760308283001,44.4322295135813],[-122.759707043046,44.4322331423457],[-122.756689829272,44.4322638002342],[-122.748573142936,44.4323643965997],[-122.74399287597,44.4314853560644],[-122.738017954765,44.4314471708503],[-122.738007152108,44.4264823591736],[-122.727199184295,44.4265434348317],[-122.727106555923,44.4187862039202],[-122.717946310674,44.4188363393257],[-122.717947666851,44.4175010592265],[-122.712998579821,44.4175130849609],[-122.712944407358,44.4172945640929],[-122.710356520937,44.4165513472669],[-122.709092593948,44.4163410695847],[-122.707628839399,44.4160097521484],[-122.705301069289,44.4159708888455],[-122.702882837273,44.4160215458577],[-122.701973002152,44.4160115966579],[-122.701316489864,44.4160173568156],[-122.700002250304,44.4159451772282],[-122.698663345937,44.4155715511862],[-122.697692024168,44.4152992670476],[-122.695089727009,44.414572454755],[-122.69352505144,44.4142525002528],[-122.691470553823,44.4132722167395],[-122.689342613071,44.4128888789187],[-122.687132018328,44.4127019458382],[-122.685855522414,44.4126124174292],[-122.685851645437,44.4126111188081],[-122.685845905064,44.4126112294247],[-122.685442812736,44.4125832416233],[-122.68336906603,44.4124718461988],[-122.682708874615,44.4126353834163],[-122.68123480844,44.4126387675651],[-122.679770037657,44.4128930859472],[-122.677963464242,44.4133789410853],[-122.676369242347,44.4139128793759],[-122.676180405401,44.413983709081],[-122.676176629148,44.4139851533922],[-122.676155836822,44.4139924100218],[-122.674951010581,44.4144434506048],[-122.673153669606,44.4151815538856],[-122.672936783706,44.4152707522435],[-122.672874556915,44.4152966329333],[-122.671563962307,44.4158402155535],[-122.670177299443,44.416294652876],[-122.668676922702,44.4174565805568],[-122.6508893012,44.4174235610486],[-122.633101698584,44.4173877797223],[-122.629033253782,44.4173934958133],[-122.622194273847,44.4173982918977],[-122.603000913062,44.4169440686139],[-122.603000863599,44.4169426971478],[-122.602610242169,44.4169416359478],[-122.580130678588,44.4162378579908],[-122.56858323243,44.416548552174],[-122.562307380981,44.4166631042189],[-122.562222163022,44.4167991176852],[-122.545220132603,44.4164562979199],[-122.542341210279,44.4164184769312],[-122.540532102574,44.4164232793109],[-122.521579714232,44.416086986825],[-122.515588422668,44.4160677116556],[-122.502001442712,44.4160274597995],[-122.498316602829,44.4160465290241],[-122.484522820172,44.4161162165902],[-122.470979546369,44.415604979886],[-122.462582565633,44.4158932593665],[-122.443346568889,44.4160387660763],[-122.440443070791,44.4160632959844],[-122.422820421825,44.4162493621184],[-122.421415588159,44.416261960721],[-122.403639254048,44.4164325594151],[-122.403219982916,44.4164326664344],[-122.403204674656,44.4164329209426],[-122.382802259017,44.4162638007339],[-122.362857261953,44.4155992377147],[-122.34365190691,44.4157631787278],[-122.324446446646,44.4159239001679],[-122.303139247378,44.4161886030217],[-122.282400386369,44.4163842388416],[-122.2638397553,44.4161844706368],[-122.261008190376,44.4163076237979],[-122.247746997026,44.4168867089545],[-122.228494545387,44.4172447281617],[-122.209640052746,44.4173356127484],[-122.209000711214,44.4173382936274],[-122.189074301338,44.4174335489192],[-122.188804403101,44.4174347845877],[-122.188660843423,44.4174355292263],[-122.188153579024,44.417437519426],[-122.168690433317,44.4175306307341],[-122.148520334146,44.4176717748326],[-122.128628128186,44.4177546491578],[-122.128321944102,44.4177590018765],[-122.128295153299,44.417759383189],[-122.108281652176,44.417885725346],[-122.088827687648,44.4178896733698],[-122.068846448805,44.4180031875971],[-122.067361135708,44.4180125459423],[-122.049406927388,44.4181141225687],[-122.029153818094,44.4179307732866],[-122.00830053724,44.4179246264204],[-121.988660796159,44.4179839825748],[-121.987773384734,44.4180174652339],[-121.970224924441,44.4180313867392],[-121.953381591088,44.4180693480221],[-121.929078810339,44.4180554498992],[-121.929061585624,44.4180556648371],[-121.928575327589,44.4180548707358],[-121.908474784684,44.4181281771737],[-121.908285399152,44.3640662507569],[-121.880650849657,44.3642294228496],[-121.853016150875,44.3643859219728],[-121.843139074009,44.3644405297067],[-121.843111265173,44.3632211443404],[-121.843077268101,44.3616464809004],[-121.843075324666,44.3616451319174],[-121.842676094027,44.3612464471659],[-121.842177757198,44.3609463362045],[-121.84128024099,44.3602489047632],[-121.84127635412,44.3602462058977],[-121.840675569222,44.3596454479791],[-121.839975743785,44.3591460031856],[-121.839787547158,44.3590274698419],[-121.839076308425,44.3584458333086],[-121.837876181141,44.3581456818778],[-121.837176398872,44.3576462199971],[-121.837176367395,44.3576448476317],[-121.836976699915,44.3563465197761],[-121.836976669338,44.35634514831],[-121.838076114821,44.3552456677534],[-121.83857605604,44.3549462123979],[-121.839376646015,44.3542453518415],[-121.839775701288,44.3535464437135],[-121.83997547309,44.3527455974314],[-121.840176083959,44.3516456420328],[-121.84147518703,44.3497480221536],[-121.841475124977,44.3497452792213],[-121.841975435818,44.3490451749949],[-121.842374794161,44.3484464108732],[-121.84267505531,44.3479462196424],[-121.843275189099,44.346845684181],[-121.84357469032,44.3461451860516],[-121.843873903758,44.3453486502201],[-121.843875752764,44.3453458839055],[-121.843875689811,44.3453431409732],[-121.843875459585,44.3447463193872],[-121.84387521407,44.3436459691862],[-121.843776244578,44.3432465047225],[-121.843376960878,44.3417502136015],[-121.843374956289,44.3417461207869],[-121.842974713013,44.3410456073689],[-121.842475433694,44.3404450392072],[-121.841975023928,44.3400461673967],[-121.841974993351,44.3400447950313],[-121.841374436881,44.3394454103774],[-121.840575064588,44.3388456084381],[-121.840075829336,44.338245027686],[-121.839375533554,44.3375452723965],[-121.839248013285,44.3373176395974],[-121.83850458332,44.335980398077],[-121.838375000906,44.3357459277324],[-121.837475350607,44.3343460241497],[-121.83747532003,44.3343446517843],[-121.837875117243,44.3333466399355],[-121.837875085767,44.3333452675701],[-121.838273986355,44.3326449915731],[-121.838374241878,44.3323460919986],[-121.838374886692,44.3319536890116],[-121.838375520714,44.3316449778335],[-121.838374194214,44.3307449543162],[-121.83857524665,44.3292457350027],[-121.839173054793,44.3280478290441],[-121.839174902899,44.3280450627295],[-121.83927486884,44.3271452226739],[-121.839273473092,44.3267473563055],[-121.839273441616,44.32674598394],[-121.839269338909,44.3267336839124],[-121.838974652658,44.3260456386953],[-121.838673597409,44.325245162934],[-121.838473756359,44.324945659015],[-121.838475064872,44.324245916316],[-121.838514536117,44.3239641910946],[-121.838774144311,44.3234452750795],[-121.838674515616,44.3228454992205],[-121.83867448414,44.322844126855],[-121.839474785433,44.3216452190517],[-121.839474753957,44.3216438466862],[-121.840173648595,44.3209455348086],[-121.840540956,44.3206256657419],[-121.840674464855,44.3204457383802],[-121.841073978781,44.319945755792],[-121.840973127008,44.3195449378487],[-121.840674385714,44.3188459676673],[-121.840273598348,44.3179451347602],[-121.840271343747,44.3179300702166],[-121.839946948393,44.3161859223425],[-121.839946824286,44.3161804346794],[-121.839678939631,44.3144836442049],[-121.839678846102,44.3144795289072],[-121.839273867895,44.3136445992189],[-121.838875900802,44.312949531196],[-121.838873897113,44.3129454383813],[-121.838672764636,44.3117459046499],[-121.838874684919,44.3110451843878],[-121.839573065145,44.3102453489437],[-121.840159430313,44.3095620719321],[-121.840174338375,44.3095454326756],[-121.840174306899,44.3095440612095],[-121.840573890073,44.3085460349716],[-121.840374432134,44.3083453152841],[-121.839873179703,44.307644600418],[-121.839473125284,44.3074448573943],[-121.838472517992,44.3065455551333],[-121.8381732434,44.3051454815788],[-121.838173211924,44.3051441110119],[-121.838073161447,44.3049449669367],[-121.837973473397,44.3048459758612],[-121.837172439157,44.3036452271456],[-121.837172125293,44.3019466704026],[-121.837174003977,44.3019452755541],[-121.8371739734,44.301943904088],[-121.838672290694,44.2999451707331],[-121.838672745751,44.2995445353521],[-121.838645591621,44.2993582578774],[-121.838572742938,44.2977483581003],[-121.838572680884,44.2977456151681],[-121.838572650308,44.2977442428026],[-121.839044777295,44.2957369326134],[-121.839073247133,44.2956446738627],[-121.839367089819,44.2943679953867],[-121.839372289699,44.2943446094163],[-121.839374136907,44.2943418440009],[-121.83957226295,44.2936452777075],[-121.839971799359,44.2921450898241],[-121.840173636904,44.2914443632668],[-121.84027234829,44.2907448462977],[-121.840472191139,44.2905449306041],[-121.840771805674,44.2899445863736],[-121.840873518998,44.2895455059204],[-121.840871608838,44.2895455284035],[-121.840673266958,44.2880468603744],[-121.840673234582,44.2880454880089],[-121.840749759694,44.2871267064324],[-121.84077200982,44.2868451799611],[-121.840771978344,44.2868438075957],[-121.841071602772,44.286244833932],[-121.841172572356,44.2856454456808],[-121.840571737995,44.2853451620496],[-121.840073240188,44.2853455199798],[-121.840071330927,44.2853455415636],[-121.839271770676,44.2855456263296],[-121.838571863401,44.2858446949767],[-121.837034341961,44.2860986806097],[-121.83703052344,44.2860987255758],[-121.835075364037,44.2860447491659],[-121.835071544616,44.2860447932327],[-121.835065785358,44.2860434892157],[-121.833172466936,44.2853452780622],[-121.832878240239,44.2852567838735],[-121.831170612034,44.2847443420778],[-121.830371574289,44.2845450990771],[-121.829332329423,44.2844501738365],[-121.82868061322,44.2843466187015],[-121.828671003964,44.2843439872852],[-121.827372144609,44.2837457861391],[-121.827372114032,44.2837444137737],[-121.827370204771,44.2837444362568],[-121.826071683561,44.2832450031544],[-121.825270980272,44.2825449555853],[-121.824671745804,44.2798449039192],[-121.824571437222,44.2786949390203],[-121.824571218687,44.2783450757647],[-121.824471162814,44.2775463455874],[-121.824471133136,44.2775449750206],[-121.82447110166,44.2775436026552],[-121.824670516431,44.2766439883295],[-121.824728280786,44.2763250086923],[-121.824871183958,44.2755454151888],[-121.824871520304,44.2753053069944],[-121.824971649922,44.274747104995],[-121.824971587868,44.2747443611634],[-121.824771209024,44.2736449489553],[-121.824674363731,44.273159003885],[-121.824670207064,44.2731439600258],[-121.824670175588,44.2731425876603],[-121.82427102229,44.2725448964299],[-121.823271238777,44.271645454774],[-121.8232712082,44.2716440833079],[-121.822069636604,44.2703449658475],[-121.821227586084,44.2684709171991],[-121.820969749554,44.2674448797774],[-121.820170211786,44.2658461091107],[-121.820170182108,44.2658447367452],[-121.820168242271,44.2658433868629],[-121.818770847796,44.2647440699829],[-121.818770818119,44.2647426994161],[-121.818870727402,44.2643436576337],[-121.818870688731,44.2637440841223],[-121.819070181743,44.2634440514019],[-121.819364664747,44.2629522103763],[-121.819370237846,44.2629452846972],[-121.818924316204,44.2623851599472],[-121.825310799554,44.26238945421],[-121.833763126367,44.2623953600579],[-121.840915200776,44.2623980742118],[-121.862346520875,44.2623997091793],[-121.867081487421,44.2624007712786],[-121.870552498199,44.2624003432013],[-121.889658245232,44.2623924894219],[-121.908763985969,44.2623814403512],[-121.908708595825,44.2583825949808],[-121.918289666235,44.2583449907288],[-121.935397620604,44.2582712481197],[-121.963680488664,44.2584536324292],[-121.991963529393,44.2586290128187],[-122.011690942683,44.2586962056654],[-122.029149663226,44.2584418746928],[-122.029229193872,44.2538498050245],[-122.057353285726,44.2538498769703],[-122.075443524599,44.253850141371],[-122.093251215371,44.2539180293936],[-122.111058944814,44.2539831412091],[-122.111131500318,44.253983490146],[-122.117920729758,44.2540027797046],[-122.132274061599,44.2540661270502],[-122.146627423117,44.2541276712551],[-122.146848912647,44.2357297230483],[-122.146436681408,44.2105529046929],[-122.146431015679,44.210281304039],[-122.14668471173,44.2102803876298],[-122.161368742274,44.2102658608808],[-122.176052762925,44.2102494446562],[-122.192631079561,44.2102960259409],[-122.209209423176,44.2103401997405],[-122.225787789275,44.2103819651556],[-122.242366177857,44.2104213230857],[-122.242369991882,44.2104212646297],[-122.246788627293,44.2104319368844],[-122.248447282916,44.2103955620057],[-122.263802633085,44.2103294420502],[-122.263823608872,44.2103291182942],[-122.263915875717,44.2095222240715],[-122.283409452684,44.2095376258608],[-122.289785929277,44.2095654212073],[-122.298705792039,44.2096049473105],[-122.302594278903,44.2096218131962],[-122.328988562572,44.2097027332945],[-122.355382917288,44.2097775496942],[-122.359951725991,44.2097676778361],[-122.36037520685,44.2097662641019],[-122.364837709393,44.2098334011906],[-122.364824612566,44.2104456227673],[-122.36539891243,44.2102057052292],[-122.365693860383,44.2100005410921],[-122.365799036996,44.2098876716788],[-122.366026160779,44.2096493099677],[-122.366750517922,44.2092683391626],[-122.369001934691,44.2090956405514],[-122.370319965794,44.2093292808217],[-122.371221001948,44.2092870666449],[-122.371584897325,44.2093318717685],[-122.372274805938,44.2097308487997],[-122.373423724925,44.209985067357],[-122.374718058891,44.2103123558306],[-122.375989407985,44.2102159943727],[-122.377007888403,44.2099069648346],[-122.378105632369,44.2098710665965],[-122.378286925801,44.2097528174386],[-122.379599247108,44.2094457897914],[-122.382255884901,44.2099563843797],[-122.382956779632,44.2101588892214],[-122.383593986173,44.2103981178789],[-122.384851972241,44.2109591707292],[-122.384854055071,44.2172397930821],[-122.390607343754,44.2171981598672],[-122.397737929762,44.2171470675831],[-122.404712084995,44.2170967694004],[-122.404858091728,44.2200844170623],[-122.404897033271,44.2206998968828],[-122.405635400953,44.2206971791315],[-122.405908207598,44.220695367897],[-122.41726738698,44.2206931375783],[-122.417290272028,44.2206927535678],[-122.42520496164,44.2206816703229],[-122.425255148306,44.2181833536789],[-122.425606729267,44.2182570126511],[-122.425886829414,44.2183620669559],[-122.426112861419,44.2184474476916],[-122.426329385792,44.2184753563527],[-122.426692448398,44.2186668301102],[-122.426914578245,44.2187495308662],[-122.427500044991,44.2190319332772],[-122.428718549921,44.2193585256755],[-122.430595130161,44.2191525278669],[-122.430830055563,44.2192761720577],[-122.431651239113,44.2197055119998],[-122.432460766551,44.220128180771],[-122.433458197438,44.220053656651],[-122.433665664739,44.2200377917108],[-122.434277467231,44.2201907232234],[-122.43522216637,44.2204285750188],[-122.435476268015,44.220554630292],[-122.435763331612,44.220696590975],[-122.436345106641,44.2206318343917],[-122.43648387563,44.2206157581108],[-122.438070541422,44.2197737192818],[-122.440215770741,44.2186271322364],[-122.440260592952,44.218597552635],[-122.440374939052,44.2185352314158],[-122.4406579557,44.2183218375828],[-122.441477978226,44.2183078926951],[-122.442254926823,44.2184346440437],[-122.444452982319,44.2177371721328],[-122.445804999701,44.2171336730806],[-122.446878693097,44.2166542903632],[-122.447237715048,44.2165479922961],[-122.447500341368,44.216469410435],[-122.44875512405,44.2164479930805],[-122.449925287722,44.2168108650295],[-122.450789413001,44.2169196020581],[-122.451090212843,44.2169570003653],[-122.451795061893,44.2170958970581],[-122.452018222363,44.2171510866534],[-122.45350529993,44.2175181080743],[-122.453865040439,44.2176066364372],[-122.454758563657,44.2184297796107],[-122.455942573291,44.2192081464389],[-122.456556814745,44.2202391553128],[-122.457058262329,44.2206875168155],[-122.457203796918,44.2208181298529],[-122.458092996195,44.2206450724122],[-122.458688365376,44.2205305662327],[-122.458934829978,44.2204824246243],[-122.459169944237,44.2204372220003],[-122.459964958416,44.2207611479087],[-122.460148727682,44.2208362098233],[-122.460882146394,44.2212586168917],[-122.461380163064,44.2215450941308],[-122.462272088186,44.2217410905789],[-122.463569663309,44.2220275354425],[-122.463771382144,44.2221256110082],[-122.464894377274,44.2226702809088],[-122.465090287387,44.2227657106691],[-122.466490140607,44.2227416043416],[-122.466921500427,44.2226298806645],[-122.467533704017,44.2224478003258],[-122.467541286201,44.2224462966593],[-122.468059659026,44.2225979142624],[-122.46832177543,44.2226757299011],[-122.46928679475,44.222659086148],[-122.469286748884,44.2226577137825],[-122.472190962843,44.2222535341733],[-122.473892733763,44.2221280616608],[-122.473904175837,44.2221278638099],[-122.475414119566,44.2210602021667],[-122.475809294264,44.220666387244],[-122.476302370058,44.2201761892798],[-122.476623666349,44.2196848473778],[-122.477863388984,44.2192119002091],[-122.478144275138,44.2192234996648],[-122.479604194078,44.2192860142382],[-122.480107359367,44.2194392128495],[-122.481115603702,44.2197455714011],[-122.483910210987,44.2203447402176],[-122.485876029155,44.2208100593368],[-122.486120444203,44.2208716745882],[-122.486516903133,44.2209718122994],[-122.488489069615,44.2211144951379],[-122.488963416129,44.2211473977343],[-122.489227425605,44.2211674993807],[-122.490745660184,44.2204109878768],[-122.491613372859,44.2198867415799],[-122.491891165345,44.21980642043],[-122.492548754122,44.219615176899],[-122.493582598558,44.2199429348186],[-122.49560494721,44.2208366190148],[-122.496071537971,44.221655935573],[-122.496434710294,44.2222945477552],[-122.49665987895,44.2224072516934],[-122.497015148031,44.2225862932229],[-122.497816182271,44.222686173728],[-122.498125238789,44.2225709840637],[-122.498715849657,44.2224865422202],[-122.498721572043,44.2224864423955],[-122.500331605819,44.2225268534316],[-122.500619493195,44.2224065367324],[-122.500627075379,44.2224050321665],[-122.501115625785,44.2223498110949],[-122.501640680573,44.2221839077612],[-122.501899137635,44.2219921318315],[-122.502351866246,44.221892261219],[-122.502756365114,44.2218619001067],[-122.503399266163,44.2218707080668],[-122.504062231986,44.222099143061],[-122.504048356347,44.2221533487981],[-122.504363280941,44.2222343777144],[-122.504774708186,44.2223327527544],[-122.504927211621,44.222389004449],[-122.506798931925,44.2230657146111],[-122.507160546622,44.2233589871276],[-122.508174266929,44.2241896756131],[-122.508848495861,44.2247335792913],[-122.510785944915,44.2261036127916],[-122.511635934651,44.2272114876201],[-122.511897182309,44.2275437817202],[-122.512273815684,44.2278572494126],[-122.512356965202,44.2285023591966],[-122.512369439698,44.2286445366161],[-122.512313468592,44.228773777288],[-122.512292751809,44.2288146110055],[-122.512201478715,44.229061200614],[-122.512698863162,44.2299407420716],[-122.512811973594,44.2300907292038],[-122.513417023077,44.2309873793641],[-122.513893881397,44.2312589107702],[-122.514117726252,44.2313866999363],[-122.514432273131,44.2314319250434],[-122.514817769325,44.2314868736204],[-122.515403673141,44.2314861388743],[-122.515716721749,44.2314874725689],[-122.516417558923,44.2313872719051],[-122.517317295557,44.2311874929085],[-122.518716265643,44.2311874659289],[-122.519117053909,44.231187240199],[-122.519716389999,44.2306867378028],[-122.520566990374,44.2302229538263],[-122.520568850172,44.2302215490853],[-122.520818070298,44.2300867721868],[-122.521807334441,44.2294929021758],[-122.521816682894,44.2294872481381],[-122.522517497584,44.228886128692],[-122.522600058046,44.2288448713937],[-122.522813967191,44.2287381596384],[-122.52371648183,44.2282871550282],[-122.523857413689,44.228222903864],[-122.524569415046,44.2278932843477],[-122.525016527391,44.2276863737272],[-122.526016208381,44.2272871448859],[-122.526095702155,44.2272678948975],[-122.52682849404,44.227099819701],[-122.527262053601,44.2269988069494],[-122.527316987789,44.2269868531608],[-122.528617379588,44.2267867279252],[-122.529147386942,44.226826710884],[-122.529916649933,44.226887138131],[-122.530717058246,44.2271871537642],[-122.531025220837,44.2273243876105],[-122.531616330829,44.2275869527757],[-122.531616716638,44.2279862787438],[-122.531867723716,44.2282370546964],[-122.532017918592,44.2283867036835],[-122.532491754291,44.2286239070677],[-122.532649079891,44.2287034422101],[-122.532817992356,44.2287868876048],[-122.533317339124,44.229487463076],[-122.533172648099,44.2299964101063],[-122.533118132096,44.2301867552146],[-122.533049679299,44.2304157720703],[-122.532816681145,44.2311870225631],[-122.532689107816,44.2315282469311],[-122.532629734575,44.2316884881333],[-122.532551079868,44.2318984744351],[-122.53251786161,44.2319868912821],[-122.532517885892,44.2324863990281],[-122.532977239808,44.2330779047216],[-122.533218813897,44.2333864819007],[-122.533236265241,44.2333944049279],[-122.533362045322,44.2334443110062],[-122.533617199174,44.2336483527893],[-122.533778194908,44.2337785962053],[-122.533929672217,44.2338541167741],[-122.534759107047,44.2342729769164],[-122.535783448347,44.2345319169145],[-122.535846347831,44.2345294230944],[-122.537878178035,44.2344478896584],[-122.537946657812,44.2344411789173],[-122.540667451442,44.2341922276892],[-122.543088636831,44.2346621603305],[-122.544420319642,44.234921012195],[-122.545004477874,44.2350340560769],[-122.545135140374,44.2350591606518],[-122.545464894789,44.2351012830978],[-122.546118731594,44.23518700018],[-122.547318929925,44.2352862457637],[-122.547423739614,44.2353914043899],[-122.547718380899,44.2356866500189],[-122.54821916838,44.2354869195857],[-122.549218824189,44.2350874883969],[-122.550216848629,44.2345865273464],[-122.550218756091,44.2345864931722],[-122.550370597625,44.2343971364187],[-122.55061748311,44.2340866832539],[-122.550918873807,44.2335872465542],[-122.55251764987,44.2320860550275],[-122.552718403731,44.2319863858631],[-122.552867276603,44.2319864542116],[-122.552918824844,44.231986899376],[-122.553518794956,44.2317867336709],[-122.553760985981,44.231726113969],[-122.554317274223,44.2315871111563],[-122.554487981735,44.2315017016423],[-122.554917565393,44.23128675468],[-122.555446996282,44.2310892212906],[-122.555718266884,44.2309869054214],[-122.556266016963,44.230986647316],[-122.556918769186,44.2309872381705],[-122.557518715916,44.2307870517811],[-122.558817504224,44.2304864363001],[-122.559685884196,44.2305407589489],[-122.560418460244,44.2305865479309],[-122.56131867082,44.2307871192302],[-122.562117701371,44.2309867669258],[-122.562507043965,44.2309865951553],[-122.562917416306,44.2309874144377],[-122.563103619137,44.2309634645923],[-122.563719304902,44.2308864673366],[-122.564028430668,44.2308301041261],[-122.564104293878,44.2308163822703],[-122.564260955778,44.2285835787692],[-122.564904892846,44.2223321259269],[-122.565738294587,44.2142465930059],[-122.571405554123,44.2142577778742],[-122.583701694877,44.2142782212629],[-122.58656272519,44.2143028006338],[-122.586564583189,44.2143013949934],[-122.586616480366,44.2067541485852],[-122.58666824984,44.199257670705],[-122.605931854871,44.1992852619053],[-122.615976598641,44.1995358274166],[-122.627133444053,44.2005236769262],[-122.627133393691,44.2005223045608],[-122.626719896206,44.1860217986671],[-122.626019927777,44.1804041907009],[-122.624812763298,44.1707009995515],[-122.625689980908,44.1707052380564],[-122.647401343597,44.170813123427],[-122.662481839365,44.170879490696],[-122.66303484778,44.1708813549906],[-122.663044374298,44.1708811742268],[-122.663052046415,44.1708824009021],[-122.67059755983,44.1708501988776],[-122.687992498655,44.1707758006627],[-122.705387394313,44.1706987512464],[-122.705811653085,44.1671498456889],[-122.707131924399,44.1569152658269],[-122.715068546676,44.1569370168299],[-122.726452559038,44.1569801546105],[-122.730827612404,44.1571855822489],[-122.733928971245,44.1573320890047],[-122.735372749153,44.1574012306823],[-122.73900117996,44.1575715757676],[-122.744268145858,44.1578179828137],[-122.744455159878,44.1627919378977],[-122.744081493366,44.2085228200721],[-122.744083235353,44.2086188523782],[-122.744081640855,44.2086271171478],[-122.744487710839,44.2304508096572],[-122.744491645373,44.2306044381444],[-122.744071744715,44.2730722417906],[-122.744069836354,44.2730722786628],[-122.744062576127,44.2739356350216],[-122.744221101423,44.2858816292339],[-122.744221204845,44.2858843721661],[-122.744223410882,44.2860929267472],[-122.744795190845,44.2859568107583],[-122.745022313729,44.2859509768562],[-122.745249383552,44.2859437705886],[-122.745915427755,44.2859251923938],[-122.746083370751,44.2859205186171],[-122.746270403656,44.2859154698231],[-122.746335311326,44.2859141936851],[-122.746508981204,44.2859094083925],[-122.746616594081,44.2858757278826],[-122.74688284107,44.2857936413635],[-122.747047097745,44.2857423782082],[-122.747175501148,44.2857027999443],[-122.747334423045,44.2856118443112],[-122.74794947299,44.2852580294345],[-122.748589750716,44.2851150570143],[-122.749443624624,44.2850625698817],[-122.750180921213,44.2851592137268],[-122.750924686625,44.2854753029429],[-122.750924738786,44.2854766753084],[-122.751206664556,44.2853050648769],[-122.751261635616,44.285343780691],[-122.751467842067,44.2854906768533],[-122.7518410823,44.2857591667522],[-122.751943231795,44.2858326332695],[-122.751947101577,44.2858339291925],[-122.752231978023,44.2860396581038],[-122.752372989922,44.2861301991494],[-122.753994769743,44.2871741501669],[-122.754424233791,44.2874634800556],[-122.755724421445,44.2883394619966],[-122.7563402529,44.2887554802812],[-122.756548131191,44.2888954732475],[-122.757487373244,44.2892749071113],[-122.758678860741,44.2897550191789],[-122.759667751665,44.2901828590518],[-122.759877567995,44.2902734027954],[-122.760542016801,44.2905608081348],[-122.761267502593,44.290546454955],[-122.761372508335,44.2905443766217],[-122.761813526873,44.2905356487013],[-122.762200472774,44.2904621174328],[-122.762919469058,44.2903284862707],[-122.763382305149,44.2902410946509],[-122.763780293825,44.2901069535731],[-122.764174515242,44.2899742586052],[-122.764732776596,44.2897847903359],[-122.764865533617,44.2897094226518],[-122.766426300733,44.2888097732525],[-122.767980385886,44.2879363067152],[-122.767986008448,44.2879334513677],[-122.768034641985,44.2879064105525],[-122.768797189739,44.2874658398767],[-122.768944892593,44.2873819376264],[-122.76923833598,44.2872127994312],[-122.769258913368,44.2872014122154],[-122.769354217223,44.2871459968903],[-122.771073363945,44.2861456962669],[-122.771200430955,44.2860718070683],[-122.772199602929,44.2855757320344],[-122.774154835177,44.2846063689888],[-122.774166076703,44.2846006555959],[-122.774282317675,44.2845434470225],[-122.775281120028,44.2840391171116],[-122.775417932991,44.2839705186246],[-122.775472288016,44.2839433608975],[-122.775552837593,44.2839019579091],[-122.776626652398,44.2833618115984],[-122.778322312425,44.283341737831],[-122.779076920963,44.283391190651],[-122.779686028188,44.2834325630624],[-122.781053726149,44.2835274082634],[-122.781136076169,44.2835326261298],[-122.781465737953,44.2835109479719],[-122.78171920108,44.2834949076639],[-122.781917679657,44.2835883831974],[-122.782932972878,44.2836600510706],[-122.782954024209,44.2836610025533],[-122.78299617993,44.2836642778842],[-122.785919474804,44.283870701072],[-122.786174268028,44.2838889339272],[-122.786957790669,44.2839446181496],[-122.790837889557,44.2851253623456],[-122.790839798818,44.2851253236748],[-122.791259846964,44.2852170859998],[-122.791679895111,44.2853088456268],[-122.791899544628,44.2853565897349],[-122.792121104305,44.2854042969708],[-122.793071438596,44.2855238402531],[-122.794421088962,44.285692997334],[-122.796895479143,44.2847690797293],[-122.797312725902,44.284690701115],[-122.79742466002,44.2846706093612],[-122.797633309929,44.2846321048878],[-122.797650383558,44.2846290157166],[-122.798061955595,44.2845521209837],[-122.798171820373,44.284527952603],[-122.79835183407,44.2844900227964],[-122.799971953743,44.2841486383491],[-122.800273229326,44.2840849330732],[-122.800451331064,44.2840470383402],[-122.801902728928,44.2839354648499],[-122.801997961737,44.2839280571342],[-122.802161755261,44.2839151500642],[-122.802308368137,44.2839025901325],[-122.802647247972,44.2838724313677],[-122.802986180867,44.2838436422703],[-122.803281762843,44.2838788552251],[-122.803694486911,44.2839295482102],[-122.804434208072,44.2839393337333],[-122.805309259215,44.284087741656],[-122.805324476643,44.2840860617224],[-122.805326385904,44.2840860239509],[-122.805328348225,44.2840873558469],[-122.806365446408,44.2839827116329],[-122.807961895025,44.2829404018781],[-122.808082914095,44.2828597308919],[-122.808849941372,44.2823474311891],[-122.808939688316,44.2822975835667],[-122.809370512139,44.28207890172],[-122.809481040617,44.2820231446524],[-122.809568311728,44.2820076574275],[-122.809591057381,44.2820030798783],[-122.810253167949,44.2818853927967],[-122.810575341079,44.2816730205935],[-122.810875195734,44.2814761949705],[-122.810882616939,44.2814705553219],[-122.810998224788,44.2813982246484],[-122.811389624132,44.2809538894105],[-122.811621562885,44.2806815809902],[-122.811686518218,44.2805841997011],[-122.811712112024,44.2805548620173],[-122.812221470045,44.2798062096889],[-122.812351590254,44.2796169320758],[-122.812972038828,44.2785352823774],[-122.813082957612,44.278343646742],[-122.813535876879,44.277520650158],[-122.813664265893,44.2772874892263],[-122.813664211934,44.2772861168609],[-122.814137901043,44.2766520858252],[-122.814194164429,44.2765768377509],[-122.814890551758,44.2762635490236],[-122.815149642842,44.2761485068482],[-122.817466307224,44.2760411529769],[-122.817693223264,44.2760310598856],[-122.817820942283,44.2760243518424],[-122.817948715261,44.2760190152654],[-122.817956295646,44.2760174891159],[-122.819341339731,44.2759729106214],[-122.820300055703,44.2757736604261],[-122.820639223321,44.2757036410103],[-122.820717047054,44.2756910810786],[-122.820745568153,44.2756877571843],[-122.821457643256,44.2755799680411],[-122.821921445218,44.2755705422468],[-122.822098768144,44.2756108552568],[-122.822114199611,44.2756146575904],[-122.822220254861,44.275639951023],[-122.823263045753,44.2758781319703],[-122.82347420567,44.2760014712909],[-122.823912230365,44.2762588059991],[-122.824526629201,44.2764837309395],[-122.825090596754,44.2766890938267],[-122.825466451316,44.2768228014312],[-122.825559419631,44.2768552183937],[-122.825861609825,44.2769616027958],[-122.826744267434,44.2768681488461],[-122.827366755671,44.2769103657209],[-122.827577468625,44.2769252863729],[-122.827732614269,44.2769358498097],[-122.828119469338,44.2769609049219],[-122.828315342579,44.2777611369669],[-122.828495424624,44.2784999327258],[-122.828859050205,44.2791457826518],[-122.829174974845,44.2795510612326],[-122.8293480134,44.2797726074199],[-122.829629743118,44.2806177480107],[-122.829631706338,44.280619080806],[-122.829713953836,44.2810085367146],[-122.829751889038,44.2810983412155],[-122.829806881682,44.2812330866377],[-122.829706717891,44.2813572731197],[-122.82971381624,44.2815369117991],[-122.829718096113,44.2816452441328],[-122.829818481138,44.2817200506399],[-122.829899126943,44.281778791658],[-122.830153117972,44.2819698652171],[-122.830694919935,44.2823375962031],[-122.83228457957,44.2824876867574],[-122.83367912769,44.2825346952201],[-122.834601461588,44.2823799857478],[-122.834982917128,44.2823159234412],[-122.83520876837,44.2822783686518],[-122.835576913943,44.2822159494066],[-122.835943204215,44.282154936701],[-122.836051791957,44.2821472277124],[-122.836280474264,44.2821329446797],[-122.83680646075,44.282004162662],[-122.837095959711,44.2819337385512],[-122.837222928695,44.2819078110966],[-122.837711768683,44.2818058585536],[-122.837925836108,44.2817603069926],[-122.838088745599,44.2817254088006],[-122.838283887691,44.2816843601452],[-122.838541586625,44.2816310519315],[-122.839841895687,44.281469935689],[-122.840305800173,44.2814137730273],[-122.840845997745,44.2814027068695],[-122.841222036668,44.2813950032768],[-122.841359471962,44.2813921857008],[-122.841525533576,44.2814848509452],[-122.842414913617,44.2819922511415],[-122.843130388157,44.2824016531139],[-122.844124291903,44.2829425800361],[-122.847180156739,44.2838816997807],[-122.848276811626,44.2842187369052],[-122.848654019667,44.2843358727024],[-122.849964500062,44.2847645669312],[-122.850074838783,44.2848007250735],[-122.850185179303,44.2848368832156],[-122.851172402884,44.285159675079],[-122.852140329712,44.2854773659877],[-122.853015359271,44.2856212943873],[-122.853288400639,44.2856650778811],[-122.853494896672,44.2856690591798],[-122.853529257969,44.2856683523127],[-122.854206013996,44.2856791136003],[-122.854745106302,44.2856872191899],[-122.854748869065,44.2856857685834],[-122.855020324029,44.2856897822577],[-122.855241324328,44.2856742473687],[-122.856064348791,44.285616107997],[-122.856237679625,44.2856029266338],[-122.856412974579,44.2855910780659],[-122.856929268171,44.2856023879399],[-122.857086186378,44.285608757838],[-122.857465089642,44.2856242720426],[-122.857715985204,44.2856396819258],[-122.857842359737,44.2856466813493],[-122.858058785185,44.2856600560668],[-122.858227320834,44.2856703020428],[-122.8588455256,44.2857934102378],[-122.858950035815,44.285826935165],[-122.859294494146,44.2859364779861],[-122.859656365149,44.2860991851293],[-122.859924796592,44.2862185296615],[-122.860191376331,44.2863392861292],[-122.860446227112,44.2864534217881],[-122.860520140592,44.2864862047746],[-122.860761355852,44.2865937591947],[-122.86144096363,44.2866549688518],[-122.862008890898,44.2868914626709],[-122.864617102897,44.2870783768657],[-122.865239776395,44.2871204804259],[-122.865468902068,44.287138637738],[-122.865280144263,44.2590259331004],[-122.884795668285,44.2591100646778],[-122.904311246267,44.259190864267],[-122.90431569971,44.2590658782877],[-122.905196922,44.2317343733427],[-122.905197503862,44.2301093856397],[-122.905186586991,44.2158842089891],[-122.905177814105,44.2012431021874],[-122.925564891806,44.2011604706792],[-122.945951911052,44.2010741987153],[-122.966338870043,44.2009842853965],[-122.986725766081,44.2008907298234],[-122.986364947284,44.2076814440435],[-122.98685529004,44.2152908210146],[-122.9863077531,44.2152945163289],[-122.962987459204,44.2152827621898],[-122.945804442921,44.2154080026772],[-122.945777760935,44.2307005963555],[-122.945138285404,44.2595867548249],[-122.934806690277,44.2594039739143],[-122.924622902325,44.2594229882803],[-122.924398884801,44.2636837009421],[-122.923822395987,44.2801433025714],[-122.923627675677,44.2883271808548],[-122.925467303673,44.3018807806735],[-122.930744236757,44.3019827781827],[-122.930798538722,44.3164608405954],[-122.930739503625,44.331018129683],[-122.930381648994,44.366468658302],[-122.930331248288,44.3747495410585],[-122.94542117075,44.3746641360411],[-122.954442916807,44.3746109816116],[-122.961630118735,44.37456914515],[-122.967401690635,44.3745354286672],[-122.971970359045,44.374517804653],[-122.977610039971,44.3744915822208],[-122.977396450086,44.3702273082437],[-122.981028193996,44.3701893523568],[-122.984931399165,44.3701883747937],[-122.985120336834,44.3723980297453],[-122.986557048769,44.3723009434339],[-122.986599705412,44.3758477931412],[-122.995661565729,44.3757864036197],[-123.006685440081,44.3757842722264],[-123.006693103204,44.3670662470097],[-123.016865297995,44.3670501869166],[-123.016892467413,44.3614197339336],[-123.037322613648,44.3615558849962],[-123.037266212666,44.3638876013318],[-123.037192548297,44.3669731887617],[-123.038184912404,44.3670472533281],[-123.050336520414,44.3670089961683],[-123.061244242828,44.3669204399264],[-123.061244303082,44.3669218113926],[-123.072481135996,44.3669648106775],[-123.072508925946,44.3703158150229],[-123.072513194129,44.3742232047372],[-123.097669110441,44.374359013158],[-123.097678119849,44.3671476608359],[-123.108474120384,44.3671683128674],[-123.108437130369,44.3576095942075],[-123.123511213072,44.3576368463634],[-123.123523773004,44.3543548532939],[-123.138187180294,44.3544334918122],[-123.152850623557,44.3545102534455],[-123.153857830974,44.3544896346889],[-123.153895978417,44.3526618984279],[-123.154637967668,44.352657033995],[-123.163018638299,44.3526612527147],[-123.17891231635,44.3528117029978],[-123.17896184921,44.3480134610525],[-123.192223973358,44.3479889320436],[-123.194521520851,44.347995221902],[-123.199163858126,44.3480367462989],[-123.19925897762,44.3521988689827],[-123.199269946651,44.3528972456115],[-123.209406298062,44.3530130980761],[-123.209410389978,44.3603782146829],[-123.20945945429,44.3747492083094],[-123.212053695322,44.3747755962169],[-123.212192798859,44.3878048040485],[-123.209549471031,44.387805645814],[-123.209545932199,44.3967507048812],[-123.212195082237,44.3967428717862],[-123.217818789406,44.3967261596846],[-123.220651643958,44.396716515355],[-123.223138791922,44.3968481626127],[-123.22493835692,44.4007761755801],[-123.226190066618,44.4048585841564],[-123.226986275096,44.4064633676903],[-123.228639373808,44.4071802658567],[-123.229073380332,44.4074554161346],[-123.229540921676,44.4077517247624],[-123.229988706713,44.4080347791818],[-123.23056865432,44.4084011503928],[-123.23236868067,44.4091048851823],[-123.233434915089,44.4096751300033],[-123.233436317132,44.4097052932647],[-123.233479489986,44.4110878111536],[-123.233515622048,44.4115769551124],[-123.233560286878,44.4123733497503],[-123.233562899408,44.4124295627742],[-123.231602184893,44.4138763722968],[-123.230848607877,44.4144323934403],[-123.230073699841,44.4145291074324],[-123.229237005683,44.4146149351312],[-123.228523813623,44.4147211477628],[-123.22840196268,44.4147364047613],[-123.227206208799,44.4148843027684],[-123.227126249177,44.4148944417252],[-123.224920658262,44.4137885067342],[-123.224552152959,44.4136051169826],[-123.223718946372,44.4131870923105],[-123.223036503032,44.4132541079907],[-123.221751760335,44.4133821049003],[-123.220127418346,44.4142414943495],[-123.219312446412,44.4168687117217],[-123.219284546744,44.4172180039078],[-123.21925031495,44.4176374468108],[-123.219153303282,44.4188530918967],[-123.219114206156,44.4193330429856],[-123.219505785364,44.4198494337044],[-123.219795567611,44.4202351043666],[-123.220001467394,44.4205047247133],[-123.220901847942,44.4213796157767],[-123.220905864314,44.4213836393436],[-123.22119868627,44.4216690355976],[-123.221773587781,44.422131652254],[-123.221781557573,44.4221383252236],[-123.222513633597,44.4227275952024],[-123.223368976097,44.4234141259612],[-123.223900170556,44.4238420836453],[-123.225297172926,44.4248506220586],[-123.226949667293,44.4285826952353],[-123.226947452263,44.4289660771228],[-123.224926795235,44.4292584826929],[-123.223483086575,44.430014785554],[-123.22337081701,44.4313131493824],[-123.222431691869,44.4328329316945],[-123.221815585221,44.4338001255754],[-123.221472558612,44.434335337306],[-123.221239897703,44.4360551836998],[-123.220761062673,44.4372991106655],[-123.220759339572,44.4373032691306],[-123.220311060807,44.4384627416622],[-123.220305635197,44.4404160115897],[-123.220321385923,44.4409221086684],[-123.221752213594,44.4417020466122],[-123.222670124627,44.4422031776346],[-123.223202790376,44.4424938520097],[-123.223395193134,44.4424700622436],[-123.224564915239,44.4423269549251],[-123.22488305401,44.4422878200269],[-123.225479393559,44.4422159866785],[-123.225955232048,44.4425203532318],[-123.226219815292,44.4426897441364],[-123.226600937183,44.442934597154],[-123.226677927245,44.4429835490516],[-123.227558636022,44.4435486650389],[-123.227945637681,44.4437961179965],[-123.228415557732,44.4441788505736],[-123.228612222376,44.4442880894238],[-123.229219237778,44.4447348087645],[-123.229311285188,44.4448190869314],[-123.229551193733,44.4450343531529],[-123.229754945934,44.4451310680444],[-123.229513542716,44.4457503510979],[-123.251055823867,44.4458458878775],[-123.252307181931,44.445850147966],[-123.259599567666,44.4458504177626],[-123.259652117751,44.4305600499064],[-123.282253612314,44.4304813151606],[-123.282409027754,44.4331184007936],[-123.302677735789,44.4332460352763],[-123.322946530158,44.4333700841621],[-123.322915918135,44.4355258382469],[-123.322752809894,44.4472533106918],[-123.322825054233,44.4549436140566],[-123.322943386128,44.4620461430151],[-123.31143559108,44.4621830486088],[-123.292704504309,44.4621396940917],[-123.292388600354,44.4905474474068],[-123.293771022015,44.4905453402953],[-123.299741747883,44.4905369559158],[-123.301315894213,44.4905341931985],[-123.302109670025,44.4905326400693],[-123.302176771141,44.4905323729707],[-123.302102422389,44.5042503670608],[-123.302105548432,44.5050395221563],[-123.302106202239,44.5050532323208],[-123.302115928407,44.5071063683642],[-123.302152579378,44.5147891408063],[-123.302153494888,44.5148083341373],[-123.302151413857,44.5194682657479],[-123.302694426307,44.5194700985663],[-123.303304904098,44.5193179251822],[-123.303546318108,44.5192310425786],[-123.303799574391,44.5191109300255],[-123.303691421022,44.5189351386458],[-123.304554930266,44.5186985360087],[-123.305198530987,44.5183163223405],[-123.305531585015,44.5185415152787],[-123.305710264117,44.5191493121911],[-123.305901165007,44.5192901352316],[-123.306238024965,44.5191130686133],[-123.306515628593,44.519060981679],[-123.306847278779,44.5190158078333],[-123.306869107124,44.5187901724286],[-123.306742227172,44.5186642547516],[-123.306413738104,44.5185748387578],[-123.306254871965,44.5183014664396],[-123.306389379067,44.518025032829],[-123.306897933093,44.5179082738478],[-123.307289175055,44.5178657583981],[-123.308035032291,44.5176567145858],[-123.308391772662,44.5174544480644],[-123.308978209777,44.5173618520679],[-123.309498887564,44.5174987108969],[-123.310111419406,44.5183923528249],[-123.310229684752,44.5182178834486],[-123.310336768827,44.5180903550859],[-123.310363031729,44.5177973532653],[-123.310836310747,44.5176251663684],[-123.311119286026,44.517685486596],[-123.311838464873,44.5178010009155],[-123.313069356166,44.5182663218333],[-123.313031322937,44.5186337326607],[-123.312939515646,44.5189599122702],[-123.312757223967,44.519599886026],[-123.312678313853,44.5198749625595],[-123.312658603412,44.5199440745594],[-123.312963415129,44.5199393459241],[-123.313463814104,44.5199325650359],[-123.313626825218,44.5199313122803],[-123.314616058784,44.5199166524316],[-123.314616125334,44.5199180229984],[-123.314849288964,44.5197393573855],[-123.315082450794,44.5195606908732],[-123.315119855397,44.5195405568513],[-123.315678133839,44.5192605754153],[-123.317337778715,44.5194641450543],[-123.318602536678,44.5194742534341],[-123.320097730626,44.5200881081797],[-123.320953416667,44.5201288348779],[-123.322170580708,44.5203857657905],[-123.322900912047,44.5205325072694],[-123.323641992984,44.5209027086931],[-123.323870468447,44.5211057171552],[-123.323925490769,44.5212924056201],[-123.325112609359,44.5217614254495],[-123.328418945278,44.5230099866216],[-123.343712557888,44.523058775742],[-123.362517955639,44.5231138682105],[-123.362763844676,44.5256370421159],[-123.36515635698,44.5256847322646],[-123.365163473316,44.5231138763044],[-123.37879165661,44.5231556507127],[-123.378826692398,44.527626745378],[-123.378909856305,44.5368746826206],[-123.379547487327,44.5374324340596],[-123.379485174201,44.5379226464131],[-123.379942812211,44.5382145078933],[-123.380535629116,44.5379758916741],[-123.380619561044,44.5378090719312],[-123.380438237934,44.5375555728315],[-123.380559055556,44.5372409576042],[-123.380970415352,44.5372155319713],[-123.381476781328,44.5375226351615],[-123.382092109163,44.5379381822014],[-123.382360093643,44.5381194981164],[-123.382528923371,44.5385091959427],[-123.382639930289,44.5385420958411],[-123.382889516438,44.5385440608597],[-123.38325063291,44.5383551762504],[-123.383297397657,44.538174188588],[-123.383480325157,44.53806939059],[-123.384981174941,44.5379149949811],[-123.385378095223,44.5384156259804],[-123.386086751103,44.5392062739504],[-123.386232442173,44.5396322369382],[-123.3865202621,44.5398652036163],[-123.386857274943,44.5400447739472],[-123.387300334043,44.5403122682966],[-123.388212326638,44.5408658154051],[-123.38905905633,44.5413798193233],[-123.389630026005,44.5416331025856],[-123.390037498032,44.5417230419849],[-123.390082865232,44.5438137633945],[-123.39010244797,44.5453807942883],[-123.385671326371,44.5452781717503],[-123.385334772182,44.5452646729264],[-123.381030591688,44.5451669157206],[-123.381117178415,44.5499414137653],[-123.36519043589,44.5500364433273],[-123.365067781853,44.5448225949868],[-123.358479182168,44.5447535522347],[-123.356391591299,44.5457526198875],[-123.356448754906,44.5458623767473],[-123.353125715879,44.5472709623851],[-123.347541523123,44.5499873682225],[-123.339237627614,44.5539114106831],[-123.337013015138,44.5551468345588],[-123.335763104983,44.555976561669],[-123.328242983027,44.5550448271571],[-123.325721214762,44.5615564349815],[-123.324186947969,44.5619487552309],[-123.322656482611,44.5621764141103],[-123.311751632632,44.5622777020544],[-123.311752079595,44.5628714191807],[-123.311838181587,44.5724401643822],[-123.309375630081,44.575990852396],[-123.308558739894,44.5779804504375],[-123.308201152361,44.5789348838379],[-123.307834613876,44.5802642428006],[-123.307778542945,44.5807377718307],[-123.299274764119,44.585003998236],[-123.300051557134,44.5857866278507],[-123.301372994868,44.5871145946629],[-123.301975275339,44.5877408816364],[-123.302113308682,44.5879365327448],[-123.302176953703,44.5880626266889],[-123.302243267013,44.5882847340533],[-123.302263751771,44.5884722732769],[-123.302270002958,44.5886834916499],[-123.302256113829,44.5889555950247],[-123.302218960137,44.5891829724163],[-123.302133055996,44.589395066729],[-123.301966882865,44.5896557873847],[-123.301761310436,44.5898557039776],[-123.301374090242,44.5901533831722],[-123.301100950848,44.5903865153255],[-123.300691644204,44.5907849257837],[-123.300326982604,44.5911932278852],[-123.299093530942,44.590865060774],[-123.298658854423,44.5914164360198],[-123.298219130009,44.5916206783517],[-123.297560464744,44.5919867213102],[-123.297544835426,44.5915382797679],[-123.297740792304,44.5915389983261],[-123.297694881014,44.5905765906372],[-123.297582013399,44.5905862025912],[-123.296476395869,44.5909644988126],[-123.294441013342,44.5914216817653],[-123.29443499418,44.5921822159366],[-123.288400007254,44.5921875147421],[-123.282274713107,44.5921919394065],[-123.278737499636,44.59221168672],[-123.277917729819,44.592220536049],[-123.277986741095,44.5921365150882],[-123.27803839006,44.5920103662854],[-123.278045206921,44.59170824444],[-123.277858412336,44.5913737470009],[-123.2776371962,44.5912857654258],[-123.276444777005,44.5912940077123],[-123.276087335162,44.591290295311],[-123.276198492267,44.591853090148],[-123.276303686866,44.5922087783125],[-123.275835348722,44.5922159800835],[-123.275307365742,44.5922616791332],[-123.274555607155,44.592408858582],[-123.274035117327,44.5925724092893],[-123.273655891206,44.5927174483516],[-123.273648530255,44.5936989828219],[-123.273830765278,44.5937343846342],[-123.274695223306,44.5938576223315],[-123.275254844435,44.5945207581265],[-123.275262905958,44.5956652506508],[-123.275463307286,44.5961654994383],[-123.275411937111,44.5966224197889],[-123.274953987936,44.5970123010769],[-123.274524987038,44.5970803096087],[-123.274491730109,44.5969864086958],[-123.274307424848,44.597029291069],[-123.274240250887,44.5969087594318],[-123.274166830235,44.596818572719],[-123.273683664969,44.5970004336232],[-123.273572722803,44.5968480174221],[-123.273264461286,44.5967882062108],[-123.272175409268,44.5974005626859],[-123.271254062825,44.5974159320996],[-123.271484115699,44.5978125313233],[-123.270543431134,44.5982318833948],[-123.267639514852,44.5982456124451],[-123.267635554237,44.5996676402494],[-123.264051683938,44.5996441292732],[-123.261407565607,44.5996281141462],[-123.260900965807,44.6000479293685],[-123.260842818341,44.6000369738273],[-123.260562010428,44.5998666674128],[-123.260323336653,44.5996527996371],[-123.260005516242,44.5998388639724],[-123.259665305409,44.5995492013346],[-123.25949424896,44.599343315042],[-123.259401736601,44.5991327972408],[-123.259306609912,44.5984584307121],[-123.259212567806,44.598092855401],[-123.259194266602,44.5980713346244],[-123.258992499204,44.597825010316],[-123.258794198693,44.5976115427385],[-123.258576970151,44.5975673491539],[-123.258357032851,44.5976289041507],[-123.257971123868,44.5977150313237],[-123.257776500685,44.5977430362122],[-123.257556289091,44.5977579307839],[-123.257099481156,44.5977661505875],[-123.255949528848,44.5977813940961],[-123.254912179753,44.5976992212421],[-123.254662218586,44.5976942354007],[-123.254497716396,44.59770915965],[-123.253817963828,44.5977968291604],[-123.253130856604,44.5978915322685],[-123.252822119345,44.5979030489866],[-123.252818249563,44.5975751112024],[-123.251367174555,44.5976002688374],[-123.248971258317,44.6018520251509],[-123.24889452816,44.6019773870468],[-123.248516498138,44.6026013168973],[-123.247690458248,44.6023973578518],[-123.24726564999,44.6033353336588],[-123.246850203674,44.6048014992898],[-123.246848734182,44.6048111418208],[-123.246695293653,44.6052677384154],[-123.246639293768,44.6054667179147],[-123.245900910798,44.6081607567136],[-123.245650827324,44.6095900222618],[-123.245623343143,44.6097416551533],[-123.245242347157,44.6115350148291],[-123.244085604967,44.6165832629073],[-123.244051276046,44.6167940756861],[-123.242305393379,44.6167985489139],[-123.242291382841,44.6166796387544],[-123.240272681839,44.6166976782553],[-123.240194744792,44.6130966327035],[-123.220833342085,44.6132465532859],[-123.219590809069,44.6144617999722],[-123.215599446957,44.6183936710311],[-123.21553692339,44.6238054808383],[-123.215524153017,44.627429137145],[-123.216392547378,44.627422340069],[-123.230849902901,44.6273116775919],[-123.231169612787,44.6273260406643],[-123.234487989729,44.6273088977874],[-123.23453294414,44.6228760467922],[-123.22893259866,44.6229117237971],[-123.228922751983,44.6212141859859],[-123.237481038719,44.6211904321927],[-123.237483158421,44.621441548089],[-123.240290072928,44.621425432238],[-123.240294437338,44.621601006881],[-123.243009281953,44.62158839299],[-123.243808306208,44.6179665038511],[-123.244074565789,44.6167990102662],[-123.246267675912,44.6168111241341],[-123.246284453665,44.6183177313782],[-123.249102550342,44.6183381855589],[-123.250915272422,44.6183510773404],[-123.250909529351,44.6211360259069],[-123.250908344944,44.6314298189311],[-123.250908397105,44.6323727248214],[-123.250923422078,44.6427251140728],[-123.25292995885,44.6427553133071],[-123.252822889165,44.6507471701458],[-123.252832091028,44.6520068981998],[-123.249796201933,44.6520918958244],[-123.234982258924,44.6520279917984],[-123.234899002387,44.6498326270741],[-123.231114264012,44.6497716197645],[-123.230933246672,44.64559945615],[-123.232620355045,44.6437257276602],[-123.232510930935,44.6396479299081],[-123.236120725091,44.6396402991605],[-123.236076859759,44.6356542619347],[-123.236008231595,44.6311376561779],[-123.229688912313,44.6312288923995],[-123.229666653193,44.6305033751307],[-123.226398521375,44.6305301632365],[-123.226422055733,44.6322342319243],[-123.22545963995,44.632246076895],[-123.225497147975,44.6340445159417],[-123.216071269074,44.6341756757669],[-123.215958589417,44.6448918956445],[-123.211073976583,44.6449015066992],[-123.211025147892,44.6477519088236],[-123.211978789889,44.6477527496897],[-123.211942081362,44.6528578349212],[-123.206735273814,44.652899549075],[-123.206178672608,44.648717018076],[-123.190502429943,44.6488159246153],[-123.190422346214,44.6508819776212],[-123.189564559357,44.6508759692506],[-123.18847201707,44.6508658365892],[-123.188559432971,44.6651304593033],[-123.188325125404,44.6651373076407],[-123.187094188246,44.6651345089505],[-123.186534524848,44.66513385964],[-123.182932007106,44.665123259331],[-123.183031391186,44.6696019820459],[-123.183090091734,44.6734022876855],[-123.183198385397,44.6795441941093],[-123.1846538437,44.679570624285],[-123.18474220389,44.6920289532736],[-123.184754618131,44.6938100875656],[-123.184775729716,44.6967877833296],[-123.184856467252,44.7084913877674],[-123.183175821407,44.7085223469288],[-123.183376893629,44.7202121179949],[-123.193735489102,44.7200964552873],[-123.194398291248,44.7379609301528],[-123.206965720591,44.7379900762811],[-123.212097754907,44.7379996990269],[-123.212125203116,44.7470227886708],[-123.212135505749,44.7567558013392],[-123.213288404236,44.7572350752386],[-123.213310925958,44.7597131436467],[-123.227991073229,44.7597136535623],[-123.227966397631,44.7614970280654],[-123.237908252664,44.7614972268156],[-123.237399945051,44.7731887227814],[-123.237886789444,44.7888502858121],[-123.241847886671,44.7888631686004],[-123.243851417909,44.7889280268071],[-123.243532220635,44.8072135606574],[-123.243422543815,44.8123092137992],[-123.243384830745,44.8155297993608],[-123.243359357448,44.8176151032545],[-123.244681467875,44.8176426548847],[-123.255599399393,44.8177336024239],[-123.25570283222,44.8395868511523],[-123.252284404801,44.8395792563776],[-123.248904451279,44.8395692721043],[-123.248895065955,44.839246980264],[-123.248865204865,44.8381209454253],[-123.240842879895,44.8380771592336],[-123.235064367926,44.838044138826],[-123.235056464684,44.8383284127261],[-123.235050618191,44.838491867206],[-123.232475656826,44.83849387809],[-123.232003091869,44.8384940921287],[-123.232012454711,44.8367152430141],[-123.231140437881,44.8367111897696],[-123.229456198345,44.8367030212275],[-123.229411012808,44.8382123552161],[-123.229405210382,44.838418351226],[-123.225693918739,44.8384567001167],[-123.222027003244,44.8384952540528],[-123.222005395233,44.8380730673182],[-123.221930057226,44.8364567940459],[-123.218594909727,44.836492901826],[-123.211591029203,44.8365671822297],[-123.211604489356,44.8398894127662],[-123.211664457948,44.8484914767004],[-123.21389634504,44.8484458603882],[-123.215245559235,44.8484196046811],[-123.215257540903,44.8512491758088],[-123.215668794579,44.8512559656903],[-123.21666513189,44.8512736823346],[-123.216655630553,44.8559619623747],[-123.214851343215,44.8559563937726],[-123.211811313641,44.855972985365],[-123.211764994059,44.8559727011793],[-123.211830631978,44.8588394268981],[-123.210509322847,44.8588485127487],[-123.209361545099,44.8588548817474],[-123.209323264557,44.8584042692417],[-123.207424121226,44.8584351195852],[-123.206087972382,44.8584568552997],[-123.206067653999,44.8648031794232],[-123.206067716952,44.86480454999],[-123.206090849313,44.8648040076989],[-123.234886059344,44.864713963079],[-123.234842050121,44.8684286811388],[-123.234930620752,44.8755904205615],[-123.234931456222,44.8756082424265],[-123.234159691317,44.8756141743547],[-123.225042777202,44.8756746897352],[-123.225112923423,44.8800701208394],[-123.225167370178,44.8835505448218],[-123.232197816676,44.8835929712387],[-123.231991702855,44.897248832068],[-123.231819795647,44.9085858944235],[-123.237707274871,44.9086111689703],[-123.237794225823,44.9015770964059],[-123.238017793686,44.8835909486634],[-123.255516930662,44.8835959093238],[-123.255582266408,44.87251229031],[-123.255583647767,44.8724189343864],[-123.245473543969,44.8723222536691],[-123.245459118843,44.8686514558001],[-123.245238770553,44.8686031738974],[-123.24525417504,44.8665099110036],[-123.240155206997,44.8660491964133],[-123.240129470199,44.8647199615571],[-123.245563206377,44.864751388366],[-123.255500300399,44.8648082426064],[-123.275995421751,44.8649085709738],[-123.276003712601,44.8624860671783],[-123.27600660572,44.8595037479996],[-123.296486720086,44.859405871184],[-123.296473213168,44.8600100636136],[-123.296450913579,44.8609946323964],[-123.296464978976,44.8670480428329],[-123.30263012568,44.8670714153136],[-123.302666380049,44.8687105799294],[-123.301641265332,44.8687039042618],[-123.301653195738,44.8723295507682],[-123.306559138693,44.8723242717478],[-123.306565146165,44.8702819590452],[-123.307204624394,44.8687306635893],[-123.307699758737,44.8687529299038],[-123.307710513729,44.8670508604089],[-123.3166383229,44.8670940746319],[-123.335926208728,44.8673024520466],[-123.33595252379,44.8652623552736],[-123.33595431434,44.8652197651801],[-123.335957970084,44.8652155581515],[-123.337097855382,44.8638919530512],[-123.337099691797,44.8636915310394],[-123.337110589782,44.8636775375883],[-123.337134377749,44.8619833560471],[-123.337166953892,44.8598744773253],[-123.337206497082,44.857154687339],[-123.337194581065,44.8553611891676],[-123.337197464292,44.8550234964372],[-123.337197538036,44.8545486256186],[-123.337197755672,44.8525283750845],[-123.341020518282,44.8525399862314],[-123.341016308556,44.8488852457575],[-123.342955413262,44.8488882593857],[-123.345309489441,44.8488947318065],[-123.354768259248,44.8489204623095],[-123.355228379386,44.8477562071833],[-123.356721290855,44.8471181103126],[-123.357413058366,44.8471009782276],[-123.357418424621,44.8472106415579],[-123.367602637052,44.847202247286],[-123.367604530125,44.8490083701402],[-123.378082188642,44.8490356825508],[-123.38813846262,44.8490849474125],[-123.393160777848,44.8491279242144],[-123.39321001573,44.8515230472509],[-123.393232324312,44.8531022162943],[-123.3981148768,44.8531210418027],[-123.401636859354,44.8531340846703],[-123.404983271761,44.8531473226909],[-123.412054357722,44.8531749426695],[-123.41873367382,44.8533547800991],[-123.439404764618,44.8533172396989],[-123.439405519149,44.8532938879027],[-123.439500082862,44.8532942242491],[-123.439366357272,44.8523245212597],[-123.439317804673,44.8511303007228],[-123.459736469263,44.8513398391623],[-123.459909229927,44.8536055596489],[-123.4599709486,44.8548227758505],[-123.460001852004,44.8548233559132],[-123.460009271411,44.8549315947174],[-123.478360595165,44.8550961877389],[-123.480187469876,44.8551245037929],[-123.485903350359,44.8551304474123],[-123.498974929749,44.8551716156776],[-123.502805904069,44.8551460929179],[-123.505586692372,44.8551491766932],[-123.510774667217,44.8550948927152],[-123.518332529223,44.8550456584305],[-123.527046399572,44.85492442802],[-123.540583229732,44.8547798512092],[-123.560956975884,44.854378380358],[-123.563207461855,44.8544243402112],[-123.581064646816,44.8548602461036],[-123.593868972875,44.8545450463169],[-123.600630658778,44.854326464295],[-123.601067217578,44.8688643514087],[-123.600838498398,44.883413175178],[-123.600588547124,44.8904805055709],[-123.600491334008,44.8961354398987],[-123.600471905954,44.8972957982625],[-123.600408558608,44.9007907319068],[-123.600276664936,44.9082281845831],[-123.600177961644,44.9124391674337],[-123.62404957233,44.9119413845873],[-123.627138891946,44.9118811093258],[-123.640501740163,44.9116969380633],[-123.642381736028,44.9116705051897],[-123.657033443139,44.9115303260638],[-123.671137044039,44.9115406017174],[-123.688526094104,44.9114722181684],[-123.693545472146,44.9115586367217],[-123.700658221899,44.9115635038527],[-123.703231843275,44.9115745061586],[-123.716324152937,44.9116306481359],[-123.725020795873,44.9116667613121],[-123.724925151175,44.9113345031848],[-123.73983669131,44.9113110812415],[-123.75407504123,44.9112690163521],[-123.765555816148,44.9112771264383],[-123.768319438191,44.9113334680652],[-123.779128724411,44.911628280221],[-123.782656831348,44.9117092407889],[-123.787057097207,44.9117378176462],[-123.80613587627,44.9118136475818],[-123.826472523588,44.9118899109907],[-123.84654644836,44.9121637662449],[-123.846651252653,44.8986076186467],[-123.846681990581,44.8985037721314],[-123.846652873232,44.8984675519361],[-123.866818679938,44.8984674026486],[-123.887084609067,44.8984251039354],[-123.907413896334,44.8983732607174],[-123.927583599803,44.8983637611787],[-123.94784892279,44.8984000506219],[-123.958717644304,44.8984030498609],[-123.971933186268,44.8983265427358],[-123.970745528084,44.8702276417923],[-123.98094923422,44.8700843087439],[-123.990025516964,44.8699968568695],[-124.001337095231,44.8699356130381],[-124.00976237943,44.870129952935],[-124.030106814878,44.8701848025866],[-124.040589568054,44.8701738983068],[-124.047314404236,44.8707197058498],[-124.041735372689,44.8880962022779],[-124.036831207694,44.9037862432406],[-124.02891909464,44.9278928962402],[-124.030113911428,44.9411758558811],[-124.027067523647,44.9554202240641],[-124.02412214592,44.9713265555761],[-124.020582265959,44.98392166875],[-124.017566777085,44.998720456384],[-124.014806094026,45.0112900899657],[-124.014558907268,45.0201768900515],[-124.018426919267,45.0258868637878],[-124.016211630962,45.0345561457496],[-124.010786700046,45.0419348529112],[-124.013073283905,45.0474142683539],[-124.01835339969,45.0482024863557],[-124.018764218993,45.0534889522534],[-124.015817479693,45.0575732790836],[-124.016447122037,45.0593058230054],[-124.012603640845,45.0593909258506],[-124.001244150297,45.0597514937365],[-123.986773679062,45.0595265346219],[-123.986785810017,45.0590827686549],[-123.986234058855,45.0590870296427],[-123.982607835883,45.0591124300946],[-123.971861568756,45.0591675063754],[-123.967046459127,45.0591333456275],[-123.967190764342,45.0457323733504],[-123.946339024926,45.0457208989004],[-123.925810436203,45.0457674891783],[-123.918967860778,45.0457433082071],[-123.905489095345,45.0456135351366],[-123.884981055231,45.0453736256923],[-123.874288294169,45.0454318846738],[-123.865557520163,45.0454650687579],[-123.864539392279,45.0454713316367],[-123.85135349197,45.0452732172852],[-123.84414372875,45.0452552488307],[-123.842554133866,45.0452229209012],[-123.839627428763,45.0451715048611],[-123.837666928286,45.0451539294104],[-123.834652645403,45.04512824837],[-123.832777359288,45.0451108797633],[-123.830266774092,45.0450897987553],[-123.827890749059,45.0450853839833],[-123.824802102135,45.0450794295721],[-123.822814702037,45.0450651213583],[-123.819758136629,45.0450443838913],[-123.817741587704,45.0450280791825],[-123.814713945392,45.0450050079748],[-123.812666391441,45.0449881285993],[-123.809720174646,45.0449667148421],[-123.804786725927,45.0449333490948],[-123.804842177225,45.0589971729812],[-123.784434970897,45.0589890233248],[-123.776709430296,45.0590198727689],[-123.77649650501,45.0590217811304],[-123.769522186999,45.0590487338121],[-123.769434943768,45.0590470790595],[-123.764361349197,45.0589857183163],[-123.759132218677,45.0589477291545],[-123.753903171794,45.058910874937],[-123.748826254228,45.0588928507245],[-123.745632162694,45.0588822333285],[-123.743751349345,45.0588759200877],[-123.743753627328,45.0590556657864],[-123.74372454685,45.0590551082067],[-123.743762893043,45.0614094002237],[-123.743764177275,45.061571328554],[-123.743768010185,45.0624386985871],[-123.743784750166,45.0660028431568],[-123.743806529048,45.0695531147845],[-123.743828234186,45.0731020113488],[-123.743917833641,45.0762358528024],[-123.743987693877,45.0762380138733],[-123.743989254201,45.0763354239407],[-123.727819992399,45.0764495317206],[-123.705711983721,45.0763107123695],[-123.683604082063,45.0761676751981],[-123.683551782888,45.0761677399493],[-123.68340614128,45.0585056853892],[-123.683655166253,45.0440211073882],[-123.678299335646,45.044009070862],[-123.663118597845,45.0439719558411],[-123.66298511597,45.0147731012976],[-123.663018398081,45.0005359133018],[-123.662946848918,45.0005364969618]],[[-122.779004810623,44.7771172717448],[-122.778962236718,44.7663381254042],[-122.789283977074,44.7663214996376],[-122.78923364112,44.7589839373589],[-122.789179469557,44.7516464317375],[-122.791682433897,44.7516350858905],[-122.794217893441,44.7516175491107],[-122.794240258681,44.7444308076357],[-122.79938804822,44.7444077409245],[-122.799390801045,44.7459473173149],[-122.809846595244,44.7460015734139],[-122.809845523252,44.7443165029043],[-122.814765322961,44.7443220202451],[-122.82480403318,44.7443037055516],[-122.824879098691,44.7335960184416],[-122.832599834215,44.7335235888426],[-122.832696685803,44.7316553785929],[-122.837647148797,44.7315385188876],[-122.837647429385,44.7314973461256],[-122.837662816786,44.7314970340609],[-122.837613744379,44.7263658343159],[-122.837698843627,44.7226659011105],[-122.837700718713,44.7226164617803],[-122.837807077035,44.7188708079415],[-122.831663353981,44.7189130697824],[-122.827532004299,44.7189349188115],[-122.827455361376,44.7062157369667],[-122.827454706669,44.7061992829706],[-122.822174268028,44.7062386993566],[-122.822185432212,44.7080237681824],[-122.809442913859,44.7080743046855],[-122.809492247969,44.7188838076416],[-122.804462668917,44.7188707000228],[-122.804461964748,44.7225675098827],[-122.784656324829,44.7226164303041],[-122.763783890214,44.7226499903049],[-122.763702450308,44.7191016747026],[-122.743897982206,44.7190941851486],[-122.715640338331,44.7188689292577],[-122.715593480055,44.7225623999349],[-122.712608335206,44.7224620041183],[-122.712669936968,44.7260765377021],[-122.707452934705,44.7260559216435],[-122.707507078389,44.7278483307359],[-122.70262403667,44.7278059960499],[-122.702680356713,44.7296601103259],[-122.700263364862,44.7296788746804],[-122.697636241919,44.7296892510581],[-122.697662771919,44.7299343648791],[-122.697682745862,44.7319524597383],[-122.697715533345,44.7350803998406],[-122.692405344231,44.7350594942004],[-122.692445164413,44.7369441035876],[-122.690176638941,44.7369255208961],[-122.687581585821,44.7369268186179],[-122.6875975326,44.7406999872147],[-122.685724392267,44.7407039909965],[-122.682357888106,44.7407252941371],[-122.682174653038,44.7480972995508],[-122.67667172482,44.7480504817444],[-122.676708844338,44.7516352387753],[-122.674593099292,44.751649127905],[-122.674591173844,44.7516491638779],[-122.672010607004,44.7516429639517],[-122.671969740011,44.7588914681668],[-122.671922223432,44.7661167536853],[-122.675782584898,44.7661289961563],[-122.682715374915,44.7661488100196],[-122.689395824158,44.7661675141196],[-122.69238554116,44.7661779021885],[-122.692324088686,44.7734268182931],[-122.697973017341,44.7734495666442],[-122.702531741946,44.7734750426392],[-122.702511201431,44.777634456565],[-122.702503038285,44.7781848488518],[-122.700846066193,44.7777197833414],[-122.700019119787,44.7775023047876],[-122.695653583946,44.7762682883509],[-122.690700860057,44.7748847308457],[-122.690434846891,44.7748801829741],[-122.689688144292,44.7751056852792],[-122.689143665947,44.7752271737951],[-122.679647603954,44.7766009439785],[-122.679704782849,44.7900194674245],[-122.687577141372,44.7899430601242],[-122.687583083193,44.7916979243198],[-122.692710171237,44.791734981784],[-122.692790242376,44.7935611622179],[-122.702802812,44.7936062794063],[-122.702828021796,44.7948887603081],[-122.702771395084,44.7971077493232],[-122.719917096697,44.7970491665859],[-122.719085715733,44.7808762058722],[-122.728065262902,44.7807918467664],[-122.728040279735,44.7753338306918],[-122.732001200695,44.7745895913366],[-122.731742040363,44.7700682974141],[-122.743681831052,44.7699820991946],[-122.753553285356,44.7699637314411],[-122.753553702641,44.7735231752544],[-122.766548611229,44.7735578441192],[-122.766572963072,44.7771675987058],[-122.779004810623,44.7771172717448]],[[-122.877550726285,44.7509266503447],[-122.877945644676,44.7508828191868],[-122.880586704413,44.7508570832878],[-122.880588628063,44.7508570437176],[-122.880973171874,44.7508422336822],[-122.881386465213,44.7508240853633],[-122.882549547624,44.7507753322159],[-122.882685743652,44.7508095658089],[-122.882864772591,44.7508552639593],[-122.8834484317,44.7510009981976],[-122.884797144972,44.7505929667921],[-122.885666584345,44.7502854157394],[-122.886383844039,44.7499768952176],[-122.887112919925,44.7496749856122],[-122.887137540665,44.7496648700377],[-122.887876062131,44.7493586427872],[-122.887981850282,44.7493084201475],[-122.887981793625,44.7493070486814],[-122.888106487324,44.7492482024426],[-122.888450281955,44.7490846346482],[-122.888772016216,44.748899570359],[-122.891358061725,44.7473419086023],[-122.891982459223,44.7471656441792],[-122.893246554385,44.7467167277948],[-122.894213402926,44.7462039910214],[-122.895073468666,44.7454821375906],[-122.895514504291,44.7451079431771],[-122.895900426763,44.7448927030359],[-122.896308745952,44.744331185236],[-122.896584859404,44.7438327962466],[-122.896967734973,44.743543514022],[-122.898037405702,44.7430985879295],[-122.898924299117,44.7430801176533],[-122.89935736585,44.7431698996712],[-122.899821552722,44.7432672656718],[-122.900672662114,44.7433620542155],[-122.901773070771,44.7440417141539],[-122.902180142599,44.7442953265681],[-122.902666371856,44.7446008073814],[-122.903136818909,44.7448970080905],[-122.903460056836,44.7450782637509],[-122.903664547381,44.7451343760507],[-122.904077430629,44.7452478911773],[-122.904233259757,44.7452912951572],[-122.904806627924,44.745374012101],[-122.906067558371,44.7455535176808],[-122.906814038837,44.7455379207385],[-122.909673238129,44.7451103677493],[-122.910029447001,44.7450631191677],[-122.910927181744,44.7448865192975],[-122.912397896146,44.7445963629319],[-122.912741706964,44.7445287806788],[-122.913209669191,44.7442033538018],[-122.913707614815,44.7438580842832],[-122.914574136787,44.7429259846465],[-122.914788358896,44.7427046740815],[-122.915137696048,44.7423515345957],[-122.9150868214,44.7419121006629],[-122.915075446774,44.7418231424242],[-122.915060167293,44.7416862350318],[-122.915045906743,44.741574006835],[-122.915206819739,44.7412275628018],[-122.915480603947,44.7406303697958],[-122.915845144138,44.7402261353279],[-122.916761173789,44.7399818623731],[-122.917471870231,44.7398008998917],[-122.918522613828,44.7396951288272],[-122.919662288684,44.7395051434477],[-122.921356392883,44.7389412082702],[-122.922494154881,44.7381940883865],[-122.923007142566,44.7373777656714],[-122.923269306633,44.7361769908755],[-122.923504461362,44.7352539851833],[-122.924313295422,44.7340979642497],[-122.92577252818,44.7335389033977],[-122.928775484101,44.7335304947366],[-122.929743029617,44.7333714820084],[-122.930764028137,44.732599291724],[-122.930977748424,44.73255361156],[-122.931189488404,44.7325066003993],[-122.931580358946,44.7315816575675],[-122.931628191188,44.7312965841701],[-122.931630742565,44.7309411073463],[-122.930971778725,44.7300932229239],[-122.929946234131,44.7297814036889],[-122.916834814775,44.7296470431766],[-122.916848956614,44.7223461930224],[-122.901734494351,44.7223262829316],[-122.886620041981,44.7223043898358],[-122.886598476239,44.7188494562375],[-122.88330362736,44.7188545886684],[-122.874880523118,44.7188845702668],[-122.867170201743,44.7189069768755],[-122.867006017913,44.7150038544444],[-122.845598741189,44.7151417151181],[-122.84019545066,44.7150872485777],[-122.840108627411,44.7333015606186],[-122.850669605418,44.73339079405],[-122.860651473986,44.7333910611486],[-122.860633480351,44.7295573501916],[-122.876594094042,44.7295158293921],[-122.876796608776,44.7509929861375],[-122.877550726285,44.7509266503447]],[[-122.925414533254,44.6365257688492],[-122.926203317829,44.6372405742931],[-122.9262091931,44.6372431949176],[-122.925414533254,44.6365257688492]],[[-122.924140586019,44.6353724395865],[-122.924139851273,44.6347041326896],[-122.924139090447,44.6342210897316],[-122.924106747229,44.6336714690631],[-122.924253552559,44.6334570347144],[-122.924433891811,44.6331705322943],[-122.924497972104,44.6330470427869],[-122.924499892156,44.6330470032167],[-122.924612186903,44.6328346678857],[-122.924849229308,44.6325716701465],[-122.924882729055,44.6323129657708],[-122.925133449249,44.6318232453465],[-122.924935262952,44.6308420948868],[-122.924884879334,44.6301816948294],[-122.924667353116,44.6299406369509],[-122.924522355422,44.6297803885541],[-122.924360353348,44.6295807012884],[-122.92413417835,44.629269836234],[-122.923795499063,44.6288872367566],[-122.923789455619,44.6288805026331],[-122.923788321574,44.628853079606],[-122.923717088073,44.6276881032234],[-122.923691439408,44.6276255158049],[-122.923690758622,44.6276090627081],[-122.923539639243,44.6272540706189],[-122.923264009626,44.6265833247607],[-122.923250285972,44.6265767516159],[-122.923248140189,44.6265713080195],[-122.922781487376,44.6263464784073],[-122.922485157164,44.6261509909755],[-122.922360173883,44.6260561898413],[-122.921984296838,44.6259817718413],[-122.921879597765,44.6259592761997],[-122.921803862258,44.6258936283883],[-122.921426710874,44.6255557468003],[-122.921056745972,44.6252986809894],[-122.920874446199,44.6251652890469],[-122.920809389242,44.6251254886504],[-122.920785669623,44.6251095211875],[-122.920162997924,44.6247356370401],[-122.919847880875,44.6245501455728],[-122.919524417218,44.6244416810388],[-122.919205023893,44.6243852773587],[-122.919172890217,44.6243516454122],[-122.919124492301,44.6242963982602],[-122.919008042687,44.6241753396203],[-122.918877705741,44.6240902538622],[-122.918742232768,44.6240203720426],[-122.918557064157,44.6239103651712],[-122.918364047163,44.6237964066789],[-122.918218295838,44.6237102723113],[-122.918121732032,44.6236519206996],[-122.918025223985,44.6235949423528],[-122.91792865928,44.6235365907411],[-122.917830232079,44.6234796510651],[-122.916136287959,44.6229883010693],[-122.91105810235,44.6209445125792],[-122.90624666735,44.6184626391395],[-122.906169207843,44.6063232888887],[-122.885973613791,44.6063670588927],[-122.880906463762,44.6063774820352],[-122.875439858263,44.6063904520578],[-122.875176680659,44.6063904025951],[-122.871571285087,44.6063976340436],[-122.871553922775,44.6053509176108],[-122.871544493384,44.6045002785651],[-122.871150532771,44.604496058946],[-122.870970062219,44.6044984115725],[-122.870974137946,44.6007985709973],[-122.870593581728,44.6007927011223],[-122.870604638893,44.5989755300967],[-122.870270598309,44.5989796768707],[-122.87020358173,44.5965136377942],[-122.869934803149,44.5965164391824],[-122.869911817376,44.5951871395749],[-122.869895888584,44.5916084682563],[-122.869703778107,44.5916069421068],[-122.869684282604,44.5879871708713],[-122.869300305365,44.5879896026381],[-122.869287372214,44.5845316266333],[-122.86967132697,44.5845291948665],[-122.869669272919,44.5843357408019],[-122.869660858861,44.5815130521856],[-122.870038927554,44.5815079952978],[-122.870038735999,44.5813131301969],[-122.870034314932,44.5800630365799],[-122.870027974711,44.5788129834325],[-122.870022118326,44.5785729471838],[-122.865514567843,44.5786398072813],[-122.865500767746,44.5845355719591],[-122.855425145754,44.5844873916798],[-122.84284927987,44.5844358371442],[-122.834492928706,44.5844495446108],[-122.834424117079,44.5916953220815],[-122.832123770895,44.5917049951894],[-122.829656095053,44.5917084099152],[-122.829698776877,44.5932664736689],[-122.824418170062,44.5933844242518],[-122.824523699209,44.5971615858386],[-122.807645452376,44.5971711411353],[-122.784019557157,44.5972151359698],[-122.766283855316,44.5972466383217],[-122.748548133689,44.5972754031374],[-122.748651132144,44.6065237630613],[-122.748699520167,44.6136461787282],[-122.753651479632,44.6136767907514],[-122.753615282819,44.6209819990201],[-122.756013314263,44.6209857249113],[-122.756038166128,44.6282718864385],[-122.763811854633,44.6283399813051],[-122.7638754394,44.6356583151792],[-122.783972466856,44.6354597655558],[-122.783972520815,44.6354611379213],[-122.794002433865,44.6353039670045],[-122.794087943204,44.6408763912325],[-122.814447456685,44.6409980299352],[-122.814628131383,44.650195456755],[-122.814590058584,44.6559473910593],[-122.814519908767,44.6642455057255],[-122.806509340634,44.6642939027415],[-122.806531374024,44.6681742039764],[-122.806568864062,44.6788440988761],[-122.806744510651,44.7034802583073],[-122.82734648765,44.7033702999994],[-122.827316769553,44.7007940310198],[-122.834950400341,44.7007203729469],[-122.834955029151,44.695288885074],[-122.834954520135,44.6934912374307],[-122.837116179168,44.6934734272569],[-122.845064915314,44.6934612909059],[-122.845082275826,44.6899081450449],[-122.844423972089,44.6898982309187],[-122.842558073097,44.6899005538675],[-122.842566056378,44.6882248560923],[-122.842571609692,44.6868250334486],[-122.842576091913,44.6860715679485],[-122.842576264583,44.6858835637755],[-122.842671617001,44.6687460945567],[-122.842658575932,44.6681796107005],[-122.845092360824,44.6681615792935],[-122.845051197954,44.6636270482497],[-122.845021782929,44.660778800901],[-122.846619490597,44.6607764033084],[-122.848197657796,44.6607661474398],[-122.848196247659,44.6589561404136],[-122.860598214336,44.6588751492688],[-122.860533285982,44.6555459426912],[-122.866206185167,44.6555295327618],[-122.866150189779,44.6496682579838],[-122.865660052969,44.6496701087885],[-122.86567769497,44.6426792846214],[-122.852667571651,44.6426086653577],[-122.85255710073,44.6281263914199],[-122.855128072702,44.6281203992371],[-122.855032769747,44.6208697627294],[-122.865468118759,44.6209161911294],[-122.86561883614,44.6093665101563],[-122.865628744871,44.6083741271643],[-122.873069892861,44.6083496826918],[-122.873059652281,44.6099952963459],[-122.875521470839,44.6100171597641],[-122.875547758922,44.6136532429029],[-122.880617014264,44.6136320467816],[-122.880613905307,44.6172934422386],[-122.885855131709,44.6172410117633],[-122.885811778091,44.6208497258342],[-122.890630823154,44.6208497627064],[-122.890653819718,44.6263138402116],[-122.892234146189,44.6263317349217],[-122.89317697114,44.6263615105753],[-122.893160882269,44.6280854731661],[-122.901983334064,44.6281292476667],[-122.901970650025,44.6299299943738],[-122.908370927177,44.6299483972008],[-122.90833019868,44.6317634584169],[-122.910888052242,44.6317606138613],[-122.910864963048,44.6336288268089],[-122.915565946012,44.6336289446202],[-122.915556593062,44.6345211512302],[-122.915567909232,44.6353552850184],[-122.924140755991,44.6353765539848],[-122.925414533254,44.6365257688492],[-122.924140586019,44.6353724395865]],[[-122.926245106626,44.6382963837711],[-122.918251967354,44.638360505433],[-122.918299644013,44.6408200738874],[-122.918389033027,44.6443368232858],[-122.906028404587,44.6444644146011],[-122.906172401335,44.6481584131803],[-122.898881625387,44.6481776397863],[-122.898916769094,44.6518533191754],[-122.896419210578,44.6518944190922],[-122.89641159332,44.6550453899329],[-122.886283069608,44.6550378203392],[-122.886218465909,44.6569919419246],[-122.876087433988,44.657024688039],[-122.876055819221,44.6588998941149],[-122.866128642922,44.6589412656269],[-122.86605038122,44.6626686371479],[-122.865940216068,44.6677963897916],[-122.85500740257,44.6678766650761],[-122.85495107803,44.6714978878173],[-122.852170621577,44.6715067488374],[-122.847638221027,44.6715156323406],[-122.847566733018,44.6861894133108],[-122.850175892004,44.686160849044],[-122.850233100577,44.6898387317721],[-122.871013271046,44.6897966515942],[-122.871056292814,44.688103746191],[-122.873701457057,44.6881068425568],[-122.873708265824,44.6834821158071],[-122.873778024436,44.6787970760243],[-122.890246316214,44.67883141214],[-122.906714626879,44.678863392032],[-122.906710105987,44.6770685178979],[-122.906684815252,44.6750490200963],[-122.92685160132,44.6751742560871],[-122.926873954869,44.6773845774363],[-122.932300867891,44.6773193639975],[-122.932391300118,44.6773201967697],[-122.932408594981,44.6773198307457],[-122.95007278633,44.6770918130368],[-122.950010902181,44.6722104062853],[-122.951145164018,44.6729355314497],[-122.952904113834,44.674064511568],[-122.954217906431,44.6748955651782],[-122.955604777938,44.6750375078747],[-122.956981990726,44.6751782688621],[-122.958363226182,44.675323044423],[-122.964038109271,44.6768127417147],[-122.968270182123,44.6773766157383],[-122.969290357764,44.6774864661276],[-122.976131692124,44.6782108448547],[-122.976030412274,44.6755424610158],[-122.975879327969,44.6718321712178],[-122.979552670919,44.6717873526043],[-122.979584754233,44.6695470037913],[-122.979585773165,44.6684353859843],[-122.981238703703,44.6684134641101],[-122.981253225056,44.6647613487573],[-122.983604209367,44.664742168916],[-122.983528073662,44.6626743181653],[-123.005101412001,44.662633228141],[-123.005092274889,44.6572935871294],[-123.010857223282,44.6573064663204],[-123.015923927247,44.6573123766649],[-123.015871030024,44.6563940510447],[-123.015747277015,44.6540047268367],[-123.018274746982,44.6539411690497],[-123.018115717167,44.6502859222576],[-123.018034341112,44.6481687679743],[-123.020880141405,44.6481818899823],[-123.020877709639,44.6479019795927],[-123.023409901945,44.6479095617769],[-123.023413349047,44.6473646553546],[-123.025962921651,44.6473745442999],[-123.025940277622,44.6423452917019],[-123.008362345646,44.6422827654373],[-122.997801354149,44.6422794010736],[-122.997704392843,44.6500614092067],[-122.993011814044,44.6500671828543],[-122.989855062361,44.6500669661177],[-122.989915457233,44.6534334109232],[-122.978914496707,44.6534830822785],[-122.978929079214,44.6553272005899],[-122.95743726262,44.6554097286761],[-122.957447880915,44.6543335918219],[-122.957434620411,44.6514505982665],[-122.938231049623,44.6516453221739],[-122.938181845915,44.6500009450876],[-122.937917010861,44.6484873941779],[-122.937935953282,44.6481109748416],[-122.938042863787,44.6461064813291],[-122.937705662087,44.64382321417],[-122.937612091225,44.6431911814279],[-122.937567179082,44.6428970833338],[-122.937567064868,44.6428943404015],[-122.93756411779,44.6428697007761],[-122.937089862107,44.6415883925903],[-122.935457778753,44.6405209980457],[-122.934296002159,44.6401778185515],[-122.93361869125,44.6399753307969],[-122.933575929386,44.6399638851253],[-122.933564292158,44.6399613868086],[-122.931108543125,44.6393765837624],[-122.929774825148,44.638825659077],[-122.9262091931,44.6372431949176],[-122.926245106626,44.6382963837711]],[[-123.034734809064,44.6278611138993],[-123.034685592766,44.6173016809279],[-123.036113636135,44.6138021427548],[-123.034690166718,44.6172741319957],[-123.028439820941,44.6172773317835],[-123.02844718459,44.6192300747082],[-123.028431403287,44.6213589912245],[-123.028465449821,44.6246876438198],[-123.028483761816,44.6264040916756],[-123.028492174075,44.6268663998645],[-123.028535678778,44.6279194322361],[-123.034734809064,44.6278611138993]],[[-123.036115436578,44.6137993575543],[-123.036241455878,44.6064529027793],[-123.041770489616,44.6064995227349],[-123.050800243237,44.6065560442261],[-123.053516890992,44.6062074930814],[-123.054569676949,44.6060756695566],[-123.054898113857,44.6060299399298],[-123.05505855291,44.6060085306692],[-123.056183904264,44.6058668442795],[-123.064252700801,44.6058270267959],[-123.075110133126,44.6058559256105],[-123.079748541262,44.6058314694468],[-123.079780494174,44.6017546708414],[-123.083478601756,44.6029369393883],[-123.087176858625,44.6041190883253],[-123.087184596392,44.6041202862223],[-123.094711244728,44.6066363806645],[-123.096223500614,44.6066433908798],[-123.109665990993,44.6066901862032],[-123.109678279329,44.5989809449147],[-123.109710382428,44.5937457430716],[-123.108553556601,44.5937335914322],[-123.108540458875,44.5924890880011],[-123.108567291048,44.5894649980113],[-123.108565829649,44.584682078715],[-123.108095126289,44.5846776729363],[-123.08880752105,44.5845314566615],[-123.069520012039,44.5843820028272],[-123.069587394642,44.5775472101357],[-123.069624206592,44.570146277129],[-123.069629074622,44.5628489748004],[-123.072450193921,44.5628736333116],[-123.072277775899,44.5533788996166],[-123.072198847799,44.5484687280494],[-123.070068250449,44.5484629310195],[-123.068826165295,44.5484550529584],[-123.055828150449,44.5483870201449],[-123.048753719009,44.5484263043305],[-123.028483767212,44.5482639020575],[-123.008273960275,44.5482901172952],[-123.008295001713,44.5436179989715],[-123.000196373764,44.5436547236866],[-123.00012924297,44.5398258187066],[-123.000186797782,44.5437002221876],[-123.000152953596,44.5483122181344],[-122.998137997371,44.548316291164],[-122.998049040031,44.5593481613886],[-123.005630460677,44.5592858698471],[-123.013209890224,44.5592217490845],[-123.013131392899,44.5628122923534],[-123.014618555002,44.5627989419177],[-123.015113890793,44.5628004428862],[-123.018337909967,44.5628217199465],[-123.018205200609,44.5773089266657],[-123.028436768642,44.5773338828525],[-123.036519001051,44.5773862090064],[-123.03652763814,44.5787405817125],[-123.044011350144,44.5788454039923],[-123.043939712847,44.5941081428766],[-123.036020407915,44.5941020976338],[-123.035955338368,44.604812346013],[-123.032512867575,44.6047688808792],[-123.03253802431,44.6091764501331],[-123.03253834357,44.6101179027191],[-123.030462829696,44.610148533628],[-123.030484611276,44.6138137062376],[-123.036113636135,44.6138021427548],[-123.036115436578,44.6137993575543]],[[-123.000129067602,44.5398217052076],[-123.008319908437,44.5398447161608],[-123.008334322771,44.5374426917269],[-123.028556241777,44.5375615928933],[-123.028563214221,44.5338476797267],[-123.046399435985,44.5338416587656],[-123.04640135334,44.5338416155981],[-123.047034107338,44.4757625093324],[-123.049201211767,44.4757431586199],[-123.04929032289,44.4615363146493],[-123.049364116761,44.4478609043573],[-123.049366740083,44.4472144177113],[-123.049445541379,44.4323297097484],[-123.049538450339,44.4161640020671],[-123.031529027243,44.4162277927784],[-123.013519564576,44.4162887533234],[-122.995510065937,44.4163468819031],[-122.977500533123,44.4164021803164],[-122.977494888079,44.4144913377051],[-122.977455484283,44.4105546849508],[-122.967686135407,44.4104911487476],[-122.967145392846,44.4105631880407],[-122.95726651194,44.4105807248206],[-122.957220409994,44.4070930163297],[-122.95723214165,44.4035230900187],[-122.95730280588,44.3960926358665],[-122.947079452255,44.3960988978459],[-122.947125475061,44.3931087788471],[-122.926362435778,44.3930347223746],[-122.906403442565,44.3929592152956],[-122.885927652139,44.3928786513288],[-122.865564607021,44.3926932857666],[-122.865562695062,44.3926933253367],[-122.844202035595,44.3927306301146],[-122.831414429732,44.3926761320978],[-122.83140336987,44.4035098016361],[-122.831265578444,44.4179100421148],[-122.831135993331,44.429716317654],[-122.836681804821,44.4297981982283],[-122.837126199415,44.439825169596],[-122.824521585803,44.4398606532466],[-122.824532461304,44.4422194976318],[-122.810882006299,44.4422197908107],[-122.810940621412,44.4470259171125],[-122.810724690592,44.4569358057429],[-122.810666520643,44.4613545265902],[-122.813417657399,44.4613896028479],[-122.813510080726,44.466415974018],[-122.824545562628,44.4664410965794],[-122.824835054394,44.475698509079],[-122.82670837639,44.4757167689138],[-122.828341545226,44.4757206647769],[-122.831953099356,44.4757337139398],[-122.831966771749,44.4791697743656],[-122.83199644488,44.4830089729858],[-122.83763239362,44.4830135972997],[-122.837588692864,44.4866374640478],[-122.842022883849,44.4866389263454],[-122.842003880275,44.4868835914046],[-122.841867434235,44.4935405071887],[-122.843585282335,44.4948798279418],[-122.844785742368,44.4957825827001],[-122.844388330157,44.4960515033742],[-122.844388548693,44.4960569883394],[-122.844390464248,44.4960569487693],[-122.844795207733,44.4957812157306],[-122.844793966668,44.4957854488395],[-122.847067048106,44.4975890499947],[-122.862811457583,44.4975689636368],[-122.863430428571,44.5065249539635],[-122.868807398643,44.5063811136975],[-122.86865819482,44.4974758442349],[-122.896004517894,44.4973314293021],[-122.896134559862,44.5010368366807],[-122.896250658741,44.5048701618285],[-122.897750644277,44.5048319523328],[-122.898762428343,44.5048135414119],[-122.898735427098,44.5082848093965],[-122.898720611667,44.5119136404022],[-122.905368754564,44.5119295026445],[-122.905356761206,44.5133693631057],[-122.908997304982,44.5133753103224],[-122.909021333967,44.5125115879395],[-122.913310938249,44.5125380738731],[-122.913315830561,44.5133106130943],[-122.915880644876,44.5133225003332],[-122.915877065574,44.5161729815979],[-122.915422540118,44.5161743188897],[-122.915402120112,44.5180096031607],[-122.916777465008,44.5180108289367],[-122.916769642705,44.5182868398658],[-122.91653848906,44.5184495308213],[-122.916533118309,44.5194377481536],[-122.916754651006,44.5196005101555],[-122.916750661614,44.5198764401457],[-122.916029315401,44.5198737916422],[-122.915904745807,44.5256115265508],[-122.915911301865,44.5261438658468],[-122.915907539102,44.5266119207037],[-122.916653828911,44.5266126734362],[-122.91720444333,44.5266134261688],[-122.919704442606,44.5266211153722],[-122.919721159204,44.5304716166718],[-122.923643976788,44.530457445155],[-122.923670492399,44.5340277779596],[-122.924909539644,44.5340180697781],[-122.92492322013,44.5357428435574],[-122.925859526796,44.5357422679913],[-122.925864455081,44.5364187389337],[-122.926115758935,44.5364175437347],[-122.926123371696,44.5369731907602],[-122.925636208045,44.5369779994352],[-122.925638736938,44.5372249712555],[-122.925586975558,44.5372260648311],[-122.926091538394,44.537920794709],[-122.926345551906,44.53817068393],[-122.926974169922,44.537781363819],[-122.927127980972,44.5377424303689],[-122.927239130881,44.5375534369416],[-122.927487693602,44.5376250319697],[-122.927922977164,44.5375719081171],[-122.928024015096,44.5377879774333],[-122.930234045065,44.5377782512653],[-122.930237168411,44.5397077314267],[-122.930245713769,44.5412583227135],[-122.9364665384,44.5412526830649],[-122.940254349758,44.5412504320618],[-122.946659395115,44.5412444389797],[-122.947461183887,44.5412369503251],[-122.967503120672,44.5410740354384],[-122.988051543044,44.5410887744275],[-122.988059491252,44.540280261425],[-122.988042288121,44.5397838266623],[-123.00012924297,44.5398258187066],[-123.000129067602,44.5398217052076]],[[-122.837779880637,44.4939719929132],[-122.837354458142,44.4968935988605],[-122.82972729258,44.496897839164],[-122.829708878062,44.4994795688271],[-122.831892892443,44.4995285009396],[-122.832094146328,44.5039047351155],[-122.842674896829,44.5039629284465],[-122.842543322416,44.4982026061654],[-122.844399302786,44.4982003605583],[-122.844388548693,44.4960569883394],[-122.837779880637,44.4939719929132]]],[[[-121.441623474344,44.8542590852886],[-121.441680234155,44.8833718657191],[-121.421148850339,44.8833433662035],[-121.400617487207,44.8833112163396],[-121.400743270885,44.8687070950564],[-121.421155372223,44.8685967896102],[-121.421293814758,44.8541446870277],[-121.441623474344,44.8542590852886]]],[[[-121.361109088014,44.9247671091148],[-121.360921682789,44.9103700459409],[-121.381517003907,44.9103087040835],[-121.402112280058,44.9102436911934],[-121.402202059377,44.9249117479789],[-121.422558666249,44.9249320960395],[-121.422442495425,44.910383561852],[-121.421320021901,44.9103225617369],[-121.421118695172,44.8979377918956],[-121.441729112309,44.8977619969187],[-121.441686021293,44.8833718189543],[-121.462016779851,44.8833976528794],[-121.462249769911,44.8543441116914],[-121.481369555361,44.8543998633631],[-121.481387536406,44.8688960965777],[-121.501599712157,44.8690421266928],[-121.501852206714,44.9103971344203],[-121.504448822855,44.9104157395948],[-121.504703652052,44.9394482384455],[-121.483918119825,44.9396188002675],[-121.484045364902,44.9541397081811],[-121.504649689132,44.9540269826592],[-121.504668651337,44.968353994941],[-121.484181206597,44.9684794009037],[-121.484226322886,44.9832792929051],[-121.463712722264,44.9833079776811],[-121.463522960816,44.9539504260713],[-121.442975000696,44.9540800525525],[-121.443192263412,44.9248835002734],[-121.422562786943,44.9249485230559],[-121.422500820057,44.9395861845548],[-121.402162885808,44.9396054201541],[-121.402188651385,44.9249187114294],[-121.38164884272,44.9248447349966],[-121.361109088014,44.9247671091148]]],[[[-122.673748455127,45.5131991859937],[-122.67308869089,45.5130163969892],[-122.672900061688,45.5109003425768],[-122.671422430601,45.5080664583004],[-122.670918249977,45.5067981534121],[-122.672646296389,45.5060183854402],[-122.673002677032,45.505878091201],[-122.673333284004,45.5056627026717],[-122.673515350853,45.5055117406744],[-122.673624818131,45.5054540032997],[-122.674085253931,45.5054282332264],[-122.67432540889,45.5054052888231],[-122.67454979064,45.5054321866461],[-122.674799355206,45.5054458113751],[-122.675173516345,45.5054465641077],[-122.675305835396,45.5058475754053],[-122.675429064999,45.5063586133594],[-122.675833803088,45.5073987350636],[-122.676006079917,45.5077521758223],[-122.676089001906,45.5079878854326],[-122.676134826861,45.508196901366],[-122.676124676213,45.5086382445594],[-122.679209667392,45.5095223968412],[-122.678864398773,45.5101627752919],[-122.680794018329,45.5106870296827],[-122.681850389884,45.5109446557713],[-122.681276364313,45.5121638531793],[-122.682288941581,45.5124243633937],[-122.680762132866,45.5150660472603],[-122.682393994987,45.5154897070844],[-122.686364695175,45.5165204479604],[-122.685701715861,45.5178501792424],[-122.686728792,45.5181069248947],[-122.686560623274,45.5184494236021],[-122.685396839393,45.5208158789497],[-122.685264773051,45.5209138798717],[-122.685236712404,45.5219870498625],[-122.685108094063,45.5222495286928],[-122.685341621918,45.5223100971334],[-122.685395952661,45.522520339742],[-122.685179684595,45.522910902716],[-122.682118493074,45.5229639033615],[-122.682170735591,45.5243897029225],[-122.677497529987,45.5244782708556],[-122.677433899355,45.5229463926619],[-122.677930120079,45.5224742728694],[-122.679259658906,45.5200178358545],[-122.677218857065,45.5194718250647],[-122.678666362662,45.51680699085],[-122.679687900776,45.517080303813],[-122.680414880342,45.5157368209975],[-122.679394338678,45.5154635592959],[-122.679750492691,45.5148076549494],[-122.675771883865,45.51374376866],[-122.677936001645,45.5099218972778],[-122.67583273919,45.509419366011],[-122.673748455127,45.5131991859937]]],[[[-121.497229028597,45.7110315586596],[-121.495656501946,45.7104141983566],[-121.493667617966,45.7100512697504],[-121.489088112726,45.7085858550532],[-121.485308559842,45.707649659904],[-121.484243395616,45.7069332698546],[-121.481333273112,45.7054425500337],[-121.479955738367,45.7053389013693],[-121.479776107781,45.7057078734197],[-121.479053909011,45.7055891341313],[-121.477963027771,45.7049647699083],[-121.476406581898,45.70527254759],[-121.475021336366,45.7049440360385],[-121.474297425286,45.704954171398],[-121.473794304064,45.7048280936417],[-121.473724605706,45.7030228602169],[-121.472863312392,45.7018508196596],[-121.471222647707,45.700644100345],[-121.468318858229,45.6994903088307],[-121.463676559625,45.6983918930715],[-121.460169442865,45.6969480630028],[-121.458239111945,45.6964167741149],[-121.454633294591,45.69632006372],[-121.450787404115,45.6961401786264],[-121.447237413076,45.695747989678],[-121.445718482422,45.6951185586746],[-121.444086697643,45.6940485048347],[-121.442213933226,45.6934328478477],[-121.441125050281,45.6924132315854],[-121.441125005315,45.6924104895525],[-121.423734048687,45.6940407239003],[-121.401987929,45.6927567483253],[-121.387166366035,45.6979740203848],[-121.372342115896,45.7031893993714],[-121.349598850407,45.7043615514445],[-121.356153661662,45.6993050826635],[-121.355930786277,45.6932682080614],[-121.330595235781,45.69325312733],[-121.305259702373,45.6932325661301],[-121.299068892615,45.6881373095892],[-121.294193279296,45.6866937511158],[-121.294433435155,45.6639872840859],[-121.314900264735,45.6640646500636],[-121.335367149175,45.6641384376388],[-121.335429030625,45.6496721509491],[-121.356122188988,45.6497214643741],[-121.35508472478,45.6429211274082],[-121.355064913615,45.6353989334141],[-121.355730314802,45.6283516147353],[-121.355620953644,45.6209890701895],[-121.37932915032,45.6209312159029],[-121.379247314712,45.6352869399404],[-121.394727195803,45.6353201060381],[-121.410207093083,45.6353512252789],[-121.425687007449,45.635380295864],[-121.441166937104,45.6354073186928],[-121.441464531763,45.639024908173],[-121.441221044815,45.6492436770541],[-121.441263981148,45.6712453885639],[-121.46164495605,45.6712621672153],[-121.482025941744,45.6712753971419],[-121.482092434019,45.6770063844372],[-121.482770565109,45.6769705302658],[-121.48375944794,45.6769197212682],[-121.484737807804,45.676711306082],[-121.486177304039,45.6762467037224],[-121.48660193603,45.6761430307763],[-121.487516106783,45.6760708808665],[-121.488909144042,45.6760920347197],[-121.49027195059,45.6761751320768],[-121.491951784347,45.676380305207],[-121.495205331861,45.6774386795515],[-121.495923627573,45.6781414763481],[-121.49744500888,45.6785673071356],[-121.503154371077,45.6786529207957],[-121.503132436613,45.6796389887484],[-121.50405214539,45.679882035028],[-121.505273332099,45.6805859460846],[-121.505566698145,45.6810304333079],[-121.506291191086,45.6816302730188],[-121.507303531833,45.6820219556488],[-121.507542489794,45.6822625998392],[-121.509411270214,45.6821848066836],[-121.509785038349,45.6815234182712],[-121.510066827422,45.6804144435717],[-121.510290549969,45.6794526851933],[-121.510446739725,45.6787671167091],[-121.510676608239,45.6782673940251],[-121.511163053332,45.6774528240886],[-121.511406258792,45.6770448529377],[-121.511671603761,45.676561274883],[-121.512665978752,45.6752678780102],[-121.513639618074,45.6741323382369],[-121.514440000306,45.6736002417578],[-121.515199547021,45.6733043387243],[-121.515699040378,45.6730134287268],[-121.516854279801,45.6723095824213],[-121.517965823864,45.671680146022],[-121.518718444001,45.6700007457379],[-121.520074107234,45.6669270653318],[-121.522071904395,45.6653327669936],[-121.52295183436,45.6644461451735],[-121.523677621425,45.6650102206452],[-121.524233897976,45.6647297445821],[-121.528606390972,45.6624152223847],[-121.52928021521,45.6619307513032],[-121.531259438672,45.6616157844409],[-121.532445663337,45.6617904426748],[-121.532791196357,45.661975249758],[-121.53333615404,45.6622666220071],[-121.533808931237,45.6624585301371],[-121.534879318726,45.6627150878311],[-121.535278173449,45.6626018658835],[-121.535725685092,45.6624758708648],[-121.535903149211,45.662339923049],[-121.536112839636,45.6621474699298],[-121.53658735882,45.6617840152202],[-121.536805920157,45.6606727751285],[-121.536963710707,45.6596621700731],[-121.537210971209,45.6590593913779],[-121.537636092432,45.6584522932388],[-121.538834825767,45.6572637950881],[-121.539734100149,45.6564947911018],[-121.540612666741,45.6559878648482],[-121.541184339686,45.6557030558514],[-121.542439772577,45.6556013838968],[-121.54363106762,45.655305558205],[-121.544694799226,45.6552000857154],[-121.546017992436,45.6550621189217],[-121.546003631163,45.6535182617584],[-121.54780236159,45.6532978658039],[-121.55056349341,45.6533156283136],[-121.551900440853,45.652970417251],[-121.552271450767,45.6525159529489],[-121.552595638378,45.65228130274],[-121.552892804959,45.6520660922764],[-121.553199669829,45.6518466801802],[-121.55368061287,45.6515242300592],[-121.554327813578,45.6512057648342],[-121.554920799555,45.6509165806357],[-121.55602137009,45.650799702944],[-121.556897557976,45.6507081510604],[-121.557857649011,45.6506076068556],[-121.560622695581,45.6503138289201],[-121.562508215082,45.649825030301],[-121.563773357055,45.6497285249515],[-121.564281861619,45.6496320312933],[-121.56566756041,45.6496057117342],[-121.565641734578,45.6502175106297],[-121.566091749934,45.6499186020619],[-121.566220234276,45.6497830517465],[-121.566868744397,45.6496455058355],[-121.567628682318,45.6498236921097],[-121.568767683582,45.6500943988375],[-121.569652456396,45.6505717302012],[-121.570560902064,45.6513751881145],[-121.570660233983,45.6515648794157],[-121.571876728928,45.6516894975723],[-121.573201040895,45.6513043916844],[-121.57451543424,45.6503887001784],[-121.575477734909,45.6495708414212],[-121.576650790801,45.6483149867473],[-121.577927318191,45.6476807030021],[-121.579382644294,45.647199704203],[-121.580088114775,45.6469751722664],[-121.581772705046,45.6468362054266],[-121.582215236244,45.6467690377609],[-121.583189075216,45.6465735440339],[-121.583628687214,45.6463514501593],[-121.584155093683,45.6460668453087],[-121.585039173119,45.6457775513929],[-121.586184794293,45.6453624144439],[-121.587131905413,45.6449957302688],[-121.587573236915,45.6445555786771],[-121.588015854448,45.6439769197991],[-121.588351251209,45.6428973862054],[-121.589066106116,45.6412096060386],[-121.589400304081,45.6405853272511],[-121.589970388822,45.6402372113782],[-121.591377429425,45.6396989167716],[-121.591275130643,45.6386330501752],[-121.592404893171,45.6378038824433],[-121.588861742375,45.6357773033799],[-121.586133961013,45.6376922136248],[-121.586144566718,45.6350415158533],[-121.586059782233,45.6278501491651],[-121.588646970781,45.6278274781557],[-121.588670819003,45.6242291089862],[-121.586122430806,45.6242281098395],[-121.586215955802,45.6206894232783],[-121.586162256383,45.6112077081693],[-121.586133336884,45.6061494029726],[-121.589287063247,45.592327871734],[-121.589061997113,45.578038505073],[-121.588652784898,45.5635025308172],[-121.610055418423,45.5634260057057],[-121.616882726956,45.5635474609466],[-121.631827520424,45.5638713086141],[-121.631827493444,45.5638699380473],[-121.631878269167,45.5638708166849],[-121.631941887208,45.5637303281922],[-121.631400474652,45.5632994953755],[-121.63121796084,45.5630516835884],[-121.631303470179,45.5628328191793],[-121.631297983415,45.5625531264257],[-121.631691876579,45.5623312753681],[-121.632165133114,45.5621744758714],[-121.632481865346,45.5621988340091],[-121.632487638993,45.5621946638527],[-121.63253261229,45.5621983420799],[-121.63275012322,45.5620412763839],[-121.633225224265,45.5613825571593],[-121.633656042692,45.5607558052363],[-121.634132336238,45.5601587786048],[-121.634737695089,45.5593753710766],[-121.635124808263,45.5588107461191],[-121.635246484737,45.5582486977193],[-121.635457343382,45.557655614615],[-121.635760905941,45.5573098378788],[-121.636334184175,45.5571794748529],[-121.637218390416,45.5570776248326],[-121.637743381352,45.5570725148847],[-121.6377941229,45.5570720211569],[-121.638231625089,45.5567880125568],[-121.638267908237,45.556351583259],[-121.637508446957,45.5560476897492],[-121.637587047704,45.5555793066397],[-121.638196612683,45.5550138758897],[-121.638807357573,45.5545087671659],[-121.639085949557,45.5540864302446],[-121.639028259846,45.553339626023],[-121.638091249012,45.5530374673053],[-121.637909984358,45.5528527330673],[-121.638165539308,45.552351085834],[-121.638199979745,45.5518214220211],[-121.637784708797,45.5509546806141],[-121.637069468981,45.5507120633112],[-121.636447194782,45.5505316179399],[-121.636221653806,45.5503774813358],[-121.636200211271,45.5492888636902],[-121.634621306628,45.5479027188355],[-121.634624199747,45.5468591176542],[-121.634708340318,45.5466718005632],[-121.634164111984,45.5459914247645],[-121.633974310966,45.5453706884066],[-121.633959029685,45.5445932982421],[-121.633200340024,45.5443195383161],[-121.632885223874,45.544074384925],[-121.63281894294,45.5429848265885],[-121.631120439257,45.5422539133875],[-121.630794352278,45.5414479904325],[-121.630343524834,45.541047811907],[-121.630236197942,45.5400518990759],[-121.629964758267,45.5397432337633],[-121.629650890376,45.5395597693679],[-121.629438167437,45.5388610788758],[-121.629468903567,45.538238201232],[-121.62946281066,45.5379269692543],[-121.629005930779,45.5372155542545],[-121.628732659185,45.5368122820612],[-121.628504779972,45.5365347332914],[-121.628328577602,45.5365048946852],[-121.62827785404,45.5365053848157],[-121.627397978034,45.5365138789124],[-121.626772114641,45.5362401666504],[-121.62632379181,45.5359647402806],[-121.625733689058,45.535223055],[-121.625416810238,45.5348832767419],[-121.624280812709,45.5334625511559],[-121.624099039039,45.5332462588079],[-121.624083866577,45.532467490882],[-121.624339613982,45.5318739868951],[-121.624510322393,45.5316227621808],[-121.624403726651,45.5306583732853],[-121.623796197736,45.5301198007882],[-121.623696158051,45.5295914302004],[-121.623284868402,45.5289097207071],[-121.622968650583,45.5286014699819],[-121.623140105432,45.5282885292922],[-121.623922652309,45.5275967069226],[-121.624227329128,45.5273126515577],[-121.624971774428,45.5268694009022],[-121.625234169621,45.5266186618218],[-121.625176553655,45.5259650912161],[-121.625109850939,45.5248453543297],[-121.625853027295,45.5243390270246],[-121.626027502068,45.5241823840099],[-121.626231509676,45.5233397893998],[-121.62732359241,45.5225201652735],[-121.627729969962,45.5217524068481],[-121.627808014029,45.5212538577794],[-121.627847407931,45.5209737252572],[-121.629655331229,45.5205517057967],[-121.630095011575,45.5203911201541],[-121.630356613567,45.5202020862573],[-121.630395377045,45.519890417209],[-121.630384393625,45.5193296458465],[-121.630466681592,45.519049096039],[-121.63103897327,45.518887221668],[-121.631345422653,45.5186977507007],[-121.631206081695,45.5183562664286],[-121.631017020819,45.5177670486104],[-121.630918886797,45.5172386618348],[-121.63113620707,45.5170802246727],[-121.631707388985,45.5167633962138],[-121.632094864586,45.5162303023866],[-121.632263193392,45.5157624139043],[-121.632390294576,45.5154800555601],[-121.632109814916,45.514705223967],[-121.632001225376,45.5143401279946],[-121.631994502045,45.5139973567926],[-121.631991141278,45.513825972091],[-121.63214196478,45.5135598402145],[-121.632157634567,45.5132648490936],[-121.63221538813,45.5128282021599],[-121.632233275645,45.5125469023178],[-121.632602952764,45.5122018522338],[-121.632663740639,45.5119201369048],[-121.632656718733,45.5115622840722],[-121.632651231069,45.5112825823254],[-121.632601483272,45.5110334800111],[-121.632239844293,45.5106941496153],[-121.631257917719,45.5102524952565],[-121.631227168099,45.5092805070898],[-121.631020313237,45.5088765918813],[-121.63076224738,45.5081481626077],[-121.630616220862,45.507463902637],[-121.630425080753,45.5067663659751],[-121.630625443409,45.5062419416124],[-121.63059607335,45.5058376783662],[-121.63034258864,45.5053423317833],[-121.629344665824,45.5052738223291],[-121.628608283845,45.5050162717836],[-121.627861403181,45.5041211405782],[-121.6276003183,45.503235026875],[-121.627241514884,45.503036902631],[-121.627014495423,45.5026962574264],[-121.626981089206,45.5015844129903],[-121.628330891557,45.5004029817123],[-121.629647681595,45.499829365333],[-121.629637943736,45.4993316571303],[-121.630205183922,45.4989216166393],[-121.630421353063,45.498608227188],[-121.630368590738,45.498204187873],[-121.629826571139,45.4977102613196],[-121.628936584955,45.4974706558461],[-121.628444429167,45.4971325746087],[-121.627196576661,45.4967400798909],[-121.627225008727,45.4958991643151],[-121.626953662581,45.4956837380142],[-121.626879169038,45.4940648836875],[-121.626604325429,45.4935697340561],[-121.626589744721,45.4928224837707],[-121.626803346297,45.4924775829741],[-121.626835446698,45.4918245060961],[-121.627174296856,45.4911040133396],[-121.627173401132,45.4895598692926],[-121.627222293674,45.4751847270935],[-121.627195090081,45.4607059802968],[-121.627315967058,45.4462270599309],[-121.627436755902,45.4317466547843],[-121.627412687346,45.4277163241491],[-121.628173731433,45.3431597667099],[-121.648995896643,45.3534821572758],[-121.669825489355,45.3638007679911],[-121.690662506869,45.3741155979565],[-121.711506953683,45.3844266426755],[-121.720098124129,45.3884225670479],[-121.720104048863,45.3884266202924],[-121.722825739117,45.3913138073864],[-121.722952834905,45.3914331609117],[-121.723697557196,45.392224901558],[-121.724021340113,45.392900371555],[-121.724138558648,45.3933805222933],[-121.724212644798,45.3939379256948],[-121.725801483352,45.3945109494208],[-121.726643461926,45.3947448361054],[-121.727278589235,45.3944954001427],[-121.72900063717,45.3943730203986],[-121.73018930799,45.3947074548852],[-121.731038447866,45.3951853537212],[-121.731689795348,45.3956982532718],[-121.733167689937,45.3957182811738],[-121.735292240245,45.3959385260422],[-121.736631848781,45.3964098130625],[-121.738774292899,45.3974636512266],[-121.739950444258,45.3972083939523],[-121.741517413098,45.3970230202962],[-121.741704042208,45.3970114316323],[-121.743543790713,45.3969287263797],[-121.743941286561,45.3970369427008],[-121.745080027921,45.3973964466887],[-121.746820834814,45.3981417355527],[-121.748468460251,45.3983558731251],[-121.748575918444,45.3983739216192],[-121.749243910578,45.39856699617],[-121.750187554812,45.3989038552288],[-121.751234546437,45.3995180031534],[-121.752473312194,45.3998173883618],[-121.755886281627,45.4003703841859],[-121.757623092831,45.4008316653491],[-121.758777654165,45.4011949797646],[-121.76020153817,45.4016774309687],[-121.762987991303,45.402862378596],[-121.764913634956,45.403049955591],[-121.765800745108,45.4031088971579],[-121.768069079025,45.4031198958666],[-121.771354913099,45.402390137395],[-121.772186483819,45.4021369422661],[-121.77332080591,45.4021944988771],[-121.774849456437,45.4022120734285],[-121.77648156857,45.4025069008728],[-121.778196340089,45.4038101965834],[-121.778739662805,45.4046970576231],[-121.779312163126,45.4056699990713],[-121.780728350733,45.4072864836843],[-121.781832748782,45.4081849918439],[-121.782180450967,45.4084993471672],[-121.782738265359,45.4090692223668],[-121.784187098356,45.4099556877049],[-121.785040355328,45.410675899873],[-121.786248618779,45.411773454981],[-121.786728502418,45.4121631384182],[-121.787024694134,45.4124355313747],[-121.787333325273,45.412654298657],[-121.787553470316,45.4128342718842],[-121.789055021572,45.4138942704043],[-121.789116012694,45.4139223967013],[-121.789398954698,45.4141236137139],[-121.79044247494,45.4145509328793],[-121.791347790068,45.4149797736977],[-121.791605867617,45.4150262866339],[-121.791617672118,45.4150316420967],[-121.791701690381,45.4150444250602],[-121.793326464045,45.4153391023178],[-121.794127296837,45.4171885392198],[-121.794268366292,45.4174009204162],[-121.794415784061,45.4177229460572],[-121.795098606915,45.4186479527409],[-121.795261805088,45.4188916303445],[-121.795254486405,45.4190864576739],[-121.795196018781,45.4195191161144],[-121.795225145124,45.4198630276567],[-121.795211775803,45.4202224983696],[-121.794684856721,45.4213035707033],[-121.794663415085,45.4214766119561],[-121.794648453064,45.4215042067538],[-121.794576661983,45.4221249008435],[-121.794475024203,45.4228913012926],[-121.794485434755,45.4229213566354],[-121.794483672084,45.4229296052172],[-121.794666452994,45.4235255292798],[-121.79475059986,45.4238043712747],[-121.794864845236,45.4245574006036],[-121.796228936017,45.4260686681346],[-121.797188902046,45.4271002930441],[-121.799545317362,45.4275211451848],[-121.79967692505,45.4280037996357],[-121.799745001031,45.4282595020744],[-121.800107479976,45.4297407412423],[-121.801213996828,45.430700754936],[-121.801768999939,45.4312143388707],[-121.802611047762,45.4314133948124],[-121.80433480081,45.432359624597],[-121.804413778373,45.4324067418777],[-121.806084827553,45.4346385822049],[-121.806785563103,45.4350462799619],[-121.807484392091,45.4354553662722],[-121.807655355011,45.4356934518913],[-121.80809538969,45.4363728690128],[-121.807787687552,45.4368069537779],[-121.807444282328,45.4372990394192],[-121.807588155869,45.4381477224395],[-121.807262807233,45.4405582535606],[-121.807442539442,45.4417000220384],[-121.80749577481,45.4425030914446],[-121.80687615541,45.4434467302824],[-121.80599632527,45.4433084703097],[-121.804364145689,45.4429825047388],[-121.804571305421,45.4437879663416],[-121.80478601856,45.4447551719137],[-121.805352587852,45.4458596976669],[-121.805685320821,45.4464443199495],[-121.806356003727,45.4476711040382],[-121.806576048046,45.4480965283321],[-121.807207909018,45.4494142563629],[-121.806067065043,45.451266131327],[-121.806052042768,45.451377385558],[-121.806050188365,45.4513815206407],[-121.805794536289,45.4527434737324],[-121.806544008799,45.4537458284073],[-121.806863256434,45.4543347107783],[-121.807659592616,45.4546508161823],[-121.807970529616,45.4547858439915],[-121.810751067907,45.4555528074162],[-121.812752912017,45.4561789837732],[-121.813115266856,45.4566891925522],[-121.813759246192,45.4576721155757],[-121.815415225432,45.4589371145562],[-121.815470525644,45.4589694056136],[-121.815613359569,45.4590802533511],[-121.817113846926,45.4600178379529],[-121.818394684767,45.4607219990211],[-121.81876622708,45.4609482000994],[-121.818894026138,45.4609974991353],[-121.818980847588,45.4610445165912],[-121.819322643925,45.4611627099911],[-121.820467007846,45.4616064489785],[-121.820952960111,45.4622331766199],[-121.821985258613,45.4636546288581],[-121.827035097592,45.46654724426],[-121.829183817179,45.4677721568596],[-121.831643225554,45.4696188562253],[-121.835046206217,45.4723091097777],[-121.835816517818,45.4735894341052],[-121.836191688895,45.4742187383042],[-121.845376444267,45.4767175423808],[-121.846954908242,45.4813758920838],[-121.847181519412,45.4820644741962],[-121.847772809268,45.4830080428869],[-121.848871341939,45.4848001417132],[-121.849747109841,45.4863177800416],[-121.855190678307,45.4869829249221],[-121.860316581945,45.4895523095915],[-121.860662756181,45.4899281587576],[-121.861956628795,45.4913818588857],[-121.862455933295,45.4918834575556],[-121.863238456789,45.4927355732881],[-121.859991727037,45.4968698673505],[-121.859616191734,45.4996376397653],[-121.859589066382,45.4998107538632],[-121.862165805707,45.5023150869717],[-121.864895037676,45.5049903758053],[-121.866969049682,45.5070835685519],[-121.868115170878,45.5103450669713],[-121.869475846933,45.5142581943603],[-121.869493527604,45.514263471582],[-121.869510235209,45.5143099035793],[-121.873828571931,45.515522241858],[-121.874669307642,45.5157674294234],[-121.874682828949,45.5157617843789],[-121.874729992095,45.5157763138259],[-121.879086059874,45.5142314898914],[-121.882217805907,45.5130493346591],[-121.886055836308,45.5124484193591],[-121.889251309201,45.5126271281395],[-121.89069334692,45.5127306464022],[-121.893257341053,45.5132527604066],[-121.893780822027,45.51336308294],[-121.89795102512,45.5163330814066],[-121.906744721092,45.5205666237507],[-121.906945448873,45.5247991147874],[-121.909316501555,45.5268194093883],[-121.911336573124,45.5285229879456],[-121.913778581416,45.5344618031697],[-121.913742518602,45.5346624644013],[-121.913185358018,45.5375683448033],[-121.915874507203,45.5425002412932],[-121.922272205998,45.5464695196526],[-121.919721637843,45.5476744529137],[-121.909947140348,45.5495948184462],[-121.909185351623,45.5497315468734],[-121.901881856562,45.5561716478034],[-121.901885925995,45.5561784556713],[-121.901882090386,45.5561812453682],[-121.903267290953,45.5585563063285],[-121.902835000335,45.5610889455984],[-121.902846810232,45.5610929188032],[-121.902841721868,45.5611245209799],[-121.904641548569,45.5617597930801],[-121.906920966629,45.5626059418108],[-121.907943924772,45.5645231498236],[-121.907339459848,45.5665545789307],[-121.907277347272,45.5667294916727],[-121.90728713909,45.5667307453277],[-121.907283469856,45.566740388758],[-121.908106097718,45.5668470483527],[-121.91154269414,45.5673376887834],[-121.913724697637,45.5706478702031],[-121.913854667659,45.5708520037171],[-121.910191970883,45.5812445872679],[-121.910260471344,45.5812506181216],[-121.910253197627,45.5812726470151],[-121.911769999586,45.581406562363],[-121.913690643009,45.5816027719504],[-121.915915236599,45.5827236833513],[-121.91720603533,45.5846252089863],[-121.918098804916,45.5858252967001],[-121.918499503249,45.586393664636],[-121.915983868361,45.5893341833259],[-121.915984171432,45.5893465211251],[-121.915940473374,45.5893964191095],[-121.915973672747,45.5899527891899],[-121.91594066403,45.5920280512536],[-121.914548478429,45.5941979282918],[-121.91493888672,45.5957784903851],[-121.915405549427,45.5978380988493],[-121.913081785796,45.6018581969983],[-121.915195712412,45.6054420214322],[-121.915221103871,45.6054417138641],[-121.915257911324,45.6055084642443],[-121.898626318849,45.6055371085508],[-121.881994711087,45.6055633894389],[-121.881973958331,45.6079566131073],[-121.860476824046,45.6076573520052],[-121.839826841236,45.6075624834219],[-121.819764513222,45.6075272767625],[-121.798659408705,45.6074247909214],[-121.778204598563,45.6074773212214],[-121.757097668423,45.6073687289837],[-121.753293592825,45.6074534316306],[-121.753225663434,45.6214879807857],[-121.75328808178,45.6364836515993],[-121.75335520268,45.6508853795567],[-121.7535826754,45.6651947651264],[-121.738286161577,45.6642454497677],[-121.73858845879,45.678294752301],[-121.739127158991,45.6930476151554],[-121.732224531337,45.691516092194],[-121.724205245176,45.6912793042965],[-121.720087485149,45.6917816233233],[-121.704241934318,45.6893992310897],[-121.700117077741,45.68928113032],[-121.696894346397,45.688511940174],[-121.691422976289,45.689690743633],[-121.688931996315,45.691000879587],[-121.686687644619,45.6932696838489],[-121.682371912334,45.6949190081058],[-121.678962946683,45.6962368143775],[-121.673490474905,45.6974147742725],[-121.673375261859,45.6993452131111],[-121.66783449017,45.7008417047809],[-121.664376140946,45.699753111417],[-121.654306751256,45.7001736083254],[-121.650174811618,45.6997329531134],[-121.642405926392,45.7006111096151],[-121.632317282217,45.7000673246474],[-121.627762293395,45.7013946934104],[-121.620720247441,45.7043513558305],[-121.615016880125,45.7055287680383],[-121.60746438977,45.705921248367],[-121.602654826259,45.705966604775],[-121.595348384121,45.7071594988118],[-121.588032510792,45.7078693669778],[-121.582987787157,45.7075952428262],[-121.579632957095,45.7088273491029],[-121.57622386464,45.7107235021879],[-121.574011499131,45.7114184146282],[-121.572907536354,45.7125679703356],[-121.571299428026,45.7112430477285],[-121.569978442651,45.7095672060618],[-121.564245342848,45.7098538829504],[-121.560444023673,45.7117380489718],[-121.55881650168,45.7135942406817],[-121.556126395617,45.7145111417758],[-121.55247472363,45.7140147241003],[-121.549178252374,45.7135657447633],[-121.5432462693,45.7144605935816],[-121.533872411682,45.7151003532987],[-121.53103280502,45.7148004042153],[-121.529435481362,45.7147925072684],[-121.52909121189,45.7156799267872],[-121.528081662639,45.7163620247877],[-121.526532689232,45.7170913461887],[-121.521945816746,45.7159522379055],[-121.513494429724,45.715759622009],[-121.510463876307,45.7155047037791],[-121.509752073699,45.7161004335882],[-121.506790971326,45.7151167398457],[-121.504929083311,45.715090214342],[-121.503657987826,45.7145965216122],[-121.50202804216,45.7140633801209],[-121.501156339194,45.7135731012177],[-121.499971006657,45.7132801956246],[-121.498320185928,45.7116529991866],[-121.497229028597,45.7110315586596]]],[[[-122.598072115636,45.6000384916831],[-122.596411292647,45.5995553021355],[-122.594277167257,45.5987897902167],[-122.589936755777,45.5972037053867],[-122.586568710178,45.5959718158467],[-122.583467881038,45.5947775890146],[-122.581926565359,45.5940794722899],[-122.579704329791,45.5931890796124],[-122.573309892837,45.5906349015795],[-122.569793504966,45.5891678833912],[-122.567199690213,45.5880918139861],[-122.565799026704,45.5872195507417],[-122.56040200265,45.5843343286664],[-122.559157844559,45.58182292239],[-122.55697218262,45.5806749746704],[-122.554597109969,45.5793067479082],[-122.550866854322,45.577065237171],[-122.547553586429,45.575008329371],[-122.545272205148,45.5737356582741],[-122.543096210022,45.5728437754199],[-122.539858626374,45.5715863388385],[-122.536263551422,45.5708192162339],[-122.532619762892,45.5693876088511],[-122.531262265941,45.5687989908808],[-122.531742231419,45.5680929978936],[-122.537676375564,45.5598517770379],[-122.537877937017,45.5591214187186],[-122.537965455441,45.5580145250503],[-122.537145618176,45.5552733060183],[-122.537276668284,45.5481482076737],[-122.537347660766,45.5394920935853],[-122.53749810925,45.5291076758786],[-122.5375341244,45.526480384762],[-122.537511101756,45.5190314684276],[-122.538618991873,45.5190765982065],[-122.538626791693,45.5190764606102],[-122.540954085163,45.5190646111429],[-122.552485042251,45.5190010299736],[-122.567297145247,45.5190538372648],[-122.582109274323,45.519104764973],[-122.584123067725,45.5191099882354],[-122.586695438144,45.5192216048932],[-122.588072081661,45.5203107720246],[-122.589074566738,45.5208575310503],[-122.590399909328,45.5215266734173],[-122.590303758312,45.5328147901705],[-122.59428950056,45.5329086434192],[-122.599657098796,45.5300696572889],[-122.600994477913,45.5293885854149],[-122.604213899752,45.5279274227124],[-122.605138190575,45.5276405497716],[-122.60548707357,45.5275752787762],[-122.606137433596,45.5274826243237],[-122.608215672415,45.5273738000609],[-122.608707770647,45.5274362417892],[-122.609369340722,45.5275436280361],[-122.610260844962,45.5277483586999],[-122.610823167655,45.5279165121374],[-122.61197215589,45.5284910377313],[-122.612696495947,45.5289264678822],[-122.613646355395,45.5295512161158],[-122.615869520862,45.5309978358815],[-122.61755818776,45.5317038099829],[-122.619161606123,45.532106799789],[-122.622406557916,45.5328859589199],[-122.625795794241,45.5337117838718],[-122.628307970337,45.5342503599662],[-122.629146326442,45.5344380862487],[-122.629630912636,45.5344004460238],[-122.629954680264,45.5343945419746],[-122.630588767957,45.5341772279967],[-122.63064426602,45.5341474109743],[-122.630816534755,45.534108605228],[-122.631046304343,45.5339356988734],[-122.631388939748,45.5337538739422],[-122.631524050295,45.5336073842734],[-122.631676331597,45.5335031015869],[-122.633611499971,45.5314733686012],[-122.633936761372,45.5311917216207],[-122.634304394332,45.5309477067713],[-122.634730002088,45.5307410371692],[-122.635170983754,45.5305807213233],[-122.636108845347,45.5303468481286],[-122.636110743816,45.5303454415889],[-122.636128296783,45.5303451214303],[-122.640047231994,45.5301389518512],[-122.640446575949,45.530119289074],[-122.642737267911,45.5300018421114],[-122.643942111239,45.5299687569526],[-122.644967785335,45.529945808952],[-122.645662644715,45.529896009893],[-122.645705447948,45.5298924800539],[-122.646894697033,45.5298075273955],[-122.647838724378,45.5297407896058],[-122.649212553017,45.5294768448805],[-122.65010003279,45.5293068820071],[-122.650130929898,45.5292980830401],[-122.65189716782,45.528829359987],[-122.652756925991,45.52859678991],[-122.655419449848,45.5278824179393],[-122.656288629317,45.5275371700045],[-122.656889184888,45.5273148423062],[-122.657057825758,45.5272321703284],[-122.657207835373,45.5271731604131],[-122.658930593772,45.5263279199976],[-122.659464672357,45.5260666111852],[-122.660054606935,45.5257784540125],[-122.662046804017,45.5257970106236],[-122.666322720617,45.5261624447411],[-122.666508087079,45.5267633888194],[-122.669739947441,45.529256744803],[-122.671743724194,45.5313126822346],[-122.672834376106,45.5327076062711],[-122.676496188848,45.5365395626508],[-122.6816557676,45.5392383705544],[-122.677983326669,45.5422886173259],[-122.676673560336,45.543602598781],[-122.677671692694,45.5453630864374],[-122.678323002405,45.5461886532838],[-122.678634326113,45.5478731877974],[-122.678669131675,45.5494664186403],[-122.678707236849,45.5549194551688],[-122.678691933986,45.5573050642773],[-122.67871892264,45.5629804923559],[-122.678726451764,45.5688126326969],[-122.678726794406,45.5692350964226],[-122.67872527725,45.5709003108008],[-122.678649941042,45.5777956242687],[-122.678709179385,45.5805515274311],[-122.678709386229,45.5805570096983],[-122.678709489651,45.5805597508319],[-122.678724528114,45.5813193622988],[-122.678895791408,45.5827495370615],[-122.679684436587,45.585111889702],[-122.680729971311,45.5874982488452],[-122.680829365283,45.5877501480509],[-122.681226680367,45.5888537636903],[-122.681623418986,45.5894773149262],[-122.681667010924,45.589545083339],[-122.682165273109,45.5904246059109],[-122.683479796855,45.5931501956251],[-122.684696890749,45.5956732166457],[-122.684854343153,45.5966825410665],[-122.684926526338,45.5971434328232],[-122.684707758156,45.5980212511798],[-122.684369970098,45.5993676460001],[-122.683906034136,45.6012527032497],[-122.683264009926,45.6036472111499],[-122.682372412157,45.6067801883551],[-122.681856300228,45.6076004483021],[-122.675601823865,45.6174762930965],[-122.663226434852,45.6147666429662],[-122.65585335295,45.612863840294],[-122.65160793236,45.6112746348166],[-122.646262084228,45.6099039493079],[-122.643033260876,45.6083607198714],[-122.641231700283,45.604537798081],[-122.637329966405,45.6045341522294],[-122.633631842635,45.604744260839],[-122.631249840708,45.6049757454343],[-122.626594957891,45.6048104698274],[-122.620972685141,45.6021244251022],[-122.615679706353,45.6021887581048],[-122.612662754283,45.6020828251623],[-122.60876361405,45.6015771309799],[-122.602110094106,45.6006065070847],[-122.598072115636,45.6000384916831]]],[[[-122.725961879037,45.6012868019444],[-122.725907649918,45.5965446660036],[-122.72821004206,45.5973718129588],[-122.730367325891,45.5984362361434],[-122.730394117594,45.5991284092487],[-122.731139299439,45.5996011297884],[-122.731142178169,45.5999782793742],[-122.731747841889,45.5999763233487],[-122.731745135829,45.5994524026063],[-122.733421910992,45.6005177107238],[-122.736842753091,45.6024137882658],[-122.736853672659,45.6040540752354],[-122.734879836136,45.6035966476672],[-122.732835637555,45.6033901723187],[-122.732819063049,45.6031641663932],[-122.731587971208,45.6031135966152],[-122.730313403441,45.6028484953618],[-122.729168054762,45.6023875127735],[-122.728550323039,45.6020275708158],[-122.728532103674,45.6004450338113],[-122.72824486291,45.6004450212208],[-122.72825095222,45.6021183178062],[-122.728153152746,45.602065315362],[-122.728149607618,45.6023273679137],[-122.727764375825,45.6021179868557],[-122.727233062656,45.6018702380211],[-122.727010924714,45.601785311443],[-122.727009782575,45.6015535237761],[-122.725961879037,45.6012868019444]]],[[[-120.254737741553,42.1801670866418],[-120.254795653397,42.1657448847187],[-120.239080098668,42.1657088488843],[-120.223364562824,42.1656705737381],[-120.200363151438,42.1655330323237],[-120.177361844374,42.1653906966234],[-120.162827095894,42.1653595899731],[-120.148292361803,42.1653265686663],[-120.133757644799,42.1652916336021],[-120.119222944883,42.1652547847805],[-120.115952662785,42.165246196255],[-120.088964136785,42.1651002893469],[-120.061975742087,42.1649477823144],[-120.061965694861,42.1648064799352],[-120.0617345619,42.1620777030236],[-120.061780982207,42.1571488219606],[-120.061494523853,42.1510912836359],[-120.061499077121,42.1509706126037],[-120.061681113393,42.1446077472498],[-120.061809159765,42.1401153530412],[-120.062097670371,42.1363696767193],[-120.065173134133,42.1363502999264],[-120.065171936236,42.1362597786659],[-120.065169872292,42.1344782513702],[-120.064851038345,42.1194801883601],[-120.064743349926,42.1048533493027],[-120.064820036016,42.090198536833],[-120.064778922609,42.0773481465997],[-120.064781042311,42.0754981134472],[-120.064636393555,42.0611649120311],[-120.064407874024,42.046217089647],[-120.064553170293,42.0332963949127],[-120.064570698079,42.0316082846946],[-120.064256442581,42.0168386171085],[-120.064212901005,42.0043534568466],[-120.064207120162,42.0023238083971],[-120.064115815592,41.9999112106339],[-120.064041501014,41.9979539773942],[-120.063990675829,41.9950217990169],[-120.087684361944,41.9947555286448],[-120.111377840315,41.9944841591167],[-120.135071106446,41.9942076877347],[-120.15876415674,41.9939261162973],[-120.186681330779,41.9938370267574],[-120.21459842118,41.9937408568551],[-120.240247636319,41.9935846221326],[-120.265896718359,41.9934224096166],[-120.291545661003,41.9932542202062],[-120.317194460656,41.9930800530021],[-120.317218405105,42.0047681099604],[-120.317410357302,42.0193212900455],[-120.303900743325,42.0192555451074],[-120.305664119603,42.021085330024],[-120.30868512312,42.0260110850436],[-120.304024153692,42.0260892846928],[-120.308259120562,42.0334184922697],[-120.308571820233,42.0334231498585],[-120.308639542781,42.0335316062987],[-120.315477000163,42.0335185904107],[-120.315637797147,42.0375411023401],[-120.31789322759,42.0418496076733],[-120.320970135663,42.047848958063],[-120.322402815038,42.0512344810865],[-120.323837053837,42.0547722179635],[-120.32486092659,42.0570791525809],[-120.3258867149,42.0593874568657],[-120.326909001249,42.0623101312077],[-120.326991847696,42.0694579689102],[-120.326868543448,42.0766068786046],[-120.33706791755,42.07678014199],[-120.336957586923,42.091238710698],[-120.336993031004,42.1055714246816],[-120.336883229178,42.1129028850601],[-120.326765789609,42.1128874535931],[-120.32642434221,42.1241614303058],[-120.326529353347,42.1241602243149],[-120.326527218356,42.1242630779787],[-120.336650224728,42.1242785373247],[-120.336840309932,42.1345042372808],[-120.336841860364,42.1346139536711],[-120.356339306214,42.1347480425882],[-120.375978987041,42.1347430729345],[-120.375822034659,42.1494159518847],[-120.375775561293,42.1641151099244],[-120.375607301736,42.1788471435809],[-120.396166812748,42.1786571932749],[-120.415326306864,42.178750354945],[-120.414844733398,42.1935275525545],[-120.414813553003,42.2079431219776],[-120.395591242142,42.2079417082433],[-120.395123687308,42.1933953773948],[-120.390315643652,42.1933509328993],[-120.390407861933,42.2005416682634],[-120.375607416849,42.2005150150559],[-120.37558535468,42.2022896832224],[-120.375635359684,42.2076234255807],[-120.375235095723,42.2076010297638],[-120.375375118367,42.2149166836581],[-120.375711543053,42.2209433806325],[-120.375749633838,42.2221722790275],[-120.375662789906,42.2330988719154],[-120.361084455783,42.2329673262811],[-120.346506184613,42.2328338560976],[-120.331927978194,42.2326984622643],[-120.317349835626,42.2325611447811],[-120.317285243619,42.2325610377617],[-120.317240217262,42.2278773010966],[-120.317284090688,42.2243183447159],[-120.316966992433,42.221762728667],[-120.297792288084,42.2216607167687],[-120.297752787161,42.2074122503751],[-120.297751450769,42.207258641673],[-120.278225405578,42.2071251508051],[-120.276772577792,42.1952986818887],[-120.276562292016,42.1932904139215],[-120.274037478647,42.1932756749325],[-120.272956739962,42.1932679722392],[-120.254685568284,42.1931548267339],[-120.254737741553,42.1801670866418]]],[[[-121.30622613273,44.1836261702117],[-121.307754690626,44.1838591638694],[-121.308710490097,44.1842225079624],[-121.309507234571,44.1843546237669],[-121.310220166727,44.1843756220374],[-121.311394553616,44.1847387341053],[-121.312122855186,44.1847699927411],[-121.312936329748,44.184546531897],[-121.314097859928,44.1841223621573],[-121.314671638186,44.1838606333616],[-121.315360898387,44.1835542487296],[-121.315890039694,44.183271607099],[-121.316492541398,44.1828600251701],[-121.318220365677,44.1813906777376],[-121.318985419841,44.1804685578777],[-121.319326038066,44.1799791962829],[-121.319885260796,44.1794781929643],[-121.320423038293,44.1790411970936],[-121.320709297896,44.1786296979023],[-121.321109541172,44.1781191743605],[-121.32135830714,44.1776173742425],[-121.321543889439,44.1769869566828],[-121.321665037112,44.1762041957671],[-121.321446036006,44.1757331956305],[-121.320736266765,44.1752784543373],[-121.319207789808,44.1744494790603],[-121.318711221046,44.1740960508921],[-121.31844104312,44.1736921968375],[-121.317977877877,44.1732154086642],[-121.317493044368,44.1726301991245],[-121.317126040934,44.1719421988734],[-121.316722944109,44.1711560942784],[-121.31632779729,44.1703892612555],[-121.316118043913,44.1696801979828],[-121.31605187989,44.1690780775913],[-121.315944032291,44.1684359931266],[-121.315955997771,44.1678178486149],[-121.316001042114,44.1673031962856],[-121.316278961405,44.1668633198864],[-121.31660679217,44.1662626357121],[-121.317014162574,44.1657904628596],[-121.317406112302,44.1654835539229],[-121.317610170273,44.1653610617636],[-121.308812173743,44.1654085567595],[-121.308809009928,44.1672298727605],[-121.25202499126,44.1671720112794],[-121.262087164791,44.1527214384437],[-121.258469566317,44.1527248279885],[-121.262975480934,44.1465836949816],[-121.264022751349,44.1450805636172],[-121.264106828967,44.1387608720167],[-121.264161675021,44.1328337443819],[-121.264152644029,44.1235855796108],[-121.26419770456,44.1158708677464],[-121.263863237698,44.1092891730569],[-121.263741196999,44.0929452782021],[-121.259935163577,44.0929357067175],[-121.259950154376,44.0898065309467],[-121.259996731164,44.080244847222],[-121.257499041348,44.0802464848874],[-121.257505439125,44.0748202490553],[-121.263758469378,44.0748034919876],[-121.263756932436,44.0784270062014],[-121.268748863169,44.0784048900737],[-121.268749175234,44.0765925987695],[-121.278723422048,44.0765465741651],[-121.278743180154,44.0711126419349],[-121.288750393416,44.0711084699799],[-121.288762640384,44.0621365769415],[-121.278743940081,44.0621395761805],[-121.278743571359,44.0647942282711],[-121.276123742816,44.0648079276438],[-121.275547165869,44.0640317218865],[-121.27531880372,44.0641240004223],[-121.275037986814,44.0641524576698],[-121.274795685173,44.0641124234496],[-121.274526027054,44.0639995216607],[-121.274279598425,44.0642136403473],[-121.273954456633,44.0645571777716],[-121.273877526826,44.0648256766637],[-121.273869021938,44.0657249123748],[-121.268755430019,44.0657453359785],[-121.26874582436,44.0621502079658],[-121.2587163232,44.0621514724126],[-121.258718708202,44.0585414759084],[-121.252367087071,44.058535297566],[-121.248491428137,44.0535087384376],[-121.245372545107,44.0534964968659],[-121.24539639243,44.0550959033533],[-121.243542961638,44.0585292990879],[-121.243595045875,44.0621455728599],[-121.228477346053,44.0620764869404],[-121.228443025225,44.05117388077],[-121.228383071921,44.0486197036365],[-121.229460726831,44.0479309461563],[-121.230213138326,44.0475543253719],[-121.230995642935,44.0473050962532],[-121.231996085651,44.0471450088351],[-121.232320783178,44.0469453602402],[-121.232741203644,44.0464885406137],[-121.233602596782,44.0460069266784],[-121.233612393097,44.0403489562394],[-121.23363797881,44.0384225778398],[-121.243584051663,44.0387296972178],[-121.258643114788,44.0388280668619],[-121.258607409904,44.0394111207267],[-121.266127859213,44.0394342746721],[-121.266251257889,44.0450688087786],[-121.273718390891,44.045040248109],[-121.273722314633,44.0441758908048],[-121.277703193348,44.0441693410423],[-121.277486820061,44.0450735643935],[-121.279658947203,44.0450710543857],[-121.279660690089,44.045925769159],[-121.280721998921,44.0459212392738],[-121.280724379427,44.0455247281837],[-121.281175132227,44.0455216354152],[-121.281182528251,44.0450729555525],[-121.283755881629,44.0450621250171],[-121.28377788624,44.0441747954305],[-121.291255497243,44.0442260397],[-121.291296814796,44.040427042574],[-121.290792244766,44.0397700320614],[-121.290092514658,44.038859846205],[-121.289367003684,44.0377174113295],[-121.289062720768,44.0369587153725],[-121.288868388066,44.0362632039837],[-121.288743327443,44.0355217417351],[-121.288752704674,44.0337359372638],[-121.288849690261,44.0297448332575],[-121.283869698028,44.0296910996645],[-121.284097755307,44.022470519399],[-121.28414032022,44.0209459805726],[-121.284101471306,44.0115891983829],[-121.290181748089,44.0115654580795],[-121.29067646065,44.0110271589763],[-121.291235097022,44.0105840387225],[-121.291890152409,44.0101694071924],[-121.292399343155,44.0098913673928],[-121.293400936104,44.0094924047507],[-121.293919056219,44.0093237126193],[-121.294256308282,44.0092484879274],[-121.295111853129,44.0091043742675],[-121.295543257016,44.0090493303624],[-121.29641831985,44.0090069668981],[-121.299008194672,44.0089436780084],[-121.29902012328,44.0078791064357],[-121.299100701636,44.0006869051766],[-121.304056426563,44.0006767041666],[-121.304055695414,44.0007582133209],[-121.304180270403,44.0007572510464],[-121.304403322955,44.0006993428005],[-121.3046473432,44.0006493791656],[-121.304859989697,44.0007049114026],[-121.305060488151,44.0008482984103],[-121.30528743117,44.0009073362046],[-121.305811136974,44.0009066761023],[-121.305984270857,44.0010463776882],[-121.306327780403,44.001530581671],[-121.306754264098,44.0019297106876],[-121.307932410153,44.0020984244028],[-121.308548235313,44.0020604370396],[-121.308992831354,44.0016941818411],[-121.309275512555,44.001555284249],[-121.30943845532,44.001405314204],[-121.309652298815,44.0011310650466],[-121.310261825123,44.0009026075693],[-121.310832060951,44.0007734568296],[-121.311667809921,44.0009464261367],[-121.312689145688,44.0008340306661],[-121.313110311692,44.0006116571024],[-121.313227988881,44.0005772346517],[-121.31357128079,44.0005234246164],[-121.313817647366,44.0004349250318],[-121.311610934097,43.9985124370994],[-121.309542814449,43.9965433148222],[-121.307851609664,43.9934944862816],[-121.306391420028,43.990931043433],[-121.304633551197,43.9878469677634],[-121.304412109331,43.9848315823117],[-121.304527614658,43.9790616471773],[-121.304687252415,43.9695459242051],[-121.304692410926,43.969226218815],[-121.304721307942,43.9649166630736],[-121.304722538215,43.9647273216087],[-121.30791507572,43.9492137636043],[-121.308118825224,43.9364310275699],[-121.308148191686,43.9346842986415],[-121.328428908367,43.9348592689402],[-121.344718725189,43.9355460434152],[-121.344925784198,43.9355541067367],[-121.34881773525,43.9355456755925],[-121.364841154895,43.9355085236995],[-121.385899988394,43.9352419970206],[-121.405958991614,43.9355283393614],[-121.406103330105,43.9355313044262],[-121.411437362944,43.9355901650541],[-121.425986895379,43.935752399154],[-121.446134583444,43.935855312173],[-121.465759958755,43.9358218942651],[-121.465894741049,43.9358207476295],[-121.485693572201,43.9358263162316],[-121.485947926556,43.9358227369298],[-121.501165026645,43.9355785278269],[-121.50642844112,43.9354936066447],[-121.526456859297,43.9355997976926],[-121.529185676678,43.9356286191655],[-121.546673512772,43.9358214616911],[-121.566812089806,43.9360183106965],[-121.586720812715,43.936301599839],[-121.586911304413,43.9508446175851],[-121.586520244114,43.9649527591625],[-121.586711409404,43.9793228597622],[-121.586713319564,43.9794271145697],[-121.586672807804,43.9938021560447],[-121.586827569437,43.9998581394416],[-121.58681989732,44.0082494733346],[-121.587002033417,44.022737593765],[-121.586759252438,44.0371776166538],[-121.587027316957,44.0517828665861],[-121.587078203296,44.0659524957111],[-121.587099450679,44.0672131689527],[-121.587069684019,44.0795807257699],[-121.586752202652,44.0951477790468],[-121.566279869221,44.0950778153889],[-121.550290699356,44.0949931118427],[-121.548847485323,44.0949830853012],[-121.545962987202,44.09496432994],[-121.526017875924,44.0949838182487],[-121.505848148173,44.0950017965957],[-121.485791288937,44.0949356541572],[-121.465398193872,44.0947906267861],[-121.465171615977,44.0947884306416],[-121.462573074388,44.0947898371813],[-121.444325998246,44.0947875232256],[-121.440147174253,44.0947754390353],[-121.424270891788,44.0946913281423],[-121.404015178957,44.0947893857216],[-121.392630501996,44.0947501950655],[-121.373552937018,44.0949102797856],[-121.373556493837,44.0912372174237],[-121.373151269216,44.0914550790887],[-121.372309433633,44.0920655388936],[-121.371509847302,44.0921592590426],[-121.371170388303,44.092261717904],[-121.370937006138,44.0923790155792],[-121.370276563812,44.0926893131613],[-121.369618022654,44.0929583012846],[-121.369006298402,44.0931557888086],[-121.368051775069,44.0934431114105],[-121.367913557365,44.0935652753172],[-121.367749397816,44.0937696201719],[-121.367707100003,44.0938422701047],[-121.367642201326,44.093992620563],[-121.367604394727,44.0941476717777],[-121.367594294441,44.0943049137408],[-121.367612059649,44.0944618049684],[-121.367657404366,44.0946158075735],[-121.36774277431,44.0948284288889],[-121.36826655206,44.0945408149067],[-121.368346568339,44.0946165558095],[-121.368468821279,44.0945741293926],[-121.368482154628,44.0945088817795],[-121.368516936807,44.0944705904454],[-121.368802625341,44.0943801150503],[-121.369268079358,44.0944220909068],[-121.3694585126,44.0944872557823],[-121.369709527772,44.0945284294435],[-121.370048405809,44.0947989877831],[-121.370339429121,44.0945731293465],[-121.370799181437,44.0949007307842],[-121.363415018089,44.0949081429965],[-121.33013457605,44.0948360002812],[-121.330606808258,44.0950945175979],[-121.331601462038,44.0951656179989],[-121.332506037923,44.0951798057035],[-121.333130394952,44.095200778793],[-121.333512158959,44.0952175547464],[-121.33398615114,44.0952566950405],[-121.334414824684,44.0952964891417],[-121.334559247711,44.0953245560834],[-121.334767910211,44.0954331744015],[-121.335073704888,44.0956869441972],[-121.335228631996,44.0958444667488],[-121.3353624727,44.0959639722595],[-121.335664865241,44.0961912228467],[-121.336592401718,44.0968149872219],[-121.336831507168,44.0970299989353],[-121.336993152212,44.0971522878478],[-121.337187487612,44.09729765876],[-121.337473778692,44.0976179639979],[-121.337556932706,44.0977092739639],[-121.337649781412,44.0978128587765],[-121.337760051785,44.097936895971],[-121.337765820936,44.0979409698999],[-121.338186243201,44.0981875729981],[-121.338534663044,44.0985924801589],[-121.33873598258,44.0988269738858],[-121.338646555794,44.0990992787088],[-121.338665965862,44.0993941061531],[-121.338675874592,44.0995559238668],[-121.338678109407,44.099579230697],[-121.338702704966,44.0998369772947],[-121.338731867282,44.1001481957827],[-121.338917246334,44.1004664964317],[-121.339044136178,44.100687818688],[-121.339283791114,44.1009398653825],[-121.339381645447,44.1012615528784],[-121.33959920404,44.1017003473931],[-121.339610819684,44.1017139811154],[-121.339663680934,44.1018164876409],[-121.33991097741,44.1020698491443],[-121.340173252993,44.1023052628776],[-121.340317732677,44.1025580092448],[-121.340417791248,44.1029002597393],[-121.340442045064,44.1031333127522],[-121.340444032566,44.10327323737],[-121.340445806029,44.1033980722633],[-121.340044299205,44.1036822841102],[-121.339711810851,44.1040002843857],[-121.339478274003,44.1041803592362],[-121.339199451793,44.1043895766177],[-121.338933140952,44.1046755331494],[-121.338589938075,44.1050443712008],[-121.338162053236,44.1058871546685],[-121.337856876394,44.1063874178451],[-121.33777508845,44.1072002152178],[-121.33784982481,44.1073684163194],[-121.338065976863,44.1078415217689],[-121.338135936025,44.1079411603563],[-121.338291572698,44.1081746189636],[-121.338355452442,44.1082482338689],[-121.338448724729,44.1083806266647],[-121.338735832393,44.1086199776299],[-121.338972836127,44.1088171656797],[-121.3391722491,44.1090489299642],[-121.339420099558,44.1093393300461],[-121.339615747968,44.1095738651418],[-121.339832847008,44.1098439108678],[-121.339931186075,44.1101985216445],[-121.339955714185,44.1104507805791],[-121.339974374218,44.1106921073549],[-121.339988175214,44.1108593830542],[-121.340015833864,44.1111980506496],[-121.340313951927,44.1122110982636],[-121.340227950659,44.1124573119554],[-121.34019292926,44.1126729657848],[-121.339974108918,44.1134895187263],[-121.339540661772,44.1148825002273],[-121.339528365342,44.1149553039442],[-121.33950654689,44.1150281778082],[-121.339465891238,44.1153838129127],[-121.339350967773,44.1156055443604],[-121.33925681505,44.1158147743324],[-121.339143888979,44.1159088982771],[-121.338714530151,44.1165184605586],[-121.329770742726,44.1165194282291],[-121.32980217493,44.1092356193284],[-121.323869997602,44.1091955572292],[-121.32386994814,44.1055843079695],[-121.303740762726,44.1055918667713],[-121.298706098008,44.1055753660104],[-121.303730391744,44.1091945688743],[-121.303727650611,44.1128185228566],[-121.298708601721,44.1128208763824],[-121.29874441902,44.1236995749754],[-121.30371861782,44.1236985794259],[-121.303823247645,44.1417900242902],[-121.323885802288,44.1417208961025],[-121.323850749413,44.1345568553147],[-121.338907119068,44.1345959551393],[-121.339026710015,44.1599554069165],[-121.33397591056,44.1599341001786],[-121.333932965234,44.1671409729776],[-121.328953930779,44.167129890632],[-121.328909434123,44.1707587917849],[-121.33378853861,44.1707732214071],[-121.333889661978,44.1744059491753],[-121.328864762099,44.1743875499455],[-121.328843639722,44.1852468078939],[-121.340926275127,44.1852859850602],[-121.340888913692,44.192439539753],[-121.326319266121,44.1924256353349],[-121.30873672512,44.1925171854198],[-121.308728828173,44.1942667849842],[-121.293679173755,44.1943752567128],[-121.293690414381,44.1925821740282],[-121.288671212606,44.1925993780589],[-121.288695616609,44.1889867789168],[-121.293758414819,44.1817427767078],[-121.303792915311,44.1817334876104],[-121.303797679919,44.1836732011574],[-121.304136060631,44.1836112963243],[-121.304728310963,44.1834614521843],[-121.30622613273,44.1836261702117]]],[[[-121.233507881084,44.0801993001576],[-121.238545277043,44.0802278068679],[-121.243582678398,44.0802562011628],[-121.248631376137,44.0802525022513],[-121.24861337081,44.0838741027077],[-121.25367317068,44.0838695053734],[-121.256184994242,44.0838673883694],[-121.256173878622,44.0871750103185],[-121.256172079078,44.0877111222705],[-121.256169792102,44.0883913721642],[-121.256153347999,44.0932842110975],[-121.256414729656,44.0929996988771],[-121.25615298827,44.0933914750366],[-121.25615298827,44.0933915236],[-121.256103053413,44.0936873322047],[-121.256185444802,44.0939344416212],[-121.256150933319,44.0943442365973],[-121.256049148949,44.094659218748],[-121.255985932904,44.0948882293084],[-121.255884385056,44.0952222608987],[-121.255836057288,44.0955845186107],[-121.255800108688,44.0958800250432],[-121.255619502338,44.0962336195859],[-121.25508898327,44.0971419321545],[-121.254674295982,44.0978018420814],[-121.254207802348,44.0985478099335],[-121.254051944442,44.0987678929239],[-121.254051897677,44.0987679217023],[-121.253789640979,44.098931518275],[-121.253421724733,44.0991053518306],[-121.253066907112,44.0992695752308],[-121.253066812683,44.0992697200216],[-121.252781611582,44.0997095667432],[-121.252774693098,44.1002144308513],[-121.252699909973,44.1005768603339],[-121.252338511113,44.1012745139078],[-121.251950756722,44.1020332800119],[-121.251950699165,44.1020332800119],[-121.251950599341,44.1020334751648],[-121.228504950743,44.101926904603],[-121.228511341325,44.0982980043495],[-121.224755299417,44.0982697800264],[-121.224763421195,44.0946539918883],[-121.224744772853,44.0910303346823],[-121.224744759363,44.0910275701663],[-121.223488606114,44.0910216886001],[-121.223470519849,44.0874924440211],[-121.2234707168,44.0874924476184],[-121.223576843996,44.0874945340456],[-121.224725602005,44.0874007230649],[-121.224858389603,44.0801485604078],[-121.233507881084,44.0801993001576]]],[[[-121.171252778293,44.3055011571527],[-121.171241749007,44.3055012281991],[-121.169992374848,44.3055078912762],[-121.169981344663,44.3055079614234],[-121.169965378999,44.3082232799804],[-121.173746139673,44.308203080308],[-121.17368395515,44.318087106235],[-121.167895896878,44.3180903078215],[-121.167393219022,44.3180905713228],[-121.166622348043,44.316996529866],[-121.166546192553,44.316857679938],[-121.166003522744,44.3159734458179],[-121.165454947088,44.3148924876982],[-121.16486612767,44.3133744239905],[-121.164725911671,44.3127357659429],[-121.164719662283,44.3127072979035],[-121.163987187858,44.3127082592788],[-121.163647711772,44.3127087026446],[-121.163840496741,44.2928734579438],[-121.171438544953,44.2928545128256],[-121.171319907288,44.3000457149378],[-121.171326654002,44.300045676267],[-121.171328492216,44.3000456663744],[-121.171252778293,44.3055011571527]]],[[[-120.612549187395,44.5629614431161],[-120.605816244724,44.5629609853613],[-120.598238970852,44.5629142179169],[-120.597283441178,44.5629218900332],[-120.596554322124,44.5629279919333],[-120.591358379286,44.5629692798084],[-120.58596671699,44.5630118519155],[-120.585836243348,44.5630133214077],[-120.579398858371,44.5630645917576],[-120.565837143969,44.5631733054038],[-120.553595236831,44.5629985986065],[-120.545812647735,44.5628881105979],[-120.545520996697,44.5628895989759],[-120.545072011064,44.56289389144],[-120.54494537303,44.5628939409027],[-120.537304908295,44.5629515469764],[-120.532580936861,44.5629872779406],[-120.525376006597,44.5630412219749],[-120.515626746777,44.5629716306363],[-120.510793379111,44.5629378925697],[-120.50533641974,44.5628984950695],[-120.50609607977,44.5058247499123],[-120.507738481046,44.476287813232],[-120.626375253015,44.4763681703548],[-120.626232178073,44.4622712460213],[-120.62606501299,44.4477345181336],[-120.626168419737,44.4477330333528],[-120.627872716852,44.4477064520912],[-120.633767108265,44.4477106977905],[-120.647087839432,44.4476943777934],[-120.664227065027,44.4476711024395],[-120.66540289173,44.4476762699439],[-120.666086573437,44.4476848836505],[-120.686435235698,44.4476275266891],[-120.686435223107,44.4476234122907],[-120.686513738418,44.4476232836876],[-120.686537451742,44.429136837695],[-120.686645411756,44.4191156129952],[-120.686462819703,44.4055884883181],[-120.686414974871,44.390482142437],[-120.705496766662,44.3905043592888],[-120.705502506136,44.3905043493963],[-120.706397866668,44.3905068540082],[-120.706458060091,44.3771205271906],[-120.706342781394,44.3627810610972],[-120.706437415254,44.3341302210329],[-120.706366039661,44.3197521380508],[-120.706288695267,44.3134857177917],[-120.706179532859,44.3083914532031],[-120.701169130051,44.3083635562332],[-120.701192168883,44.2902173840251],[-120.706705952817,44.2902651569115],[-120.807129673596,44.2905072427151],[-120.80707468365,44.2832475509338],[-120.827211966559,44.2833813871413],[-120.827231057367,44.2869875372451],[-120.842152579078,44.2870330141623],[-120.846871205841,44.2918202798821],[-120.851819582408,44.2968461941966],[-120.872499991082,44.2969684678206],[-120.874529034287,44.2960079792849],[-120.876716227772,44.293485669628],[-120.879964414426,44.2902019318737],[-120.884010037133,44.286962183558],[-120.887767692425,44.2854308701386],[-120.893184361269,44.2831505239776],[-120.896493485986,44.2812725336006],[-120.904711632036,44.2764113004412],[-120.910467268849,44.272905660368],[-120.916945501933,44.2690958623842],[-120.919453701227,44.2676791486738],[-120.920396134074,44.2670446284069],[-120.921417200044,44.2659899520747],[-120.922552244291,44.2649377605692],[-120.923924655598,44.263671089749],[-120.925728789152,44.262022734062],[-120.947373047128,44.2619894717368],[-120.947132899364,44.3198148729581],[-121.015473548066,44.3198865543211],[-121.015606143209,44.3073350843467],[-121.012734956853,44.3073152462017],[-121.012896993102,44.2983083191737],[-121.010375636726,44.2982993916037],[-121.010514765444,44.2837970519924],[-121.007994806615,44.2837922622032],[-121.007834505158,44.2729497100611],[-121.012933601804,44.2729526616361],[-121.01278254268,44.2602181751287],[-121.017883198751,44.2602102583967],[-121.017911219827,44.254703417229],[-121.010352372164,44.2546921649115],[-121.010334695989,44.2435992388139],[-121.010253133775,44.2385888827708],[-121.033074865113,44.2385586898317],[-121.033104740591,44.2459424412907],[-121.033150733719,44.2766679120945],[-121.068387236282,44.2766609045771],[-121.068146691017,44.2476614054495],[-121.043117991902,44.2477317108498],[-121.043109183942,44.2459210769962],[-121.04301570571,44.2294896097578],[-121.068189908837,44.2295207307972],[-121.068160822064,44.2186362315769],[-121.087111622204,44.2185938986895],[-121.087139566837,44.2023985889238],[-121.094033232747,44.2027292129828],[-121.103196087829,44.2032107082077],[-121.123537013223,44.2029834099565],[-121.14344557875,44.2028180318268],[-121.143290604878,44.198570117417],[-121.143284288939,44.1962392860143],[-121.143203089151,44.1903583808347],[-121.143074229792,44.1818491638079],[-121.143117070796,44.1670446402979],[-121.163628340376,44.1669779079042],[-121.171959346846,44.1669798936073],[-121.183510634908,44.1669112591474],[-121.197722312735,44.1669761218506],[-121.208224655843,44.1670115452467],[-121.223697441284,44.1670159456294],[-121.233530841675,44.167152147054],[-121.233540262973,44.1816246462604],[-121.238579363147,44.1816213439499],[-121.238530599208,44.196120697812],[-121.2334651453,44.2015689310614],[-121.233474646638,44.2051556998757],[-121.230122274423,44.2051627766409],[-121.22843661216,44.2069762217753],[-121.221774615206,44.2069654622863],[-121.216223828667,44.2141240199077],[-121.223380616422,44.2142287747382],[-121.223351318309,44.2185930380383],[-121.229668901898,44.2185576047497],[-121.229658324972,44.2221712327163],[-121.224570408697,44.2221864051785],[-121.224539928875,44.2257865343212],[-121.224472376299,44.236655606571],[-121.219452696984,44.2366578368897],[-121.219425639981,44.2474699307927],[-121.214390837667,44.2474555893041],[-121.214459431657,44.2546975563472],[-121.204370941266,44.2546610888382],[-121.204264709749,44.2474807874084],[-121.195104243266,44.2475222326649],[-121.189046671667,44.2522582046525],[-121.18906981482,44.2583754246862],[-121.184017689765,44.2584199753016],[-121.184146702908,44.2728565726728],[-121.19429000518,44.2728154610647],[-121.194369042997,44.261895995304],[-121.214528336813,44.2619683799368],[-121.214436448583,44.2782676423379],[-121.201818577166,44.2782207975518],[-121.201737780274,44.2873543392314],[-121.196697733114,44.2873025427782],[-121.196693141176,44.288235432919],[-121.194174778643,44.2882218198811],[-121.19407220287,44.2909458852445],[-121.193968540716,44.2982051786261],[-121.189090567576,44.2982662398951],[-121.188961658753,44.3000066304017],[-121.174336681293,44.3000283085597],[-121.174585261101,44.2837648265855],[-121.163846849552,44.2838026601647],[-121.163893763586,44.2873904910783],[-121.128668064579,44.2873740442768],[-121.128412092344,44.3236345257129],[-121.107973649864,44.3236521065595],[-121.107949890675,44.3398831104172],[-121.093233059158,44.3400022930714],[-121.088198240656,44.3400426249672],[-121.088188539669,44.3418527929721],[-121.058043658588,44.3416694553811],[-121.058059957001,44.3561698200812],[-121.047764169281,44.356245631131],[-121.047829808099,44.3633035006561],[-121.037604764648,44.3635152388372],[-121.037642743018,44.3647428673895],[-121.037810823611,44.3703748923874],[-121.017451502585,44.370320582329],[-121.017554257323,44.390065064751],[-121.002955462724,44.3901301217078],[-120.98835663575,44.3901933179673],[-120.98850889367,44.3979366867288],[-120.988472251693,44.4045888693809],[-120.973300043962,44.4047101906228],[-120.968213311195,44.4047197000542],[-120.968240569647,44.4083402752835],[-120.968259432027,44.4191296307279],[-120.950385006163,44.4193083008375],[-120.92781102276,44.4191780781059],[-120.927968467071,44.4334567761094],[-120.918621600806,44.4334611243315],[-120.907642033353,44.4335254033747],[-120.907694044744,44.4410304230157],[-120.907509163917,44.4477872633715],[-120.887386109182,44.4477939399384],[-120.887584224432,44.4557717160919],[-120.887761362996,44.4620128411198],[-120.872522654897,44.4620060971038],[-120.857283952193,44.4619973278145],[-120.842045253985,44.4619865332519],[-120.826806562073,44.4619737134162],[-120.826873280078,44.4681178195818],[-120.826968881609,44.4766967754359],[-120.82700167179,44.4825912900561],[-120.827049520219,44.4911909276192],[-120.827125065969,44.5047632027596],[-120.827054970111,44.5193756571609],[-120.827135045746,44.5337544272251],[-120.827295087298,44.5483620001063],[-120.827537055291,44.5628513121384],[-120.827537123639,44.5628636580315],[-120.827362487888,44.5628586676934],[-120.827291479218,44.5628561271087],[-120.820988068944,44.5628121889314],[-120.819965341927,44.5628081842503],[-120.817731828861,44.562796552419],[-120.817250158268,44.5627855384219],[-120.817148450341,44.5627830751789],[-120.816043084621,44.5627545720659],[-120.812774891648,44.5626551502151],[-120.807631774986,44.5624975710061],[-120.80762793668,44.5624975808987],[-120.807265232005,44.5624862062734],[-120.792151365093,44.5625256487397],[-120.789329208876,44.5625945233186],[-120.786800586878,44.5626571080392],[-120.782391156926,44.5626337409544],[-120.781485479371,44.5626291058486],[-120.766750939304,44.5625476758347],[-120.762205282748,44.5625211062641],[-120.757926353418,44.5624978740777],[-120.757559861698,44.5624959531258],[-120.751152979926,44.5624593875907],[-120.746910740238,44.5624891632443],[-120.744688882386,44.5625035209208],[-120.74268000288,44.5625173857688],[-120.737526370446,44.5625528523323],[-120.734383533074,44.5625743991892],[-120.733715826924,44.5625798751612],[-120.729644333419,44.5626072927924],[-120.726894827135,44.5626264762309],[-120.706713823684,44.5627647119219],[-120.70386255821,44.5627684369139],[-120.69993870101,44.5627712203156],[-120.692453836076,44.5628388772125],[-120.691905085951,44.562843910718],[-120.691248891123,44.562850492856],[-120.686398392272,44.5628927618915],[-120.666167873049,44.5632201151163],[-120.658095144675,44.5630545544242],[-120.651801250128,44.5629244980672],[-120.645747569894,44.5629323401554],[-120.644788191122,44.5629335542402],[-120.642466491435,44.5629350857856],[-120.626145544581,44.5629610312267],[-120.62592872523,44.5629612686477],[-120.624911779955,44.5629610078443],[-120.617929400421,44.5629615312497],[-120.612549187395,44.5629614431161]]],[[[-121.095086918926,44.639299332898],[-121.109171392146,44.6394769022373],[-121.10919205407,44.628658806259],[-121.109275069589,44.6070438131215],[-121.10937199762,44.6054684985724],[-121.109342344274,44.5998416203945],[-121.090069445648,44.5996760740916],[-121.084948981111,44.5996967647939],[-121.084930975784,44.5911520488281],[-121.084956139714,44.5861668684063],[-121.085570938748,44.5490993677417],[-121.085588203033,44.5490992796081],[-121.088325600846,44.5490894023541],[-121.090259205298,44.549079477436],[-121.109368785241,44.5493417997843],[-121.109390815933,44.5387116000604],[-121.10939680362,44.5363314903061],[-121.109399683249,44.5347607587021],[-121.109412546252,44.5330431920897],[-121.10950589588,44.5202327641308],[-121.109519317363,44.5202326930844],[-121.110938284774,44.5202402365977],[-121.12938971926,44.5202488961697],[-121.149442530648,44.5203283242928],[-121.149484276278,44.5058508266544],[-121.149494285733,44.5050221922205],[-121.149501698844,44.5044789090745],[-121.149501551355,44.4992632477008],[-121.149502896741,44.4914081822419],[-121.149671517826,44.4771896156083],[-121.149657804964,44.4766423340765],[-121.149290476874,44.4626407576649],[-121.169344969095,44.4625254232097],[-121.169094205733,44.4482323270603],[-121.169042485722,44.4482312568671],[-121.156966304751,44.448088477801],[-121.149504780821,44.4480528097894],[-121.1493572992,44.4480509023273],[-121.149242294796,44.4412760368597],[-121.149110046791,44.4336301402188],[-121.146728504417,44.4336504648971],[-121.129113947551,44.433808890368],[-121.109321173333,44.4338472572452],[-121.109146974653,44.4190769979052],[-121.089343438249,44.4192442754031],[-121.089069677424,44.4192401960782],[-121.088966369602,44.4098751653067],[-121.088991993086,44.4049775509732],[-121.089074263067,44.4049757568258],[-121.105174752813,44.404872607285],[-121.109191475806,44.4048677743284],[-121.109224006083,44.4048676007592],[-121.109210588198,44.4035712765932],[-121.109223935037,44.3906250653945],[-121.122301556072,44.390711126917],[-121.129377928249,44.3908370706743],[-121.136683604165,44.3907568979126],[-121.148798473071,44.3906230428192],[-121.149710727368,44.3905918048679],[-121.159201495952,44.3905348139306],[-121.159332392276,44.3907768790498],[-121.159332406665,44.3907782514152],[-121.159344115838,44.3907987613538],[-121.159422022308,44.3909217796165],[-121.159470771859,44.3910038112769],[-121.159490271859,44.3910366230418],[-121.159607240382,44.3912307533966],[-121.159613070687,44.3912389507171],[-121.159642566651,44.3913101167685],[-121.159679946073,44.391401816141],[-121.159703656698,44.391468901069],[-121.15972929637,44.391537345772],[-121.159751047373,44.3916003261942],[-121.159844752233,44.3917671531316],[-121.15989541644,44.3918491722016],[-121.159942191979,44.3919257269907],[-121.159971411851,44.3919722012561],[-121.160037888837,44.3920994013664],[-121.160084988132,44.39220476234],[-121.160094815024,44.392228026902],[-121.160057567802,44.3923187846842],[-121.16009488607,44.3924049963935],[-121.160132189949,44.3924898366367],[-121.160187218565,44.392619846229],[-121.16023459575,44.3927498989887],[-121.160281973834,44.3928799517485],[-121.160340814677,44.3930085682908],[-121.160401569277,44.3931371722427],[-121.160438873155,44.3932220115866],[-121.160493903571,44.3933520211789],[-121.160545109169,44.3934820523549],[-121.160572879335,44.393569690389],[-121.160596837274,44.3936587232715],[-121.160616970397,44.3937477768385],[-121.160637101721,44.3938368322041],[-121.160657250132,44.3939272581365],[-121.16070705099,44.3941025692782],[-121.160781661445,44.3942722479659],[-121.16087100819,44.3943910843811],[-121.160938833261,44.3944675168624],[-121.161004759862,44.3945453316018],[-121.161064963177,44.3946245519816],[-121.161139067314,44.3947489632941],[-121.161203620651,44.3948748009313],[-121.161244769131,44.394960991057],[-121.161307425797,44.3950882118515],[-121.161348558989,44.3951730287123],[-121.161389692181,44.3952578473718],[-121.161448538419,44.3953864612163],[-121.161501659574,44.3955164807011],[-121.161535155723,44.3956027139941],[-121.16156866806,44.3956903187533],[-121.16160025135,44.3957765637375],[-121.161635677445,44.3958641577048],[-121.161710277108,44.3960324649263],[-121.161760978187,44.3961172269285],[-121.161832631671,44.3961936369269],[-121.161930116382,44.3963549528189],[-121.161938786746,44.3964454453011],[-121.161941732925,44.3965373434237],[-121.162014422428,44.3967056614372],[-121.162084163953,44.3967820822274],[-121.162157994696,44.3968817999552],[-121.162383333324,44.3973524151818],[-121.162531692683,44.3976135819013],[-121.162767374415,44.3979826187029],[-121.162793250608,44.3980716398943],[-121.162856438774,44.3982455004295],[-121.162888025662,44.3983317436151],[-121.162911989896,44.3984207755984],[-121.162942188231,44.3985536711151],[-121.162960922908,44.3986880037484],[-121.162979656686,44.3988223381804],[-121.163009871209,44.3989566051633],[-121.163033820155,44.399044264781],[-121.163061595716,44.3991319028151],[-121.163105188554,44.3992647200908],[-121.163132995591,44.3993551019564],[-121.163191834635,44.3994823443348],[-121.163294511133,44.3995942406817],[-121.163371895996,44.3996692450397],[-121.163451179328,44.3997428662403],[-121.163536171557,44.3998137103345],[-121.163626859192,44.3998804049568],[-121.163769408032,44.3999646336609],[-121.163982613906,44.4000361072806],[-121.164168351788,44.4000473757858],[-121.164300329996,44.4000424951651],[-121.164432307305,44.400037613645],[-121.164562402333,44.4000354867484],[-121.164750007207,44.4000426300634],[-121.16493762737,44.4000511430459],[-121.165127146001,44.4000582737704],[-121.165251577998,44.4000630392779],[-121.165377893175,44.4000650483633],[-121.1655041454,44.400061570685],[-121.165628483867,44.4000581046978],[-121.165816042876,44.4000611300172],[-121.166001921052,44.4000847426169],[-121.166122760257,44.4001101052972],[-121.166301217227,44.4001543375527],[-121.166418322448,44.4001879533114],[-121.166659954094,44.4002345615758],[-121.166784449043,44.4002448120485],[-121.166910840663,44.4002536793639],[-121.167096673872,44.4002731739678],[-121.167273218884,44.4003174170152],[-121.16738657573,44.4003579116883],[-121.167559388555,44.4004104069148],[-121.167804693032,44.400443272639],[-121.167931117927,44.4004548828866],[-121.168055629064,44.4004665030267],[-121.168180186966,44.4004822393639],[-121.168364184659,44.4005086020904],[-121.168548183252,44.4005349648168],[-121.168734079414,44.4005599452853],[-121.168919928812,44.4005808086574],[-121.169044456137,44.400593801163],[-121.169232187815,44.4006119099118],[-121.169479329607,44.4006379021175],[-121.169665196092,44.4006601369558],[-121.169787919377,44.4006827414154],[-121.169908791857,44.4007108434307],[-121.170089058263,44.400745457437],[-121.170272682738,44.400738895084],[-121.170276494065,44.4007375002355],[-121.170343432403,44.4007343651988],[-121.170522760817,44.4006866723521],[-121.170698248226,44.4006376287236],[-121.170873733836,44.4005885859945],[-121.171049204157,44.4005381717993],[-121.17122665029,44.4004932317773],[-121.171408001278,44.4004551293008],[-121.171522742181,44.4004489689448],[-121.171647159789,44.4004523548923],[-121.171836523737,44.4004457565665],[-121.171870933597,44.4004428112868],[-121.171907273402,44.400441225782],[-121.172157724699,44.4004219218343],[-121.172278189787,44.4004143558379],[-121.172398734914,44.4004136480714],[-121.172525034803,44.4004142775969],[-121.172651334691,44.4004149080216],[-121.172838784882,44.4004083195883],[-121.172892328718,44.400405260994],[-121.172909533648,44.4004037879046],[-121.173035739108,44.4003961877339],[-121.173160016422,44.4003872259897],[-121.17333019873,44.4003766229828],[-121.173527262673,44.4003740922906],[-121.17365357875,44.4003760932821],[-121.173904201817,44.4003718736631],[-121.17395200618,44.400368849243],[-121.173974965872,44.4003687143447],[-121.174039958977,44.4003628435704],[-121.174174022713,44.4003730301912],[-121.174966168954,44.4003683636091],[-121.175092452655,44.4003676189705],[-121.175218705779,44.4003641313996],[-121.175343076622,44.4003633975528],[-121.175530668006,44.4003691514152],[-121.176072112038,44.400361839927],[-121.1762215299,44.400376048316],[-121.176583587962,44.4004109501053],[-121.177256074908,44.4004837987883],[-121.177441847863,44.4004977913401],[-121.177570092985,44.4005011476099],[-121.177754032223,44.4005220091834],[-121.177932499985,44.4005662243518],[-121.178047731018,44.4006025821435],[-121.17821870383,44.4006605587379],[-121.17838401541,44.4007254286357],[-121.178536091667,44.4008040959324],[-121.178703254052,44.4008634673752],[-121.17881851836,44.4009025680991],[-121.178929955153,44.4009416913061],[-121.179041423423,44.4009835583446],[-121.179178336211,44.4010746596679],[-121.179251900755,44.4011483042509],[-121.179400199859,44.401231108429],[-121.179556027189,44.4013028923147],[-121.179656840291,44.4014161583291],[-121.179751945396,44.4015322005507],[-121.179783572754,44.4016198116051],[-121.179823363258,44.4017512736024],[-121.179863106097,44.4018786212014],[-121.17988760363,44.4020115463958],[-121.179919232786,44.4020991565509],[-121.179972401605,44.4022291679418],[-121.180011654314,44.4023139901985],[-121.180081995688,44.4024397828697],[-121.180190942258,44.4025941559955],[-121.180261253054,44.4027172048352],[-121.180308143706,44.4028006097604],[-121.180415224183,44.4029591089758],[-121.180448768896,44.4030467092383],[-121.180478486093,44.4031343310846],[-121.180496754022,44.4032247651108],[-121.180582295736,44.4033408639897],[-121.180680756212,44.4034157307514],[-121.180785280816,44.4036839940212],[-121.181225902753,44.4038912679677],[-121.181636196853,44.4041234135647],[-121.182033216959,44.4042006176644],[-121.182982322776,44.4041949618281],[-121.183296394813,44.4042150391928],[-121.183711978725,44.4042427392111],[-121.183776990716,44.4042382363056],[-121.183784644845,44.4042381904402],[-121.184518879243,44.4041857887432],[-121.185247837318,44.4043378209337],[-121.18612546232,44.4044381996632],[-121.186177047433,44.4044310311672],[-121.186196213784,44.4044336598856],[-121.186633804107,44.4043789073608],[-121.186813066869,44.4043257016698],[-121.186998053817,44.4042710903386],[-121.187278877019,44.4042296208004],[-121.187454359931,44.4041805528902],[-121.187564864127,44.4041387344151],[-121.187687024437,44.4041119346181],[-121.187821810328,44.4040192109179],[-121.1879109907,44.4039541980279],[-121.188025112869,44.4038945226142],[-121.188098038893,44.4037486678668],[-121.18804491594,44.4036241477363],[-121.187994138419,44.4035366535937],[-121.187939549571,44.403450555199],[-121.187892599564,44.4033630376741],[-121.187860958716,44.4032754293177],[-121.187834512353,44.403141146147],[-121.187727987656,44.4030320367991],[-121.187639199389,44.4029667208375],[-121.187561826217,44.4028958488644],[-121.187445767808,44.4027895409046],[-121.187355098159,44.4027269786672],[-121.187216239238,44.4026345256629],[-121.187053922401,44.4024996858119],[-121.187001297672,44.4024176910237],[-121.186942965845,44.4023384733419],[-121.186855451918,44.4022182735545],[-121.186787008114,44.4020924736888],[-121.186741478137,44.4019624200297],[-121.186688294929,44.4018324131354],[-121.186650930796,44.4017462104193],[-121.186595850918,44.4016175848837],[-121.186552219409,44.4014861480673],[-121.186533957776,44.4013970873058],[-121.186522807082,44.4012613400388],[-121.186521766566,44.4011721749559],[-121.186531663605,44.401036301784],[-121.186553072866,44.4009031031957],[-121.186571167226,44.4008138238989],[-121.186587346928,44.4007245562933],[-121.186603512242,44.4006339172216],[-121.186620566086,44.4004554728418],[-121.186627162613,44.4003648913267],[-121.186633249225,44.4002304121039],[-121.186637932894,44.4001398413806],[-121.186640718994,44.4000506538147],[-121.186643489805,44.3999600947826],[-121.186644363047,44.3998709180085],[-121.186647133858,44.3997803589764],[-121.186647990912,44.3996898107362],[-121.186645021351,44.3995992867777],[-121.186640155119,44.3995101450772],[-121.186637184658,44.3994196202194],[-121.186643270371,44.3992851409965],[-121.186655095556,44.3991506275995],[-121.186665519598,44.3990600227019],[-121.18667594364,44.3989694178044],[-121.186688281439,44.3988788012157],[-121.186702547385,44.3987895453013],[-121.186731608077,44.3986562999484],[-121.186788904784,44.3984831022134],[-121.186854398811,44.3983564992531],[-121.186907028037,44.3982752428083],[-121.186965396736,44.3981939530885],[-121.187025693581,44.398114024043],[-121.187086008413,44.3980354655644],[-121.187150148061,44.3979568846026],[-121.187216216755,44.3978796652144],[-121.187284216294,44.3978038038026],[-121.187357969695,44.3977292805819],[-121.187515172088,44.3975911510109],[-121.18761014769,44.3975315907104],[-121.187716700265,44.3974801926568],[-121.187945511176,44.3974115968678],[-121.188067673284,44.3973861703356],[-121.188189883956,44.3973648573024],[-121.18831207844,44.3973421728031],[-121.188432310603,44.3973153846973],[-121.188607771931,44.3972663149885],[-121.188722136917,44.39722858663],[-121.188836501004,44.3971908591708],[-121.189032975891,44.3971389179268],[-121.189707595129,44.3970690082282],[-121.190252656235,44.3968832658501],[-121.190578055233,44.3965671478556],[-121.191011587815,44.3961721809015],[-121.19118872458,44.3957773884158],[-121.191112026799,44.3954376290434],[-121.191037344398,44.3952693407076],[-121.191001875136,44.3951817557335],[-121.190961534247,44.3950050299582],[-121.190979618714,44.3949157497621],[-121.191003443554,44.3948264353917],[-121.191017687017,44.3947358062126],[-121.191151673411,44.3945772332528],[-121.191247973715,44.394468274991],[-121.191355833905,44.3943661057112],[-121.191503388371,44.3942225424364],[-121.191643917333,44.3941325220983],[-121.191742742034,44.3940756786497],[-121.191835794886,44.3940161273425],[-121.191972463958,44.3939233856558],[-121.192154678296,44.3937988169619],[-121.192283774177,44.3937129811692],[-121.192388255613,44.3936492444171],[-121.192585935592,44.3935382995529],[-121.192738053219,44.3934578120284],[-121.192838821354,44.3934036989216],[-121.192989025223,44.393323222189],[-121.193186686316,44.3932109049593],[-121.193380502808,44.3930972387466],[-121.193522956319,44.3930085772841],[-121.193659636183,44.3929172061642],[-121.193837968148,44.392788542857],[-121.19392330032,44.3927235479534],[-121.19401054535,44.3926585422579],[-121.194141419191,44.3925617176492],[-121.19429513761,44.3924551533827],[-121.194409052036,44.3923803819491],[-121.194412861564,44.3923789871006],[-121.194555295291,44.3922889523733],[-121.194631270017,44.3922418476832],[-121.194747128777,44.39216980839],[-121.194847763813,44.3921047199569],[-121.194887647847,44.3920797835552],[-121.19495408886,44.3920354811526],[-121.195024307925,44.3919870400699],[-121.195113479304,44.3919233932501],[-121.195200720737,44.3918583857559],[-121.195331591879,44.3917615611472],[-121.195443477434,44.391677198444],[-121.195481399147,44.3916481584358],[-121.196012949738,44.3912964749524],[-121.196081318898,44.3912535323247],[-121.196138307137,44.3912188886409],[-121.196572380211,44.3908760266074],[-121.19677817927,44.3906443018931],[-121.196910356228,44.3904967078568],[-121.196974620882,44.3904304682915],[-121.196976502264,44.3904277118694],[-121.197139936958,44.3903348029089],[-121.197141833629,44.3903334188523],[-121.197206585715,44.3903083313645],[-121.197488890999,44.3902366473035],[-121.197681622909,44.3901943171141],[-121.197943126874,44.3901433363459],[-121.198221154982,44.390195143591],[-121.198420227112,44.3902035333664],[-121.199011867704,44.3902424497293],[-121.198950183204,44.3849904143761],[-121.188539296651,44.3849079249608],[-121.188589193736,44.3814474848136],[-121.188660287842,44.3777128413746],[-121.188662525355,44.3775770131687],[-121.188627904154,44.3704556272255],[-121.183592216008,44.3704477797413],[-121.183636427579,44.3632696807512],[-121.17861321213,44.3632581262616],[-121.178659806005,44.3554721853931],[-121.173684888647,44.3554729561121],[-121.173697155399,44.3563466420839],[-121.170708569745,44.3563587928241],[-121.169890385433,44.358800624849],[-121.169698470108,44.3596267079063],[-121.169562482722,44.3609992568103],[-121.169588450646,44.3626028433466],[-121.169674230681,44.3632493839519],[-121.158572870741,44.3632438729065],[-121.158481333247,44.3596619622298],[-121.153562627114,44.3596699329211],[-121.153623299875,44.3488373012005],[-121.138523902156,44.3488222933142],[-121.13844819273,44.3235887933882],[-121.176990847749,44.3234871789901],[-121.17812982743,44.3252434919936],[-121.178443848205,44.3268734529476],[-121.179007868818,44.3306966499305],[-121.179410347809,44.3343058856082],[-121.179690920999,44.3365911366717],[-121.179922839967,44.336646005209],[-121.179925776254,44.3378943946107],[-121.180581685996,44.3416249731141],[-121.196296723615,44.3416543953341],[-121.196323932603,44.3452844512165],[-121.219038539397,44.3454984260116],[-121.218966944369,44.3419073728271],[-121.239905466564,44.3420452757689],[-121.239874957963,44.3494331811964],[-121.26081808019,44.3493848876025],[-121.261074098291,44.3486313924249],[-121.26172371188,44.3475638593846],[-121.262260116111,44.3472049678351],[-121.263058792329,44.3467263441455],[-121.263319611911,44.3464941266027],[-121.263526200574,44.3463555599612],[-121.265721584184,44.3450814967138],[-121.267234682734,44.3439765950439],[-121.267267714833,44.3438707376445],[-121.267279058881,44.3438610591406],[-121.267326561971,44.3436919982872],[-121.267820921998,44.3421658874458],[-121.269103338149,44.3411173822614],[-121.27023468798,44.3400685065564],[-121.270490814,44.3393355662834],[-121.270709629845,44.3388196333195],[-121.270588012727,44.338436324277],[-121.270272499077,44.3371118324451],[-121.270167753239,44.3349476957796],[-121.270553521927,44.3349217764189],[-121.291439759337,44.3346461009369],[-121.30658197198,44.3346432249049],[-121.306530975024,44.3383188917035],[-121.311583682841,44.3383558673295],[-121.311238873775,44.3637108746572],[-121.311288659344,44.366769832262],[-121.311322206754,44.3711486573847],[-121.311439445074,44.3760482007639],[-121.31147608975,44.3782909723506],[-121.31178466513,44.3927648825933],[-121.291363816987,44.3928968626002],[-121.291216363245,44.3930295818498],[-121.291093502363,44.3931415528405],[-121.290935460003,44.3936255445832],[-121.290998571727,44.3941930662571],[-121.291734771143,44.3950138469116],[-121.291860303011,44.395384757001],[-121.291825321182,44.3964825000673],[-121.291987191056,44.3972784396483],[-121.292272418237,44.3977140946298],[-121.292345566395,44.3977465142902],[-121.292860054148,44.3980132118403],[-121.294296895585,44.3977165326919],[-121.294726082643,44.3977588269084],[-121.295558095829,44.398016450299],[-121.297164967589,44.3989724476204],[-121.297784034805,44.3993289397788],[-121.298073415955,44.3995025242222],[-121.298117683284,44.3995214216763],[-121.298370321733,44.3996664508461],[-121.299078027929,44.3999262865689],[-121.299843475996,44.3997878719128],[-121.300334786421,44.3998941888658],[-121.30088824,44.4000672921719],[-121.301583233379,44.4005165197216],[-121.301709414558,44.4006487092706],[-121.30183476836,44.4008604717334],[-121.301805356932,44.4015109468727],[-121.301136246041,44.402401861157],[-121.30049812309,44.4030401297982],[-121.29931820627,44.4045080446106],[-121.299095239154,44.404576822962],[-121.297564163156,44.4056973422586],[-121.297180803751,44.406358510337],[-121.296988424376,44.4072735165596],[-121.295329237254,44.4099684330968],[-121.294566961996,44.4120534797843],[-121.293893523567,44.4127824981139],[-121.293160621066,44.4130770395737],[-121.291469752627,44.4135839811159],[-121.291338697123,44.4136589683868],[-121.291254748108,44.4136787543711],[-121.291171592295,44.4137575250897],[-121.290958905329,44.4138824616064],[-121.29054497617,44.4142721873117],[-121.29015965984,44.4147975280835],[-121.290001851304,44.4157314866189],[-121.29009735301,44.416714459105],[-121.29047915389,44.4174937900065],[-121.291212612172,44.4180896052511],[-121.292205264062,44.4187426137806],[-121.292931719323,44.4192424353901],[-121.294380376953,44.419782517849],[-121.294823357812,44.419983853572],[-121.295453459709,44.4205748718329],[-121.295485340676,44.4208092396547],[-121.295837048441,44.4213377100673],[-121.295900676375,44.4213715650457],[-121.295904558748,44.4213756533638],[-121.296490887944,44.4217008266319],[-121.297719778245,44.4221202992125],[-121.29842296175,44.422591438744],[-121.298709215958,44.4230901757711],[-121.299094084424,44.4247886093069],[-121.299443186854,44.4252622111821],[-121.29949117198,44.4252714795952],[-121.299514627198,44.4253069839302],[-121.299852717429,44.4253924240212],[-121.300436542912,44.4253883473943],[-121.302122638649,44.4253546039319],[-121.303130930648,44.4251719408325],[-121.304113202562,44.4251870008794],[-121.307189950556,44.4259116619937],[-121.308331423157,44.4263659338408],[-121.309348268608,44.4266660537954],[-121.309789408554,44.4267260430725],[-121.310147406178,44.4271433042202],[-121.310248685129,44.4272688001151],[-121.31036849461,44.4274888228509],[-121.310435771993,44.4276474839443],[-121.310668180192,44.427980575743],[-121.310992830954,44.4284776391318],[-121.311738932805,44.4291322241729],[-121.311991234008,44.4296572339942],[-121.311818253909,44.4301633067912],[-121.311786813611,44.4309372642434],[-121.312265377045,44.4317638518203],[-121.312966670176,44.4323583846318],[-121.313453937249,44.4327047531219],[-121.313479109273,44.4327251524439],[-121.313875455788,44.4330035708581],[-121.314277625412,44.4332874337681],[-121.314293073966,44.4332969270116],[-121.314316255791,44.4333118530596],[-121.315211874428,44.4338336540999],[-121.316412367737,44.4341104546338],[-121.316764447821,44.4342327858145],[-121.317274697969,44.4344390426278],[-121.31771026032,44.4347816465558],[-121.317810843196,44.434855009651],[-121.318358654428,44.4352832371317],[-121.318647434831,44.4358093432267],[-121.318839216157,44.4362442265898],[-121.318807801938,44.4392145443158],[-121.318617180738,44.4396892001965],[-121.317787380783,44.4406046722679],[-121.316797702052,44.44145405586],[-121.316319543312,44.4421845508764],[-121.316318890404,44.4426894023941],[-121.316322814147,44.4426962336443],[-121.316317793232,44.4427483997189],[-121.316492786013,44.4429392151727],[-121.316604155357,44.4430989302714],[-121.316737778426,44.4432063551892],[-121.316877774989,44.4433590061133],[-121.317065069597,44.4434701641168],[-121.317117339993,44.443510946573],[-121.317175107046,44.4435338568021],[-121.317466678045,44.443707375595],[-121.318052127703,44.4439446473277],[-121.318333359197,44.4442005503152],[-121.318366807682,44.4442647879897],[-121.318386274407,44.4444251577949],[-121.318363010744,44.4448176767944],[-121.316861375852,44.4472799108393],[-121.316225233208,44.4479456816479],[-121.315201756156,44.4498214426055],[-121.315170383307,44.4504595826437],[-121.315172335735,44.4504623120861],[-121.31516700905,44.4504925311055],[-121.315346003815,44.4506942940065],[-121.315359694195,44.4507147742675],[-121.315367411277,44.4507188347065],[-121.315416085284,44.4507761071317],[-121.316005339075,44.4511450602964],[-121.31696130492,44.4515786180588],[-121.318000969769,44.4516946710723],[-121.318083526633,44.451709171741],[-121.318902516738,44.4520696110238],[-121.318964639207,44.4521295292544],[-121.319446337678,44.4526117259504],[-121.319589391038,44.4527067330293],[-121.319678651449,44.4527897791251],[-121.320718416122,44.4534600375508],[-121.321458890016,44.4539554641734],[-121.321514697445,44.4539742698967],[-121.321597812789,44.4540285493781],[-121.322136345716,44.4541893112877],[-121.322384623352,44.4542753287435],[-121.32255179473,44.4543139141559],[-121.323107627015,44.4544786627602],[-121.32403131979,44.4546517399859],[-121.324106260296,44.4546690357474],[-121.324233274246,44.4547120224419],[-121.325018977744,44.4550150391128],[-121.325786904342,44.4551425800661],[-121.326956294597,44.4553522749875],[-121.327973077995,44.4557414044423],[-121.329119602088,44.4565013603495],[-121.329239348617,44.4567076450418],[-121.329344065676,44.4569346168391],[-121.329567897041,44.4575942353857],[-121.33039803694,44.4584621009453],[-121.330844386659,44.4591434264281],[-121.330945415598,44.4592442107518],[-121.330968903192,44.4592797087916],[-121.331058091658,44.4593558867648],[-121.331258197108,44.4595547277685],[-121.331321808854,44.459583076198],[-121.331374161988,44.4596279676566],[-121.332145577956,44.459996889345],[-121.333066216633,44.4599463033792],[-121.334473413717,44.4596273992851],[-121.335241711736,44.4597754519756],[-121.335565606168,44.4599226251291],[-121.335741536942,44.4600365791249],[-121.33565628391,44.4601030498159],[-121.335576990686,44.4601845679635],[-121.335509248353,44.4602701168724],[-121.335451003761,44.4603501097698],[-121.335387130312,44.460438373732],[-121.335326951278,44.4605170086531],[-121.335259226932,44.4606039299275],[-121.335197132342,44.4606825783384],[-121.335131343337,44.4607708566897],[-121.335071299201,44.460859092773],[-121.335009476206,44.4609569462062],[-121.334959067407,44.4610492283393],[-121.334912371908,44.461133251998],[-121.334863896651,44.4612268912081],[-121.334822966706,44.4613122449642],[-121.334783953217,44.4613975843311],[-121.334748787926,44.4614842681845],[-121.334708110691,44.4615874536981],[-121.334676913209,44.4616837108346],[-121.334567624896,44.4619465323067],[-121.334455301371,44.4626703210785],[-121.334431666288,44.4627596642272],[-121.334404433917,44.4628654964455],[-121.334380915747,44.4629630692903],[-121.334286029177,44.4635660071655],[-121.334165744853,44.464269275207],[-121.333155695579,44.4655853745654],[-121.333025859556,44.4657509415528],[-121.332985157139,44.4658527547009],[-121.332756848949,44.4662344188834],[-121.332473962703,44.4664148147919],[-121.332339212784,44.4670454778666],[-121.332319638141,44.4671512534276],[-121.332187900052,44.4677242753551],[-121.331968418708,44.4680537419866],[-121.331906312426,44.4681323885989],[-121.331842424588,44.4682206507625],[-121.331787999417,44.4683006139822],[-121.331720416264,44.4683985060863],[-121.331666009079,44.4684798407721],[-121.331602237253,44.4685763326317],[-121.331549765409,44.4686590261932],[-121.331503059119,44.4687430480533],[-121.331229006913,44.4691428740445],[-121.330846767165,44.4694790055517],[-121.330497865284,44.4700055837907],[-121.330352066295,44.4701273636869],[-121.330284150393,44.4702019363703],[-121.330206770926,44.4702848079975],[-121.330119872134,44.4703718641703],[-121.32999696179,44.4704866176633],[-121.329913796984,44.4705667877271],[-121.329838178389,44.4706386723369],[-121.329754992899,44.4707174700353],[-121.329248641312,44.4710846749178],[-121.328612540037,44.471354042555],[-121.328441462903,44.4714499372648],[-121.327751711672,44.4718555009307],[-121.327090873645,44.472410385331],[-121.32699818232,44.4724947372424],[-121.326913074978,44.4725735457326],[-121.326833599191,44.4726440840573],[-121.326746536723,44.4727201640044],[-121.326657558699,44.4727962583407],[-121.326559079338,44.4728779068899],[-121.326456729295,44.4729568412852],[-121.324622382117,44.4745380796687],[-121.324173422565,44.4753136630951],[-121.324012971821,44.4760322960537],[-121.323951960914,44.4761904975934],[-121.323953460983,44.4762974917359],[-121.323919251672,44.4764541293546],[-121.323905749251,44.4780881057815],[-121.323918513329,44.4781785559956],[-121.323935089633,44.4782676077639],[-121.323983072061,44.4784099362696],[-121.323983647627,44.4784510883471],[-121.32402101176,44.4785194116416],[-121.324134758013,44.4788423518931],[-121.324207154337,44.4790860223021],[-121.324275385001,44.4791692149873],[-121.324573640661,44.4795319844136],[-121.324599183206,44.4795770710251],[-121.324647678248,44.4796192501283],[-121.324696443086,44.4796806333546],[-121.324799586332,44.4797937545782],[-121.325226197731,44.4801542271359],[-121.325346412807,44.4802548792593],[-121.325363676193,44.480256126619],[-121.325425777078,44.4803119259547],[-121.330953069728,44.4803886156421],[-121.331333742858,44.4948396992928],[-121.331335120619,44.4949370895751],[-121.341389994353,44.4948157611385],[-121.351309763834,44.4948962162874],[-121.351713592708,44.5092702208441],[-121.355062425191,44.5092453123214],[-121.371745843796,44.5094215722478],[-121.371792631924,44.5239436187031],[-121.371742064844,44.5297098729123],[-121.371353761867,44.5383087946152],[-121.371512964352,44.5383089582919],[-121.371505715816,44.5384667749218],[-121.384323947192,44.5384510520744],[-121.391938446702,44.5385608763834],[-121.392155500776,44.5528469371365],[-121.392314741932,44.5528470711355],[-121.392314471236,44.5529554484352],[-121.401381795833,44.552847583749],[-121.412511291963,44.5528474713338],[-121.417542701135,44.5527867967733],[-121.422517952142,44.552937617577],[-121.422300837813,44.5672051621885],[-121.428192340604,44.5670904779433],[-121.431809227714,44.5670611897222],[-121.44252949544,44.5673386215802],[-121.456325484134,44.5672245722562],[-121.460820847004,44.5671678457196],[-121.472255301441,44.5672197743731],[-121.47238006259,44.5814681022712],[-121.4723403854,44.595985274401],[-121.472300665943,44.6105010157094],[-121.472081754769,44.6189602142425],[-121.469375222588,44.6187141921063],[-121.463518645869,44.6161240312991],[-121.459594528764,44.6124693789587],[-121.456626595141,44.6103046784182],[-121.456496489321,44.6102165907232],[-121.45374399459,44.6049894656913],[-121.45105940227,44.6002487102099],[-121.450759479267,44.5992771896906],[-121.448487618209,44.5954520852456],[-121.446631448982,44.5928609037078],[-121.44388483132,44.5912345544312],[-121.440432691915,44.5900172357069],[-121.439036418896,44.5890203570039],[-121.438089771826,44.5856451420098],[-121.436994807664,44.5849955958701],[-121.433659199712,44.58467567824],[-121.432519165127,44.5856548259096],[-121.431728980308,44.5893254088406],[-121.430208946186,44.5932255005565],[-121.428336974072,44.5944327630616],[-121.422308972181,44.5948324964226],[-121.417624745386,44.5938754244114],[-121.410952681421,44.5932288820073],[-121.408166993612,44.5932317283616],[-121.405403255556,44.5934126719573],[-121.399622629281,44.5937955466272],[-121.392496006585,44.5935424630143],[-121.386780359026,44.5904822778349],[-121.379394781044,44.5907242404314],[-121.372384839988,44.5901521286179],[-121.366453526009,44.5890323350743],[-121.362565327828,44.5891109771899],[-121.358782114703,44.5882311722308],[-121.353693781143,44.5882841836682],[-121.349229220052,44.5880634846421],[-121.345915643692,44.5879164517829],[-121.342400217196,44.5881494265548],[-121.339887734431,44.5883104897374],[-121.331981410314,44.5859357840093],[-121.3259403062,44.5847022118377],[-121.321455043615,44.5840717843854],[-121.31622414233,44.5853039194404],[-121.313729711657,44.5859320716079],[-121.31081009501,44.5867730591294],[-121.30617593707,44.5881582776824],[-121.302132650801,44.5902319488454],[-121.298569970328,44.5920922486584],[-121.292951618622,44.5937224578252],[-121.286627603981,44.5952968640591],[-121.284310676996,44.5959012066754],[-121.281712487941,44.6003547258899],[-121.288479673198,44.6323869269152],[-121.271543234832,44.6420525308997],[-121.266400114574,44.6474275899114],[-121.256732817166,44.6500702297574],[-121.256841975077,44.665517094938],[-121.234469214083,44.6653411066068],[-121.234503211154,44.6646796966108],[-121.220647899581,44.6644970838734],[-121.214503371633,44.664547756174],[-121.214501179985,44.6642103143546],[-121.214385164744,44.650122946217],[-121.194183512859,44.6500477422096],[-121.178721870918,44.6500645757196],[-121.173973299428,44.65005546199],[-121.173975912858,44.6509512110296],[-121.174036982221,44.6753092479235],[-121.166764344699,44.6753269285949],[-121.153649541193,44.6753733695854],[-121.133290822713,44.6756051896278],[-121.133265245095,44.6646260403595],[-121.123016456844,44.6645322437681],[-121.123129928803,44.6495049896636],[-121.121186950717,44.6495064393707],[-121.122968059828,44.6476995880656],[-121.11935871893,44.6477006285812],[-121.119358012962,44.6490766713513],[-121.105287748131,44.649012852761],[-121.105295040733,44.6499726182418],[-121.095117541741,44.649925517149],[-121.095086918926,44.639299332898]]],[[[-121.351352048158,44.6110586115657],[-121.351272013892,44.6253904891798],[-121.331009693742,44.6254152771933],[-121.310747359203,44.6254364930998],[-121.310405765214,44.6108676243414],[-121.330878872962,44.6109649417787],[-121.351352048158,44.6110586115657]]],[[[-121.317998420191,44.680072871366],[-121.29770760772,44.680024641624],[-121.277416831222,44.6799728352782],[-121.277322728861,44.6511483163418],[-121.290124270619,44.6510693171953],[-121.290128002805,44.6400853889296],[-121.310486856183,44.6400808788296],[-121.310604571144,44.6510941582688],[-121.334571825629,44.6511778977418],[-121.358539147564,44.6512566441788],[-121.358350987808,44.6657016628016],[-121.359225780845,44.6729230911278],[-121.358580136864,44.6801585956428],[-121.338289264138,44.6801175218063],[-121.317998420191,44.680072871366]]],[[[-121.317853466564,44.6946160851642],[-121.338220047817,44.6946286945587],[-121.338161750165,44.7090985704427],[-121.31792262443,44.7090685456769],[-121.317853466564,44.6946160851642]]],[[[-121.318321604159,44.8108298263355],[-121.318308101738,44.8244538070976],[-121.29800141983,44.8247977015527],[-121.297838077765,44.8105769126944],[-121.277152764189,44.8107826200219],[-121.256992261683,44.8106012087788],[-121.257371876311,44.8250249521399],[-121.235675913613,44.8248224212178],[-121.22551644243,44.8249814069664],[-121.210788809156,44.8249756971707],[-121.196061178581,44.8249681059934],[-121.195657375787,44.8103166992563],[-121.216044793432,44.8103373297041],[-121.216000208643,44.7956877737718],[-121.195618325425,44.7957027978459],[-121.195510058742,44.7885458715947],[-121.195572128151,44.7858295080254],[-121.198521567217,44.7819223836112],[-121.200958534808,44.7801248043163],[-121.20281911521,44.7790493887184],[-121.203997535558,44.7786163300796],[-121.203969751003,44.7666793452756],[-121.203949677236,44.7522395472174],[-121.211604785632,44.7522300881481],[-121.236914394284,44.7524461403771],[-121.237154068106,44.7380157762071],[-121.266857550236,44.7376958999459],[-121.277407719291,44.7376690758672],[-121.277006205272,44.7233740407794],[-121.256990459442,44.7238749793469],[-121.256744860887,44.6947583390262],[-121.277154424337,44.6947574657844],[-121.297563984191,44.6947529736709],[-121.297637153032,44.7091614879124],[-121.27743321597,44.7091666284372],[-121.277137033247,44.7233731576451],[-121.297982793071,44.723794390199],[-121.31329244509,44.7237150645986],[-121.328602054841,44.7236337056311],[-121.343911622324,44.7235503105984],[-121.35922114484,44.7234648812993],[-121.378922799747,44.72388136903],[-121.379214312291,44.738292294354],[-121.399222576661,44.7382846159423],[-121.399998046772,44.7527904494198],[-121.377562398886,44.7527550071379],[-121.369093329394,44.7521977961914],[-121.351339871338,44.752300506863],[-121.333586352128,44.7524004826961],[-121.315832772664,44.752497723691],[-121.298079134744,44.7525922289483],[-121.298443554426,44.7671630681211],[-121.318762145157,44.7671048711929],[-121.339080693619,44.7670430922649],[-121.339205218246,44.795985828883],[-121.359874612024,44.7959748310736],[-121.360200322187,44.810385170939],[-121.380079792848,44.8105541175785],[-121.399959377723,44.8107196378011],[-121.400711687594,44.8248988312162],[-121.421120932685,44.8249667570103],[-121.441530223641,44.8250310729258],[-121.441583176622,44.8395600180804],[-121.421127125416,44.839541996566],[-121.400671085902,44.8395203498843],[-121.400372447131,44.8540423001121],[-121.380054794393,44.8540028477533],[-121.359737168635,44.85395981969],[-121.359645095145,44.824778688086],[-121.339143388057,44.8246937021527],[-121.339205631934,44.7960146323695],[-121.318917752153,44.7964403363525],[-121.318786079714,44.7819503192519],[-121.298199000883,44.7814129554436],[-121.297543479648,44.7953432596838],[-121.297882431429,44.8105793498572],[-121.318321604159,44.8108298263355]]],[[[-120.840148537925,45.2434333056027],[-120.839606896941,45.2434294043436],[-120.829764148996,45.243353521348],[-120.829805923405,45.2507000759478],[-120.819075325166,45.2507409977989],[-120.819113674057,45.2577103992156],[-120.809441160581,45.2575980361205],[-120.809576817016,45.2611852725823],[-120.809707939969,45.264647719117],[-120.799306766994,45.2646749595818],[-120.799304825357,45.2646749649777],[-120.799325278639,45.2686368886815],[-120.799204869309,45.2686371989476],[-120.778736846328,45.2686441830826],[-120.758268818851,45.2686475636342],[-120.758214434149,45.2686463126772],[-120.758152463665,45.2577822163763],[-120.758071782786,45.2435800848531],[-120.758030195437,45.235977047203],[-120.738299812586,45.2360191822395],[-120.738284929706,45.2323959252318],[-120.73828492431,45.2323945528664],[-120.728815311378,45.2324135870175],[-120.72897092197,45.2216805246366],[-120.738388268104,45.2216464969883],[-120.738422051137,45.2180615151269],[-120.747770608127,45.2179610365727],[-120.747678993291,45.2133175670521],[-120.728866596116,45.2035942823503],[-120.708338320357,45.2036521222477],[-120.687810005028,45.2037063333806],[-120.687672470808,45.1947688870745],[-120.687657409862,45.1937101583972],[-120.687654776647,45.1928955246088],[-120.687654272127,45.1927391810684],[-120.687663878685,45.1909110311192],[-120.687640806578,45.1891734482961],[-120.691575927787,45.1891601644101],[-120.691564125984,45.1855834509156],[-120.692875112696,45.1855812799521],[-120.69285093892,45.1783030342577],[-120.695592807262,45.1782984468159],[-120.695592792873,45.1782943333169],[-120.695542840929,45.1715221730099],[-120.695519399201,45.1714700977669],[-120.695208890278,45.1708068351674],[-120.696839594971,45.1708465959937],[-120.697310774073,45.1708581387921],[-120.697417053254,45.1564932668508],[-120.697508149182,45.1439482746932],[-120.697522346779,45.1418540090554],[-120.697551414666,45.1418539586933],[-120.72194859725,45.1419113390371],[-120.746345823901,45.1419635869501],[-120.747758607574,45.1419784077773],[-120.749148031357,45.1419685745901],[-120.749159658691,45.1419685503084],[-120.749391554277,45.142268404963],[-120.749549388893,45.1424696732369],[-120.750855085794,45.1423653680673],[-120.751256091695,45.1423329556015],[-120.752657962095,45.1429553053431],[-120.752661849864,45.1429580401814],[-120.752664480381,45.1435628549419],[-120.752664485777,45.1435642273073],[-120.753600485774,45.1440024291688],[-120.756089765131,45.1442163967694],[-120.757254216309,45.1437187182443],[-120.758733610068,45.1443202486806],[-120.759159175555,45.1441437504338],[-120.759665978602,45.143932781173],[-120.760800969789,45.1442196172416],[-120.761611956826,45.1444235124352],[-120.761723409807,45.145073340962],[-120.761771213271,45.1453598721604],[-120.762198223969,45.1459335559888],[-120.762060424449,45.146748524325],[-120.76146988103,45.1473039321308],[-120.761215124678,45.1475417713357],[-120.76094794689,45.148034731118],[-120.760966203128,45.1482157250757],[-120.761029030665,45.1488272613691],[-120.761495187053,45.149481776263],[-120.761975791949,45.1494697199516],[-120.762652120799,45.1494517326114],[-120.762657948406,45.1494544629531],[-120.763891250781,45.1500235692324],[-120.764660234082,45.1503468566222],[-120.764664122751,45.1503495905612],[-120.76497995566,45.1516051385664],[-120.765679874626,45.1520780677487],[-120.76598706595,45.1522858282285],[-120.766120265438,45.1525913612024],[-120.766259362679,45.1529147088468],[-120.766944967137,45.1536413853417],[-120.768162348813,45.1549318756057],[-120.768740844015,45.1551211721045],[-120.769176372192,45.1554109138826],[-120.769477746701,45.1556118206291],[-120.769597104723,45.155852921675],[-120.769551424559,45.1560340622223],[-120.769519046267,45.1561575697161],[-120.769500394328,45.1563153323867],[-120.769444559019,45.1568146773556],[-120.76933699021,45.1570261331496],[-120.769290881969,45.1571153845674],[-120.768866758994,45.1571986572923],[-120.76817281962,45.1572002625821],[-120.767634275002,45.1576924921148],[-120.767423299446,45.1581812205869],[-120.767327401139,45.158403620231],[-120.767353446404,45.1585873373358],[-120.767407582894,45.1589780801743],[-120.767750417048,45.159339356726],[-120.767752355087,45.1593393531287],[-120.768182860551,45.1597950575959],[-120.76818479859,45.1597950530993],[-120.770184892619,45.160537864331],[-120.770233438023,45.160555580076],[-120.770375638825,45.1611202931671],[-120.770430977707,45.1613478270406],[-120.770778091736,45.1617886297415],[-120.771246125009,45.1623841248276],[-120.771248063947,45.1623841212303],[-120.771694764402,45.1625613659144],[-120.771865677859,45.1626295390221],[-120.772367763961,45.1626283618095],[-120.773293621403,45.1624616104151],[-120.77453067575,45.1625135489612],[-120.775650379361,45.1623463182281],[-120.777233275195,45.1625606113832],[-120.777235220429,45.1625619783527],[-120.777375182818,45.162642560306],[-120.778125560946,45.1630782620522],[-120.779476614254,45.1630475870766],[-120.780517850219,45.1626898646456],[-120.780858970265,45.1626753253061],[-120.781213659283,45.1626607517923],[-120.781627682871,45.162888782991],[-120.782103909867,45.1631509479579],[-120.782820019328,45.1633082951417],[-120.783458501109,45.163447997627],[-120.784006449038,45.1637058656332],[-120.784501932318,45.1639378007889],[-120.784740595302,45.1639811031454],[-120.78523732864,45.1640717709955],[-120.786548824369,45.16387790684],[-120.786840699339,45.1637043808526],[-120.787010799809,45.1636038438424],[-120.787640645399,45.1635625119005],[-120.787900340828,45.1635467818585],[-120.788124488754,45.1633994792027],[-120.788456855699,45.1631833334441],[-120.790091074044,45.163179258616],[-120.790636912164,45.1633973280243],[-120.790636919358,45.1633987003898],[-120.790874813422,45.1636751402955],[-120.791146194641,45.1640570985563],[-120.791728717007,45.1646289090969],[-120.791728724201,45.1646302796638],[-120.793601595637,45.1650411106588],[-120.794820970212,45.1650325347238],[-120.795939412973,45.1646196199995],[-120.796558113266,45.1646728994348],[-120.797140273205,45.1651623950286],[-120.798146172108,45.1654875961757],[-120.798686638577,45.1654052893227],[-120.799336200006,45.1654255591423],[-120.799497129189,45.1654292589532],[-120.799749627343,45.1655204951747],[-120.799990693316,45.165650161226],[-120.800762513079,45.1660678315652],[-120.801620551747,45.1662864117885],[-120.801928217913,45.1669192287395],[-120.802212355116,45.1674999902324],[-120.802793596847,45.1677988259551],[-120.80336634628,45.1679550489864],[-120.803682817708,45.1680419954418],[-120.804688089783,45.1682313647857],[-120.804945641228,45.1681730878178],[-120.805420069581,45.1680648661007],[-120.806001346385,45.1676299521606],[-120.806151972935,45.1675170953378],[-120.806764116271,45.1674222186605],[-120.807232907673,45.1673496622572],[-120.807442759975,45.1674382517739],[-120.80781195236,45.1675949919154],[-120.808160627611,45.1679040178562],[-120.808240493704,45.1679751218545],[-120.808359670962,45.1688772291009],[-120.808361609001,45.168877223705],[-120.80870755481,45.1690353937685],[-120.809251746271,45.1692849232606],[-120.809251783143,45.1692917805913],[-120.809221550634,45.170896474193],[-120.809184107361,45.1853503754195],[-120.809182759277,45.1854614659739],[-120.794337074696,45.1854602788688],[-120.788858423677,45.1854589541675],[-120.788887878273,45.1886502479107],[-120.788891734566,45.1890356164006],[-120.768243228442,45.1888190947255],[-120.763080574909,45.1888569651769],[-120.763148678768,45.1923293168446],[-120.763284456612,45.1996017798983],[-120.758187728781,45.1998491114474],[-120.763571634423,45.1996203284154],[-120.768405803385,45.199653141979],[-120.768421831103,45.2215768732742],[-120.787616093908,45.2216358544112],[-120.806810395383,45.2216916627401],[-120.823328918795,45.2216091499424],[-120.839847395441,45.2215242890148],[-120.839948554782,45.2288542888944],[-120.840148537925,45.2434333056027]],[[-120.758125666566,45.1998519910766],[-120.758119737336,45.2006995562396],[-120.758081014327,45.2072606069915],[-120.758187728781,45.1998491114474],[-120.758125666566,45.1998519910766]]],[[[-121.043761266169,45.2434023311527],[-121.043770108304,45.2399970086551],[-121.058904621851,45.2401946949293],[-121.07403923792,45.2403904107889],[-121.092512418014,45.2404458090269],[-121.112843780916,45.2405358023854],[-121.13317520677,45.2406222380259],[-121.133142065854,45.244166241379],[-121.156384632245,45.2443979867777],[-121.156496798389,45.2371560853851],[-121.169376261905,45.2371662684086],[-121.169355721389,45.2407691989395],[-121.174556652767,45.2407980986534],[-121.174403676289,45.2461737116475],[-121.179090330354,45.2461779663402],[-121.184605965992,45.2461812650534],[-121.184487381387,45.2515964518149],[-121.189483386049,45.2552094907255],[-121.189388997704,45.2587031248494],[-121.18726474777,45.2587143313014],[-121.184284347744,45.2587428847764],[-121.184327430666,45.2623934128258],[-121.174101309828,45.2624188708343],[-121.174148794032,45.2641644387379],[-121.174158237812,45.2659787975835],[-121.163987720257,45.2659961832773],[-121.164166198811,45.2790333716928],[-121.164283485694,45.2875725667207],[-121.148815297588,45.2876139400313],[-121.133347087898,45.2876532556933],[-121.11240676526,45.2877653975551],[-121.110218417946,45.2876946146148],[-121.094631907836,45.2871856370076],[-121.074326941835,45.2872876740869],[-121.054017436056,45.2869185365612],[-121.043885558771,45.2868827012757],[-121.043416213388,45.2728786580237],[-121.043598388155,45.2585437020303],[-121.04359606071,45.2585025697379],[-121.043597270298,45.2584243925717],[-121.043761266169,45.2434023311527]]],[[[-120.854572453056,45.2793430217631],[-120.87371323138,45.2792611447861],[-120.901595464959,45.27950145263],[-120.901717788945,45.3083632952299],[-120.886370172945,45.3083549297363],[-120.871022562341,45.308344540768],[-120.870978613372,45.3157459908848],[-120.860752827081,45.3157589420216],[-120.86079836875,45.3230709401718],[-120.840430798243,45.3231096712744],[-120.820063199857,45.323144836565],[-120.818281145558,45.3218304719987],[-120.810723713429,45.3157620302935],[-120.809641456688,45.3158348537955],[-120.809713606598,45.3013365080735],[-120.830495927345,45.3012560133544],[-120.83546635259,45.3011979018617],[-120.835363223734,45.286736949051],[-120.840474435147,45.2867152430141],[-120.840433515994,45.2794181844017],[-120.854572453056,45.2793430217631]]],[[[-120.753274846657,45.3342651047508],[-120.741871178712,45.3342139333264],[-120.738532712714,45.3341975090079],[-120.738371863571,45.319683402667],[-120.756044237851,45.3196863191683],[-120.773716613931,45.3196865520928],[-120.773695567996,45.3160552281663],[-120.778867367635,45.3159675235824],[-120.77890365438,45.2867667283019],[-120.78150886714,45.2867686798307],[-120.781408083716,45.279615761858],[-120.786244961436,45.2796300143137],[-120.789110191582,45.2796407540176],[-120.789099453677,45.2724245066857],[-120.809703035966,45.2724551124136],[-120.809706113446,45.2868464972681],[-120.799259755833,45.2867956747806],[-120.799239299854,45.3340065460653],[-120.823957231041,45.3339705507004],[-120.840503359143,45.3339644676861],[-120.840623032827,45.3592682442342],[-120.82493144503,45.359285655109],[-120.809617118335,45.3592834931388],[-120.809698695838,45.3628967469874],[-120.794313366768,45.368245070054],[-120.78926017062,45.3700281154053],[-120.789235635316,45.3736827641483],[-120.76879840782,45.3736562917045],[-120.768675464201,45.3664529910127],[-120.763450359047,45.3665088092342],[-120.763392297916,45.3593080743082],[-120.762721248087,45.3593150746311],[-120.758251461935,45.3593607269161],[-120.758126993966,45.3449715364073],[-120.758104206944,45.3376787612659],[-120.75316541715,45.3376978340878],[-120.753274846657,45.3342651047508]]],[[[-120.869142963077,45.3882151680956],[-120.869168699876,45.3882156321458],[-120.869142829078,45.3882152526319],[-120.869142963077,45.3882151680956]]],[[[-120.869214977189,45.3882163111339],[-120.869724927863,45.3882256649825],[-120.869168699876,45.3882156321458],[-120.869214977189,45.3882163111339]]],[[[-120.869724927863,45.3882256649825],[-120.873833727045,45.3883003186049],[-120.873835691164,45.3883030561412],[-120.869724927863,45.3882256649825]]],[[[-120.877629322935,45.391075975376],[-120.87623707618,45.3894746632252],[-120.875704712602,45.389012873945],[-120.875008068068,45.3887257689791],[-120.874612657748,45.3886735597371],[-120.873965278075,45.3884795399988],[-120.873835691164,45.3883030561412],[-120.882744337581,45.3884716043811],[-120.882706657786,45.3898361915871],[-120.882547354577,45.3907623565975],[-120.882270546848,45.3912843671799],[-120.881795227268,45.3918083976395],[-120.880650002695,45.3922756512004],[-120.87965103127,45.392195259004],[-120.878691766712,45.3919364593002],[-120.877629322935,45.391075975376]]],[[[-120.866382664928,45.389954485711],[-120.866382673921,45.3899558580765],[-120.866306286406,45.3901864802219],[-120.866226021913,45.3904198560915],[-120.86615338637,45.3906285248866],[-120.866098508839,45.3908755353777],[-120.866063258113,45.3911485380746],[-120.866028501114,45.3914997053472],[-120.865975734293,45.3917727629027],[-120.86597575138,45.391775505835],[-120.865994567895,45.3919811439147],[-120.866024412796,45.392083898653],[-120.866116195806,45.3924401542897],[-120.866118194099,45.3924483749926],[-120.8662406314,45.3930349146297],[-120.866244689141,45.3930609571975],[-120.866319080161,45.3934364637219],[-120.866393559315,45.3938256840082],[-120.866565355007,45.3942145976256],[-120.866583131906,45.3942556813547],[-120.86712085994,45.3949533601095],[-120.867733697552,45.3955232658861],[-120.867892469262,45.3956982937413],[-120.868025755084,45.395844604445],[-120.868455239817,45.3963506331752],[-120.868649443917,45.396587257396],[-120.868755370564,45.3967158253751],[-120.868961363876,45.3972746703898],[-120.869186405728,45.397767630172],[-120.869186414721,45.3977690007388],[-120.869280961347,45.398248662246],[-120.869279058382,45.3982555240732],[-120.869044864129,45.3987691376856],[-120.868882012195,45.3991769325694],[-120.868882021188,45.3991783049349],[-120.868790041227,45.3994062336108],[-120.868771100606,45.3994885719401],[-120.868683145111,45.3997370582187],[-120.868687666902,45.3998357785983],[-120.868683896944,45.3998549890166],[-120.868705397936,45.4001744372006],[-120.868705477076,45.4001867776977],[-120.868722622651,45.400433559761],[-120.868725524763,45.4008888271577],[-120.868748399919,45.4014235658449],[-120.868750620345,45.4017718723741],[-120.868750629338,45.4017732429409],[-120.868351350135,45.4026548879128],[-120.868351359128,45.4026562593789],[-120.868222097772,45.4028390519807],[-120.868170160125,45.4032423808313],[-120.867899027118,45.4040742510259],[-120.867650958125,45.4048607935908],[-120.867397164947,45.4056665528691],[-120.867374275402,45.4057406749922],[-120.867155729353,45.4062734315737],[-120.867155746441,45.4062761736066],[-120.866982780731,45.4069363182566],[-120.86678356471,45.4077556150297],[-120.866724153697,45.4079039042418],[-120.866584265052,45.4082553979683],[-120.866582952941,45.4083555078005],[-120.86651910917,45.408418787697],[-120.86648430091,45.4084559234022],[-120.866304369051,45.4089405599589],[-120.866346936662,45.409206458911],[-120.866391531344,45.4094846938636],[-120.866438809603,45.4098794818527],[-120.866460068677,45.4101619040487],[-120.866518899627,45.4105360849724],[-120.866518916715,45.4105388279046],[-120.866485299157,45.4110709999268],[-120.866561426768,45.4114094723693],[-120.866544425984,45.411798975942],[-120.866483629116,45.4120364032574],[-120.866493754583,45.4120980796627],[-120.866484385446,45.4121557037228],[-120.866581583273,45.412746429704],[-120.866575178302,45.413578831398],[-120.866552015363,45.4136104443666],[-120.866299152084,45.4139568065614],[-120.866067154875,45.4142167124314],[-120.865842875648,45.4144656222907],[-120.8657142663,45.4147567409309],[-120.865583751289,45.415054723197],[-120.865183188753,45.4157553418356],[-120.864970313829,45.4162702468744],[-120.864822631659,45.4166258756837],[-120.864566619854,45.4170942902693],[-120.864493451911,45.4172247917908],[-120.864374780971,45.4175501611111],[-120.864330732178,45.4176668589384],[-120.864248095273,45.4178399010906],[-120.863875164407,45.4186048797115],[-120.863500945712,45.4191669083262],[-120.863198086423,45.4196203797767],[-120.862898728194,45.4200121316546],[-120.862564609369,45.4204506159032],[-120.862475760848,45.4205660807601],[-120.861478585368,45.4217814029894],[-120.861476647329,45.4217827807508],[-120.861478594362,45.4217827753549],[-120.861521678183,45.4230675450312],[-120.86152169527,45.4230702879635],[-120.861802996911,45.4235233142496],[-120.862284616242,45.4245557746294],[-120.86268300062,45.4253553717531],[-120.862686955838,45.4253649594254],[-120.862883391156,45.4262556884493],[-120.862917098645,45.4263515741659],[-120.862917116632,45.4263543161988],[-120.863153179675,45.4270419702108],[-120.86284576532,45.4280179162939],[-120.862665444055,45.4281446361661],[-120.862337776967,45.4283774031946],[-120.861889896601,45.4286955617508],[-120.861581397663,45.4288802717072],[-120.861540654777,45.4289050822038],[-120.861079025577,45.4288941707294],[-120.860710952848,45.4288953101705],[-120.860709004917,45.4288953155664],[-120.860490931012,45.4289028473885],[-120.859566075414,45.4289372419602],[-120.859304878118,45.4285869973921],[-120.859267126377,45.4284664387752],[-120.859191691243,45.428236295069],[-120.858843571773,45.4280001330997],[-120.858080627419,45.4274471057993],[-120.857594376579,45.4272319340066],[-120.857266302997,45.4270862105602],[-120.856268338813,45.4269452787017],[-120.855567269614,45.4269474190882],[-120.854967500949,45.4269547323751],[-120.854883762376,45.4269549859839],[-120.854083366654,45.4269560480832],[-120.853865247783,45.4269553394174],[-120.853284909871,45.4269557279246],[-120.85232096614,45.4272822690615],[-120.852237501859,45.4273277738577],[-120.852235554827,45.427327780153],[-120.851855119118,45.4275359938911],[-120.85184929421,45.4275387539104],[-120.851694008272,45.4276228710987],[-120.851399055822,45.4277979142424],[-120.85063826984,45.4282307903188],[-120.850628566155,45.4282363040622],[-120.850206329958,45.4286187920237],[-120.850022316976,45.4287838985582],[-120.849869512268,45.4289571412591],[-120.849619995366,45.4292403746437],[-120.849618048334,45.4292403809389],[-120.849482884727,45.4297550188791],[-120.849467884935,45.4298510547824],[-120.849382576145,45.430236642707],[-120.849333953399,45.430892263767],[-120.849453557835,45.4313471741328],[-120.849457495067,45.4313540179736],[-120.849483426119,45.431455415635],[-120.849515150604,45.4315485692111],[-120.849515167691,45.431551311244],[-120.849683042338,45.4319361401408],[-120.849970817299,45.4325016176556],[-120.850483125995,45.4328360449476],[-120.851133953669,45.4332084488109],[-120.851767463098,45.433613811928],[-120.852543417045,45.4337417413883],[-120.853764386118,45.4340232705575],[-120.854263640255,45.4341287160674],[-120.855074925867,45.4342990296765],[-120.856588483971,45.4346468325853],[-120.857795073784,45.4351162310293],[-120.85881248311,45.4355423172242],[-120.859583786662,45.4358553370542],[-120.860383539369,45.4363561299315],[-120.861147757163,45.4367788652525],[-120.862758669577,45.4377255366043],[-120.863388802052,45.4381925536435],[-120.863860714101,45.4385873839007],[-120.864299355731,45.438956260623],[-120.864818149438,45.4393701394205],[-120.865138141712,45.4400726061659],[-120.865351457304,45.4405381743973],[-120.865548959217,45.4409667661034],[-120.865736251127,45.4416285088487],[-120.865865537664,45.4420504581622],[-120.865953147819,45.4423504935805],[-120.865957156997,45.4423683082509],[-120.866111039093,45.4429821593992],[-120.86602077324,45.4438010973428],[-120.866018885563,45.4438107021023],[-120.865993178442,45.4440576127687],[-120.865874770105,45.4453552148713],[-120.865871143139,45.445397735717],[-120.864730898112,45.4471510593739],[-120.864719313046,45.4471675502423],[-120.863684026097,45.4476548442957],[-120.8635132988,45.4477678207284],[-120.863412420047,45.4478353274384],[-120.862884466745,45.4484554171838],[-120.862386121822,45.4491384909487],[-120.862386129916,45.4491398624148],[-120.862271535603,45.4495063487391],[-120.862132629917,45.4503460007674],[-120.861973877093,45.4511281195671],[-120.861848316447,45.4516111975988],[-120.861739850114,45.4520242876908],[-120.861685994213,45.4527580868163],[-120.86168061267,45.452832152282],[-120.861612214732,45.4537332909587],[-120.861561780752,45.454391657649],[-120.861558046766,45.4544177226998],[-120.86150219527,45.45514467079],[-120.861455458403,45.4557714856656],[-120.861415989856,45.4563146321146],[-120.861408281767,45.4563283692589],[-120.861014456952,45.4569137487705],[-120.86057459764,45.4576172002736],[-120.860269916324,45.45812688205],[-120.860254491152,45.4581529839731],[-120.859648459609,45.4590845736942],[-120.859646519771,45.4590859505562],[-120.859515251128,45.4592838193928],[-120.859192979073,45.4597880665661],[-120.859185252997,45.4597990607781],[-120.859183322153,45.4598018091062],[-120.859084902146,45.4599556939002],[-120.858853481403,45.4603431038512],[-120.85884189184,45.4603595938203],[-120.858776322269,45.4604694972695],[-120.858691472134,45.460612369865],[-120.858405528193,45.4610068026219],[-120.858399732961,45.4610150476064],[-120.857402961278,45.4611620885596],[-120.856585283284,45.4612811480066],[-120.855662411591,45.4614060080809],[-120.854918629091,45.4615015187801],[-120.854762861117,45.4615211905506],[-120.854062086896,45.4616398767789],[-120.852216778781,45.4616454615688],[-120.85089174286,45.4616494545587],[-120.847783753318,45.4616587607433],[-120.844357848036,45.463254104993],[-120.844352025825,45.4632582355792],[-120.841040170767,45.4653893077704],[-120.839166710275,45.4665946232433],[-120.837984349098,45.4673549901407],[-120.836526465324,45.4683286843214],[-120.836520642214,45.4683328149075],[-120.835882247668,45.4698156152984],[-120.835699902928,45.4702974513663],[-120.835747253133,45.470732003779],[-120.835856331904,45.4717272232328],[-120.837178742705,45.4739050790562],[-120.837592928171,45.4750749333616],[-120.830629016216,45.4750948713313],[-120.826128940898,45.4751527849731],[-120.81016325503,45.4753581181827],[-120.810120376254,45.4753582323966],[-120.801629841744,45.4752899828465],[-120.793538883213,45.4752201118188],[-120.787442005844,45.4751831811589],[-120.779331648037,45.4751247144341],[-120.771352014784,45.4750914332231],[-120.769116398203,45.4750828977576],[-120.769116405398,45.4750842692237],[-120.769176293051,45.4787343970748],[-120.766486443295,45.4787405700213],[-120.758867146801,45.4787577182941],[-120.758881693335,45.4859169549036],[-120.753737457917,45.4859872144385],[-120.753839292649,45.4967374961386],[-120.748793704766,45.4968484571906],[-120.748798508045,45.4979632585976],[-120.748808931187,45.5003820886625],[-120.745695123031,45.5004311916462],[-120.729239684364,45.5004098111639],[-120.729293302844,45.5040914530582],[-120.718876263129,45.5041114449872],[-120.71888968641,45.5076519229979],[-120.708472000982,45.5076709859273],[-120.70848743065,45.5119436847533],[-120.687931534912,45.5118137893749],[-120.687802081101,45.5118128648718],[-120.687801946203,45.5118129584014],[-120.687790379123,45.5118128837576],[-120.683939177251,45.5144613503111],[-120.67759433611,45.5188247790404],[-120.667174355612,45.5187482872037],[-120.667086578183,45.5187470407434],[-120.661907840275,45.5187200547867],[-120.661762731065,45.5261014788003],[-120.661762747253,45.5261069637654],[-120.651790414196,45.5261285753735],[-120.651809054444,45.533214932723],[-120.649846376709,45.5332339210087],[-120.64659801019,45.5332668379942],[-120.646575186296,45.53426647222],[-120.646394145573,45.5405796931983],[-120.625862874172,45.5405707053738],[-120.625674862805,45.5483167694034],[-120.602883658054,45.5476219271103],[-120.602850161905,45.5397801113631],[-120.602872101766,45.5334808109907],[-120.582405383701,45.5331734380038],[-120.582529580975,45.5258854103834],[-120.582517325914,45.5186783487268],[-120.564176538616,45.5186926092766],[-120.564411939759,45.5041603312343],[-120.585025821984,45.5041937617328],[-120.585051072249,45.5186861296612],[-120.603081910002,45.5187771914143],[-120.602956148807,45.5259116993655],[-120.608689379911,45.5258653689916],[-120.608917446183,45.5185374177677],[-120.614525232653,45.5185539931723],[-120.61458319306,45.5113961972767],[-120.630924816227,45.5114887168309],[-120.631363080142,45.5078188425656],[-120.646722134619,45.5076538340572],[-120.646823898304,45.5039596331306],[-120.65657837779,45.5041142490734],[-120.662789432187,45.5041798006573],[-120.667492570825,45.5040565953357],[-120.676382851288,45.5040777851617],[-120.682814125372,45.5040939459789],[-120.68809082643,45.496879762591],[-120.688208461351,45.4946856038576],[-120.688250564912,45.4932471130639],[-120.67153201609,45.4932084269274],[-120.667264218569,45.4932187340574],[-120.667448049888,45.4900509207135],[-120.667318671619,45.4824050843272],[-120.685444189098,45.4823742645607],[-120.703569685892,45.4823406308155],[-120.703441117014,45.4895590590034],[-120.708542873855,45.4895006921033],[-120.708489338112,45.4816915757057],[-120.708601906253,45.4750792303223],[-120.714470960167,45.4751961179066],[-120.714478756389,45.4751961026181],[-120.721357091557,45.4752189121231],[-120.729209479734,45.4751187357411],[-120.729358670067,45.4606599386053],[-120.738693955761,45.460578136272],[-120.739061060819,45.446165384425],[-120.739040905214,45.4450601796836],[-120.738790006054,45.4314836840248],[-120.738789733559,45.42811718526],[-120.75832860668,45.4280755340587],[-120.758523404332,45.4241669356556],[-120.761039271245,45.4241435038197],[-120.768775735911,45.4240697027547],[-120.768635438075,45.4169255990372],[-120.768673427237,45.4028916371394],[-120.768675644965,45.4025309793213],[-120.76885249035,45.3953476651627],[-120.778971183573,45.3952388597856],[-120.778888481918,45.3772775522173],[-120.794631406614,45.3772168596704],[-120.794752036277,45.3772151833341],[-120.794755927644,45.3772151743409],[-120.79934050596,45.3772816486292],[-120.799458488019,45.3809043813322],[-120.809619954797,45.3809052455807],[-120.809802635883,45.3881302442155],[-120.830464329665,45.3880487926177],[-120.838528893094,45.3880091855755],[-120.850995475161,45.3879476161896],[-120.869142829078,45.3882152526319],[-120.868794071089,45.3884370560254],[-120.868406244752,45.3886576938975],[-120.868022159595,45.3888550060537],[-120.867582962184,45.3889551275771],[-120.866771574049,45.3892881726111],[-120.866683746258,45.3895558567175],[-120.866517776374,45.3897771609873],[-120.866494613436,45.389807403389],[-120.866382664928,45.389954485711]]],[[[-120.708508938836,45.5119587304112],[-120.708483156173,45.5188601107056],[-120.708736693943,45.5188514313485],[-120.70808391564,45.5698898235565],[-120.728941760554,45.5698508361472],[-120.72877275366,45.584333459022],[-120.726574136087,45.5843802462514],[-120.713334477904,45.5843873257145],[-120.713142437573,45.5952979853138],[-120.71826170961,45.595332420355],[-120.718208656804,45.606082336031],[-120.707452998957,45.6061553798669],[-120.707401307724,45.6205606610457],[-120.686863507245,45.620711810102],[-120.686841436983,45.6060735712384],[-120.687030898057,45.6060650411688],[-120.687072509689,45.6026357391481],[-120.681862879168,45.6026398409559],[-120.681957481553,45.5967190706286],[-120.682026740142,45.5926740603596],[-120.685009035938,45.5926776072858],[-120.687233509019,45.5926672111229],[-120.687349020641,45.5909517102533],[-120.687375202604,45.5881915281166],[-120.668218237382,45.5881349571626],[-120.649061309931,45.5880752475747],[-120.624991870878,45.587967708443],[-120.625169961824,45.5791482127199],[-120.625278256386,45.5768678485724],[-120.63038806126,45.5769212224365],[-120.630291656635,45.5826459378598],[-120.635361003707,45.5827128510173],[-120.642672131314,45.5828083671125],[-120.647093191298,45.5828673338604],[-120.647221031725,45.5771082841201],[-120.666658238287,45.5771109865828],[-120.666679160115,45.5748924067592],[-120.666624689078,45.5661773142317],[-120.671899217375,45.5661285412992],[-120.671841837031,45.5625951022822],[-120.682171576857,45.56249170273],[-120.682263770856,45.5589278612318],[-120.687649191857,45.5589741862098],[-120.687866832288,45.5335066835866],[-120.667267429149,45.5333652229268],[-120.667467057958,45.5187903745762],[-120.677592504191,45.5188631746958],[-120.687801946203,45.5118129584014],[-120.687931534912,45.5118137893749],[-120.708508938836,45.5119587304112]]],[[[-120.441007878711,45.5041193140552],[-120.440948471295,45.5183511366956],[-120.420349098732,45.5183347906182],[-120.420393918245,45.5042236327145],[-120.441007878711,45.5041193140552]]],[[[-120.500140751195,45.5184894758087],[-120.520728501819,45.5185369995829],[-120.520275202139,45.53298134911],[-120.500092009738,45.5329885931491],[-120.500140751195,45.5184894758087]]],[[[-117.957068723243,46.0003857353135],[-117.936571615288,46.0003747590879],[-117.915791266754,45.9997039259954],[-117.895304272574,45.9994692919743],[-117.874496963264,45.9994392753024],[-117.853487334373,46.0003761737215],[-117.832709939212,45.9996907302431],[-117.81220099438,45.9998745408774],[-117.79109317481,45.9996076059064],[-117.770896763275,45.9997900459739],[-117.74948898293,45.9992919933309],[-117.728969439588,45.9996777782069],[-117.707872661894,45.9991794701565],[-117.687515531616,45.9994521625873],[-117.667016963162,45.9993942417509],[-117.644978290416,45.9990787092151],[-117.626330606772,45.9992739088639],[-117.626048153999,45.9925569876149],[-117.626176630247,45.9776215578887],[-117.625835926587,45.9627842459962],[-117.625623381714,45.9484917191176],[-117.625899517649,45.9336691695966],[-117.625847639357,45.9192705416023],[-117.625635251865,45.9049775839484],[-117.625613895665,45.8954943300993],[-117.625603147867,45.8901470583401],[-117.625848479324,45.8759720054038],[-117.625647172379,45.8614607831886],[-117.605187058036,45.8616085651832],[-117.584109209273,45.8617360827541],[-117.563363198653,45.861436003269],[-117.541986597803,45.8613331226256],[-117.521503908678,45.8618978950719],[-117.49984004818,45.8613465647922],[-117.479071824305,45.861464526167],[-117.458016744577,45.8611365101419],[-117.43801529437,45.8613754492176],[-117.41598450598,45.8618814878404],[-117.3952393713,45.8615517280299],[-117.37510039137,45.8614498168556],[-117.354033981083,45.8613209889725],[-117.332931874007,45.8618363472697],[-117.312495153728,45.8614989099468],[-117.292358235944,45.8613842427886],[-117.27204626872,45.8615864724378],[-117.250336039177,45.861853530616],[-117.227388442323,45.8620821139984],[-117.206656812762,45.8615026313414],[-117.185553354004,45.8619915225908],[-117.165414585415,45.8618550477723],[-117.145889156259,45.8618403438568],[-117.126363737896,45.8618223951875],[-117.103589802827,45.8617066191652],[-117.084045065228,45.8620069531584],[-117.061740309168,45.8617883135798],[-117.041898628019,45.8618561548377],[-117.020523336583,45.8616570503327],[-117.000373873256,45.8617087613503],[-116.978662460204,45.8619256283651],[-116.957891430445,45.8619514200221],[-116.936947384614,45.8622921335752],[-116.915881963582,45.8620847616025],[-116.895744006181,45.8619007036546],[-116.874974920756,45.8619119011134],[-116.854219677696,45.8617016648],[-116.833154786364,45.8614794630068],[-116.81234221692,45.8621273283136],[-116.79867367565,45.8616973192759],[-116.797656328377,45.8612700225935],[-116.796838637793,45.860792747887],[-116.796542782423,45.8604773916184],[-116.796379892718,45.8594416442166],[-116.796576583443,45.8581908041623],[-116.796478640077,45.8577307325873],[-116.795922355432,45.8573426598359],[-116.795604256231,45.8564296393164],[-116.795137275165,45.8558755831917],[-116.795006636947,45.8555873909454],[-116.794712726811,45.8549386137261],[-116.794257943249,45.8545304051542],[-116.794157594198,45.8544421537824],[-116.794131900567,45.8543535139036],[-116.794054555273,45.8540917041689],[-116.793961063552,45.8537758631656],[-116.793177111035,45.8526573727396],[-116.792685161191,45.8521258464307],[-116.79224198428,45.8516905466814],[-116.791966707198,45.8514224839605],[-116.790789264413,45.8500431541683],[-116.790691910104,45.8498177606812],[-116.790167691686,45.8490875858235],[-116.789898618127,45.8483901723686],[-116.78980794578,45.8481526380339],[-116.789678316601,45.8478191811104],[-116.789612789299,45.8476483126196],[-116.78928745775,45.847304553962],[-116.788277337429,45.8435549628913],[-116.788610774568,45.8388885687525],[-116.789586190051,45.8359208347787],[-116.790159742578,45.8351882911068],[-116.79054278632,45.834699490689],[-116.790012254662,45.8335834751973],[-116.789763351098,45.8330609771824],[-116.789383331775,45.8321679171157],[-116.788788818749,45.8307671636737],[-116.787118820877,45.8287861919293],[-116.786446115396,45.827988156928],[-116.78613717579,45.827848008379],[-116.784110540969,45.8269206463708],[-116.783327762067,45.8257622907971],[-116.782140667758,45.8245430888925],[-116.777261991348,45.8233756231865],[-116.776888902201,45.8232265506649],[-116.775281968388,45.8225813230696],[-116.774789583273,45.8224860956569],[-116.773841500885,45.8223050360486],[-116.772477078254,45.8218252900052],[-116.771007082411,45.8213092356328],[-116.769708956903,45.8202935925753],[-116.768931885098,45.8196870016538],[-116.767318051687,45.8184266125982],[-116.766849498605,45.8181468389055],[-116.765460869823,45.8173176513886],[-116.764988596247,45.8170350052613],[-116.764093114306,45.816500087609],[-116.763568862613,45.8162020567796],[-116.762262718749,45.8157048261169],[-116.75895810863,45.8157875277722],[-116.758501351056,45.8160199926286],[-116.757454425981,45.816243242132],[-116.756664560421,45.8162866649976],[-116.756506977615,45.8162953623412],[-116.75464657438,45.816893367435],[-116.753975797945,45.8170064481891],[-116.752877384883,45.8172060554152],[-116.752451792416,45.8175918277008],[-116.75140334299,45.8179577042847],[-116.750971799709,45.8182540767643],[-116.750605736066,45.8184194189211],[-116.750219545596,45.818592351356],[-116.74770386664,45.8197237542479],[-116.746952263636,45.8199014593849],[-116.746526763799,45.8201348802206],[-116.7461355704,45.8205038909419],[-116.744532600799,45.8212732924285],[-116.74424138683,45.8216139322373],[-116.743979834302,45.8219212098959],[-116.74309727382,45.8225393553071],[-116.739892658419,45.8243237577353],[-116.738062734108,45.8250487480014],[-116.735939951867,45.8259880179327],[-116.734978645848,45.826128731256],[-116.734718972003,45.8261670612609],[-116.731361063562,45.8260345740364],[-116.730674844868,45.8261113482602],[-116.728745642597,45.8262236636912],[-116.7212563503,45.8253336073602],[-116.720604753706,45.8254210439461],[-116.720242039139,45.8254738656265],[-116.718966261784,45.825947420737],[-116.718020657028,45.8262065289082],[-116.71687534702,45.8263384207816],[-116.714880589568,45.8263427213396],[-116.714291653237,45.8261645242735],[-116.7141299992,45.8261153916121],[-116.713724538956,45.8260721180339],[-116.713132022425,45.8260077112869],[-116.712853347704,45.82597675932],[-116.712263575903,45.8258410714084],[-116.71167757496,45.8256780522004],[-116.709582766132,45.8250875195734],[-116.708340534388,45.8246068454296],[-116.707064965676,45.8235321933561],[-116.704972809847,45.8221319318432],[-116.70395765782,45.8212468217835],[-116.702420068032,45.8209006277618],[-116.70108061238,45.8207639469986],[-116.700099460122,45.8204631831294],[-116.69905287499,45.8203798798277],[-116.697969039939,45.8192001608588],[-116.696713215842,45.8178323217043],[-116.695931660018,45.8169794100718],[-116.695358684855,45.8163555890392],[-116.695193786964,45.8160304652338],[-116.694180507325,45.811925580801],[-116.694181263654,45.8118254170095],[-116.693918354948,45.8111141989611],[-116.692618336367,45.8099136768747],[-116.692381577248,45.8096960103626],[-116.691663685331,45.8092170566219],[-116.690747682659,45.8089732171403],[-116.689667990785,45.8080323410198],[-116.688231390366,45.8070290762309],[-116.687805683685,45.8063180398457],[-116.687053613034,45.8055867858016],[-116.686794889772,45.8051982076312],[-116.686564707395,45.804468816083],[-116.686335909974,45.8040729740885],[-116.686139302886,45.8034585851456],[-116.686008777983,45.8030014318707],[-116.686076801803,45.8028046377239],[-116.68633473456,45.8020828778226],[-116.685942579786,45.8020193470153],[-116.68540100805,45.8013402140797],[-116.685288805934,45.8011979467279],[-116.684373044281,45.8000084359406],[-116.683592189928,45.7985021497545],[-116.68296987526,45.7969433719391],[-116.682774829395,45.7963949024029],[-116.682282878652,45.7959149980787],[-116.682153353794,45.7955909984259],[-116.681923163323,45.7952760729325],[-116.681401022339,45.7942475677711],[-116.679559575914,45.7925543637929],[-116.679294211159,45.7923261248508],[-116.678571319011,45.791838678812],[-116.678034403965,45.7914753203298],[-116.676896561927,45.7905612251205],[-116.676538031005,45.7902887683121],[-116.676205506679,45.7899499046644],[-116.675650707714,45.7894432140332],[-116.673942148711,45.7882922499874],[-116.673396269222,45.7880054337039],[-116.666274252854,45.7821703426872],[-116.665848103707,45.7818544621138],[-116.665458727838,45.7815754672341],[-116.661112760346,45.7798603899451],[-116.660531595956,45.7797219537052],[-116.659186935928,45.779649093331],[-116.658956163596,45.779638788899],[-116.657550301105,45.7793374431685],[-116.656409028154,45.7794496389897],[-116.656128074551,45.7794857215889],[-116.655722439839,45.7795383031502],[-116.648926269432,45.7793839129373],[-116.648305398176,45.77939920411],[-116.647542605807,45.779337087037],[-116.647261684579,45.7793141318418],[-116.646476159147,45.7793569440678],[-116.644612657748,45.7797664548581],[-116.642979199331,45.7800215475564],[-116.640171178657,45.7805618737315],[-116.638992933677,45.7813685476204],[-116.638867552895,45.7814536333785],[-116.638629270325,45.7816132315654],[-116.636804384015,45.7828460294208],[-116.63323931764,45.784283577725],[-116.632420648594,45.7844967692106],[-116.631409369946,45.7845114488443],[-116.630526056732,45.7843738759537],[-116.6297763477,45.7841460021364],[-116.628730813876,45.7836215022306],[-116.628045058333,45.7826202564198],[-116.627326863344,45.7820420418068],[-116.626019465826,45.7817943496296],[-116.625215684156,45.7816126973681],[-116.623350993853,45.7814261626873],[-116.62168406177,45.7815645656522],[-116.620769501611,45.7814258838975],[-116.620212636004,45.7814513796775],[-116.619135177147,45.7815461142618],[-116.618383541767,45.7818410343363],[-116.61805044817,45.7818643195827],[-116.617301590796,45.7819150143665],[-116.617011833729,45.7819356151366],[-116.613482754625,45.7817335986267],[-116.610542857367,45.7813190642235],[-116.608483179655,45.781231508927],[-116.60599938976,45.7808896406444],[-116.604954643742,45.7805886681326],[-116.600084595428,45.7792216977232],[-116.599661010247,45.7792199611324],[-116.598105509562,45.7788731097063],[-116.597858160026,45.7788182123907],[-116.597560577059,45.7787520330799],[-116.596915177693,45.7786083942621],[-116.595476599665,45.7787924567066],[-116.59466177612,45.7787172805781],[-116.592832232222,45.7779014273091],[-116.589367216324,45.7751794285878],[-116.588679774552,45.7747900248398],[-116.588305831949,45.7744344104198],[-116.585936575213,45.7721880658266],[-116.585280597122,45.771798316739],[-116.584138206313,45.7713799647137],[-116.583334751997,45.7709097865575],[-116.58292916315,45.7706738808949],[-116.582569778772,45.7705369690059],[-116.578584341394,45.7678672172983],[-116.578256632937,45.7674966408574],[-116.577904068118,45.7670593482104],[-116.57766194904,45.7668714411641],[-116.576229576334,45.7657625060349],[-116.57583987581,45.765582005805],[-116.574630542166,45.7650268003466],[-116.573423517981,45.7648683326075],[-116.572768748579,45.7644346237589],[-116.572082234907,45.7642071078718],[-116.568196047609,45.7625354093817],[-116.567575546874,45.7622894897682],[-116.567346761144,45.7619935723455],[-116.567279618659,45.7617140567584],[-116.566921787411,45.7614412600062],[-116.566498589838,45.7608917499543],[-116.565752005051,45.7603684443483],[-116.56509148988,45.7599056712098],[-116.564733910442,45.7595436563147],[-116.56427559794,45.7586772629454],[-116.56179381803,45.7570936557477],[-116.560551848889,45.756161103752],[-116.560488255129,45.7557732684216],[-116.560456604389,45.7554057208973],[-116.56019594039,45.7550894967829],[-116.559606127221,45.7546551440198],[-116.558321696589,45.7541425241582],[-116.55816261821,45.7540891323077],[-116.557352651004,45.7540344346415],[-116.556537266282,45.753716009886],[-116.552944355098,45.7527289463838],[-116.552356686812,45.7526638561521],[-116.55069147693,45.7527573649605],[-116.549507561725,45.7516687895831],[-116.546739807296,45.7491226020265],[-116.546005411021,45.7483415147491],[-116.544421560107,45.7466573957223],[-116.544225152669,45.7461785858731],[-116.544038426432,45.7459293288755],[-116.54331116268,45.7449604127929],[-116.542397292301,45.7442816746596],[-116.542037524812,45.7436134109302],[-116.539137654579,45.7388141824287],[-116.538791065755,45.7384675441419],[-116.537927450391,45.7376024107227],[-116.53743811128,45.7364836406076],[-116.537145202089,45.7353591570995],[-116.536883640568,45.7343771136129],[-116.536200382442,45.7336265016618],[-116.536232401904,45.7330771597831],[-116.536362810795,45.7326642909243],[-116.536508052205,45.7311840149304],[-116.536560633766,45.7306490927814],[-116.537768891821,45.7279076336304],[-116.537771016919,45.7258020788029],[-116.537574487173,45.7250995032396],[-116.537606851075,45.7246586079085],[-116.53774055778,45.7238848429112],[-116.537706088565,45.7226510459091],[-116.53790348166,45.7210956558399],[-116.538163883956,45.720132633914],[-116.538263224868,45.7183790089841],[-116.538732985739,45.7170222539739],[-116.538850611666,45.7166803254367],[-116.538851225903,45.7159322540703],[-116.538655305898,45.7155907005504],[-116.538231887991,45.7140582297036],[-116.537940623661,45.7115185829163],[-116.537841584921,45.7112214837845],[-116.537810042999,45.7106274321104],[-116.538043479123,45.7101686276801],[-116.538071081115,45.7093418521448],[-116.537973000154,45.7091161636801],[-116.537974180064,45.7077915927079],[-116.537613095968,45.706464372333],[-116.537550582293,45.7062343959007],[-116.537127205756,45.703423965044],[-116.537101747747,45.7029975793748],[-116.536902321285,45.6993546505967],[-116.537000326704,45.6983023907428],[-116.537294971586,45.6976370138372],[-116.537360671558,45.69668386287],[-116.537194903122,45.696133305108],[-116.536902894153,45.6955386652772],[-116.536544354239,45.6949431441109],[-116.535794412282,45.6933199667431],[-116.535795910553,45.692843701076],[-116.536054849652,45.6920425948899],[-116.536088802656,45.6914933042726],[-116.535958448623,45.6911965118096],[-116.535536674678,45.6907800357701],[-116.535373381177,45.6903929028103],[-116.534622809695,45.6896605542912],[-116.534328624366,45.6895243016053],[-116.533189529573,45.6884905183228],[-116.532763762638,45.6881040940287],[-116.532403836868,45.6876718555718],[-116.53154680634,45.6864115132807],[-116.530189841788,45.6844217848375],[-116.530255548954,45.6838104248113],[-116.530093004588,45.6832146590293],[-116.529928949361,45.6829812300998],[-116.529669480562,45.6821158754473],[-116.529440611195,45.6817718029264],[-116.528365912357,45.6808581951497],[-116.528266531875,45.6806242113383],[-116.527745247945,45.6802894297135],[-116.527583702726,45.6799915652586],[-116.52670480878,45.6796460133529],[-116.526408181792,45.6793476776533],[-116.526147434157,45.6788419124244],[-116.525333931716,45.6779755739137],[-116.524486176796,45.6773784861283],[-116.523866721972,45.6771048655971],[-116.523702285432,45.6769908369576],[-116.523149211367,45.6766069082822],[-116.522532351087,45.6763525872022],[-116.521036785719,45.6759777920415],[-116.520705795636,45.6758937845706],[-116.519498505252,45.6754848448498],[-116.518260617234,45.6748675735797],[-116.518117023382,45.6747638538688],[-116.517378992946,45.674223978254],[-116.516531609446,45.6733124901793],[-116.515359049081,45.672459931081],[-116.514184777306,45.6713217769785],[-116.51294789473,45.6701553949555],[-116.511872808283,45.6686046615759],[-116.511677032169,45.6683220748039],[-116.511579641887,45.6678630158655],[-116.511158582902,45.6673846880529],[-116.510440232331,45.666337527355],[-116.509233888033,45.6654672713975],[-116.508973617039,45.6650987418136],[-116.508679375053,45.6646837550513],[-116.507999075697,45.664499939021],[-116.507280172942,45.6638851408866],[-116.507019481963,45.6637485824312],[-116.506798034701,45.6635543351645],[-116.506628236404,45.663405777055],[-116.506077314416,45.6620073906286],[-116.505456722849,45.6613025901425],[-116.504740284237,45.6608223836461],[-116.503860309306,45.6606111319982],[-116.503176328125,45.6600867238233],[-116.502262778804,45.6597672387671],[-116.50093756032,45.6587802589019],[-116.50088292111,45.6586932818695],[-116.500726436376,45.6584380974403],[-116.500529658417,45.65825566097],[-116.500009075958,45.658056662585],[-116.499422189183,45.6576851778287],[-116.498442110715,45.6573661307424],[-116.498338512412,45.657307679306],[-116.498092207889,45.6571619801413],[-116.497172160067,45.656936949081],[-116.496811599376,45.6565484842252],[-116.495930966141,45.6560667174051],[-116.493744843749,45.654402245867],[-116.492993318986,45.653669548411],[-116.4900904693,45.6514505692884],[-116.489568280652,45.6508547432518],[-116.48838812731,45.6492809215773],[-116.488196632868,45.6473113298541],[-116.488066620578,45.6467618908486],[-116.488164783378,45.6464206979569],[-116.488063850666,45.6459875673724],[-116.488162766199,45.6456917003118],[-116.488587748925,45.64509814956],[-116.488650825575,45.6443617747761],[-116.488291231655,45.643568347901],[-116.486757782346,45.6427415094132],[-116.486661080944,45.6421918356847],[-116.485844917409,45.6416037438178],[-116.485682497149,45.641351073893],[-116.485408802874,45.6408419982596],[-116.483860212579,45.6379623259007],[-116.483331691804,45.636983244781],[-116.483463011709,45.6366157368269],[-116.483494399847,45.6363903100648],[-116.483851910937,45.6357258189914],[-116.483789488994,45.634769606732],[-116.483559196,45.6345365654102],[-116.483362847917,45.6337610764126],[-116.483330216017,45.6332753696626],[-116.48303693091,45.6330758550667],[-116.482937876881,45.6326166954042],[-116.482643807566,45.6323443950778],[-116.481796034659,45.6320434603375],[-116.48111077734,45.6315449337517],[-116.480721039944,45.6313819073492],[-116.479678848,45.6315396403422],[-116.478959935353,45.6313831349238],[-116.477376445067,45.6313067078383],[-116.476062047226,45.6312436383832],[-116.475082583894,45.6309518479495],[-116.474365700117,45.6305427940148],[-116.47351889578,45.6298094058794],[-116.47369297575,45.6282998596508],[-116.473864554705,45.6268259175821],[-116.474035707382,45.6253299960825],[-116.473840334164,45.6246547257351],[-116.473219603202,45.6243546759276],[-116.472958297987,45.6241466231682],[-116.472763274605,45.6235784395934],[-116.471262897864,45.6218423487455],[-116.471006171098,45.6211498572802],[-116.470905811254,45.6208787062873],[-116.470560149631,45.620534579807],[-116.470122953212,45.6201008116032],[-116.469632498941,45.6197571833474],[-116.468329223015,45.6191480311568],[-116.467906429238,45.6189838158505],[-116.467449788577,45.6188280415809],[-116.46653705584,45.6182295940206],[-116.466112354601,45.6180927621713],[-116.465560614231,45.6177030688416],[-116.464157503666,45.6161473154463],[-116.464124726075,45.6155545102325],[-116.463864843588,45.615076043025],[-116.463832970715,45.614247148687],[-116.464254740164,45.6137276939779],[-116.464288849651,45.6132689857751],[-116.463896696675,45.6116918348104],[-116.46382950203,45.6099996029993],[-116.463990689319,45.607281538812],[-116.464018963105,45.6059852209412],[-116.464054438661,45.604418708057],[-116.46408809489,45.6040780430673],[-116.463990965411,45.6037616903498],[-116.464088049924,45.603185721344],[-116.465226943269,45.6014458929137],[-116.465715448709,45.600781847904],[-116.466136978039,45.6004875168854],[-116.468903843038,45.5971962859799],[-116.4712478603,45.5948856992157],[-116.471931154399,45.5939510383098],[-116.473168277994,45.5933731699359],[-116.473495087129,45.5932855885591],[-116.473721870068,45.5930064875594],[-116.474535563166,45.5924153883595],[-116.475480366626,45.5919345046737],[-116.475877805816,45.591507522754],[-116.476422591729,45.590426669855],[-116.47672914993,45.5902367968907],[-116.477561014729,45.5897204340508],[-116.478083296007,45.5896052506818],[-116.478639249702,45.5895118156179],[-116.479417013085,45.5893779632225],[-116.480752633128,45.5886469088279],[-116.482055839805,45.5881837948463],[-116.482576212722,45.5876470767512],[-116.482769893416,45.5874491890289],[-116.48325599227,45.5849083758209],[-116.483400673402,45.584291470575],[-116.483624690927,45.5835180482194],[-116.483629728929,45.5829691011431],[-116.483288560319,45.5823945233886],[-116.48322224611,45.581663284633],[-116.48289402414,45.5814639256197],[-116.482212724737,45.5810012001454],[-116.482082896808,45.5807043276426],[-116.481852228797,45.5797230746602],[-116.482079066596,45.5787410842337],[-116.482502185927,45.5781680748968],[-116.483318237946,45.5775948461253],[-116.484258826284,45.5771137537968],[-116.485009269162,45.5768924432317],[-116.486277822264,45.5767259958081],[-116.486570116318,45.5764587316852],[-116.489075455768,45.575542631887],[-116.491549700258,45.5742575033811],[-116.492038086089,45.573727886333],[-116.493696164346,45.5731587665639],[-116.494156488631,45.5728917560497],[-116.494802164988,45.5725171569413],[-116.495777450969,45.5716747466923],[-116.497341317148,45.5706314791595],[-116.499708295002,45.5691118812084],[-116.500104267398,45.5690389551837],[-116.500982072265,45.5683318182589],[-116.501203590573,45.5681815298537],[-116.502198220072,45.5675085869518],[-116.50265608561,45.5672757812524],[-116.504056448746,45.5662474235798],[-116.504544703275,45.5657452097736],[-116.504674661606,45.5652238736829],[-116.504709111037,45.5645578717484],[-116.504188470122,45.5640334968485],[-116.504158296068,45.5628902948513],[-116.50415814768,45.5623850988932],[-116.504418377306,45.5616760266274],[-116.504776589868,45.5612448673568],[-116.506308182976,45.5597583410747],[-116.507676744286,45.5588469186504],[-116.508106223623,45.5585993946464],[-116.509271978819,45.5579349908072],[-116.510704763414,45.5573648107375],[-116.512005641747,45.5570907540351],[-116.514381552567,45.5570387048724],[-116.517081987344,45.5574369714391],[-116.51780163204,45.5574011100732],[-116.518580140961,45.5573617602371],[-116.51926360683,45.5570857906768],[-116.520720953709,45.5568938483725],[-116.520987165625,45.5568589888513],[-116.521118045761,45.5568030456241],[-116.522322142653,45.5562880848273],[-116.523690757023,45.5552858821378],[-116.524114034635,45.5550984940003],[-116.527175315189,45.5532945043379],[-116.527532748038,45.5527012638523],[-116.528022346154,45.5522882358135],[-116.529060903038,45.5519048566239],[-116.529355102756,45.5517185530688],[-116.529388877695,45.5513133554271],[-116.52909659803,45.5500253481913],[-116.52883423791,45.5496361629786],[-116.528412571883,45.5493472629659],[-116.52701245606,45.5492790385968],[-116.526658037738,45.5492052042569],[-116.524541834038,45.5483863706345],[-116.524314305561,45.5480875915691],[-116.524281732116,45.5469168604248],[-116.524414492735,45.5463516688944],[-116.524802848772,45.5460464030191],[-116.525387167983,45.5459592182434],[-116.526659782423,45.545523426565],[-116.528048588372,45.5438546859451],[-116.52825083241,45.5436130902719],[-116.529230427942,45.5424383499499],[-116.52909777794,45.5419533590603],[-116.528383995925,45.5418220013843],[-116.5281257547,45.5416855463509],[-116.527897451007,45.5406042500861],[-116.528026917408,45.540199559662],[-116.528970901586,45.5392858151883],[-116.530175821357,45.5388943627847],[-116.530535837958,45.5387157853053],[-116.531576274426,45.5384148217867],[-116.532032120986,45.5380926090867],[-116.532553263722,45.5372756604434],[-116.532553577586,45.5364478731709],[-116.533106911555,45.535531802151],[-116.53330125325,45.5341834522046],[-116.533522323696,45.5338093261395],[-116.533855778821,45.533249571011],[-116.533920866355,45.5321329502755],[-116.533792926103,45.5318348241179],[-116.533734182387,45.5312974351286],[-116.533694023161,45.530915804221],[-116.533564918286,45.5299532013792],[-116.533738014398,45.5296515750602],[-116.5341884992,45.5293209348134],[-116.534474426054,45.5291110006722],[-116.53482648995,45.528649345391],[-116.535648230182,45.5266400180225],[-116.536396136972,45.5259597969072],[-116.538347833086,45.5248138753601],[-116.538476822847,45.5246988187955],[-116.538934835874,45.5242860497614],[-116.541374669605,45.5207501223204],[-116.541796826662,45.5198062226791],[-116.541698457018,45.5194185015627],[-116.541799770143,45.5184829386367],[-116.542253306345,45.5175936431322],[-116.54228611721,45.5173147031111],[-116.542936993447,45.5159680879569],[-116.543231841576,45.5156266468523],[-116.543992023213,45.5150772150415],[-116.544595960235,45.5146419161915],[-116.545180953938,45.5137707923882],[-116.545638832066,45.5133579936765],[-116.547101216948,45.5122200653038],[-116.549442476889,45.5107357288708],[-116.550938871432,45.5102111777038],[-116.551773763348,45.5097946432083],[-116.552044728182,45.5096582942949],[-116.553345316933,45.5087701589158],[-116.553865307638,45.5086751761185],[-116.554654524786,45.508526145865],[-116.555459603278,45.5083735291151],[-116.555979530131,45.508079478685],[-116.556273062552,45.5077269813152],[-116.556532523257,45.5074158869337],[-116.556564603873,45.507146529189],[-116.556921447667,45.506553184382],[-116.557767008241,45.5059790958587],[-116.558288702262,45.5053158125747],[-116.558094071884,45.5039927191887],[-116.558256886946,45.5028670296897],[-116.55819032992,45.5024982420003],[-116.557443303566,45.501317097606],[-116.555331868071,45.4999058652635],[-116.555193735802,45.4998133340182],[-116.553930806162,45.4985845147636],[-116.553445130888,45.4974657176688],[-116.553436000971,45.4972567413056],[-116.553424400616,45.4969982599618],[-116.553410069919,45.4966655548715],[-116.554028754024,45.4958394592237],[-116.554002449753,45.4944259444019],[-116.553996221948,45.4941745083469],[-116.554242583129,45.4938259104375],[-116.55520144569,45.4924772897951],[-116.555329977696,45.4919105451356],[-116.555720071224,45.4915434670574],[-116.555882824233,45.4912469506863],[-116.555687135353,45.4902834817973],[-116.556011962382,45.4900144109364],[-116.556209947231,45.4895735668667],[-116.55616478058,45.4890064399953],[-116.556142159933,45.4887091466099],[-116.556305634198,45.4884305006671],[-116.556337704921,45.4881611411238],[-116.556501982281,45.4879278246095],[-116.556645139961,45.487803620141],[-116.557704460392,45.4868963049206],[-116.55767132757,45.4854386261917],[-116.557626877678,45.4853465167284],[-116.557346096745,45.4847714245616],[-116.55809265725,45.4839276662289],[-116.558522624919,45.4826613569361],[-116.55864996982,45.4822826443286],[-116.558710993318,45.4821034939811],[-116.55936215374,45.4809984133461],[-116.559101860263,45.4794946155841],[-116.559068439657,45.4787837383789],[-116.558648309672,45.477934863803],[-116.557998543198,45.477248455352],[-116.557575601033,45.4760411721624],[-116.557513261828,45.4759539496151],[-116.555851877662,45.4735955369046],[-116.555364428925,45.4724766669647],[-116.555268916427,45.4716758215819],[-116.5559176226,45.4689781881929],[-116.555981632746,45.4680413356392],[-116.555692101409,45.4668248218081],[-116.55578942694,45.4661142413792],[-116.555657721227,45.4653863022361],[-116.555270413798,45.4647444399041],[-116.555269797763,45.4645535947726],[-116.555268137614,45.4638355445747],[-116.555671199366,45.4633329962209],[-116.556631799418,45.4627792899323],[-116.55728379711,45.4625734513038],[-116.559914238551,45.4622779853408],[-116.561181665701,45.4618869969873],[-116.563260492678,45.4610401620739],[-116.565437634439,45.4599234154333],[-116.567583680343,45.4578871578661],[-116.568103117964,45.4571056910748],[-116.568652885222,45.4564515458022],[-116.570082565358,45.4554220810642],[-116.571414373175,45.4547695752557],[-116.572288078032,45.4543418648852],[-116.575670422852,45.453021178085],[-116.576839659323,45.4523768677983],[-116.578041525896,45.4519409421208],[-116.578756501311,45.4514652870934],[-116.579795316301,45.4502990057945],[-116.580411171139,45.4499325797248],[-116.581062550097,45.4498185726691],[-116.581744235308,45.4492003813925],[-116.582911657847,45.4480342790588],[-116.583204917773,45.44762130408],[-116.58424579131,45.4459045522534],[-116.585120695863,45.4451967363403],[-116.585640155069,45.4451002390848],[-116.585932533659,45.4447860708206],[-116.587492309722,45.4442165526518],[-116.587816353442,45.4440105242663],[-116.589112734265,45.442520587755],[-116.590118277936,45.4398237781449],[-116.590215325577,45.4389951014429],[-116.590413516371,45.438717575156],[-116.590639500712,45.4384039150087],[-116.590736888297,45.4380886864438],[-116.5907069049,45.4372928134127],[-116.590701446015,45.4371429917557],[-116.590606497392,45.4368460221262],[-116.590572538092,45.4359360700936],[-116.590895713966,45.4351369433153],[-116.591286547636,45.4331937709758],[-116.592128067556,45.4294878959497],[-116.592461096402,45.4288016673631],[-116.592549655342,45.428616559007],[-116.592779389857,45.4279007795973],[-116.593068588445,45.4269975437018],[-116.593117126654,45.4267122490711],[-116.593360183725,45.425280297248],[-116.593589247346,45.4246317619463],[-116.593779682386,45.4240931318926],[-116.594885114656,45.4223331487559],[-116.595402535998,45.420705835406],[-116.596082680671,45.41958368384],[-116.596471954917,45.4179191223697],[-116.596957579828,45.4171364019235],[-116.597216360646,45.4146904384131],[-116.597639329791,45.4137092996445],[-116.598514463672,45.4124975684081],[-116.599292185686,45.411717758168],[-116.601261815181,45.4104026246814],[-116.60158007536,45.410278738573],[-116.602569013949,45.4098917459074],[-116.603380043254,45.4094548615527],[-116.60629937032,45.4072323948592],[-116.606754736642,45.4070979776895],[-116.607683183232,45.4062188193431],[-116.60922008324,45.4054780441764],[-116.609770912598,45.4050832211138],[-116.610220597003,45.4045985278998],[-116.610678603735,45.404105873887],[-116.611391491824,45.4038509934286],[-116.611653037158,45.4037581357294],[-116.61246450893,45.4031674493184],[-116.6134927371,45.4026279217413],[-116.615145355574,45.4015545907718],[-116.615966483366,45.400964203835],[-116.616744354668,45.4001472237155],[-116.61739442871,45.3997529303535],[-116.617977704707,45.3992795281277],[-116.618788414754,45.3989303942224],[-116.619179527213,45.3985906096689],[-116.619729330444,45.3982670947507],[-116.620022141609,45.3979981659826],[-116.620313831318,45.3975136652235],[-116.62047578483,45.396784593834],[-116.620862603027,45.3958406150524],[-116.623307267916,45.3926272267652],[-116.624168350789,45.3914958472556],[-116.625983135014,45.3898264699157],[-116.62687756205,45.3882541276259],[-116.628144165421,45.3860983456622],[-116.629217687946,45.3836533291379],[-116.630420416969,45.3813430148683],[-116.630724884246,45.3811307352952],[-116.631166177977,45.3808241573091],[-116.631848704954,45.379881732556],[-116.632011037979,45.3787655192134],[-116.632176632845,45.3782411056426],[-116.632206461559,45.3781446245748],[-116.632441425631,45.3778353063544],[-116.633501311736,45.376754396798],[-116.634212295961,45.3757346537313],[-116.635024624787,45.3748885032019],[-116.635997315324,45.3734202844187],[-116.636952499658,45.3722425169786],[-116.638193240326,45.3707255171689],[-116.639958434134,45.3693453348194],[-116.641340066191,45.3677286406643],[-116.641580830891,45.366717977153],[-116.642153758389,45.3651362387465],[-116.64506310298,45.3611951208582],[-116.648877337319,45.3563791847516],[-116.653265577444,45.3510906333261],[-116.655268871261,45.3488669480512],[-116.655840292396,45.347856198205],[-116.656554260571,45.3461060752352],[-116.65774781471,45.3449607364489],[-116.658795222721,45.3424679209579],[-116.661036049074,45.3390329019469],[-116.664038622784,45.3350257792164],[-116.666135223961,45.3324659048777],[-116.66665884433,45.3310842350494],[-116.669470528842,45.3265380263089],[-116.671280223803,45.3237764187468],[-116.671661742296,45.3233043637055],[-116.67304393463,45.3223257115624],[-116.673805628927,45.3215188299301],[-116.67385239727,45.3205758511946],[-116.67433086178,45.3182536361964],[-116.674281962942,45.3168736885699],[-116.674279767697,45.315964791442],[-116.674662583911,45.3150891521427],[-116.674660896783,45.3143491306079],[-116.674041560669,45.3113551607121],[-116.673659145553,45.3103115649268],[-116.674182849559,45.3088639640008],[-116.673992961306,45.3080573422726],[-116.673659227391,45.3063069531034],[-116.673084803421,45.3011933719766],[-116.672607233737,45.2980296811249],[-116.672389677841,45.2907271159637],[-116.672176828098,45.2889449888202],[-116.672365495971,45.2872968948359],[-116.672318663775,45.2852099631693],[-116.672745755412,45.2831908062108],[-116.673315469633,45.2806313131846],[-116.674268434441,45.2785100229192],[-116.674268733016,45.2775339203542],[-116.674506004748,45.2763555665562],[-116.67474347613,45.2758513022958],[-116.675599360022,45.2748745297358],[-116.677505026136,45.2732225129087],[-116.67874176572,45.2722774666318],[-116.68102552211,45.2707270678],[-116.683072872815,45.2695464000464],[-116.686072907738,45.2683640262788],[-116.687040945183,45.267864496949],[-116.68745323398,45.2674194881189],[-116.687785985835,45.2664103633476],[-116.688595617594,45.2658356084266],[-116.689499731228,45.2650950841709],[-116.691402237123,45.2637461559604],[-116.692495917053,45.2616581738857],[-116.693541282704,45.2597717847401],[-116.693827682601,45.2589629371898],[-116.694586009836,45.2569765236477],[-116.695632991569,45.2553592521278],[-116.69606014436,45.2546854305882],[-116.695965702955,45.2540810196234],[-116.69615436723,45.2520951591643],[-116.696560759172,45.2515002828118],[-116.698699988214,45.2475107238409],[-116.698470070238,45.2455344942216],[-116.701257059366,45.2425971213601],[-116.703792815686,45.2400496073036],[-116.702950337088,45.2391461681612],[-116.702701520759,45.2377830018841],[-116.703577273372,45.236338536894],[-116.703709669765,45.236097120186],[-116.703989159272,45.2328676331348],[-116.704124548609,45.2281589537728],[-116.706258959084,45.2244889805821],[-116.708202811311,45.2220950221676],[-116.708912328741,45.2205132909557],[-116.709386600611,45.2194689109616],[-116.709764814095,45.2172489479806],[-116.709376333051,45.2134155149141],[-116.708658216304,45.2100202423404],[-116.708558069599,45.2073631683756],[-116.709548667437,45.2030228549208],[-116.712011057964,45.1974331942865],[-116.714330881665,45.1934258997855],[-116.716081331988,45.1889153626539],[-116.717688092232,45.1843712844073],[-116.720623157433,45.1794874234059],[-116.723178977628,45.1743687350291],[-116.724219209949,45.1715071471372],[-116.724163409714,45.1677408232804],[-116.724200791833,45.1629299962224],[-116.725192573179,45.159227965798],[-116.727369896603,45.1563305866873],[-116.72803137225,45.1542433132784],[-116.728449169394,45.1496343030807],[-116.728770559214,45.1443878606113],[-116.729619596567,45.1420979906298],[-116.731230042233,45.1399413300284],[-116.733316371353,45.1384906920918],[-116.7369687601,45.1375068589545],[-116.742467144043,45.1352716371763],[-116.745547822974,45.1330443743984],[-116.74597197113,45.131193696432],[-116.746345024303,45.1286027352281],[-116.746244952243,45.1268201961951],[-116.746620244728,45.1248841833584],[-116.746873861639,45.1242306514235],[-116.74753580943,45.1235903404219],[-116.748577753161,45.1229513442292],[-116.74999810283,45.1225483679129],[-116.750996774781,45.1222786378489],[-116.752185165013,45.1220438662315],[-116.752852193074,45.1217743771858],[-116.753279726278,45.1204976618377],[-116.753708246938,45.1187843903874],[-116.753943704738,45.1166667288865],[-116.753943308137,45.1152896815736],[-116.754656096402,45.1139782478979],[-116.756795044855,45.1130712222592],[-116.75978993206,45.1117277448396],[-116.762976040312,45.1104837198478],[-116.766731539029,45.1093073841286],[-116.769155159783,45.1080976619776],[-116.770248300119,45.1072569406554],[-116.772245173676,45.1063505598305],[-116.773435176392,45.1061142611643],[-116.774859941733,45.1055422716586],[-116.776427439375,45.1035593870561],[-116.777424449379,45.1019466858909],[-116.77842097195,45.1004012333303],[-116.779466459909,45.0996948176618],[-116.78036862831,45.0986529215951],[-116.78250524572,45.0957972188666],[-116.783550183294,45.0936121315946],[-116.783786011615,45.0921671620849],[-116.783974996049,45.0904543447922],[-116.78425701445,45.0881349392761],[-116.784302701808,45.0857832373066],[-116.78387313074,45.0828932038583],[-116.7839657762,45.0817168438573],[-116.784060845332,45.0807753301174],[-116.784058463028,45.0796000394104],[-116.78398763692,45.0793135729631],[-116.787398508235,45.0790344386884],[-116.788169649909,45.0790358191478],[-116.799903260227,45.0790584802647],[-116.820397706189,45.0792584292332],[-116.827772433851,45.0791094817172],[-116.841017074279,45.0791346978081],[-116.850532049015,45.0791521266694],[-116.858958127316,45.0791674933852],[-116.861286946036,45.0791720457534],[-116.881811698251,45.079407382145],[-116.88238237025,45.0793291114494],[-116.884767452356,45.0793322033186],[-116.886398791971,45.0793350676593],[-116.887824711141,45.0793383681712],[-116.892728402194,45.079347066414],[-116.894572900019,45.079349590811],[-116.898376081691,45.0793567323274],[-116.899284709022,45.0793589023915],[-116.902272264054,45.0793638909309],[-116.90980497472,45.0793780039917],[-116.922603713291,45.0793992873473],[-116.929330473123,45.0794105702417],[-116.939257785219,45.0794279325531],[-116.94309578864,45.0794346756698],[-116.944411308835,45.0794366343932],[-116.949419273581,45.0794173061638],[-116.953236005337,45.0794230609256],[-116.963653861636,45.0794011903128],[-116.98399872606,45.0794289685721],[-117.001005748616,45.0793153149499],[-117.00408606512,45.0792573338589],[-117.007364305318,45.0791942590079],[-117.014188747713,45.0792516078754],[-117.02293618076,45.0793251220568],[-117.043233794804,45.07974603715],[-117.04941078468,45.0798410100546],[-117.063695664623,45.0800117724254],[-117.084221708265,45.0802730362716],[-117.104422860127,45.0803907296485],[-117.116817212245,45.0805187121689],[-117.121975637166,45.0805704447703],[-117.12491694636,45.0805999137551],[-117.136281213207,45.0806491201608],[-117.145863556158,45.0807554344158],[-117.152421860381,45.0808559498423],[-117.155522753372,45.0808727815537],[-117.166227426854,45.0810029494266],[-117.186722022104,45.0811998326062],[-117.20711855168,45.0814850112243],[-117.227130440318,45.081375515168],[-117.2466887307,45.0813349269654],[-117.25101252271,45.081308053424],[-117.266395711393,45.0812993084164],[-117.266309088693,45.1184891789325],[-117.267039956928,45.1244115230734],[-117.267097036899,45.1248838982734],[-117.267097822906,45.1250788218302],[-117.267096273374,45.1253505420939],[-117.267120206133,45.138264079124],[-117.26714668757,45.1517938783848],[-117.267149836995,45.1528521861795],[-117.267162950909,45.1596891048683],[-117.267175635847,45.1658369845892],[-117.267175970395,45.1658658177533],[-117.267474753057,45.1658659085849],[-117.27510719584,45.1658697244083],[-117.28126129887,45.1658718279226],[-117.295904332019,45.1658778102128],[-117.310547367867,45.1658819452956],[-117.320055346777,45.1659288647254],[-117.337837404173,45.1659496831314],[-117.356074427693,45.165967755008],[-117.374311462904,45.1659829616444],[-117.376104014089,45.1659845840214],[-117.396199560361,45.1656353377007],[-117.416294862018,45.1652826128024],[-117.41642286882,45.1652832711061],[-117.417860293018,45.1652857883086],[-117.419435074269,45.1652589957062],[-117.439049438281,45.165280017359],[-117.445934056112,45.1652885483279],[-117.470064211094,45.1653147042103],[-117.470972101881,45.1653150828249],[-117.476157402142,45.1653199823314],[-117.477001289078,45.165320017405],[-117.476949834367,45.1713750124469],[-117.47690502115,45.1765943844234],[-117.476879078407,45.1800356339374],[-117.476847248702,45.1837388496682],[-117.47679239905,45.1906034054228],[-117.476654393585,45.2072589612321],[-117.476636470996,45.209428195255],[-117.486399440082,45.2094761731869],[-117.496304172899,45.209522881276],[-117.501118449757,45.2095320588575],[-117.511124877911,45.2094881827335],[-117.520053677235,45.2094459811472],[-117.520382964003,45.2217450069266],[-117.520712736404,45.2339616314242],[-117.520972084694,45.2436952376452],[-117.521521926596,45.2498188500599],[-117.521525072424,45.2498710790871],[-117.521650955927,45.256609569676],[-117.521708104246,45.2589384558451],[-117.521920915318,45.2677677757623],[-117.521920844272,45.2677691463291],[-117.533153474653,45.2675788776631],[-117.541805118212,45.2674288986248],[-117.541875813918,45.2755998743348],[-117.541945582423,45.2840178011807],[-117.542047173438,45.2959247962924],[-117.543408089612,45.2959264744273],[-117.552257792663,45.2959398293597],[-117.560018779143,45.295951061892],[-117.561646273257,45.295986711018],[-117.562170371166,45.3064304003428],[-117.562270582621,45.3083650489079],[-117.562361522067,45.3101759597528],[-117.562361451919,45.3101773303196],[-117.564287350081,45.3101655788784],[-117.580591756604,45.3100558939644],[-117.582357482812,45.3100576629308],[-117.582724664312,45.3253520651458],[-117.583015959219,45.3374458251648],[-117.583037056415,45.3383012396106],[-117.583103263605,45.3383001550282],[-117.583103126008,45.3383028961618],[-117.59019709432,45.3383021128523],[-117.598596415992,45.3383046345513],[-117.621057021864,45.3383053665995],[-117.622597920258,45.3383064286988],[-117.622602320641,45.3375134146124],[-117.622604577939,45.3368026777015],[-117.623084073071,45.3368241391228],[-117.626046210564,45.336961828026],[-117.626087019101,45.3369628352667],[-117.626114223593,45.3369635070603],[-117.627879615252,45.3369878831843],[-117.631345392876,45.3370527899543],[-117.63542444788,45.3371093663043],[-117.639219664256,45.3371615647545],[-117.643562356418,45.3371982642885],[-117.643716007388,45.3371992922136],[-117.643758825909,45.3371989702563],[-117.643757401383,45.3373855508026],[-117.643756147728,45.3374898047108],[-117.643616108896,45.3600008634492],[-117.643527541863,45.3628198441605],[-117.643504268307,45.363724894888],[-117.643462030748,45.3654870777665],[-117.644450218403,45.3655003418673],[-117.65801035989,45.3656866912878],[-117.663567853574,45.3657632146007],[-117.663438642579,45.3748696983779],[-117.663546609788,45.3886677303315],[-117.663754748883,45.4153138043886],[-117.66385413566,45.42789976786],[-117.663854068211,45.4279011384269],[-117.682821991442,45.4280194892081],[-117.683714273595,45.4280232150994],[-117.683717536335,45.4287559871991],[-117.683731700657,45.4307444790745],[-117.683734781735,45.431001132996],[-117.683743120249,45.4321895592008],[-117.683854611001,45.4478558787459],[-117.684113253324,45.4721023385521],[-117.68409881291,45.4734781582904],[-117.684093390897,45.4738292734023],[-117.684064224085,45.4767867092393],[-117.684052578763,45.4780651773661],[-117.684017670679,45.4817400473653],[-117.683864123131,45.497443447757],[-117.683868403904,45.499315004384],[-117.683868471353,45.4998734231201],[-117.684122304101,45.5035483560718],[-117.683965917393,45.5151505358686],[-117.683967932774,45.5151492120665],[-117.685320787424,45.5151804671049],[-117.685322736255,45.5151805138697],[-117.685387062063,45.5151820652002],[-117.69676253896,45.5150235938638],[-117.697194058859,45.5150188634299],[-117.712236969261,45.5148673051821],[-117.727279798724,45.5147138088952],[-117.727234077191,45.5216755858597],[-117.726985750092,45.5601796608627],[-117.727666862436,45.5700190282556],[-117.727427521363,45.5717461240844],[-117.727183999342,45.5734786068523],[-117.727184064093,45.5738833341486],[-117.727184827618,45.5743141435829],[-117.727182400347,45.5754610345991],[-117.727179537805,45.5759672162141],[-117.727172140882,45.5828212759811],[-117.727161600827,45.591121254942],[-117.727181251014,45.5913220231928],[-117.727183507413,45.5913563745971],[-117.727159223919,45.6172810592735],[-117.728087242432,45.61729345373],[-117.730277398283,45.6173220197954],[-117.731157412784,45.6172756336636],[-117.745592249283,45.6172076548095],[-117.746442880235,45.6172029909254],[-117.746436882656,45.6178599924447],[-117.746416835868,45.6197513728276],[-117.746386862364,45.6227907971576],[-117.746289207681,45.6236473069777],[-117.746146449299,45.6248745380296],[-117.746251991936,45.6290050558387],[-117.746453337551,45.6368981662175],[-117.746470136887,45.6373238459188],[-117.746485178948,45.6377453689537],[-117.746355781794,45.638201906193],[-117.746374377076,45.6387126851424],[-117.746390062152,45.639161660882],[-117.746368160063,45.6398649217288],[-117.7461654178,45.6463930536965],[-117.746209016933,45.6485890848185],[-117.746291592683,45.6527917120679],[-117.74629141012,45.6529590768],[-117.746290912795,45.6530921368927],[-117.746444858743,45.6599331636846],[-117.751044903599,45.6605365368318],[-117.7510996876,45.6605364522955],[-117.751113302437,45.6605381430209],[-117.755408026559,45.6604893961688],[-117.756053970914,45.6604825909988],[-117.764666717895,45.660387866307],[-117.767021642135,45.6603591932222],[-117.767010873653,45.6626458238458],[-117.766943136716,45.6780789042181],[-117.766939871278,45.6793011377374],[-117.766936330647,45.6802407646996],[-117.766929562349,45.6817839257876],[-117.766915982587,45.6854477853871],[-117.76689857441,45.6894805693728],[-117.769145004438,45.6894945646225],[-117.770045191632,45.6894990918097],[-117.77187874291,45.6895102676847],[-117.778105509362,45.6895454158883],[-117.778611851955,45.6895585549834],[-117.778617782984,45.6895573211135],[-117.778680285866,45.6895601449847],[-117.78673872761,45.6896044599779],[-117.787665824318,45.6895779218837],[-117.787645731665,45.6936983996615],[-117.7876419716,45.6940687027085],[-117.787633080902,45.694962921102],[-117.787612552977,45.6970585788903],[-117.787837867324,45.7085952223916],[-117.787837801673,45.7085965920591],[-117.787878770289,45.7107169758078],[-117.787965744623,45.7151416744488],[-117.788100062868,45.7220504004057],[-117.788134866631,45.7238866631391],[-117.788149581338,45.7246126804309],[-117.788152477155,45.7246758497108],[-117.788154549193,45.7247979866378],[-117.788415129555,45.7498746483964],[-117.788398405762,45.7523050320517],[-117.788393215774,45.7529962815532],[-117.788381166657,45.7549123582188],[-117.788269860266,45.7713036464462],[-117.788248841311,45.7733264888265],[-117.788247248612,45.7737338610289],[-117.787914110947,45.7737316450994],[-117.785009077707,45.7737302772306],[-117.783409509341,45.7737302763313],[-117.774410032297,45.7737286161827],[-117.758400766182,45.7737231132311],[-117.751099823398,45.7736592181984],[-117.747113495691,45.773354465836],[-117.747111537867,45.7733544199705],[-117.747141610297,45.7861413441478],[-117.747150021656,45.789687534652],[-117.747153210652,45.7906025705523],[-117.74716171644,45.7947194015792],[-117.747171991194,45.7985948356832],[-117.747185587145,45.8038324791856],[-117.747194651412,45.8080603989683],[-117.747199648045,45.8103691520148],[-117.747235713557,45.8246675487684],[-117.747256833236,45.8332248372565],[-117.747262499864,45.8352743130591],[-117.747276114701,45.8411661360084],[-117.747316107552,45.8577962149234],[-117.74732014281,45.8591844641917],[-117.74732437502,45.8610185145928],[-117.747324309369,45.861019886059],[-117.748515989321,45.8610203707935],[-117.750885689423,45.861019612665],[-117.751034992171,45.8610176197674],[-117.751042836058,45.8610178041284],[-117.751043258739,45.8608861316897],[-117.773976100417,45.8609253790031],[-117.794651155426,45.8609623564276],[-117.815326234718,45.8609956951952],[-117.82235254973,45.8610381009277],[-117.825724466911,45.8610147824064],[-117.83048485819,45.8610229266668],[-117.852241296698,45.8610585659001],[-117.870069984842,45.8611641597982],[-117.870070047794,45.8611627892314],[-117.874286444564,45.8611309190567],[-117.874276871281,45.864727092981],[-117.87427635507,45.8648669861226],[-117.874291634551,45.8760665493318],[-117.874287526448,45.8762420223515],[-117.874135443896,45.8895513887856],[-117.874096083268,45.8904105003444],[-117.873943170641,45.9045934196507],[-117.87374858343,45.9196407322341],[-117.873832983905,45.9340028549478],[-117.87391501017,45.9488461931973],[-117.882442345838,45.9488455636719],[-117.894703472387,45.9488433882119],[-117.915646235785,45.9488595022643],[-117.93619469413,45.9488962152881],[-117.956927172651,45.94885925585],[-117.957070744919,45.9488582441127],[-117.957480617237,45.9489260763774],[-117.957580488749,45.9489350920809],[-117.971274220029,45.9490299462751],[-117.971439458764,45.949028010934],[-117.975113542756,45.9489519309869],[-117.975298606146,45.9489463021302],[-117.977427852713,45.9489919697037],[-117.97743228817,45.9488466869251],[-117.977552469071,45.948841034686],[-117.977565420208,45.9440397350458],[-117.977843704623,45.933928186037],[-117.977735917279,45.9194605980283],[-117.977622482192,45.9050777792162],[-117.977604018211,45.9042476087402],[-117.977639325594,45.8905028526246],[-117.977718248298,45.8803633427941],[-117.977749259621,45.8763110740969],[-117.977669478064,45.8749556383921],[-117.977663329399,45.8607241853729],[-117.979548974805,45.8607440837725],[-118.000137581584,45.8610166781772],[-118.003601357317,45.8609956978932],[-118.00654123479,45.8609689826325],[-118.020798590083,45.8608414371826],[-118.026235748181,45.8608984497038],[-118.041089020342,45.8608783696411],[-118.061641297208,45.8609405496667],[-118.082493933248,45.8609531986313],[-118.107763496888,45.8609109071127],[-118.122754028076,45.8608832997245],[-118.127314363367,45.8608753722007],[-118.13781530803,45.8608990909204],[-118.14892209268,45.8609874852843],[-118.169506239721,45.8608778300479],[-118.173434735625,45.860717059145],[-118.189845135345,45.8607597490632],[-118.196967786634,45.8607802760889],[-118.206558586809,45.8608307496394],[-118.206745138577,45.8608289060293],[-118.20639681676,45.8744954570997],[-118.206386792916,45.8749423509088],[-118.206503365738,45.8902868750393],[-118.206505160785,45.8905365097522],[-118.206599755075,45.8953877181687],[-118.206781568315,45.9051283391016],[-118.206735328772,45.9072654709248],[-118.206393411027,45.9203228194426],[-118.206126281802,45.9304782778503],[-118.204160280173,45.94883291111],[-118.205081042056,45.963579350107],[-118.205097657931,45.9651759363205],[-118.205148473223,45.9768087380329],[-118.204837549713,45.9845123675518],[-118.204459049346,45.9912012236576],[-118.203933975672,46.000461171346],[-118.182971047676,46.0006745966554],[-118.163403856703,46.0007213766903],[-118.142287897369,46.0006242067418],[-118.123519743242,46.0001400387318],[-118.103007211913,46.0004813512334],[-118.074436648033,46.0004381118295],[-118.060482837313,46.0006244126865],[-118.040312869443,46.0002062711026],[-118.018563948368,46.0003987197252],[-117.990289953918,46.0006649784061],[-117.978808359718,46.0004197512706],[-117.957068723243,46.0003857353135]]],[[[-118.388217982574,45.9748648453364],[-118.388248742985,45.9752788761193],[-118.38824136135,45.9752973320063],[-118.388272530953,45.9767233689884],[-118.390964650598,45.9767387752743],[-118.390964859241,45.9767467468649],[-118.391292146815,45.9767350583763],[-118.391292146815,45.975285141696],[-118.391398617552,45.9752853611305],[-118.392530372978,45.975287691274],[-118.395081810777,45.9752716293822],[-118.395091129552,45.9765690102517],[-118.39504335127,45.9774937579306],[-118.396201893902,45.9774911543933],[-118.399309316871,45.9774945313476],[-118.399277410724,45.9738628620815],[-118.40283581672,45.9738440293785],[-118.404140026141,45.9738357151462],[-118.408693869227,45.9738083676621],[-118.4086665784,45.9721870536897],[-118.415746599126,45.9721809742726],[-118.415851444788,45.9749184862991],[-118.416021359998,45.9788940131482],[-118.423751122017,45.9788372290549],[-118.423939430161,45.9688208094329],[-118.417779381713,45.9687942848284],[-118.417727543891,45.9635702300821],[-118.414243386823,45.9635661363682],[-118.414074555296,45.9594575656142],[-118.422423177687,45.959450276609],[-118.422526949559,45.9556152994066],[-118.414587658993,45.9556270967132],[-118.414741271293,45.9445539979687],[-118.416153806753,45.9449533823927],[-118.417508028373,45.9453352624125],[-118.417682275616,45.936002625221],[-118.415764216845,45.9359988291827],[-118.413445232212,45.9359947480592],[-118.413606907833,45.9329053457052],[-118.410630182437,45.9183413746547],[-118.401722712333,45.9109436036644],[-118.392817539997,45.9035451213103],[-118.392780459151,45.903218079251],[-118.391122189338,45.8887645899139],[-118.391372038988,45.8781287523401],[-118.391571103024,45.8712741529798],[-118.392012294232,45.8592729943533],[-118.375087384275,45.8593273943438],[-118.374496175358,45.8593386421646],[-118.373573023077,45.8593562212127],[-118.363383065776,45.859178198615],[-118.363438488296,45.8537389073248],[-118.363503109081,45.847103905321],[-118.358773088807,45.8470712572328],[-118.354090191209,45.847037906774],[-118.354147793686,45.8435569665808],[-118.354204263016,45.8401061689646],[-118.33365489186,45.8398468503519],[-118.313517624239,45.8396903494302],[-118.314067026372,45.8332013748436],[-118.314184712554,45.8318115616543],[-118.315614267684,45.8163162131228],[-118.327036786319,45.8161675156184],[-118.33714932728,45.8160635252116],[-118.3371457192,45.8160031150518],[-118.336828595763,45.8106267142515],[-118.336769495915,45.8096450430843],[-118.33672704072,45.8088981947959],[-118.336730960865,45.808898267641],[-118.3506230682,45.8086899360918],[-118.357339204341,45.8084918136464],[-118.357756023022,45.8085679943175],[-118.362710110283,45.8095552241943],[-118.365507407441,45.8101135556961],[-118.366759641444,45.8103488920877],[-118.373697142109,45.8116953381694],[-118.383461268623,45.8118114604306],[-118.391320017705,45.8119048990919],[-118.391555299238,45.8119063829732],[-118.394452297036,45.8119487833097],[-118.394465710424,45.8122781636064],[-118.394660384869,45.8176644515532],[-118.394718366859,45.8192919843377],[-118.394743849149,45.8192924411933],[-118.394763500235,45.8192914222614],[-118.399601872628,45.819354772305],[-118.401411896742,45.8193638266793],[-118.402407980444,45.8193720293957],[-118.404110049939,45.8193832277538],[-118.4049414336,45.8193898386702],[-118.405066979857,45.8193893368485],[-118.410157914256,45.8194115024389],[-118.411244611849,45.8194088989016],[-118.412370760902,45.8194001296123],[-118.412661305775,45.8193929539217],[-118.415054463792,45.8193312532348],[-118.415015657147,45.817267976436],[-118.414963572911,45.8144364735645],[-118.414950411332,45.8137189953354],[-118.414926432709,45.8123814480455],[-118.414917265919,45.8118779787857],[-118.41489749972,45.810802443578],[-118.414846726695,45.808097122784],[-118.414784113196,45.8046921654112],[-118.41478449271,45.8046277145974],[-118.414780587854,45.8045193040227],[-118.404478475201,45.8045648447918],[-118.397538708245,45.804624504917],[-118.39735626458,45.8046267226452],[-118.39536069504,45.8046636398152],[-118.394189962097,45.8046659546701],[-118.394165275707,45.8028264327937],[-118.394143398799,45.8012845586355],[-118.394091169772,45.7975766538395],[-118.394088058117,45.7974476838636],[-118.39408670194,45.797377715709],[-118.39408419463,45.7971788135515],[-118.393988386255,45.7903295327818],[-118.393982969638,45.7899426912023],[-118.393760951307,45.7758457659694],[-118.39375784325,45.7756098207367],[-118.393729321251,45.7754790206403],[-118.394827542757,45.7755138208062],[-118.413837350114,45.775596970324],[-118.415191202112,45.7756086956848],[-118.41581585142,45.7610399582276],[-118.421027733843,45.7609336053017],[-118.421075149698,45.7538289476479],[-118.421078675041,45.7534066017333],[-118.415932065412,45.7534606177134],[-118.415920855363,45.7475576503653],[-118.415929665122,45.7462343429406],[-118.415991343326,45.7425887099011],[-118.415846485027,45.739075172881],[-118.415805049663,45.7349243591719],[-118.415675442068,45.7184601557117],[-118.415665811228,45.7170514648533],[-118.415560205639,45.7025734411115],[-118.420707314391,45.7025963333542],[-118.425720243394,45.7025946804002],[-118.42589057499,45.7025935814287],[-118.430845066047,45.7025838156906],[-118.432377907414,45.7025779629027],[-118.442313434817,45.7025814567689],[-118.446396114989,45.7025927486565],[-118.450510142829,45.7026030755715],[-118.450698030989,45.7026036196614],[-118.451653171257,45.7026052366424],[-118.456352384355,45.7026173604029],[-118.456900399734,45.7026186887016],[-118.461407948418,45.7025710363243],[-118.47785144229,45.702578977338],[-118.486757304406,45.7025814972384],[-118.488054391197,45.7025996662417],[-118.488636334399,45.7025822292865],[-118.497659615599,45.7025845648259],[-118.505778617689,45.7025859030171],[-118.506964255996,45.7026005934427],[-118.50988650316,45.7026022688797],[-118.512539221708,45.7025869561232],[-118.518816362785,45.7025876737821],[-118.520129676044,45.702589304253],[-118.52897824505,45.7027755358623],[-118.538925188447,45.7026091990554],[-118.540213024811,45.7026115489838],[-118.54105470571,45.7026105390452],[-118.554456321002,45.7026720292908],[-118.560401714767,45.7026992949366],[-118.560628636203,45.7027030523041],[-118.565813684654,45.7027572256655],[-118.570976622373,45.7027120626117],[-118.571003321446,45.699056242052],[-118.571082024716,45.6882464234337],[-118.581312517159,45.6882965156717],[-118.602124413911,45.688435363801],[-118.62152034159,45.6885505543647],[-118.621457207384,45.7031291645793],[-118.638154545696,45.7031982208213],[-118.652501020206,45.7031496781152],[-118.652721657179,45.6884790321816],[-118.662796055194,45.6885113169438],[-118.684043527787,45.6886067817776],[-118.704183103068,45.6886498682969],[-118.704277007578,45.6959855419992],[-118.724825367896,45.6960532483588],[-118.724827323922,45.6960532771371],[-118.724821195042,45.6952372089301],[-118.724814305336,45.6944458136235],[-118.724763794913,45.6887263502409],[-118.732975262598,45.6887586332044],[-118.73317288592,45.6887588706254],[-118.735949063399,45.6887732867579],[-118.736303195736,45.6887745062385],[-118.736403906315,45.6886169414188],[-118.736516225344,45.6884636663652],[-118.736636324407,45.6883118778909],[-118.736766033626,45.6881657209713],[-118.736903483309,45.6880224229965],[-118.737048668961,45.6878819830671],[-118.737201511441,45.6877471450148],[-118.737362049419,45.6876165355747],[-118.737532238922,45.6874901871225],[-118.737708128327,45.6873694081717],[-118.737889715838,45.6872542014203],[-118.738078999746,45.6871432232812],[-118.738273981759,45.6870378164421],[-118.7384766197,45.6869380087821],[-118.738682958352,45.68684511511],[-118.738894995108,45.6867577918387],[-118.739112730868,45.6866760389681],[-118.739334211405,45.6865998277199],[-118.739561304611,45.6865319298047],[-118.739790186568,45.6864695429351],[-118.740022812403,45.6864126976879],[-118.740259095781,45.6863641351968],[-118.740499123935,45.686321114328],[-118.745325441816,45.685511714594],[-118.745388360185,45.6855016862539],[-118.74609744684,45.6852832849956],[-118.746938418173,45.6848460597978],[-118.747692991638,45.684418507708],[-118.748258425986,45.6840978328487],[-118.748955181137,45.6837050638377],[-118.749942705991,45.6831438410155],[-118.750924673035,45.6827004662536],[-118.751698157444,45.682485736028],[-118.751808380153,45.6824640677626],[-118.751969699642,45.6824349342249],[-118.752132892419,45.6824085696998],[-118.752295917023,45.6823876901398],[-118.753951878277,45.6822341093168],[-118.754822003832,45.6821222822176],[-118.755445054146,45.6820287095574],[-118.755726162432,45.6819848990839],[-118.755934455311,45.681955086558],[-118.756218559239,45.681941489708],[-118.757074485399,45.6817814355649],[-118.757434520886,45.6817154810846],[-118.757833917002,45.6816418832664],[-118.758042414925,45.6816052143092],[-118.758046565297,45.681468136945],[-118.758060386078,45.6784910581159],[-118.756271981667,45.6785645543108],[-118.756175996125,45.6785686111525],[-118.755803826985,45.6785836388239],[-118.755804134553,45.6779925737983],[-118.754749880003,45.6779850959355],[-118.754734069921,45.6779903461776],[-118.754346803862,45.6781162269824],[-118.754376678441,45.6781633001962],[-118.753101946997,45.6785872514006],[-118.753083224012,45.6785595441877],[-118.752223755422,45.6788374553843],[-118.75170216932,45.6790052077242],[-118.751154867103,45.6791821736185],[-118.751032249938,45.6792255991821],[-118.750915291308,45.679275964814],[-118.750802075655,45.6793318720683],[-118.750696515931,45.6793933803003],[-118.750620623043,45.6794443592698],[-118.750464799311,45.6795503713526],[-118.750269078955,45.6795529326218],[-118.750128196559,45.6795535702411],[-118.749525434052,45.6795596478595],[-118.749337535998,45.6795623251413],[-118.74894809268,45.6795661022938],[-118.748456879381,45.6795710989271],[-118.747973444319,45.6795775812404],[-118.747347214902,45.679583296432],[-118.74532755882,45.6796037946795],[-118.744799406767,45.6795369103002],[-118.744791294882,45.6781352242613],[-118.744790213897,45.6778499584089],[-118.744777091889,45.6762918559844],[-118.744776306781,45.6762534450405],[-118.744777310425,45.6762205460414],[-118.743967809067,45.6762070391236],[-118.743947180418,45.6751521253703],[-118.744000395102,45.6725746935673],[-118.743822705254,45.6723718038157],[-118.743308188722,45.6717963267391],[-118.743046941063,45.6715112704288],[-118.742861394738,45.6713096334329],[-118.742408826206,45.6708201072622],[-118.741488542762,45.6697612805587],[-118.740103404249,45.6693208213989],[-118.739086876258,45.669811585936],[-118.737868356939,45.6710851158854],[-118.737491219045,45.6713276639406],[-118.737341552071,45.6714241522029],[-118.736910482733,45.6717029141582],[-118.736612826021,45.6718410581184],[-118.736529486746,45.6718795733836],[-118.736243770334,45.6720110389783],[-118.736168376569,45.6720455603544],[-118.736138292448,45.6720697916876],[-118.73569142382,45.6724168823333],[-118.73464928044,45.6732295016403],[-118.733998366431,45.6737229920225],[-118.732989235365,45.6742234161778],[-118.732148787437,45.6743903843088],[-118.731040383807,45.6746191268713],[-118.727212411424,45.6742238721341],[-118.726453208249,45.6741026633073],[-118.725624375964,45.673955708689],[-118.724769401287,45.6737685822543],[-118.72448780197,45.6738287693823],[-118.723932423842,45.6739492587513],[-118.723441153886,45.6741475178937],[-118.723126506283,45.6743909679689],[-118.722864005869,45.674592694897],[-118.722670568892,45.6747118145986],[-118.722116563129,45.6750407704153],[-118.721403141742,45.675337132103],[-118.721249992593,45.675418461393],[-118.721080450602,45.6756503956493],[-118.721074023148,45.6759849209674],[-118.72078571309,45.6762616792332],[-118.720687009798,45.67629034962],[-118.718723697141,45.6762632449528],[-118.71817721061,45.676411271563],[-118.71712600656,45.6763692147675],[-118.71650817861,45.676167810696],[-118.715952801381,45.6759083832653],[-118.715687460908,45.6755697165692],[-118.715379275833,45.6752879967437],[-118.714402490682,45.674865798318],[-118.713259293182,45.6747002484178],[-118.711956058625,45.6745857287484],[-118.711293580234,45.6745632690797],[-118.710823966853,45.6744408956309],[-118.710405443956,45.6743741578412],[-118.709825598872,45.6743995807761],[-118.709342629659,45.6743921964427],[-118.708750462064,45.6743735391076],[-118.70806835597,45.6742904192675],[-118.707387781421,45.6742210311757],[-118.707069575201,45.6741997028541],[-118.706433015271,45.6742873247003],[-118.705508431269,45.6743266439595],[-118.704322076203,45.6748556521667],[-118.70416306977,45.6749985832181],[-118.703959143999,45.6750763691791],[-118.703332958649,45.6750818478491],[-118.702539254783,45.6750641815668],[-118.701974600148,45.6749787135968],[-118.700991431609,45.6748264727636],[-118.700602168156,45.6745750088297],[-118.699561886372,45.6742477077656],[-118.699587229267,45.6714366959468],[-118.699590025259,45.6711597119512],[-118.699592297846,45.6710870620183],[-118.699592958848,45.6710034160748],[-118.699599451953,45.6704206625836],[-118.699599872836,45.6702821570959],[-118.699588142079,45.6702819763322],[-118.69954899459,45.6702827461519],[-118.699470701412,45.6702842848919],[-118.699083230307,45.6702892968137],[-118.698043205729,45.6705187804174],[-118.697477299238,45.6706622969275],[-118.696353338236,45.6709480726955],[-118.695352719253,45.6711054540535],[-118.69525478578,45.6711094299563],[-118.694880651621,45.6711256060619],[-118.694210805984,45.6711523060342],[-118.694050563882,45.6711470917649],[-118.692895803798,45.6711045898051],[-118.691779228928,45.671029752721],[-118.684129581215,45.6706288583352],[-118.684065060254,45.6706278573898],[-118.684031865378,45.6706259706121],[-118.68396543066,45.6706235694222],[-118.68146745306,45.6703749716277],[-118.678846324998,45.6701861202933],[-118.675176502893,45.6699424696693],[-118.67353099356,45.6698317847092],[-118.673370888156,45.6698224299612],[-118.673318186085,45.6698188650486],[-118.671276309554,45.6696855063811],[-118.67039592813,45.6696278670325],[-118.666916821654,45.6694171082131],[-118.663972955687,45.6692914396482],[-118.663193597806,45.6692559020383],[-118.663187524684,45.6674235729396],[-118.663187319639,45.6673687115968],[-118.663187071426,45.6673152226195],[-118.659012250315,45.6672729679731],[-118.658101057218,45.6672627507754],[-118.658092544236,45.6661229536115],[-118.658109250941,45.6654786406268],[-118.65742273637,45.6654774391326],[-118.657008055377,45.6654777691838],[-118.656665796789,45.6654764948444],[-118.656583642821,45.6654765730854],[-118.654105375663,45.6654772988383],[-118.65407209715,45.6654781451004],[-118.654023221694,45.6654773752807],[-118.653984077803,45.6654781289126],[-118.652919982871,45.6654791748241],[-118.65294436619,45.6600870529751],[-118.652945728662,45.6600445591092],[-118.648276977401,45.6600517204106],[-118.642628100906,45.6600061175883],[-118.642631773737,45.6592861662236],[-118.642657181384,45.6528009786823],[-118.642592636141,45.6528013258206],[-118.642592405915,45.6527478359439],[-118.638847376205,45.6527514359301],[-118.637396955905,45.6527324791207],[-118.632155930951,45.6527353650451],[-118.626865907336,45.6527413473353],[-118.62163425062,45.6527562553969],[-118.62165904313,45.6509175222259],[-118.621750328815,45.6454221537095],[-118.621755055651,45.6308914683666],[-118.621989544882,45.6164466341049],[-118.621874255393,45.6164461547663],[-118.621841092892,45.6164442509015],[-118.615987169173,45.6163446267032],[-118.599968101347,45.6164997183873],[-118.597746097804,45.6164965212974],[-118.59441602428,45.6164916937367],[-118.590446353816,45.6165023911724],[-118.587538286263,45.6165015134342],[-118.579289088421,45.6163197217778],[-118.579299242666,45.6150773020759],[-118.579317319938,45.6128351797998],[-118.579317149966,45.6127816890238],[-118.579317206624,45.6127213427159],[-118.579342169106,45.6092175390582],[-118.579374157092,45.6050925466837],[-118.579396686908,45.6021304379694],[-118.579351772067,45.602129699626],[-118.579351817932,45.6021283290592],[-118.559012015792,45.6020064646267],[-118.558955916982,45.5981035328518],[-118.558903519782,45.5944969061074],[-118.558901599729,45.5944378979906],[-118.558899944077,45.5943130612988],[-118.558887216872,45.5933568904082],[-118.558871172067,45.5923252304251],[-118.558859117554,45.5914650765521],[-118.561435407218,45.5914776463763],[-118.561752302227,45.5914650702568],[-118.562582362986,45.591296413199],[-118.563136371446,45.5910875177748],[-118.563465402806,45.5909462135969],[-118.563903475165,45.5907573388802],[-118.566910359326,45.589462988726],[-118.569062381224,45.5887839807961],[-118.570270445924,45.5885255048482],[-118.570414115319,45.5884935879088],[-118.57194687215,45.5881636482338],[-118.574456215382,45.5874273426978],[-118.574959412147,45.5872751603205],[-118.576857494278,45.5868249902811],[-118.57816566971,45.5864322986117],[-118.579549738929,45.5860476972435],[-118.580082514397,45.5858863777542],[-118.581341585945,45.5853831216338],[-118.581491965182,45.5853252430655],[-118.584599028422,45.583816758037],[-118.584690332093,45.583772993429],[-118.584723201415,45.5837831323857],[-118.585897701618,45.5832359263969],[-118.586756979551,45.5832403906316],[-118.587475284257,45.5833728391852],[-118.588016934234,45.58364914779],[-118.588596190262,45.5847942473567],[-118.589129068252,45.5859248687378],[-118.58951986415,45.5868049192117],[-118.590072038893,45.5874132979854],[-118.590181460306,45.587412342006],[-118.590217508731,45.587444475682],[-118.590422639593,45.5874437121577],[-118.593327698015,45.5874321495741],[-118.600310384217,45.5873922061854],[-118.605692434558,45.5873766685984],[-118.61494452487,45.587347912776],[-118.621702162025,45.5873784969202],[-118.632383097002,45.5872588439206],[-118.638894117569,45.5873036958089],[-118.64292421528,45.5874144104467],[-118.648365267443,45.5873841311728],[-118.659106379656,45.5875167191214],[-118.663173464684,45.5875710849377],[-118.663195395551,45.5910509198641],[-118.663194828978,45.5910687399304],[-118.663195514262,45.5911085241391],[-118.663214214764,45.5946897909012],[-118.684052405894,45.5947107963662],[-118.702272417838,45.5947413517321],[-118.70227240165,45.6018812547162],[-118.702031911244,45.6089625740636],[-118.694065775915,45.6089454473745],[-118.684012842918,45.6090476301441],[-118.683987019785,45.6090609437076],[-118.683992413919,45.6094477843878],[-118.683998204653,45.6162695701846],[-118.68411924171,45.6214816477599],[-118.684136316238,45.6236680237603],[-118.684169528201,45.6236685399712],[-118.693739314817,45.6235972471153],[-118.703685214101,45.6236228346262],[-118.703771173101,45.6236241548309],[-118.704954377842,45.6236642591983],[-118.707754982706,45.6236098223355],[-118.710135805623,45.6236037564083],[-118.710315666435,45.623602393036],[-118.712864414361,45.6236015818476],[-118.714187606673,45.6236025872896],[-118.715530379024,45.6236025036526],[-118.724930942009,45.6236906543003],[-118.725687247568,45.6236938972556],[-118.725684965089,45.6235142028183],[-118.725644321128,45.6163313041464],[-118.725506300375,45.6017149448888],[-118.725462617606,45.5878432305807],[-118.725277077575,45.5770578366499],[-118.725271356088,45.5674107002437],[-118.725364413437,45.5586139681602],[-118.721901031607,45.558612066094],[-118.720134829659,45.5585906631287],[-118.7178449291,45.5585845648259],[-118.709041291123,45.5586022068264],[-118.704724761139,45.5585990600986],[-118.704786208217,45.5437684670412],[-118.704706289064,45.5294663578862],[-118.715148255288,45.5293946099733],[-118.71530433083,45.5293956244086],[-118.718101880697,45.529417764818],[-118.725513906841,45.5295182685533],[-118.725513968895,45.5293893462414],[-118.725483732788,45.5223145622673],[-118.725470404835,45.5188142174023],[-118.725410720428,45.5149181600451],[-118.732768714405,45.5148747713537],[-118.733873054898,45.5148695364001],[-118.735857450361,45.5148570160385],[-118.736290798581,45.5148484760763],[-118.736381235306,45.5102291533528],[-118.736367767059,45.5065203195572],[-118.736377691977,45.5047909628327],[-118.736379093121,45.5046812608316],[-118.73640569057,45.4991502440885],[-118.736551980589,45.4991497107906],[-118.736858718655,45.491852243886],[-118.736947667001,45.4845967177644],[-118.733755349829,45.4846115385917],[-118.727078246064,45.4846405902911],[-118.726680455239,45.4846414032782],[-118.723872575759,45.4846453360135],[-118.695551203225,45.4848308121923],[-118.695665919846,45.4731097627055],[-118.695693483168,45.4702929700446],[-118.696031898953,45.4562120419523],[-118.696034896393,45.4561160770953],[-118.695912915049,45.4505359303889],[-118.695876740719,45.4488236221125],[-118.695723846978,45.4417383295603],[-118.695763814648,45.4270408298705],[-118.695765335402,45.4269297528059],[-118.684635572174,45.4269119669138],[-118.675122476121,45.42689649138],[-118.665784739774,45.426878881755],[-118.654536191392,45.4268577252039],[-118.654625063296,45.4122978973302],[-118.654576207626,45.4031510285972],[-118.654551301801,45.3979521000094],[-118.654608122767,45.383541053277],[-118.654663778211,45.369165542356],[-118.654687924108,45.3546179650471],[-118.654788836136,45.3451673107228],[-118.656204772832,45.3451719152517],[-118.658954164903,45.3452058268875],[-118.661495575261,45.3452350188811],[-118.675942683908,45.3451618914082],[-118.696669547961,45.3450595980221],[-118.71747339668,45.3452304988884],[-118.739517193763,45.3455001111413],[-118.739244324166,45.3240308684299],[-118.738947824882,45.3006598788504],[-118.751537938725,45.3006838340917],[-118.772488628747,45.3008014006642],[-118.793439403306,45.3009151936813],[-118.813777074053,45.3008908211546],[-118.834114726813,45.3008628927084],[-118.854514934617,45.3008521835815],[-118.874915134326,45.3008378969515],[-118.875007405667,45.3208306965794],[-118.87501429987,45.324881192713],[-118.87510142529,45.3415255843383],[-118.895682736769,45.3418055657743],[-118.915924691771,45.3419812771143],[-118.915938854295,45.3562487533773],[-118.915915257883,45.3695500214164],[-118.915861825563,45.3852908084241],[-118.915811438347,45.4002085736668],[-118.915763526965,45.4143952251596],[-118.915716716353,45.428185409629],[-118.915666682571,45.4433003422371],[-118.915666232011,45.4433167944346],[-118.913246949587,45.4432962449258],[-118.894885039013,45.4430394758912],[-118.894476538162,45.4717685452822],[-118.873795024221,45.4717413443876],[-118.873923447409,45.4773581078904],[-118.873945604906,45.4862649853409],[-118.877692642801,45.4862828431787],[-118.894525399228,45.486420979045],[-118.89958806164,45.4863862787038],[-118.919303944721,45.4864759941718],[-118.939019888057,45.486562378551],[-118.938945971879,45.5004037110625],[-118.938356413218,45.5299124072318],[-118.912430043212,45.5298385513082],[-118.912404501566,45.537858470592],[-118.912435974241,45.5381331891954],[-118.912458832309,45.5419831589957],[-118.912481507815,45.555910470292],[-118.912483492619,45.5588878845683],[-118.911306310638,45.5588869726557],[-118.892048420798,45.5588471227965],[-118.881252019165,45.5588612718303],[-118.871221568321,45.5588508154129],[-118.870956790823,45.5732692177003],[-118.860583601152,45.5731365344236],[-118.848605541612,45.573266899248],[-118.848520121307,45.5763171541134],[-118.848208623129,45.5873253991479],[-118.848332999368,45.602207144744],[-118.871424287201,45.6024144078987],[-118.871440492984,45.6042605550806],[-118.871452799307,45.6056225378499],[-118.871441624331,45.622540023903],[-118.871226357211,45.6312590923333],[-118.871326047959,45.6312591076218],[-118.875248525599,45.6312820969912],[-118.891321637284,45.6313711487596],[-118.904789823991,45.6315047916129],[-118.918472713045,45.6315794461346],[-118.934667270978,45.631712525113],[-118.950861903554,45.6318433629809],[-118.967056608975,45.6319719597382],[-118.983251386342,45.6320983162843],[-118.985839652278,45.6321633768384],[-118.996593097793,45.6322883169523],[-119.006475368244,45.6323147570205],[-119.00858311292,45.6322922721707],[-119.027270310976,45.6324315888468],[-119.027240842891,45.6468082850744],[-119.026636437322,45.6756243755646],[-119.026309827836,45.6756216380282],[-119.026300051306,45.6756215148211],[-119.025817000254,45.6756168059709],[-119.025095375251,45.6756090915864],[-119.024751166933,45.6756061274209],[-119.024485214921,45.6756027774463],[-119.022457157372,45.6755840625545],[-119.022242049431,45.6755813492999],[-119.021702288929,45.6755759084015],[-119.016748558699,45.6755283540504],[-119.010979036353,45.6755593563793],[-119.010466476746,45.6755610659905],[-119.010356932127,45.6755610444067],[-119.006078647611,45.6755668819061],[-119.005049653219,45.6755688352336],[-119.004388439275,45.6755699917618],[-119.003048374783,45.6755734388632],[-119.001631938063,45.6755800084107],[-119.00145195944,45.6755804481792],[-119.001230878202,45.6755817333104],[-119.000966741022,45.6755838368247],[-119.000870884983,45.6755839807162],[-119.000649803745,45.6755852649481],[-118.999959113622,45.6755915044444],[-118.999749729866,45.6755943067319],[-118.99648136872,45.6756538679317],[-118.996197460844,45.675663935842],[-118.995688846563,45.675664259598],[-118.974654726434,45.675233102126],[-118.953620921968,45.6747981648035],[-118.953224366811,45.6747778437226],[-118.952486971297,45.6747749577981],[-118.943129769124,45.6747345818355],[-118.932887146624,45.6747392079482],[-118.932885190599,45.6747391818678],[-118.932883236372,45.6747391557874],[-118.932884370417,45.6747693397333],[-118.933276298562,45.6896178346954],[-118.915122312145,45.6894723477707],[-118.912516761239,45.6894452925662],[-118.912516610153,45.6894507757328],[-118.912640242653,45.7037635688337],[-118.891578518734,45.7036450022151],[-118.891736763441,45.7132450339312],[-118.891653333335,45.7190980205573],[-118.891624974113,45.7241015327596],[-118.891387168183,45.7326017115998],[-118.891519753434,45.7465495706062],[-118.891515868363,45.7480181644068],[-118.891303569004,45.7617609501078],[-118.87057039261,45.7616022719274],[-118.849100946651,45.7614309375878],[-118.831818896125,45.7615072864322],[-118.828336132107,45.761485124439],[-118.828383976939,45.7640158409583],[-118.828492446869,45.7759119263943],[-118.828656490405,45.7807809332935],[-118.828738508575,45.7911640038158],[-118.828937964715,45.81098564717],[-118.828929188231,45.8273869529456],[-118.829172343329,45.8273890420707],[-118.829181629728,45.8279458959864],[-118.849767427924,45.8277227876766],[-118.870494220932,45.8276365238066],[-118.886950860194,45.8275510981047],[-118.891299031025,45.8275600121848],[-118.891417303566,45.8326474572144],[-118.891417345834,45.8348852699393],[-118.909073283205,45.8344196018832],[-118.912238888714,45.8343650876787],[-118.912490731262,45.845328461939],[-118.91232089879,45.8489131991848],[-118.917455015936,45.8490112711533],[-118.933142802298,45.8494176406117],[-118.93875440729,45.8494923535893],[-118.938564504648,45.8609391296372],[-118.938545583812,45.8740334798613],[-118.938561669086,45.8776960480342],[-118.938223802786,45.8777038991157],[-118.933383490556,45.8776792451011],[-118.933171395344,45.8921941329529],[-118.912477736958,45.8921701813089],[-118.912492062259,45.892787391425],[-118.912654677671,45.9025864008418],[-118.912702063849,45.9212275437162],[-118.925930195422,45.9212078638519],[-118.950664182206,45.9214293039193],[-118.953803916917,45.9214898121052],[-118.953951842803,45.9267101814298],[-118.954103603399,45.9359396627852],[-118.954425343954,45.9439702480286],[-118.954447638148,45.9442365309912],[-118.954599915853,45.949591238345],[-118.954888600928,45.9496005130533],[-118.954889678316,45.9496334327368],[-118.975123895551,45.9504114973927],[-118.983499683763,45.9504662499176],[-118.994967544417,45.9508108944073],[-118.994257563835,45.9921635522063],[-118.984694584188,46.000387711124],[-118.97726147074,46.0002671812854],[-118.975055011979,46.0003099305589],[-118.956037712371,46.00043923868],[-118.948527019806,46.00049548318],[-118.94125352523,46.0005818091033],[-118.934752729954,46.0006834387897],[-118.925311576068,46.000612450804],[-118.913792254409,46.0005662112617],[-118.898712568031,46.0005020338418],[-118.893692529886,46.0004816722914],[-118.893403948234,46.0005298372822],[-118.89296085406,46.0005457301014],[-118.892249880627,46.0005730461093],[-118.876119974058,46.0004258270903],[-118.87226514612,46.0004548859843],[-118.86087971103,46.0005396857579],[-118.852707720885,46.0005957009309],[-118.85120998815,46.0006158781204],[-118.848854085448,46.0006500613513],[-118.846858730846,46.0006659487746],[-118.830295298889,46.000742194197],[-118.818042863387,46.0007982228598],[-118.812090714815,46.000826883354],[-118.808989703112,46.0008413633383],[-118.808818533349,46.0008416484234],[-118.78963008556,46.000926562411],[-118.788284197058,46.0009330618114],[-118.785704591594,46.0009449076814],[-118.773786506042,46.0009970881451],[-118.768619375684,46.0010213419614],[-118.767889338422,46.0010256919821],[-118.767086704288,46.0010234841465],[-118.751112488351,46.000986208147],[-118.746915228255,46.0009471254095],[-118.745937450253,46.0009462800468],[-118.732588895861,46.0009345906589],[-118.725238563209,46.0009995765693],[-118.725045675717,46.0010021549256],[-118.721017983693,46.0010140637481],[-118.706449710286,46.0010591395677],[-118.704348286944,46.001065515761],[-118.704192847222,46.0010658889797],[-118.703681428855,46.0010622035579],[-118.703114906328,46.0010590478369],[-118.689529734909,46.0009963659896],[-118.688016987094,46.000989559021],[-118.683726606698,46.0009701012892],[-118.677882187013,46.0009429111864],[-118.671422306394,46.0009662081241],[-118.666726050267,46.000964510204],[-118.665352791798,46.0009636963176],[-118.663121713196,46.0009632025898],[-118.658728382009,46.0009631666169],[-118.653705162064,46.0009722920377],[-118.64884126871,46.000982334767],[-118.642800761746,46.0009941986234],[-118.639343685962,46.0010013419384],[-118.637737044429,46.0009773237446],[-118.635022260969,46.000967280116],[-118.631077998151,46.0009513828001],[-118.626104294877,46.0009491479848],[-118.621726832227,46.0009438707631],[-118.621726877194,46.0009425001963],[-118.621876629603,45.9923656001923],[-118.64278711903,45.992444909605],[-118.642846103765,45.9924458413026],[-118.642701687933,45.9891377247263],[-118.642769850248,45.9792801973233],[-118.642769939281,45.9792774561897],[-118.642770409627,45.9791417188153],[-118.642723215904,45.9781112333468],[-118.642544393809,45.9735013049414],[-118.642452772677,45.9697195523156],[-118.642396565949,45.9673917893996],[-118.642411070215,45.9603400676401],[-118.641747189781,45.9458430178411],[-118.64163787269,45.9446689214336],[-118.640977553571,45.9360679375853],[-118.640967732974,45.9360677829019],[-118.632641868827,45.9357398487151],[-118.620453992058,45.935364772966],[-118.620332526925,45.9353532337648],[-118.615035465215,45.9348392945978],[-118.612219541299,45.9345939478525],[-118.60013511984,45.9335382957558],[-118.580055587795,45.9322867389419],[-118.578360676004,45.9323152861216],[-118.570937930841,45.9324433693661],[-118.568594129415,45.9324830744344],[-118.558801753398,45.9328306291303],[-118.552065419384,45.932822125141],[-118.551913028364,45.9392095626712],[-118.551732118043,45.9468964234313],[-118.551732025413,45.9468991636655],[-118.551727875041,45.947021134218],[-118.551831388807,45.9533962906064],[-118.55183228813,45.9534854350049],[-118.551961785108,45.9614666834407],[-118.551971876401,45.9750376689533],[-118.551835112001,45.9841977271435],[-118.549515430393,45.9841593260921],[-118.538046252233,45.9842718240855],[-118.537994330774,45.990777266158],[-118.53795932826,45.99529748629],[-118.537990787445,45.9952980096954],[-118.549063556138,45.9952790124165],[-118.556031052791,45.9952433902703],[-118.556008942958,45.9979785208921],[-118.555953459285,46.0009069958612],[-118.53828288095,46.0010289637158],[-118.517560706861,46.0009529521171],[-118.497175508743,46.0009708845987],[-118.476098258028,46.0010944622397],[-118.476066536242,45.9979112668915],[-118.476066482282,45.9978015702863],[-118.476027494873,45.9933979463582],[-118.475967799674,45.9912482303216],[-118.469107977951,45.9912507987854],[-118.465553176438,45.9912511477223],[-118.461532376818,45.9912446950867],[-118.455060546907,45.991233964376],[-118.434106863941,45.991194603748],[-118.434105825224,45.9912233820535],[-118.434100121723,45.9930703287328],[-118.434004507602,45.9957727132402],[-118.433774674162,46.0008145185752],[-118.413906382074,46.0007946633431],[-118.392638925646,46.0007508501716],[-118.371675393305,46.0006126990169],[-118.366749456622,46.0005866636437],[-118.366830926206,45.9987712310075],[-118.345615365157,45.9985455119659],[-118.3456161044,45.9992051017341],[-118.345611180611,45.9996493011744],[-118.345579442637,46.0004920459712],[-118.345601072232,46.0004924407736],[-118.345600401337,46.000510255444],[-118.338897395299,46.0004916745512],[-118.319109580842,46.0004217648526],[-118.31957722291,45.9802026499324],[-118.319578371345,45.9801725028587],[-118.322080386001,45.9801708157306],[-118.330402553935,45.9801695081164],[-118.341341981048,45.9802389366777],[-118.350826184581,45.9802999943493],[-118.350824405722,45.9750575583597],[-118.371613769959,45.9752446281371],[-118.377267631396,45.9752562680624],[-118.378914944769,45.9729516132264],[-118.379562998933,45.9723870512215],[-118.381606557197,45.9709597407995],[-118.381586687576,45.9752674340449],[-118.381847013429,45.9752674340449],[-118.381847006234,45.9752656956554],[-118.387282879202,45.9752768877182],[-118.387275083878,45.9748999117016],[-118.388217982574,45.9748648453364]],[[-118.49651612402,45.9594293889552],[-118.496399472058,45.9594479716466],[-118.496229430943,45.9594752435877],[-118.495800787976,45.9593637321506],[-118.495754108665,45.9593492251867],[-118.495686055167,45.9593274966667],[-118.49556466198,45.9592568684098],[-118.495535764064,45.9592399206858],[-118.495327628567,45.9591198207232],[-118.495148390086,45.9590728887029],[-118.494982761945,45.9590303022067],[-118.494665260793,45.9589453612395],[-118.494536680224,45.9589116312668],[-118.494373264415,45.9587497829762],[-118.494372982927,45.9586455641415],[-118.494370459429,45.958380872979],[-118.494011843971,45.9582911152428],[-118.493704492568,45.9584216293547],[-118.49365302077,45.9584317224461],[-118.493336376672,45.9584907719316],[-118.49302358527,45.9583277464284],[-118.49301597071,45.9582645393771],[-118.493005002579,45.9581848198736],[-118.492839082158,45.9577020566047],[-118.493271263958,45.9570951122497],[-118.493191164041,45.9567440798754],[-118.493102462109,45.9566945739954],[-118.492940535577,45.9566026821681],[-118.492788244382,45.9565164389825],[-118.492705341278,45.9564697740608],[-118.492101813448,45.9563004146325],[-118.491640170757,45.9562897963371],[-118.491606006412,45.9562549323193],[-118.49153010543,45.956176846884],[-118.49155944761,45.9516974964424],[-118.491588010978,45.9472962782007],[-118.49159198778,45.9472949750831],[-118.496621055118,45.9474410366745],[-118.496625417729,45.9473163267871],[-118.496674530605,45.9473171640559],[-118.496742209985,45.9437530671504],[-118.496742497768,45.9437448446489],[-118.4915289507,45.9436559691477],[-118.491654199282,45.9400846156126],[-118.476029160417,45.9399060003617],[-118.47569764603,45.9472831597901],[-118.481284631181,45.9473270314174],[-118.48122761776,45.9496133032114],[-118.481102865605,45.9546011402305],[-118.475797200081,45.9545319436943],[-118.475795553422,45.9545785375695],[-118.475653992038,45.9545788451376],[-118.475680751366,45.9618290823463],[-118.47570433069,45.9618294879406],[-118.475702199297,45.9618897856851],[-118.480775142759,45.9619426406404],[-118.480901245696,45.9583672338608],[-118.48612593986,45.9584567478807],[-118.485988046811,45.9619853305586],[-118.495258914068,45.9620366395793],[-118.495249418126,45.9611287209138],[-118.495257629836,45.9607819387355],[-118.495266318186,45.960477672007],[-118.495275189099,45.9603928065828],[-118.495289044054,45.9602778588362],[-118.495639311105,45.959764125614],[-118.495702003744,45.9596020156206],[-118.495743127943,45.9594943892547],[-118.495900611824,45.9594888431357],[-118.496002933988,45.9594864716234],[-118.496273378114,45.9595116454461],[-118.496422283362,45.9595265211321],[-118.4964467737,45.9595008841586],[-118.496467191008,45.9594792923355],[-118.4964896201,45.9594563632206],[-118.49651612402,45.9594293889552]]],[[[-120.802579631045,45.6569704641157],[-120.817901032706,45.6568407432058],[-120.83322236512,45.656709017707],[-120.844565622006,45.6568818512165],[-120.853808114753,45.6569050168531],[-120.85385364473,45.6509515013108],[-120.853862949116,45.6496022934112],[-120.865226161058,45.6494316533482],[-120.865534865042,45.6349283011003],[-120.876413307328,45.6348965613273],[-120.876521849204,45.6305716559572],[-120.876591362301,45.6277523757716],[-120.886789066362,45.6275326390201],[-120.886788570836,45.6239663046013],[-120.897099808909,45.6238769209832],[-120.897100280154,45.6202598414186],[-120.90358879069,45.6201622272051],[-120.904714287734,45.6201624529349],[-120.905405589396,45.6220481271194],[-120.905636337447,45.6226273210941],[-120.905943015258,45.6234434594481],[-120.906310721962,45.6240454863102],[-120.906824561304,45.6248622730755],[-120.907687215293,45.6260905563341],[-120.908003741579,45.6266351668795],[-120.908648645419,45.6274638282931],[-120.9093218806,45.6284267575888],[-120.910099414656,45.6297622670151],[-120.910876319187,45.6307303080573],[-120.912600931987,45.6330359773285],[-120.913378255602,45.6340506167426],[-120.914145022075,45.6344085154407],[-120.914679013426,45.6347384389279],[-120.915216878156,45.636960510819],[-120.915656329176,45.6388113506633],[-120.916272978115,45.6413759158659],[-120.913776517672,45.6399738745947],[-120.895536815072,45.6429889731626],[-120.885603267976,45.6503672225693],[-120.870735251431,45.6606622746443],[-120.855861916294,45.6709553733918],[-120.834414161984,45.676080669987],[-120.810190642084,45.6822486819312],[-120.788614040106,45.6863375629283],[-120.771022474408,45.691889952959],[-120.771071615163,45.6877861998733],[-120.77107778721,45.6874351890827],[-120.771085260576,45.6861148197432],[-120.768390916907,45.6872357131577],[-120.764334174982,45.6882005795931],[-120.757668393681,45.6897853172387],[-120.75351560686,45.6907897799244],[-120.75205428138,45.6912549857291],[-120.750659776427,45.6917954396079],[-120.750636322109,45.6958429023281],[-120.745093808433,45.6973065921256],[-120.744167747743,45.6976279846438],[-120.737814169688,45.699401507074],[-120.736427324262,45.6999815338208],[-120.735372850277,45.7000247894126],[-120.731400336157,45.7013722337417],[-120.730716855898,45.7022030778098],[-120.728845533095,45.7030197890321],[-120.727685711626,45.7031591551709],[-120.72770129328,45.7036348848421],[-120.719877474766,45.7050359719326],[-120.706145365816,45.7075192483147],[-120.707210626269,45.693041643657],[-120.72801491026,45.6934006134476],[-120.727869473697,45.6640870737595],[-120.750424558746,45.663821634361],[-120.750328916746,45.6710571163929],[-120.771156048912,45.6712465738703],[-120.771091886781,45.6567925791143],[-120.786835735081,45.6568825796674],[-120.802579631045,45.6569704641157]]],[[[-119.845670281059,45.801832852804],[-119.82841034666,45.7896244202308],[-119.811157748931,45.7774133526441],[-119.793912484274,45.7651996536412],[-119.77667454999,45.7529833250205],[-119.761885466041,45.7427685185523],[-119.749158960118,45.7337811337923],[-119.749182805642,45.731505274349],[-119.749182823628,45.7315039028829],[-119.749311675793,45.719385588674],[-119.749310659559,45.7191634642226],[-119.749332215409,45.7047655763703],[-119.749327830315,45.7046517446823],[-119.749262016129,45.6917010782422],[-119.749223899263,45.6622350423134],[-119.749227424606,45.6612149278267],[-119.749222618629,45.6608337160033],[-119.749185932585,45.632459964256],[-119.752350404048,45.6324445732585],[-119.770307224898,45.6323481272643],[-119.788676393001,45.6322473195582],[-119.790134503405,45.6322397202869],[-119.797630128727,45.6322122747767],[-119.811627491815,45.6322406007232],[-119.833133668784,45.6322801169339],[-119.845286102372,45.6323021161498],[-119.851432691565,45.6323116606547],[-119.859797523337,45.6323248132396],[-119.87735951393,45.6323743209182],[-119.882157561622,45.6323819246861],[-119.88221814625,45.6323822448448],[-119.898445338781,45.6324242773586],[-119.898466837075,45.6324243870758],[-119.907978799082,45.6324482128148],[-119.915744042953,45.6324186799782],[-119.936125567341,45.6323390387157],[-119.941103670098,45.63231904229],[-119.952670296997,45.6324847729539],[-119.953145779354,45.6375725831083],[-119.953596903574,45.6390555255921],[-119.954654676272,45.6406742962818],[-119.954984912723,45.6419249438811],[-119.95525912321,45.6433138163796],[-119.955342603678,45.6450281292448],[-119.955343910393,45.6459234888779],[-119.954885916252,45.6476339076788],[-119.956145593944,45.6521137806265],[-119.956331437046,45.6533445496113],[-119.956481039269,45.6557227860778],[-119.956831870195,45.6566691228818],[-119.957673837078,45.657993423158],[-119.959235685179,45.65907972415],[-119.962955927774,45.6614647819742],[-119.976843209347,45.6616798494455],[-119.977037717417,45.6727716936588],[-119.978071347814,45.6746053699419],[-119.979629068027,45.6766730812977],[-119.980826684404,45.6779082812423],[-119.982396703745,45.6790642194382],[-119.983604380837,45.6796262192747],[-119.985119879679,45.6801100356497],[-119.988701589807,45.6807468365973],[-119.994350686635,45.6816365278036],[-119.995822164561,45.6824723891895],[-119.998175239795,45.6845062410702],[-119.998254590577,45.6760783974001],[-120.018797138577,45.6761042717948],[-120.018867936806,45.6905641885865],[-120.039743390445,45.69046022426],[-120.059905356147,45.6905212477574],[-120.082195867845,45.6905836697006],[-120.091134381646,45.6906083515942],[-120.101234975114,45.6906349418491],[-120.104400338705,45.6906429323255],[-120.123640994836,45.6906898706411],[-120.123607717222,45.6763371809162],[-120.123579084607,45.6651639786348],[-120.123570640872,45.6613714656207],[-120.123569354842,45.6603719231258],[-120.123536519695,45.6474517913671],[-120.132945334859,45.6474761872763],[-120.143863317638,45.6475044277872],[-120.153534101717,45.6475279657431],[-120.16677450364,45.647559549034],[-120.184935361777,45.6476002397593],[-120.188547992396,45.6476071654384],[-120.205706018318,45.6476433316745],[-120.205803770128,45.6476422066226],[-120.227340769561,45.6476833829818],[-120.227448288907,45.6476836338927],[-120.249923670641,45.6477214647738],[-120.260110749212,45.6404319964395],[-120.270295249426,45.6331416089981],[-120.270192241978,45.6187911603838],[-120.290661031182,45.6189282953046],[-120.311075772929,45.6188889994278],[-120.331595673302,45.6189573550979],[-120.352324973619,45.6189113143058],[-120.374424014257,45.6188274300419],[-120.394838784782,45.6186994780985],[-120.415461774441,45.6190850309495],[-120.43587612858,45.6193201236248],[-120.442767723352,45.6192496572459],[-120.442654308949,45.6193359831692],[-120.438115488139,45.6228177093698],[-120.440152599163,45.6256282067764],[-120.440220896377,45.6257228487306],[-120.440220894579,45.625724221096],[-120.443668764902,45.6269572006144],[-120.445759954858,45.6267401807148],[-120.447544294334,45.6265558916411],[-120.450657576386,45.6262350324209],[-120.450964407082,45.6262036253971],[-120.456333401965,45.6224392683576],[-120.456382278319,45.6224063801504],[-120.456485897306,45.622333748204],[-120.465315983446,45.6194203081008],[-120.465403928149,45.6193915396879],[-120.466193470852,45.6191312561027],[-120.468223379206,45.6195335660213],[-120.468791444969,45.6205127055969],[-120.469964725692,45.6225395409671],[-120.469744756016,45.6246674727257],[-120.4697427874,45.6246962663197],[-120.469912731387,45.6248183402942],[-120.47144031262,45.6259060253428],[-120.471567292397,45.6259896946687],[-120.471569245724,45.6259910661349],[-120.47688398271,45.6274264326838],[-120.477302138683,45.6275389468649],[-120.477762104138,45.6307227807318],[-120.477764056566,45.6307268942309],[-120.477791342896,45.6309188563202],[-120.477801092446,45.630979188239],[-120.477834239658,45.6311738932606],[-120.477910415833,45.6312877096601],[-120.478855796658,45.632700138101],[-120.479189816557,45.6331992861182],[-120.479191770784,45.6331992861182],[-120.47936178312,45.6332596450167],[-120.480866500888,45.6337836682817],[-120.480979845144,45.6338234488931],[-120.481255388425,45.6339194722059],[-120.483477366787,45.6346355304054],[-120.484649937944,45.6350141180072],[-120.486232722262,45.6364046281711],[-120.48596671809,45.6371888738675],[-120.485818064652,45.6376262420575],[-120.482668773745,45.6393026907666],[-120.478489617902,45.6398312466148],[-120.47823647943,45.6424568811802],[-120.479566788976,45.6448606763792],[-120.485214169898,45.6449958948447],[-120.488191588671,45.6437663480386],[-120.489847393442,45.6430823191938],[-120.49174538744,45.6434883172321],[-120.491753183662,45.6436391398345],[-120.491996879253,45.6483146360117],[-120.492043670979,45.6492250529939],[-120.489179165686,45.6519217861616],[-120.48846502664,45.6546652930689],[-120.489135509896,45.6553385678207],[-120.489215656577,45.6554194699327],[-120.492148328682,45.6558968462625],[-120.495137814558,45.6556008505988],[-120.496621793061,45.6554541963541],[-120.49705779608,45.6554117033875],[-120.499267117384,45.6559958274455],[-120.499587765263,45.6560822082274],[-120.499609271651,45.6560876922932],[-120.500035501737,45.6565634642325],[-120.500236887822,45.6567389651312],[-120.506924382354,45.6625645512131],[-120.509451128367,45.6648074828791],[-120.509466773872,45.6648198215776],[-120.509597809591,45.6649363539296],[-120.509689731096,45.6650158701863],[-120.509691687122,45.6650172407531],[-120.520377273392,45.6673371274065],[-120.520405081329,45.6685505367779],[-120.520943417305,45.6915503051026],[-120.520947364429,45.6916449083859],[-120.520947366228,45.6916490218849],[-120.525110590581,45.6917167570228],[-120.531382839347,45.6918208166774],[-120.531431118551,45.694248967316],[-120.531527705739,45.6991326772313],[-120.531527706638,45.6991340486974],[-120.53519056799,45.6991727672095],[-120.541667113946,45.6992433091315],[-120.541457110557,45.7064990358019],[-120.541226217716,45.7147199580597],[-120.54118810085,45.7161527183733],[-120.541186189791,45.7162171583952],[-120.540820047008,45.7160171131993],[-120.540453849366,45.7157361748846],[-120.54008765622,45.7154552347713],[-120.539723421798,45.7151729231919],[-120.539359190075,45.714889239247],[-120.538996919772,45.7146055517049],[-120.538636609991,45.7143218641627],[-120.538274345085,45.7140368042552],[-120.5379140416,45.7137517434483],[-120.537551783888,45.7134666808427],[-120.537191487597,45.7131816173378],[-120.536831195803,45.7128979226011],[-120.536468948883,45.7126128572976],[-120.536108664283,45.7123277901954],[-120.535746424558,45.7120440927607],[-120.535384190228,45.7117603953261],[-120.535020001672,45.7114766960927],[-120.534655817612,45.7111943683255],[-120.534291638049,45.7109120378603],[-120.533925505158,45.710632449428],[-120.53355741894,45.7103514886304],[-120.533189338117,45.7100732698656],[-120.532819303068,45.7097950502015],[-120.532445358666,45.709519571671],[-120.532071418761,45.7092440931405],[-120.531695527327,45.7089699842774],[-120.531317681666,45.7086986174473],[-120.530937883576,45.7084272488185],[-120.530554177933,45.7081599936888],[-120.530168518962,45.7078927376598],[-120.529780906663,45.7076282227643],[-120.529391342836,45.7073650784357],[-120.52899591363,45.7071060467068],[-120.528598531997,45.7068470149778],[-120.52819724101,45.7065920949493],[-120.527793996696,45.7063385463869],[-120.527386844827,45.7060863665926],[-120.526975782706,45.7058369297306],[-120.526562769057,45.7055902340022],[-120.526147802079,45.7053449079412],[-120.525728925749,45.705100952447],[-120.52530809789,45.7048597380865],[-120.524885316704,45.7046198933934],[-120.524458627064,45.7043827889346],[-120.524031941921,45.7041470559419],[-120.52360330255,45.7039126908181],[-120.523170755626,45.7036810686265],[-120.522738212299,45.703450815203],[-120.522303715644,45.7032205608803],[-120.521867266561,45.7029944182578],[-120.52142886505,45.7027682738368],[-120.520990467136,45.7025434990833],[-120.520550116794,45.7023200948965],[-120.52010977005,45.7020994300447],[-120.519667470877,45.7018787642936],[-120.519225175302,45.7016594682099],[-120.518782882424,45.7014387988615],[-120.518338636219,45.7012194991806],[-120.517896349637,45.7009988271342],[-120.517454067551,45.7007795229567],[-120.517009832138,45.7005588482123],[-120.516565599423,45.7003395413368],[-120.516121370305,45.7001188620958],[-120.515677144784,45.699899551623],[-120.515230965936,45.6996802411502],[-120.514786746711,45.6994622994456],[-120.514340575057,45.6992429835769],[-120.513894407001,45.6990250391743],[-120.513446285618,45.6988070920737],[-120.513000124756,45.6985905137413],[-120.512552009668,45.6983739354088],[-120.51210194305,45.6981573543785],[-120.511653835156,45.697943512683],[-120.511203774834,45.6977283004208],[-120.51075371811,45.6975144560274],[-120.510301708057,45.6973019822008],[-120.509849700703,45.6970895047769],[-120.509397697845,45.6968783979198],[-120.50894374166,45.6966686607302],[-120.508489789072,45.6964589217419],[-120.508033883157,45.6962505524211],[-120.507577980839,45.6960435509691],[-120.507122082118,45.695837920084],[-120.50666423007,45.695633657967],[-120.506204424694,45.6954307646182],[-120.505744622916,45.6952278712693],[-120.505284823835,45.6950277172554],[-120.504823073226,45.6948275614429],[-120.504361324416,45.6946301449653],[-120.503897623177,45.6944340990545],[-120.503433924636,45.6942394219118],[-120.502966316742,45.6940461144367],[-120.502500667572,45.6938541748303],[-120.502033066873,45.693664977257],[-120.501563511946,45.6934757769856],[-120.501093959718,45.6932906884146],[-120.500622455062,45.6931055971456],[-120.500147040154,45.6929246166778],[-120.499667714993,45.6927477488096],[-120.49918447958,45.6925749917425],[-120.498697334814,45.6924049749097],[-120.498208235821,45.692239068878],[-120.497713270551,45.6920772736473],[-120.497216351953,45.691919590117],[-120.496717480028,45.6917660182872],[-120.496214696951,45.6916151848929],[-120.495709958748,45.6914698337659],[-120.495203268116,45.6913272228731],[-120.494692666333,45.6911887227814],[-120.494182066349,45.6910543343901],[-120.493667556113,45.6909226844344],[-120.493153046776,45.6907951461791],[-120.492636584111,45.6906717178256],[-120.49211816632,45.6905524011725],[-120.491599749429,45.6904371953204],[-120.491081335235,45.6903247288033],[-120.490560965016,45.6902177445533],[-120.490038639671,45.6901121290716],[-120.48951827305,45.6900119949577],[-120.488997906428,45.6899159734435],[-120.48847558468,45.6898226885663],[-120.487949351781,45.689732145722],[-120.487421162856,45.6896457127795],[-120.48688906278,45.6895633897387],[-120.486356962704,45.6894838069322],[-120.485820950576,45.6894097063929],[-120.485282983323,45.6893383442892],[-120.484743059145,45.6892724626541],[-120.484203134967,45.6892106927194],[-120.483661253864,45.6891544050518],[-120.483117415836,45.689102227286],[-120.482573578708,45.6890555308881],[-120.482029739781,45.6890143167574],[-120.481483943929,45.6889785839945],[-120.480940102304,45.6889497040656],[-120.48039625978,45.688926306404],[-120.479852414557,45.6889097606769],[-120.479308569335,45.6888986972172],[-120.478766675642,45.6888944865913],[-120.478226737074,45.6888985011649],[-120.477686795809,45.6889079971064],[-120.477148806972,45.688925717348],[-120.476610817235,45.6889475483907],[-120.476074780826,45.6889734911338],[-120.475536785694,45.6890021723124],[-120.474998788763,45.689036334859],[-120.474462746958,45.689071867073],[-120.47392474643,45.6891115100882],[-120.473388700128,45.6891538933376],[-120.472852652028,45.6891976435564],[-120.472314645205,45.6892455063751],[-120.471778591709,45.68929610673],[-120.471240580388,45.6893494482185],[-120.470704523295,45.6894041575758],[-120.470168464403,45.6894602366007],[-120.469632402813,45.6895190549605],[-120.469094383399,45.6895792420884],[-120.468558318212,45.6896407970852],[-120.468022251226,45.6897037217494],[-120.467486182441,45.6897680142825],[-120.466948154933,45.6898336746844],[-120.466412082552,45.689899334187],[-120.46587600927,45.6899663615584],[-120.465339934191,45.6900333871312],[-120.464803856413,45.6901017805728],[-120.464265820811,45.6901701713164],[-120.463729741235,45.6902385602614],[-120.463193659859,45.6903069456091],[-120.462657576686,45.6903753300575],[-120.462121494411,45.6904423412411],[-120.461583454313,45.6905093479281],[-120.461047368441,45.6905763528165],[-120.46051128257,45.6906419853394],[-120.459975196698,45.6907062436982],[-120.459437153002,45.6907704993591],[-120.458901067131,45.6908320102891],[-120.45836498036,45.6908921479543],[-120.457826936664,45.6909509123548],[-120.457290849893,45.6910083016918],[-120.456754763122,45.6910643195628],[-120.456216719426,45.6911203338364],[-120.455680629957,45.6911763463114],[-120.455144539589,45.6912323560884],[-120.454606492296,45.6912897337343],[-120.454070400129,45.6913457390147],[-120.453534306163,45.6914031121639],[-120.452998210399,45.6914604826152],[-120.452462113736,45.6915178521672],[-120.451924060147,45.6915752172226],[-120.451387961685,45.6916325813786],[-120.450851862324,45.6916899419373],[-120.450315760264,45.6917486721636],[-120.449779659104,45.6918060282257],[-120.44924159922,45.6918633806905],[-120.448705496262,45.6919207331554],[-120.448169390605,45.6919780820229],[-120.447633284948,45.6920354281925],[-120.447095220568,45.6920927716641],[-120.446559114012,45.692148741871],[-120.446023006556,45.6922047102792],[-120.445484940378,45.6922620456569],[-120.444948830224,45.6923180086692],[-120.444412720071,45.6923725993161],[-120.443874652093,45.6924285560331],[-120.443338540141,45.692483141284],[-120.442800471265,45.6925377220383],[-120.442264358413,45.6925909313265],[-120.441726287738,45.692644136118],[-120.441190173987,45.6926973400103],[-120.440652104211,45.6927491688391],[-120.440114031737,45.6928009958693],[-120.439575961062,45.6928514487354],[-120.439037890386,45.6929018998029],[-120.438501774837,45.6929509776056],[-120.437963702363,45.6930000527103],[-120.437425630788,45.6930477536509],[-120.436885602289,45.6930954518937],[-120.436347529815,45.6931417768716],[-120.435809457341,45.6931881000508],[-120.435271383068,45.6932344214314],[-120.43473135187,45.6932807374162],[-120.4341932749,45.6933284239677],[-120.433653242803,45.6933747345564],[-120.433115164034,45.6934224166113],[-120.432575129239,45.6934687236028],[-120.432037048671,45.6935164002617],[-120.431497012977,45.6935627018573],[-120.430958932409,45.6936090016542],[-120.430418894017,45.6936552987531],[-120.429878857423,45.6937002225873],[-120.429340775057,45.6937451446228],[-120.428800735765,45.693790063061],[-120.428260697373,45.6938349788013],[-120.427720658082,45.6938785212768],[-120.427180617891,45.6939220610543],[-120.426640580398,45.6939642266678],[-120.426100540208,45.6940063913819],[-120.425560501816,45.6940471810327],[-120.425020464323,45.6940865974186],[-120.424480425931,45.6941260120059],[-120.423940389337,45.6941640524291],[-120.423400350945,45.6942020901544],[-120.422860316151,45.6942373840481],[-120.422318324431,45.6942726734452],[-120.421778288737,45.6943065913761],[-120.421238258439,45.6943377627776],[-120.420696270317,45.6943689323804],[-120.420156239119,45.6943987287184],[-120.419614253695,45.6944271508924],[-120.419074226095,45.6944541998016],[-120.418534202092,45.6944785048792],[-120.417992220265,45.6945028072588],[-120.41745219896,45.6945243640083],[-120.416910223428,45.6945445465936],[-120.41637020572,45.694561987146],[-120.415828232887,45.6945794232018],[-120.415286266348,45.6945927430607],[-120.414744303407,45.6946033181886],[-120.41420234856,45.694607035986],[-120.413658444881,45.6946066357877],[-120.413114548398,45.694602121191],[-120.412570656411,45.6945934903973],[-120.412024814693,45.694580741608],[-120.411480937096,45.6945638793196],[-120.410935105271,45.6945456419679],[-120.410389278842,45.6945232884191],[-120.409843456011,45.6944995607062],[-120.409297637676,45.6944730900611],[-120.408749866013,45.694445242554],[-120.408204053075,45.6944160235807],[-120.407656285909,45.6943854304433],[-120.407110476567,45.694354834608],[-120.406564669924,45.6943228673065],[-120.406016906355,45.6942922651759],[-120.405471097913,45.6942616621461],[-120.404925291269,45.6942310573175],[-120.404379481927,45.6942018212571],[-120.403835627712,45.6941739539649],[-120.403289814773,45.6941474536421],[-120.402745955162,45.6941236962516],[-120.402202092852,45.6941013058307],[-120.401658225147,45.6940830271101],[-120.401114352046,45.6940674868251],[-120.400572431373,45.6940546885731],[-120.40003246043,45.6940460029207],[-120.399490525367,45.6940414262709],[-120.398950540035,45.6940409622207],[-120.398412500836,45.694045981337],[-120.397874455342,45.6940551112544],[-120.397336399056,45.6940697216404],[-120.396802244028,45.6940911902563],[-120.396266121284,45.6941181384414],[-120.395731941975,45.6941519403598],[-120.395199707001,45.6941925978102],[-120.394669414562,45.6942401089939],[-120.394139111331,45.6942931033441],[-120.393610750636,45.6943529514276],[-120.393080424922,45.6944169094129],[-120.392554001366,45.6944863523633],[-120.392025610993,45.6945599043162],[-120.391499168552,45.6946375679694],[-120.390974672243,45.6947207165879],[-120.390448210916,45.6948066027426],[-120.389925654445,45.694896604195],[-120.38940112756,45.6949920843173],[-120.388878554002,45.6950889359057],[-120.388355967854,45.695191268862],[-120.387833377209,45.6952949705865],[-120.387312732696,45.69540278581],[-120.386792081889,45.6955133403684],[-120.386271422988,45.6956266351611],[-120.385752710219,45.6957440416543],[-120.385233994753,45.695861447248],[-120.384715270293,45.6959829627436],[-120.384198497363,45.6961058488059],[-120.383679762111,45.6962301018378],[-120.383162974791,45.6963570969025],[-120.382648144396,45.6964840919673],[-120.382131347184,45.6966138245684],[-120.3816165024,45.6967449277363],[-120.381101654917,45.6968760291055],[-120.380586802039,45.6970084992429],[-120.38007390069,45.6971423399471],[-120.379559040617,45.6972761761547],[-120.379046134771,45.6974100123622],[-120.37853322263,45.697545217338],[-120.378022269212,45.6976790508476],[-120.377509352575,45.6978142513267],[-120.376998393761,45.697948081239],[-120.376487433148,45.6980819075541],[-120.375976471637,45.6982143606043],[-120.375465509226,45.6983468127552],[-120.374954548614,45.6984765201753],[-120.374445541329,45.6986075981622],[-120.373934577119,45.6987373001863],[-120.373427515068,45.6988711184075],[-120.372920446721,45.6990063053967],[-120.372415325407,45.6991456040864],[-120.371912152923,45.6992862751416],[-120.37140701722,45.6994296837329],[-120.370905784574,45.699575836156],[-120.370404547432,45.6997233582464],[-120.369905260919,45.6998722509037],[-120.369404009387,45.7000238810973],[-120.368906667209,45.7001755139888],[-120.368407360911,45.700329885316],[-120.367910007941,45.7004842548445],[-120.367412648675,45.7006399949399],[-120.366915284013,45.700797102904],[-120.366417916654,45.7009542099689],[-120.36592250442,45.7011113161344],[-120.36542708769,45.7012684214006],[-120.364929708639,45.7014268918376],[-120.364434288312,45.7015839917079],[-120.363936902966,45.701742459447],[-120.363441477242,45.7018995548207],[-120.362946047022,45.702056649295],[-120.362448660777,45.7022123669072],[-120.36195127633,45.7023667121541],[-120.361453888286,45.702521054703],[-120.360956501142,45.7026740248864],[-120.360457157971,45.7028256191071],[-120.359957819298,45.7029744685969],[-120.3594565228,45.7031219439226],[-120.358957182328,45.7032694192483],[-120.358453935201,45.7034127729812],[-120.357952645898,45.7035547570464],[-120.357447447242,45.7036939918843],[-120.356944210007,45.7038304846891],[-120.35643706342,45.7039642291659],[-120.355929917731,45.7040965985792],[-120.35542082681,45.7042234812287],[-120.354911736787,45.7043489888148],[-120.354398741908,45.7044703766067],[-120.353885755123,45.7045876500001],[-120.35337081591,45.7047021759647],[-120.352853928766,45.7048125839336],[-120.352335097287,45.7049175033401],[-120.351816273902,45.705018307449],[-120.351293545661,45.7051149899648],[-120.350770827312,45.7052075571831],[-120.350244203207,45.705296004607],[-120.349717585398,45.7053817073],[-120.349189018758,45.7054632919974],[-120.348658505086,45.7055407577998],[-120.348127997709,45.7056154797706],[-120.347595535206,45.7056888257787],[-120.347063082595,45.7057580573885],[-120.346528674858,45.7058259112368],[-120.345994274316,45.7058910212537],[-120.345457922245,45.7059533829423],[-120.344921569275,45.7060157428323],[-120.344383265675,45.7060753570921],[-120.343846918101,45.7061349695533],[-120.343306659375,45.7061932042531],[-120.342768360272,45.706250068386],[-120.34223005937,45.7063069289217],[-120.341689804241,45.7063624125953],[-120.34115150244,45.7064192686344],[-120.340611244613,45.7064747487107],[-120.340072940114,45.7065316002532],[-120.339534633816,45.7065884490977],[-120.338996328418,45.7066452952442],[-120.338456055303,45.7067048780278],[-120.337919695138,45.7067644644085],[-120.337381372652,45.7068254159602],[-120.336845004393,45.706887738978],[-120.336308625343,45.7069528022301],[-120.335772240896,45.7070192342503],[-120.335237800784,45.7070897788702],[-120.334705315798,45.7071603243895],[-120.334170862195,45.7072349771125],[-120.333640311651,45.7073123745665],[-120.333109752113,45.7073925140533],[-120.332581136011,45.7074767652406],[-120.332052510915,45.7075637566621],[-120.331525832851,45.7076534901165],[-120.330997199661,45.7077418476082],[-120.330470518,45.707831576566],[-120.329943830943,45.7079226751914],[-120.329417137591,45.7080151416855],[-120.328892401163,45.7081076090789],[-120.328365699717,45.7082014407439],[-120.327838998271,45.708295272409],[-120.327314246555,45.7083904737414],[-120.326787533418,45.7084870420434],[-120.326262775407,45.7085836103454],[-120.325738010201,45.7086815474156],[-120.325213244096,45.7087794817877],[-120.324688471696,45.7088787849281],[-120.324163698396,45.7089780862697],[-120.323640874826,45.7090787590775],[-120.323118044962,45.7091807997542],[-120.322593257273,45.7092828368335],[-120.322070420214,45.7093862435804],[-120.321547581356,45.7094896503272],[-120.321026693127,45.7095944267414],[-120.320503841679,45.7097005701253],[-120.319982946256,45.7098067126097],[-120.319460090311,45.7099128505976],[-120.318939185895,45.710020360951],[-120.318418275183,45.7101292400724],[-120.317899319598,45.7102381191939],[-120.317378400793,45.7103483643855],[-120.316859437113,45.7104586095772],[-120.316338509315,45.7105702217384],[-120.315819536642,45.7106818338996],[-120.315302514599,45.7107948184262],[-120.314783533833,45.7109077966575],[-120.314264546771,45.711022143657],[-120.313747514836,45.7111364915559],[-120.313230475706,45.7112522091222],[-120.312713434777,45.7113679239906],[-120.312198345377,45.7114850112243],[-120.311681294556,45.7116020921629],[-120.311166196163,45.7117205445675],[-120.310651095072,45.7118389960729],[-120.310137934718,45.7119615601779],[-120.309624772565,45.7120841233836],[-120.309111605017,45.7122080535589],[-120.308600381802,45.7123347293643],[-120.308089152292,45.7124627721393],[-120.307577914689,45.7125921836824],[-120.307068633111,45.7127215970241],[-120.306559339842,45.7128537497009],[-120.306052000799,45.7129859041762],[-120.30554269404,45.7131207952885],[-120.305035340608,45.7132556864009],[-120.304527986277,45.7133905757145],[-120.304022580777,45.7135268373937],[-120.303515212057,45.7136644642437],[-120.303009797564,45.713802091993],[-120.302504375876,45.7139410894098],[-120.301996994566,45.7140800814307],[-120.30149156928,45.7142190725522],[-120.300986140398,45.7143580636737],[-120.300480708818,45.7144970520973],[-120.299975270043,45.7146374092891],[-120.299469833966,45.714776393216],[-120.298964389795,45.7149167459111],[-120.298458949221,45.7150557253415],[-120.29795350595,45.7151947020739],[-120.29744805998,45.7153336770077],[-120.296942615809,45.7154712786766],[-120.296435212915,45.715608875849],[-120.295927807322,45.7157464703234],[-120.295422361353,45.715882694231],[-120.294914955761,45.7160189118434],[-120.294405600438,45.7161523829262],[-120.293898194846,45.7162872263744],[-120.293388840423,45.7164193223938],[-120.292879486899,45.7165500442492],[-120.292370131576,45.7166807643059],[-120.291858822926,45.7168101066012],[-120.291347520572,45.7169367059643],[-120.290836207425,45.7170660437629],[-120.290324889782,45.7171953806624],[-120.289811608919,45.7173260818333],[-120.289298320861,45.7174581526717],[-120.288783077677,45.717588846648],[-120.288269795015,45.7177181700575],[-120.287754551831,45.7178474880712],[-120.287239313144,45.71797543282],[-120.286722129223,45.7180992586739],[-120.286204947101,45.718221711263],[-120.285687773972,45.7183414200206],[-120.285168657408,45.7184570089838],[-120.284649553434,45.7185684817501],[-120.284128505126,45.71867583742],[-120.283607475704,45.7187777054268],[-120.283084508243,45.7188740830725],[-120.282561565064,45.7189636033876],[-120.282036688342,45.7190462627748],[-120.281511831406,45.7191234353983],[-120.28098506341,45.7191882630279],[-120.280452519968,45.7192270274055],[-120.279914193885,45.7192424696643],[-120.279372032194,45.7192373381327],[-120.27882601331,45.7192171141785],[-120.278280048386,45.7191831773618],[-120.277732151717,45.7191423787178],[-120.277184279331,45.7190960942094],[-120.276638369265,45.7190484391342],[-120.276094400836,45.7190048993567],[-120.27555236505,45.7189682151111],[-120.275014264697,45.7189260512963],[-120.274476187726,45.718878401617],[-120.273940095559,45.7188238982044],[-120.273402062655,45.7187652749975],[-120.272866000166,45.718703910657],[-120.272329937676,45.7186425454172],[-120.27179387159,45.7185825471469],[-120.271255844082,45.7185239140475],[-120.27071975821,45.7184693953463],[-120.270181716313,45.7184148712494],[-120.269643686107,45.7183576006228],[-120.269107613725,45.7183003326942],[-120.268569591613,45.7182416879036],[-120.268033532721,45.7181816734455],[-120.267495513307,45.718123023259],[-120.266959450818,45.7180643739717],[-120.266421433203,45.7180057192886],[-120.265883404795,45.7179498030411],[-120.265347329715,45.7178952600582],[-120.264809280624,45.7178448242793],[-120.264271227935,45.7177957563691],[-120.263731202133,45.7177507947634],[-120.263193110773,45.7177113199215],[-120.262653051697,45.717674579918],[-120.262112971037,45.7176433221816],[-120.261572868793,45.7176175449138],[-120.261030786242,45.7175972472152],[-120.260488681208,45.7175824299852],[-120.259944596766,45.7175730896265],[-120.259400495237,45.7175678609681],[-120.258858332646,45.717566746708],[-120.258314203238,45.7175683681857],[-120.257770048649,45.7175754710312],[-120.257225884167,45.717585314111],[-120.2566817008,45.7175992670926],[-120.256139468961,45.7176145933389],[-120.25559917696,45.7176340330842],[-120.255056916344,45.7176562085672],[-120.254516592866,45.7176825002472],[-120.253974283686,45.7177156393653],[-120.253433914344,45.7177528928818],[-120.252893518921,45.7177956286654],[-120.252355064235,45.7178424788474],[-120.251814625644,45.7178948068],[-120.251278083816,45.7179512536475],[-120.250741523103,45.7180118121954],[-120.250206895032,45.7180778548092],[-120.249672248076,45.7181480091234],[-120.24953515992,45.718165539608],[-120.249466288039,45.7160032402574],[-120.244964872731,45.7163979931729],[-120.243137316334,45.7167230549251],[-120.239779289183,45.7174519041821],[-120.235852099095,45.7180724336959],[-120.23440651265,45.718310471651],[-120.227508412183,45.7188403180263],[-120.221553976635,45.719296596261],[-120.220046308191,45.7194026892827],[-120.215653676676,45.7198692422718],[-120.21273957737,45.7201788500739],[-120.210522113605,45.7205202713935],[-120.210274051806,45.7231356267079],[-120.205560407287,45.7250570642322],[-120.200964259193,45.7242748977684],[-120.199398166292,45.7254143486933],[-120.197765940845,45.7268333017155],[-120.196463152353,45.7281324317664],[-120.195385250129,45.7290975958774],[-120.194178269112,45.7303996900937],[-120.191890517034,45.7324379288674],[-120.191308222197,45.7329573943683],[-120.190361242377,45.7335732384143],[-120.189416809438,45.7344386101538],[-120.187277938326,45.7364017420468],[-120.185966954311,45.7376842742099],[-120.182594767335,45.7409780277139],[-120.182169038171,45.7414814169339],[-120.181157023878,45.7424822679424],[-120.18008077191,45.7437598853105],[-120.17929755234,45.7444528597118],[-120.177501137667,45.7456325076342],[-120.175871031923,45.7468249259296],[-120.173668267576,45.7488410899444],[-120.172932009704,45.7495149573494],[-120.172442390004,45.749863203624],[-120.170000393403,45.7515495799492],[-120.169282381876,45.7527828553445],[-120.169244286595,45.7529363021687],[-120.16915194061,45.7533281556699],[-120.168826288902,45.7537618528273],[-120.168334546802,45.7541278975845],[-120.167421829354,45.7544735547108],[-120.166447240348,45.754679182898],[-120.165526883159,45.7549877852582],[-120.165234488381,45.7550856647717],[-120.163959616643,45.7557291440848],[-120.161938703308,45.7560030263186],[-120.161414829331,45.7561605542662],[-120.155441064653,45.7571453766578],[-120.153285806095,45.7579205104233],[-120.150576165857,45.7586980669623],[-120.149401972323,45.7591730501962],[-120.148095108103,45.7598793273691],[-120.1463645292,45.7606816548346],[-120.145582139704,45.7614539215613],[-120.145169422831,45.7616761512335],[-120.142028734838,45.7633680466981],[-120.141891156552,45.7634416616035],[-120.14035461897,45.7641951360967],[-120.139768900414,45.7641974509517],[-120.139309587867,45.7640342599732],[-120.13875614508,45.7641998206652],[-120.137612798292,45.7647200254089],[-120.137350824881,45.7649481753181],[-120.137318461877,45.7651098563348],[-120.137121986091,45.7652024766131],[-120.136926030112,45.7655226901201],[-120.136925832261,45.7658640727688],[-120.137122235203,45.7660936409089],[-120.137121916843,45.766454217788],[-120.136730038161,45.766777935953],[-120.135521451853,45.7670716986001],[-120.133791738098,45.7673693067482],[-120.133235421977,45.7676705643451],[-120.132712397859,45.7676661864454],[-120.131440930954,45.7673729130296],[-120.130525934624,45.7673960840621],[-120.129610582163,45.7677784542124],[-120.128762945054,45.7676839165795],[-120.126154242924,45.7678799139269],[-120.125268408011,45.7682362945694],[-120.124427842271,45.7685585378463],[-120.123345842736,45.7689512933675],[-120.122365415332,45.7690893563887],[-120.116323205052,45.7694591198426],[-120.113877168696,45.7699186122542],[-120.106237238158,45.7709941456633],[-120.103920260811,45.7714675730701],[-120.103333568289,45.771883751434],[-120.103102458711,45.772157173215],[-120.102811677317,45.7722768379058],[-120.102517678148,45.7722950365867],[-120.101799595575,45.7721609836426],[-120.101342943222,45.7721854829737],[-120.100165217151,45.7725064060459],[-120.098531354938,45.7727750299437],[-120.096837132927,45.7727088946998],[-120.093928445741,45.7731663807239],[-120.093710816101,45.7731889348215],[-120.092752095633,45.7732843241123],[-120.0905974666,45.7732164999416],[-120.087103075247,45.7736498346722],[-120.083125151704,45.7742911142436],[-120.082438113728,45.7744710164243],[-120.078288526694,45.7749949839314],[-120.07708152859,45.7752744401633],[-120.076134189042,45.7754122360859],[-120.074893570682,45.7757313083533],[-120.074244994011,45.7760031590186],[-120.073426810599,45.7772149064429],[-120.073168954284,45.777374376926],[-120.072998710822,45.7773449672965],[-120.072777587316,45.7773071436098],[-120.072642099054,45.7768199412873],[-120.072611576963,45.7767087769885],[-120.072054443358,45.7768013469047],[-120.070588723791,45.7773457685924],[-120.069343045845,45.7778073483305],[-120.068039712363,45.7778560268342],[-120.066664477184,45.7780853989221],[-120.066144130347,45.7779737948548],[-120.066080113007,45.7776294336515],[-120.064772050889,45.777784998379],[-120.063273044715,45.7783141243974],[-120.061699946995,45.7790486061083],[-120.059355952215,45.7801434929279],[-120.057887063437,45.7810729980205],[-120.056674352839,45.781555131764],[-120.055499029756,45.7822677248757],[-120.054850308295,45.783042629314],[-120.054195719657,45.7835611280437],[-120.053277012724,45.7840237779751],[-120.052303270879,45.7842545098378],[-120.050372571237,45.7855728943736],[-120.048871850056,45.7862773171445],[-120.046224961813,45.7869471331038],[-120.042276135835,45.788681203175],[-120.041094685671,45.78938402875],[-120.040310977769,45.7898498460936],[-120.039754679635,45.7900601723391],[-120.038289594989,45.7904451541206],[-120.036195371619,45.791561121049],[-120.035089203704,45.7921476471962],[-120.033908205899,45.7927749962691],[-120.032142687435,45.793457587098],[-120.028881021742,45.7944631946208],[-120.028064244869,45.7946395148018],[-120.026006570847,45.7948464712877],[-120.024112613007,45.7946893678201],[-120.023102395559,45.7950280183284],[-120.022151531568,45.7955341639706],[-120.021103833075,45.7958986942694],[-120.020973346842,45.7960338911512],[-120.021008193773,45.7967908262357],[-120.02110590961,45.7970599411634],[-120.021104137046,45.7977426920716],[-120.021013348687,45.7978177270065],[-120.020711391418,45.7980660172329],[-120.020287817029,45.7980903349011],[-120.020026876039,45.7978863596678],[-120.019795404934,45.7969709559449],[-120.01983187694,45.7961251966206],[-120.019633421745,45.7959502667914],[-120.019145462193,45.7959414138652],[-120.018718393039,45.7961507976213],[-120.018359532966,45.7961726331606],[-120.018263352272,45.7964231321219],[-120.017905161294,45.7965985206053],[-120.017958681748,45.7967605190827],[-120.018033175291,45.7969925243855],[-120.017992595182,45.7971568781874],[-120.017840327369,45.7977841706031],[-120.017707225008,45.7979961291181],[-120.015355585092,45.7995726910269],[-120.012086276061,45.8011714419086],[-120.004407082021,45.8035892467464],[-120.003427596207,45.8037427718115],[-120.002056757813,45.8038151123776],[-120.001157597645,45.8037468583309],[-119.99964075072,45.8043779162079],[-119.999189212812,45.8044555079154],[-119.992851539267,45.8064669720732],[-119.992299586657,45.8068128189565],[-119.991971537357,45.8071102769178],[-119.991579764794,45.8072977783698],[-119.989095641251,45.8077764389316],[-119.988249954772,45.8078618709287],[-119.987595042377,45.8080975670491],[-119.985931719273,45.8084179631185],[-119.984430285829,45.8088281618902],[-119.982011675199,45.8089847770259],[-119.980606105887,45.8091951842104],[-119.978481533996,45.8097835188943],[-119.977567614154,45.8100372032544],[-119.977440614593,45.810205270357],[-119.977174028559,45.8112775707034],[-119.976850431802,45.8119355776648],[-119.975514437641,45.8135336783366],[-119.974010749596,45.8143810789237],[-119.973357476666,45.8146372678956],[-119.97293007926,45.8146353496417],[-119.972772295005,45.814523590891],[-119.972736958844,45.8143150417059],[-119.973028589198,45.8141559453406],[-119.974043635106,45.8137875866279],[-119.975021075862,45.8132421936724],[-119.97498944041,45.8130569684044],[-119.974207202001,45.8126257183023],[-119.974169687681,45.8124404660547],[-119.973912565213,45.8122583434479],[-119.973910503067,45.8120554267166],[-119.974302364662,45.8118679846198],[-119.976428753184,45.8115237709054],[-119.976722011312,45.8107532092932],[-119.976748785028,45.8101816235831],[-119.974822034309,45.8105678671134],[-119.974496898813,45.8107487540518],[-119.973451510679,45.8107975386755],[-119.972373533811,45.8109791549641],[-119.971328178053,45.8110238081023],[-119.97070828436,45.811277390839],[-119.97021499003,45.811620656668],[-119.968519739195,45.8121915543967],[-119.967407092563,45.8123016763813],[-119.96698055311,45.8124203868914],[-119.966232217343,45.8123566636292],[-119.96567718995,45.8123774460623],[-119.964402078993,45.8128789044379],[-119.963944161294,45.8129974611639],[-119.962932129015,45.8130380790442],[-119.958133179303,45.8138139466564],[-119.957786523929,45.8139823501054],[-119.957571817985,45.8140882956384],[-119.95734680671,45.8144546821379],[-119.957244678799,45.8153028543433],[-119.956792303622,45.8162823923186],[-119.956462497946,45.8167401481394],[-119.95587801326,45.8171747868869],[-119.955475875112,45.8182285845816],[-119.956660659961,45.8183835107905],[-119.956662622282,45.8185905401214],[-119.956465737304,45.8186760008968],[-119.952937847104,45.8193437412207],[-119.951533507166,45.8191822679474],[-119.950585522804,45.8192792886084],[-119.948233899075,45.8193464086099],[-119.946794273337,45.8193889906095],[-119.944411183229,45.8198699246573],[-119.940160826261,45.8198017533483],[-119.939475815357,45.8198725183021],[-119.939020950856,45.8196674387014],[-119.937974512314,45.8196034834141],[-119.93680557172,45.819434733726],[-119.936210328444,45.8193496182903],[-119.935127004208,45.8190496494219],[-119.929180777671,45.8181791038826],[-119.928230943403,45.8184596491935],[-119.926434920835,45.8184563738626],[-119.925227672719,45.8185944251926],[-119.923073841385,45.8186853151752],[-119.921959906025,45.8190966192137],[-119.919151519327,45.8193446198584],[-119.917872703163,45.819575468633],[-119.916535903209,45.8199156947535],[-119.915556873351,45.8201658312881],[-119.915001175064,45.8206278301103],[-119.914129196905,45.8209538919086],[-119.913072197624,45.821347571933],[-119.912517523665,45.8215148008674],[-119.910815270708,45.8215364340592],[-119.909835370306,45.8216754683482],[-119.907645903336,45.8214053263948],[-119.907155119014,45.8210806657402],[-119.905934183216,45.8210155431329],[-119.905489320975,45.8209913549671],[-119.904116042721,45.820301639709],[-119.903695665423,45.8203749110733],[-119.903693642847,45.8205695810214],[-119.903987545789,45.8209686605753],[-119.904021111185,45.8215131164372],[-119.90349638465,45.821814812004],[-119.900981074417,45.8223312108168],[-119.900001676736,45.8226058934473],[-119.898793272991,45.8228396362402],[-119.897057181244,45.8229047687402],[-119.895329141127,45.8231358072717],[-119.894053163223,45.8236378681931],[-119.891990397239,45.8241797151218],[-119.891634711772,45.824435619908],[-119.89016231294,45.8247775853173],[-119.888102333955,45.825050665356],[-119.884863529029,45.8260784402678],[-119.884640481873,45.8263967121386],[-119.882704930388,45.8271268887949],[-119.881725884342,45.8271710940708],[-119.88065096517,45.827376563078],[-119.879699114622,45.8274442010891],[-119.876792948236,45.8285146389395],[-119.876626720247,45.8286522271187],[-119.876202697097,45.8286911048107],[-119.874804307073,45.8287014919803],[-119.873400350246,45.8292218406155],[-119.873300801591,45.8293584089635],[-119.872614606279,45.8295192644026],[-119.871407491263,45.829611519556],[-119.870722751054,45.8298176153907],[-119.87035760382,45.8302091316461],[-119.869545838869,45.8305516366487],[-119.868430416031,45.8305072560051],[-119.866340010283,45.8313761710735],[-119.865950327745,45.8316770563511],[-119.86536070793,45.8317904060025],[-119.86369525793,45.8323544679844],[-119.863497776701,45.8326536436508],[-119.862943257425,45.833137337718],[-119.861764912621,45.8334558649962],[-119.861214377342,45.833755859945],[-119.860299384609,45.8338482203192],[-119.860037555089,45.8339359078159],[-119.859347954045,45.8338663407591],[-119.858076267706,45.8339348016498],[-119.857487804419,45.8341166670506],[-119.857354271283,45.834306504042],[-119.856933516269,45.8343987987656],[-119.855230352299,45.8344648656611],[-119.853462819354,45.8348472519991],[-119.853709221903,45.8253325587506],[-119.853803532907,45.8227035067615],[-119.853789343403,45.8223963253302],[-119.853840547203,45.8209831072846],[-119.853656804918,45.8191901990685],[-119.853615366856,45.8181685746201],[-119.852475905139,45.8075877206968],[-119.852370009069,45.806547910158],[-119.845670281059,45.801832852804]]],[[[-119.273880455419,45.8244665970558],[-119.273603116191,45.824596698379],[-119.272556828735,45.8239098105893],[-119.275168539996,45.823932968132],[-119.275122538774,45.8204827802562],[-119.280243755145,45.8204332581884],[-119.280317986985,45.8132480320711],[-119.282807734889,45.8132670158602],[-119.282816353992,45.812768018929],[-119.282949281884,45.812417020729],[-119.284045452935,45.8109297498082],[-119.287748594022,45.8080777334008],[-119.287997295239,45.8078129334202],[-119.288097914087,45.8068541886699],[-119.288944229193,45.8062335800158],[-119.288995173988,45.8060490040584],[-119.269560769714,45.8057714921607],[-119.252000349337,45.8057814962191],[-119.234439922664,45.8057888742572],[-119.234509141684,45.8265758606875],[-119.215317455436,45.826712994709],[-119.215217398664,45.8213700091187],[-119.215242352153,45.8058860963663],[-119.204685252023,45.8057851591578],[-119.204939529935,45.7949463140212],[-119.210154026687,45.7949242113833],[-119.210273848759,45.7913344837995],[-119.210306977085,45.788288143683],[-119.209914082169,45.788503210255],[-119.209559579311,45.7889284843621],[-119.209507400646,45.7889827557497],[-119.209310654163,45.789016242006],[-119.208157270042,45.788970642781],[-119.207910007741,45.7889843754286],[-119.207602203979,45.7890755945631],[-119.207441265802,45.7891725459763],[-119.207238037006,45.7893197631965],[-119.20693672545,45.7893836303503],[-119.206521609185,45.7894530966831],[-119.206366440159,45.7894678410681],[-119.206153289143,45.7894462951105],[-119.205793349883,45.7893285198953],[-119.205599455151,45.7893222678085],[-119.205479895681,45.7893223199691],[-119.205145426121,45.7893789610703],[-119.205155459857,45.7843263548774],[-119.205078033624,45.7807193450218],[-119.204939840201,45.7787652818923],[-119.184513127579,45.7788424347306],[-119.184001120156,45.7514939388942],[-119.163258723911,45.7517447391285],[-119.163308738807,45.7299718736031],[-119.182235938937,45.7299845999094],[-119.189365857648,45.7380984425891],[-119.194403948783,45.7381162608568],[-119.194413977123,45.7354329248896],[-119.204863223359,45.7354021069218],[-119.204822826712,45.7371951932037],[-119.207466272351,45.7371996844179],[-119.207418126245,45.7425632815703],[-119.210075154345,45.7425843158136],[-119.210092694722,45.7479115938451],[-119.204746583988,45.7479664740736],[-119.204407089915,45.7588568080953],[-119.198720771946,45.7588377352733],[-119.198719329433,45.7642648569376],[-119.206450982727,45.7643064982464],[-119.206651861594,45.7691338791253],[-119.204704337435,45.7691343296856],[-119.20495879791,45.7751428684487],[-119.212664684727,45.7750878173489],[-119.212600912002,45.7714631214259],[-119.21518371006,45.7714461871918],[-119.215188637446,45.7706125696145],[-119.214495254752,45.7696396704345],[-119.220364414786,45.7695900323542],[-119.220420736628,45.7713717943728],[-119.248674830879,45.7716203507986],[-119.248738233982,45.7704185201986],[-119.262858245711,45.7729047256726],[-119.276979479619,45.7753892296293],[-119.300552787881,45.779373074308],[-119.324129364279,45.7833521732642],[-119.324063918815,45.7880805405845],[-119.331886506157,45.788140843725],[-119.331860246853,45.7953101788218],[-119.331118252206,45.7950738136057],[-119.330344942265,45.7949317396082],[-119.329319699844,45.7947446437503],[-119.328802199362,45.7947463362744],[-119.328460511843,45.7947772037051],[-119.328260764323,45.7948643327229],[-119.328126301288,45.7949219477897],[-119.327818686383,45.7952040687128],[-119.327578398324,45.7952606270763],[-119.326572166672,45.7951984686345],[-119.326595469006,45.802595877198],[-119.331828143754,45.8026700056163],[-119.331808412628,45.8045070993232],[-119.334333134267,45.804522600038],[-119.3343930489,45.8153809748521],[-119.337002324797,45.8154082216122],[-119.337021133219,45.8189321287148],[-119.334407942572,45.8188966189838],[-119.33443232679,45.8199169574017],[-119.329197937035,45.8198497978299],[-119.329151297295,45.8099266702797],[-119.318421327682,45.8098068239258],[-119.318839050182,45.8090390933795],[-119.319026263851,45.8081346730768],[-119.319116187062,45.8074801869611],[-119.319048873707,45.8064635159785],[-119.31646196125,45.7988085748559],[-119.311007886005,45.798841203159],[-119.311099829094,45.8024481770418],[-119.290283932158,45.8023863171749],[-119.290355896807,45.8132079187105],[-119.300596175673,45.81324031319],[-119.300594129715,45.8186877019759],[-119.295539798623,45.8186428177119],[-119.295457312805,45.8204244097587],[-119.293702203094,45.8204255869713],[-119.293714405995,45.8240440550891],[-119.290526384885,45.8240085201771],[-119.290165718973,45.8276286259604],[-119.28974192425,45.8276365993497],[-119.289745458586,45.8256087774232],[-119.288272941943,45.8255935923705],[-119.28826214828,45.8261049010204],[-119.288028151878,45.8261340219676],[-119.287893396563,45.8269429522555],[-119.286581659816,45.8269280343014],[-119.28654514824,45.8302320068017],[-119.287588896011,45.8302167363134],[-119.28758195864,45.8307308256671],[-119.289054490572,45.8307515028796],[-119.28904153314,45.8313656211266],[-119.287804123561,45.8313555981824],[-119.287766361029,45.8311934180418],[-119.285368721689,45.831141223189],[-119.285332209214,45.8307350012194],[-119.284053722201,45.8307203998266],[-119.283183304366,45.8296830597255],[-119.281335218246,45.8309088545601],[-119.278247538993,45.8286295399214],[-119.28035456601,45.8277698231189],[-119.280287341687,45.8256727084288],[-119.28009102598,45.8255897738491],[-119.277163417957,45.8270428588409],[-119.274115854763,45.8245554347856],[-119.273880455419,45.8244665970558]]],[[[-119.26910450407,45.838211284823],[-119.265602603377,45.8383226118991],[-119.265606832889,45.8374876588284],[-119.264318276168,45.8374782231415],[-119.264312382011,45.8365677522],[-119.251351158429,45.8364443850004],[-119.25501037303,45.8343223743781],[-119.256342173652,45.8335097101051],[-119.257183463346,45.8329742870338],[-119.259617668221,45.8320635579869],[-119.26149105317,45.8310522586549],[-119.262996282652,45.8304662091483],[-119.26440069004,45.8293690281582],[-119.264823208624,45.8288743911403],[-119.266389630677,45.8280832746235],[-119.267802953943,45.8270217958193],[-119.269384445036,45.8258893928812],[-119.270688603196,45.8250666768857],[-119.272202717981,45.8243284099282],[-119.273088316373,45.8251013718309],[-119.269339487927,45.8275287643411],[-119.269286876688,45.8302567093797],[-119.269152248178,45.8345221632673],[-119.267231938403,45.834614452595],[-119.267279892053,45.8356693312747],[-119.269319677661,45.8356783820518],[-119.26910450407,45.838211284823]]],[[[-119.318849871724,45.8332911937337],[-119.321416671742,45.8333252060934],[-119.321475659174,45.8351328901708],[-119.326599288426,45.8352170963919],[-119.326651878082,45.8315897285831],[-119.325383618159,45.8314577656634],[-119.324170168319,45.8311398706086],[-119.323025320562,45.8306334398814],[-119.322679968306,45.8303543892437],[-119.322505239925,45.8297891203717],[-119.322096871274,45.8291406120497],[-119.322050896132,45.8288960971772],[-119.322122279819,45.8284758880519],[-119.322500976239,45.8277982533867],[-119.322919082749,45.8270154376124],[-119.323380193941,45.8259519776017],[-119.323512093908,45.8246836673175],[-119.323778911068,45.8234345296798],[-119.324049806653,45.8226557185866],[-119.324354741578,45.8221295288547],[-119.324730446853,45.8216904258725],[-119.325069896858,45.8213935533698],[-119.325288931239,45.82123121315],[-119.32655590603,45.8208394073129],[-119.326994239193,45.8207889427555],[-119.327317876419,45.8207853202863],[-119.327738703378,45.8208237995788],[-119.32821151475,45.8209094141382],[-119.328788774282,45.8210659942004],[-119.329283103732,45.8212505368828],[-119.330071533974,45.8215339861046],[-119.331360252574,45.8219992800428],[-119.332491972027,45.8227605273765],[-119.333644937963,45.8231531488988],[-119.334402924355,45.8232964126993],[-119.334789413401,45.8233852567243],[-119.335130946236,45.8234667982542],[-119.335856372673,45.8236686870603],[-119.336948360079,45.8239756634462],[-119.337323759584,45.8240314816676],[-119.338127566434,45.8240435523681],[-119.338430632568,45.8238943593373],[-119.338769841555,45.8238003657943],[-119.339293660674,45.8236931162444],[-119.339787761696,45.8236006506496],[-119.340701070898,45.8233368237355],[-119.341180362783,45.8232976798441],[-119.341560352428,45.8232232771326],[-119.342066322703,45.823028089175],[-119.342273216236,45.8229793980808],[-119.342261158126,45.8281469142487],[-119.346205501882,45.8282296078102],[-119.346211966209,45.8345421372099],[-119.347531432629,45.8345715441415],[-119.347487276816,45.836379563666],[-119.346191273708,45.836351758427],[-119.34615158213,45.8408622092236],[-119.342319266921,45.8408231300834],[-119.342324057609,45.8426275109509],[-119.339584093131,45.8425991049648],[-119.339680729782,45.8353950470438],[-119.335940927832,45.835358040841],[-119.33592254479,45.8358774991473],[-119.332894567031,45.8358488197673],[-119.332989864591,45.8365641009526],[-119.333465202157,45.8379796653293],[-119.333790890737,45.8386519859005],[-119.333973026834,45.8388594558992],[-119.334336275599,45.8391317930978],[-119.334729865691,45.8393591839792],[-119.335310500379,45.8395527801367],[-119.335832272641,45.8397471623018],[-119.336251786591,45.8399542383974],[-119.336542305383,45.8401380975952],[-119.336945522718,45.8403751750743],[-119.33749959503,45.8406219688288],[-119.338074320274,45.8410115569379],[-119.338370707142,45.8414875087416],[-119.338529730663,45.8418688698525],[-119.338596186964,45.842268509684],[-119.338439828136,45.842627555917],[-119.338049317322,45.8430213060885],[-119.337806616382,45.843187546668],[-119.33746758636,45.8433638029971],[-119.335962596097,45.8436697298742],[-119.333931230842,45.8439087157147],[-119.332940874022,45.8441813218106],[-119.331700774571,45.8445789471608],[-119.330063711671,45.8452975504417],[-119.329794525697,45.8454141520415],[-119.329626853397,45.8454590983587],[-119.329231150797,45.8455264512847],[-119.328811011819,45.8455414582717],[-119.328319531421,45.8454954237748],[-119.327989757221,45.8454084989032],[-119.327701509217,45.8453055346228],[-119.326724528014,45.8446335521967],[-119.326024629733,45.8438436749457],[-119.32562373085,45.8435901308799],[-119.325343904098,45.8434598227127],[-119.324529076056,45.843302224618],[-119.324037759335,45.8432493202],[-119.323590569649,45.8432448415762],[-119.323140406804,45.843289691666],[-119.322596288188,45.8434199755515],[-119.321961455856,45.8436686309026],[-119.321374095138,45.8440891448982],[-119.317555253572,45.8440521368967],[-119.317630580787,45.8350654509099],[-119.318852387128,45.8350750026094],[-119.318849871724,45.8332911937337]]],[[[-119.347385391722,45.8609837288161],[-119.352536363962,45.860994382185],[-119.352623787957,45.8646682863124],[-119.369794593246,45.8648127471106],[-119.369695082362,45.9013305425705],[-119.359499759706,45.9010154812795],[-119.359517311774,45.9099039190307],[-119.338731249847,45.9096484162415],[-119.33874477745,45.9080115601854],[-119.328362270802,45.9080580227596],[-119.327916059578,45.8646698646226],[-119.331687024836,45.8646196680633],[-119.331689408939,45.8628647400158],[-119.33682477974,45.8627826921676],[-119.337089180421,45.850806342239],[-119.347208220783,45.8508567123674],[-119.347385391722,45.8609837288161]]],[[[-119.31250610797,45.9178676405792],[-119.311144695371,45.917874453843],[-119.307549694163,45.9178887917344],[-119.307578697299,45.9153623092233],[-119.312718409127,45.9153005078122],[-119.312886299963,45.9080495250656],[-119.323188951309,45.9080680663882],[-119.323131672589,45.9116225369506],[-119.324893754743,45.9116086217405],[-119.330329634005,45.9116449849282],[-119.350945475853,45.9116096487663],[-119.369155908219,45.9120370452735],[-119.369125402315,45.9127866895541],[-119.368481453556,45.9127722707238],[-119.368311648064,45.9191828010455],[-119.368437021651,45.9213885682279],[-119.364593375884,45.921550325687],[-119.348536567109,45.9261721728076],[-119.332477168287,45.9307918138912],[-119.32579277012,45.9323403232474],[-119.325784810221,45.9261145469488],[-119.32320829033,45.9261600940132],[-119.323189469318,45.9220071399176],[-119.324156745038,45.9218742282131],[-119.324173223316,45.921166953692],[-119.328309307928,45.9206392575957],[-119.328320170839,45.9180906670507],[-119.322125147757,45.917877983682],[-119.317798545367,45.9178400628687],[-119.31250610797,45.9178676405792]]],[[[-119.301790524813,45.9204146240357],[-119.295201247939,45.9226876371248],[-119.29535057407,45.9363279136024],[-119.287731029363,45.9372299228227],[-119.285966047795,45.937435199375],[-119.271847460592,45.9386295224346],[-119.265711274756,45.9391466218192],[-119.265606691695,45.9171914987887],[-119.269887807276,45.9172418329443],[-119.27331359025,45.9172405927792],[-119.276050610347,45.9172060381282],[-119.277116750338,45.9170443786952],[-119.281007732821,45.9147499203726],[-119.286857954031,45.9156412429491],[-119.299019869172,45.9173619140212],[-119.301036661812,45.917575801582],[-119.301790524813,45.9204146240357]]]]},"bbox":[-124.422495080883,41.9928201093606,-116.46382950203,46.2946071382089],"properties":{"divisionId":"utility:42","divisionType":"utility","name":"Pacific Power (PacifiCorp)","label":"Pacific Power (PacifiCorp)","labelPoint":[-120.4431622914565,44.14371362378475],"boundaryQualifier":"Approximate service area","landAreaSqKm":52444.138,"cameraViewshedAreaSqKm":4397.525,"cameraViewshedCoveragePct":8.39,"landMix":[{"label":"Tribal reservation/trust area","percentage":1.06,"areaSqKm":558.293},{"label":"Tribal fee land","percentage":0.0,"areaSqKm":1.644},{"label":"National Park Service land","percentage":1.36,"areaSqKm":710.865},{"label":"U.S. Forest Service land","percentage":35.2,"areaSqKm":18458.862},{"label":"Other federal land","percentage":11.73,"areaSqKm":6153.802},{"label":"State land","percentage":0.95,"areaSqKm":495.657},{"label":"Local government land","percentage":0.16,"areaSqKm":86.227},{"label":"Nonprofit open space","percentage":0.41,"areaSqKm":214.68},{"label":"Mapped private open space","percentage":0.05,"areaSqKm":24.266},{"label":"Other/unclassified","percentage":49.08,"areaSqKm":25739.841}]}},{"type":"Feature","id":"utility:44","geometry":{"type":"MultiPolygon","coordinates":[[[[-122.663260431024,45.2593451427642],[-122.666919064663,45.2593405885974],[-122.668103792856,45.2593534731843],[-122.668134221417,45.2574443896469],[-122.668480777866,45.2572513735521],[-122.671344846088,45.2595195680736],[-122.66946538442,45.259464746301],[-122.669478724963,45.2606040119657],[-122.669494759875,45.2619730912852],[-122.666233642768,45.2624991056493],[-122.666211764062,45.2617100108084],[-122.663328694963,45.2621464733811],[-122.663260431024,45.2593451427642]]],[[[-122.681697702987,45.2739966367354],[-122.68424949242,45.273955984681],[-122.684285683837,45.2758543707826],[-122.681744211426,45.2758635015994],[-122.679378012385,45.2758817119715],[-122.679388478695,45.27490622814],[-122.681721733771,45.2749108452593],[-122.681697702987,45.2739966367354]]],[[[-122.682554302739,45.2775443515906],[-122.681663767968,45.277561024122],[-122.681677301866,45.27745170793],[-122.6816544411,45.2768443651754],[-122.681724429039,45.2767901270628],[-122.683693118742,45.2767335282298],[-122.683715796047,45.27767650067],[-122.682977949972,45.2778717830564],[-122.682966451241,45.2775191930564],[-122.68298235665,45.2771703280483],[-122.682758733928,45.2771683459425],[-122.682532566125,45.2771722148259],[-122.682554302739,45.2775443515906]]],[[[-122.790503778826,45.7960354820519],[-122.790388234829,45.7956211401036],[-122.789714621033,45.794905327419],[-122.789245792759,45.7943586691173],[-122.788978609575,45.7938780219532],[-122.789155331753,45.793319111288],[-122.789749915826,45.7933075100336],[-122.79005738594,45.7935446108951],[-122.790356549015,45.7935734026904],[-122.790544727657,45.7933266278217],[-122.790117580262,45.7925713753687],[-122.789475807862,45.7926531597156],[-122.789358897795,45.7922042118549],[-122.789189262275,45.7916866888896],[-122.789267444837,45.7911643302697],[-122.789444155323,45.7906054178059],[-122.788951875429,45.7894694616464],[-122.787698039733,45.7891469215932],[-122.786662384062,45.7893059765896],[-122.786407660085,45.7891371009965],[-122.786691612928,45.788784573949],[-122.78696036273,45.7880503737258],[-122.787482418279,45.7874497579],[-122.786586633266,45.7861481601096],[-122.785290086069,45.7847501280161],[-122.784418813877,45.7840377903118],[-122.7844077738,45.7837602721189],[-122.784278905447,45.7830338177565],[-122.783307393022,45.7822891350356],[-122.78275774987,45.7821955956503],[-122.781856299129,45.7820046623853],[-122.781230135362,45.7812182709065],[-122.781209477036,45.7806981803768],[-122.780644695596,45.7802229570239],[-122.779987909914,45.7799233586761],[-122.779221206394,45.7793481612887],[-122.778344993327,45.7785319815658],[-122.777619028196,45.7777475101395],[-122.77650334995,45.7771440947242],[-122.776088875801,45.7767009070213],[-122.775621320068,45.7761545113217],[-122.774678388097,45.7748883684035],[-122.774295040384,45.7739929952805],[-122.773562325841,45.7730351309665],[-122.772990432562,45.7723518800353],[-122.771942259228,45.770948886382],[-122.770735314183,45.7692712217895],[-122.770146062191,45.7681716908709],[-122.769199267632,45.7668013408093],[-122.768707578592,45.7656649403847],[-122.768108827061,45.7643228209415],[-122.767664379408,45.7631162392231],[-122.767230901685,45.7621871783956],[-122.766931201714,45.7608739011097],[-122.766917181283,45.7592770208179],[-122.767169619183,45.7581265657884],[-122.767131291876,45.7571552314288],[-122.767048128868,45.7562889990381],[-122.767816402605,45.7556490648525],[-122.768398899789,45.754075614598],[-122.768997788917,45.7529181052864],[-122.767980824755,45.751028594594],[-122.76727926003,45.7495838696999],[-122.7668780266,45.7444534784453],[-122.76667792025,45.7418880939604],[-122.76846505212,45.7394234794101],[-122.767815634584,45.7392971750247],[-122.766817766627,45.7403928001876],[-122.766031894956,45.74058149504],[-122.76595188677,45.7398190875809],[-122.76577852356,45.7391976974159],[-122.765798341021,45.7384333600116],[-122.765845219082,45.7371133629914],[-122.765977217974,45.7329097383937],[-122.765943033844,45.7320425464264],[-122.766606709232,45.7312660978522],[-122.766678179255,45.7305703643309],[-122.766638500267,45.7295640643301],[-122.766771867927,45.7279300132595],[-122.767434411069,45.7246189298198],[-122.768277689164,45.7208530906976],[-122.769980736222,45.713772290259],[-122.771912167912,45.7049509149528],[-122.773800001369,45.6963041430218],[-122.774785982087,45.6924311631677],[-122.775705103608,45.6881082048299],[-122.776206241825,45.6857375982116],[-122.776804713667,45.6833304602326],[-122.777811277169,45.6787276616523],[-122.77742304164,45.6776938190146],[-122.774679488867,45.6721921246669],[-122.772896347289,45.6684074960092],[-122.770261963219,45.6631466850715],[-122.76804844478,45.6585024250469],[-122.767001350632,45.6557798093908],[-122.766171256598,45.6535738533507],[-122.765241461924,45.652585079338],[-122.764672611052,45.651970969185],[-122.764050830581,45.6512539801871],[-122.76308764318,45.650682467322],[-122.758059621754,45.6474461921881],[-122.755713330106,45.6456860372808],[-122.7527578431,45.6435209329447],[-122.745276365012,45.6433008922224],[-122.727937033068,45.6391529302635],[-122.721970427893,45.6378625299319],[-122.717242789923,45.6365480169774],[-122.712676000197,45.6344271943596],[-122.70753968331,45.6323838087658],[-122.702102185268,45.6299443320653],[-122.696610600199,45.6261000612689],[-122.69211878965,45.6234414278796],[-122.683509149827,45.6203253183588],[-122.675613349576,45.6174799218609],[-122.678575137233,45.6127927282019],[-122.682373795314,45.6067806119357],[-122.682757653843,45.6055347082602],[-122.683264148422,45.6036467713814],[-122.683661434727,45.6022489587225],[-122.683906203209,45.6012533507616],[-122.683907136705,45.6012498712846],[-122.684707583688,45.5980206900029],[-122.684927594733,45.59714379525],[-122.68485522269,45.5966827236289],[-122.684696878158,45.595672874004],[-122.681973438723,45.5900276676428],[-122.681624141141,45.5894775487499],[-122.681308308232,45.5889795275832],[-122.680828895837,45.5877497010879],[-122.680771578446,45.5875910867593],[-122.680730678178,45.5874977371309],[-122.680729179008,45.5874938898312],[-122.679685840429,45.5851116954485],[-122.679239323436,45.5837760061578],[-122.678885644357,45.5826610590607],[-122.678793750731,45.5818911386652],[-122.678709415907,45.5805597328455],[-122.678709246834,45.5805517306779],[-122.678724489444,45.5708998683343],[-122.678727882586,45.5705816962883],[-122.678727118162,45.5692348958738],[-122.678727314214,45.5691108685718],[-122.678726878043,45.5688130787606],[-122.678724320371,45.5643119278532],[-122.678718347973,45.562980372746],[-122.678718198686,45.5628779435623],[-122.678717165365,45.5563385718676],[-122.678707238648,45.5549191691844],[-122.678724925615,45.5519769022123],[-122.678669110991,45.5494669195627],[-122.678669000374,45.5494510654144],[-122.678484132137,45.5478783687917],[-122.678354763761,45.5462282711179],[-122.677697168689,45.5454080183654],[-122.676673560336,45.543602598781],[-122.677964133338,45.5422979891609],[-122.68168241721,45.5392162346416],[-122.67655821509,45.5365720101902],[-122.672834376106,45.5327076062711],[-122.671669263925,45.531236288424],[-122.669537429109,45.5291005127785],[-122.666508087079,45.5267633888194],[-122.666322720617,45.5261624447411],[-122.662046804017,45.5257970106236],[-122.660054606935,45.5257784540125],[-122.65892997234,45.5263277841999],[-122.658155280142,45.5266994802968],[-122.657058639644,45.5272322737505],[-122.656288049254,45.5275375872899],[-122.655226186439,45.5279315685871],[-122.653953893058,45.5282742570514],[-122.652757551919,45.5285973465903],[-122.652684497292,45.5286169859852],[-122.650130260803,45.5292984724466],[-122.65010024593,45.5293064341447],[-122.649212362361,45.5294770067585],[-122.647838724378,45.5297407896058],[-122.646894136755,45.5298081362366],[-122.645663243664,45.5298958102435],[-122.645030013924,45.5299398653326],[-122.643941781188,45.5299691247753],[-122.642893685195,45.5299933866855],[-122.640446209925,45.5301186856289],[-122.640061845977,45.5301383421108],[-122.640048148403,45.5301390597699],[-122.637182886781,45.5302856717464],[-122.636128895732,45.5303445242805],[-122.63611171958,45.5303454236025],[-122.636107937931,45.5303463696893],[-122.635257004807,45.5305495589151],[-122.634752685688,45.5307307965891],[-122.63473023861,45.5307416181312],[-122.634258257313,45.5309139147454],[-122.633936972713,45.5311915831251],[-122.633779363827,45.5312965933632],[-122.633610927103,45.5314733614065],[-122.633240810215,45.5317932232787],[-122.632006374694,45.5330862649192],[-122.631524106952,45.5336071693354],[-122.631076873199,45.5339116024385],[-122.631045798025,45.5339351745687],[-122.630644680607,45.5341479226885],[-122.630445948422,45.5341931208159],[-122.629974453658,45.5343724015651],[-122.629630275916,45.5343997724316],[-122.629197898964,45.5344076549894],[-122.625260000648,45.5335778532354],[-122.621199622764,45.5325454252313],[-122.618965446898,45.5320530922764],[-122.61749352021,45.5316700053665],[-122.615895050816,45.531002174211],[-122.614160100308,45.5298042466687],[-122.612697320625,45.52892584735],[-122.612243666612,45.5286265313894],[-122.611114115424,45.5280036330612],[-122.610823515693,45.5279166857065],[-122.610793350633,45.5279016202636],[-122.60988272231,45.5276276274132],[-122.609369129382,45.5275439122218],[-122.60913182977,45.5274895077346],[-122.608707026908,45.527435987281],[-122.608299428975,45.5273695453683],[-122.608214860328,45.5273739772273],[-122.607898066043,45.5273340608183],[-122.606672645326,45.5274069445749],[-122.606136908392,45.5274828446576],[-122.605913451145,45.5274945511327],[-122.605487829899,45.5275747994375],[-122.605235270591,45.5276105780658],[-122.605137989127,45.5276407593137],[-122.604897868342,45.5276860311855],[-122.604297408099,45.5278895693482],[-122.604214092207,45.5279273849409],[-122.603903441191,45.52802375809],[-122.601958751695,45.5288882224136],[-122.600995002218,45.5293883731749],[-122.60062395723,45.5295567622348],[-122.59965707991,45.5300454331503],[-122.59428950056,45.5329086434192],[-122.590303758312,45.5328147901705],[-122.590399909328,45.5215266734173],[-122.588123145167,45.5203386222297],[-122.586710695142,45.5192336755937],[-122.586307839335,45.5192047902689],[-122.585743017426,45.5191880628789],[-122.584123066826,45.519109649191],[-122.5790983612,45.5190960604349],[-122.566543127563,45.5190917850579],[-122.551971643576,45.5190013582261],[-122.53751132119,45.5190307111984],[-122.537535083078,45.5264800250332],[-122.537535084876,45.5264800780932],[-122.53747819916,45.5305591897549],[-122.537469693372,45.5314678422671],[-122.537410914582,45.5363652443606],[-122.53720643303,45.5481120702159],[-122.53703434326,45.5552478866807],[-122.537965455441,45.5580145250503],[-122.53784511536,45.5592934356436],[-122.537681016965,45.5598374337506],[-122.531301633763,45.5687410853329],[-122.513743363665,45.5662199214123],[-122.507764474651,45.5634537785691],[-122.495466463307,45.5621724829738],[-122.474225059339,45.561343860231],[-122.459509230566,45.560175363902],[-122.448259771171,45.5610010116874],[-122.441733366801,45.5627330483915],[-122.438039395202,45.5620149802072],[-122.432082837253,45.5627037250969],[-122.424572213037,45.5627583930854],[-122.408863930226,45.5660015417378],[-122.400124342864,45.5662828298887],[-122.395289059642,45.5665348433084],[-122.389982877008,45.5675232432031],[-122.38379432185,45.5687340967012],[-122.376623575717,45.5701342341077],[-122.368689296174,45.566303475625],[-122.36532656377,45.5647254208416],[-122.360945327565,45.5683365450955],[-122.354476253177,45.5623638641011],[-122.362506181015,45.5600142836323],[-122.35478613797,45.5581579570242],[-122.349860990892,45.5540700104227],[-122.341900666083,45.5477382571149],[-122.331811214316,45.5396690648755],[-122.32751235691,45.539632160296],[-122.32390297734,45.5395497032562],[-122.321530617944,45.5395171154226],[-122.318417961819,45.5394963473786],[-122.314513065026,45.5394181998901],[-122.310809560613,45.5394756683675],[-122.310981901294,45.5402715692775],[-122.305075932009,45.5409877066174],[-122.299365666892,45.5416312677688],[-122.294787433293,45.5421529249176],[-122.290244963934,45.5422572561675],[-122.286790193113,45.542379751924],[-122.283778055113,45.5424257828237],[-122.280915246841,45.5425040921901],[-122.276768845206,45.5426364885831],[-122.272071560254,45.5424997088945],[-122.267966377246,45.5423534386603],[-122.264603615165,45.5422307846231],[-122.262147145774,45.5440463656473],[-122.260144590301,45.5445908691733],[-122.257465520717,45.5450021929969],[-122.255660230635,45.5452967794229],[-122.253254472216,45.5460327162369],[-122.25082119814,45.5458641670977],[-122.242348117671,45.5481924318353],[-122.229666247799,45.5485509312805],[-122.222843774021,45.5500749943656],[-122.214887452994,45.5552318967347],[-122.204737634234,45.5574966009874],[-122.199750097589,45.5584072248136],[-122.197309797109,45.5585750419047],[-122.189230429041,45.5556820766666],[-122.193025776718,45.5522703842709],[-122.193046167047,45.5522522998039],[-122.197639097366,45.5515897953329],[-122.19763909287,45.5515896469447],[-122.197639269137,45.5515896217637],[-122.1975378391,45.5478759451188],[-122.197332096699,45.540328560215],[-122.175624721604,45.5403645555799],[-122.175768992645,45.5437410197324],[-122.175923187705,45.5473553869416],[-122.156062287145,45.5473956010262],[-122.15606209469,45.5473956010262],[-122.15606631341,45.5503900889315],[-122.156071992628,45.5546162082715],[-122.135618376787,45.5541887497111],[-122.13583275178,45.5617469021979],[-122.107952636105,45.5616621006255],[-122.080072604967,45.5615706485667],[-122.079470099665,45.5615663543039],[-122.070054207735,45.5614669459429],[-122.06696669036,45.5614343284316],[-122.052263451197,45.5613874611624],[-122.037560238114,45.5613387448872],[-122.022145387,45.5614712770778],[-122.011544857709,45.5619001502718],[-122.001752936749,45.5621516160043],[-122.001752936749,45.5621516600711],[-122.001752740696,45.5621516663664],[-122.001715260551,45.5815917102893],[-122.001681637597,45.591659143055],[-122.001996280704,45.6056443976709],[-122.001986811742,45.6056443958722],[-121.985374012401,45.6054402398752],[-121.96687734921,45.6054306072368],[-121.950384478061,45.6054453291387],[-121.933891599718,45.6054577271924],[-121.915220280092,45.6054423730671],[-121.913113978827,45.6018188363702],[-121.915461087059,45.597889963651],[-121.914938996438,45.5957789517373],[-121.914574125296,45.5941684772935],[-121.915956320328,45.5920690027823],[-121.916023389967,45.5907839147459],[-121.91597374829,45.589953236153],[-121.915983637235,45.5893468286932],[-121.918536138932,45.586414134105],[-121.918098907439,45.5858256573283],[-121.915915940768,45.5827241770792],[-121.915915109794,45.5827237588944],[-121.915873705007,45.5826628172353],[-121.91372128381,45.5815780585806],[-121.911769868285,45.5814062242179],[-121.910260421881,45.5812513016064],[-121.911267604117,45.5782752875745],[-121.912606172137,45.5744059211964],[-121.913904148358,45.5709189456529],[-121.913725084345,45.5706472658587],[-121.911603592632,45.5673015360371],[-121.908105972712,45.5668471670631],[-121.907286624678,45.566730321747],[-121.907338740391,45.5665552381338],[-121.908017132285,45.5646028369514],[-121.906929797972,45.5625677799791],[-121.904641510797,45.5617597571072],[-121.902847636709,45.5610934422086],[-121.903324453661,45.5586190457324],[-121.901885379207,45.5561779520509],[-121.909232396958,45.549734662125],[-121.909946291388,45.5495944829991],[-121.914350590707,45.5488010489293],[-121.919709328822,45.547729458148],[-121.922347551198,45.5465172880425],[-121.922271401104,45.546470020575],[-121.922318682061,45.5464476904086],[-121.915841357293,45.5424106193547],[-121.913208484984,45.5375418993393],[-121.913742131894,45.5346621586318],[-121.913798696553,45.5343669327877],[-121.911384408963,45.5285642380492],[-121.911335619843,45.5285230383076],[-121.911309184271,45.5284587799488],[-121.907039274243,45.5247941172548],[-121.906757897059,45.5205068134387],[-121.897908766876,45.5162962136994],[-121.893797476572,45.513362840123],[-121.893257420194,45.5132527828897],[-121.890653735382,45.5127057468728],[-121.889252105101,45.5126272180717],[-121.886194506371,45.5124089220342],[-121.882194274246,45.5129897914458],[-121.874682613112,45.5157623275694],[-121.873828141156,45.515522353374],[-121.869493827978,45.5142629373847],[-121.868116107972,45.5103457081879],[-121.866950618976,45.5069921749489],[-121.85959930966,45.4997569815995],[-121.859615619765,45.4996371981982],[-121.860015437662,45.4969244472055],[-121.863322758339,45.492754816082],[-121.862456223776,45.4918835438905],[-121.860661991757,45.4899280148661],[-121.86033531842,45.4895613486773],[-121.860317301402,45.4895523176854],[-121.860267391727,45.4894979203928],[-121.855164265219,45.4869119099567],[-121.849829162186,45.4862861607778],[-121.847772560155,45.4830077757883],[-121.847180024738,45.482042206083],[-121.846954231952,45.4813752148943],[-121.845413067359,45.4766912677878],[-121.836138857322,45.4741240369947],[-121.835816625737,45.4735890671818],[-121.835062104433,45.4723222992347],[-121.835045931924,45.472309509976],[-121.835025741245,45.472275985948],[-121.82946200177,45.467898011584],[-121.822029570908,45.4636219492936],[-121.820952153419,45.4622325623829],[-121.820508300218,45.4616224389245],[-121.820466481743,45.4616062367385],[-121.820415861603,45.4615409558505],[-121.819321758992,45.461162718085],[-121.818894188016,45.4609970521723],[-121.818394378098,45.4607220970472],[-121.817416518258,45.4601299627276],[-121.815470203687,45.4589696394374],[-121.813815408854,45.4576750860364],[-121.813115571726,45.4566894668455],[-121.812788235589,45.4561899006434],[-121.812753055009,45.4561789001362],[-121.812737598361,45.4561571293481],[-121.810653334084,45.4554851172444],[-121.807841465211,45.454723083004],[-121.807660360637,45.4546512892257],[-121.806876389234,45.4543122780892],[-121.806566937015,45.4537256853921],[-121.805855161387,45.4527962810236],[-121.806051755884,45.4513770492115],[-121.807251545023,45.4493989777807],[-121.806575855591,45.4480960408996],[-121.806329671577,45.4475836269829],[-121.805685054622,45.4464447246444],[-121.805256566337,45.4456608980321],[-121.804803470804,45.4446850850487],[-121.804571669647,45.4437878089603],[-121.804402072797,45.4430228807014],[-121.80583797804,45.4432845285582],[-121.805995604014,45.4433090791507],[-121.806879330916,45.4434860801185],[-121.807565584684,45.4424938509105],[-121.807441710267,45.4417005490412],[-121.807418260444,45.441358804865],[-121.807349694333,45.4403515641734],[-121.807518139151,45.4390999471049],[-121.80764181212,45.4380223191748],[-121.807478095038,45.4373298609843],[-121.808147285069,45.4363849720888],[-121.807654432306,45.4356927989836],[-121.807493622732,45.4354442587456],[-121.806922501972,45.4350940762307],[-121.806094604982,45.4345870348638],[-121.805413475551,45.4336272702823],[-121.804483376007,45.432448125081],[-121.804413619193,45.4324064316116],[-121.80440875476,45.4323999412044],[-121.804335513073,45.4323597478042],[-121.80262948836,45.4313400371131],[-121.801787540363,45.4311449921477],[-121.800128327161,45.4296671389274],[-121.799745660234,45.4282589705751],[-121.799565847086,45.4275246876143],[-121.799545929801,45.4275211253997],[-121.799541327071,45.4275040823476],[-121.798607378428,45.4273530672903],[-121.797265412769,45.4270659749149],[-121.79703325638,45.4268292391781],[-121.796356366353,45.4261368133633],[-121.794994264873,45.4246100262318],[-121.794750849872,45.4238036958839],[-121.794749395668,45.423794098319],[-121.794667072627,45.4235261758923],[-121.794484556117,45.4229215535869],[-121.794576619715,45.4221254143565],[-121.794662471696,45.421476279207],[-121.79526180239,45.4202822861986],[-121.795225596584,45.4198624089231],[-121.795254349708,45.4190864711638],[-121.79528034731,45.4188934811493],[-121.795098740914,45.4186475399521],[-121.794268755699,45.4174006802972],[-121.793327445205,45.4153394341676],[-121.793325536844,45.4153390870293],[-121.79330124076,45.4152830502726],[-121.791701767722,45.4150438063267],[-121.791605384681,45.4150262794393],[-121.790442758227,45.4145507736993],[-121.789115347195,45.4139220342745],[-121.787333324373,45.4126548022774],[-121.786728302769,45.4121628371453],[-121.7844581819,45.4100753092282],[-121.782629135326,45.4089030708201],[-121.782181131754,45.4084989667539],[-121.782033007118,45.4083477079804],[-121.781832734393,45.4081847040609],[-121.780721338719,45.4071821650249],[-121.779303318293,45.4056150253132],[-121.778739703275,45.4046964173058],[-121.778236946278,45.4038416377814],[-121.778196296922,45.4038107127942],[-121.778193412796,45.4038060129372],[-121.776558036124,45.4025128813644],[-121.774851279363,45.402180033282],[-121.772301167165,45.4020712207103],[-121.770716955623,45.4024630877014],[-121.76817690504,45.403031818064],[-121.765968000123,45.4031011054317],[-121.763076917166,45.4027899400038],[-121.760450772685,45.4017199203381],[-121.758777603803,45.4011946218344],[-121.758017663185,45.4009371234495],[-121.757623233126,45.4008321851573],[-121.756944637085,45.4006191168788],[-121.756345755152,45.4004309688142],[-121.752704784198,45.3998430334293],[-121.751202819255,45.3994449269419],[-121.750303799381,45.3989250360616],[-121.74900049018,45.3984449078063],[-121.748576512896,45.3983735106291],[-121.748550438852,45.3983659662164],[-121.748468635619,45.3983553452231],[-121.746772581689,45.3980697160446],[-121.74505641712,45.3973408631903],[-121.743940805424,45.3970364606642],[-121.743591428701,45.3969261606139],[-121.743544341098,45.396928277618],[-121.743444700712,45.3969010902132],[-121.741870519309,45.3969999931552],[-121.741704230166,45.397011034132],[-121.741572761873,45.3970169453758],[-121.741518048919,45.3970233926156],[-121.740124656428,45.3971158896866],[-121.738698488145,45.3973608164486],[-121.73690246018,45.3964940516592],[-121.735187539373,45.3958527819804],[-121.733998533106,45.3957070540374],[-121.733177497943,45.3956710316928],[-121.731624216784,45.3956258731356],[-121.730502430343,45.3947738176576],[-121.72895948779,45.3943497117698],[-121.727122223212,45.3944818437622],[-121.726712310425,45.394651799441],[-121.726106131393,45.3945636901622],[-121.725409094754,45.3943317037452],[-121.724277179248,45.3939386460517],[-121.724139415701,45.3933798406072],[-121.724094285923,45.3930360657619],[-121.723882313018,45.3923093631866],[-121.72295317395,45.3914330691808],[-121.722631203167,45.3910908609545],[-121.720159692616,45.3884347726467],[-121.720097723031,45.3884221056957],[-121.719887323042,45.3883020291154],[-121.720040314809,45.3884039717659],[-121.713488347209,45.3853487580388],[-121.708859703013,45.3831182046415],[-121.68809265725,45.3727714748238],[-121.66733303719,45.3624209876385],[-121.646580841932,45.3520667466831],[-121.625836069679,45.3417087537561],[-121.624611201146,45.3411340051303],[-121.624608212699,45.3411063671651],[-121.611395988334,45.3346143762525],[-121.598186725437,45.328120863687],[-121.584980424907,45.3216258330658],[-121.571777085844,45.315129281691],[-121.563834453397,45.3112003703009],[-121.548355827759,45.3035977958017],[-121.543095865782,45.3010067590548],[-121.543090886235,45.3010109058287],[-121.543082675425,45.3010068705707],[-121.55832923011,45.2902981807165],[-121.573570149643,45.2795874359115],[-121.588805439419,45.2688746379542],[-121.604035097642,45.2581597886434],[-121.632395920735,45.2580961274344],[-121.637629624308,45.2581035225596],[-121.644913587892,45.2581391231221],[-121.651265738723,45.2581216852676],[-121.665128341999,45.2581385088851],[-121.685862015719,45.2580598227027],[-121.696782816074,45.2579739590311],[-121.696773991926,45.2579089506376],[-121.696821273783,45.2579084146417],[-121.696725262161,45.2573494707016],[-121.696597204997,45.2566064238474],[-121.696446165658,45.2554935586808],[-121.696404221278,45.2554866006262],[-121.696378358574,45.255336529857],[-121.694876670622,45.2550001753179],[-121.694742327197,45.2549593811706],[-121.692588058792,45.2543094474231],[-121.692473193783,45.2542242177735],[-121.690104026979,45.2524675504371],[-121.688281121876,45.2509956741112],[-121.686252431205,45.2510870308419],[-121.685931366939,45.2511012797004],[-121.685527859123,45.2511194549989],[-121.683184887772,45.2511059552756],[-121.682157919552,45.2509017579098],[-121.681135086415,45.2506983708332],[-121.680887306104,45.2504606944056],[-121.681124258578,45.2497488549258],[-121.681888500654,45.2490436551406],[-121.681887960161,45.2490171071538],[-121.681977782649,45.248946738801],[-121.681841761988,45.2478439307529],[-121.68177707735,45.2469583242673],[-121.681640301259,45.2466227557356],[-121.681397142564,45.2457257368533],[-121.681083581342,45.2448675920658],[-121.68113413763,45.2446261393849],[-121.681440139151,45.2439049127815],[-121.682040904264,45.2430433047048],[-121.682855973324,45.2421678452699],[-121.684159561315,45.2404997917321],[-121.684273563874,45.2403546177715],[-121.684511269979,45.2397763078304],[-121.685110428004,45.2386271882942],[-121.685025459158,45.2378696488652],[-121.684951235411,45.2370457169863],[-121.685234877088,45.2346470398291],[-121.685135289762,45.2334854071259],[-121.685148960356,45.2327695701596],[-121.68496939722,45.2313199520542],[-121.684953692359,45.2311925567911],[-121.684868569729,45.2311114739155],[-121.683858594199,45.2301534504214],[-121.683093388049,45.2292752183767],[-121.682794712406,45.2289320523724],[-121.683327646154,45.2286984921417],[-121.685661161134,45.2286260112814],[-121.68772604592,45.2288476860719],[-121.690073521975,45.229502930316],[-121.692901330432,45.2301048483601],[-121.695244883644,45.2305172612627],[-121.697237973753,45.2305937791796],[-121.699708369146,45.2305199484369],[-121.701079355928,45.2304087463666],[-121.701624533945,45.2302090330205],[-121.70209679583,45.2298159951121],[-121.702169399898,45.2296400859213],[-121.702169811787,45.229639680327],[-121.702170527648,45.2296373546802],[-121.702619834338,45.2285487442292],[-121.703033058429,45.2274031050693],[-121.703247127653,45.2270218698634],[-121.703401073601,45.2267473338225],[-121.703544186315,45.2264183905963],[-121.70385889777,45.2256932744251],[-121.703997239581,45.2254292550562],[-121.704503081252,45.2233375147146],[-121.704796434708,45.2221803750243],[-121.705206721613,45.2213181383215],[-121.70638820775,45.2200983077907],[-121.706519891879,45.2200019886009],[-121.708637101921,45.2188239459684],[-121.709925244055,45.2173670190728],[-121.71049300315,45.2167613211781],[-121.710575105856,45.2166737128217],[-121.710777963232,45.2164024781919],[-121.711012663803,45.216136982136],[-121.712880633934,45.2135457880078],[-121.714083013121,45.2124911710308],[-121.714910555778,45.2121176780884],[-121.716625472987,45.2120510374255],[-121.718211814124,45.2124225662485],[-121.720550760109,45.2126407804477],[-121.722952612773,45.2127585017035],[-121.725698662064,45.212634916868],[-121.727613074084,45.2122752330156],[-121.729325925551,45.2121113864314],[-121.731643277016,45.2113105203643],[-121.735928281265,45.2094695982434],[-121.737205948995,45.209011944046],[-121.738925941079,45.2083702238068],[-121.741387035683,45.2079074362792],[-121.745555546251,45.2070377945586],[-121.746232929106,45.2068676518207],[-121.747183695971,45.2061469621127],[-121.74720535974,45.2061200121289],[-121.74725726591,45.2060943949404],[-121.747932853718,45.2052518012297],[-121.748524795583,45.2046769518799],[-121.748741494424,45.2039920192163],[-121.748837331578,45.2038280062575],[-121.748906087446,45.2037096527783],[-121.749033133772,45.2030770111951],[-121.749111084309,45.2026888736926],[-121.749354419271,45.2017564835749],[-121.749454655908,45.1993528025898],[-121.749499328831,45.1985745418817],[-121.749580712979,45.1965875959409],[-121.749584530602,45.1964946294237],[-121.749574459094,45.1964492424386],[-121.749579791174,45.1963194585762],[-121.749118517206,45.1939954512292],[-121.74822326729,45.1906570068155],[-121.748207877192,45.1906209997594],[-121.748133132738,45.1903215911685],[-121.748007221356,45.1900362803501],[-121.747311941093,45.1884612679732],[-121.747126392069,45.1880404661946],[-121.745979056788,45.186163403918],[-121.744740883685,45.1851572442115],[-121.744547693121,45.1850797622213],[-121.743262828117,45.1845627185946],[-121.743077948189,45.1844882322462],[-121.741749503837,45.184108800181],[-121.741558751335,45.1840542607956],[-121.74013297066,45.18345262334],[-121.739259201951,45.1825652685723],[-121.73920856922,45.1824646542205],[-121.738461543765,45.1809714073046],[-121.738237317598,45.1802936179562],[-121.738109755061,45.1797990097166],[-121.738062397662,45.1797648831429],[-121.738028804386,45.1796633982473],[-121.737012540796,45.1782961139745],[-121.736931680053,45.1781872474436],[-121.735386882199,45.1771324748839],[-121.733982451429,45.1761783751319],[-121.733636285286,45.1756073523974],[-121.733215809962,45.174824175995],[-121.733137327925,45.1744615342724],[-121.732835122443,45.1730602196535],[-121.732733475669,45.1725880953643],[-121.732444359819,45.1714143272095],[-121.732299247013,45.171086681705],[-121.732122560808,45.1706873620322],[-121.732046175091,45.1705143216786],[-121.731757993636,45.1698634661261],[-121.73097189084,45.1680837941319],[-121.730564255136,45.1671010869456],[-121.729782634561,45.1650803516769],[-121.729088827387,45.1632854046977],[-121.729017550719,45.1631009933162],[-121.728839572188,45.1627987230826],[-121.727934930653,45.1613681058535],[-121.72778800841,45.1611358001771],[-121.727464503384,45.1608501548109],[-121.726759716388,45.1602276953519],[-121.726679652444,45.1601544743496],[-121.72621491069,45.1598590029906],[-121.725834112554,45.1595907613046],[-121.723808495765,45.1590532086387],[-121.723421866426,45.1589214966298],[-121.722887804928,45.158739214843],[-121.722632246381,45.1586404090277],[-121.72195546787,45.158378015633],[-121.721210289623,45.1580892487199],[-121.719276847948,45.1573205612949],[-121.719202475814,45.1572407599531],[-121.718433803677,45.1566161780942],[-121.718308573981,45.1565146221521],[-121.717614842351,45.1556262403587],[-121.716739027684,45.1549516777778],[-121.714864692152,45.1540351921705],[-121.713828313426,45.153698334011],[-121.713671229743,45.1536255671663],[-121.71334739017,45.1533649193556],[-121.713253244642,45.1532890930173],[-121.712876664327,45.152985787664],[-121.712749998414,45.1528842407152],[-121.711987230326,45.1525829129711],[-121.7118103076,45.1524184521499],[-121.711805434173,45.1524100425895],[-121.711381763557,45.1515979008225],[-121.71102761863,45.1510680400581],[-121.71100233419,45.1498551109247],[-121.710489335714,45.1482591020759],[-121.710528814153,45.1468514112637],[-121.71052330041,45.1468109741472],[-121.710034175337,45.1428778494333],[-121.709087307034,45.1402188922881],[-121.708089861758,45.1383854822043],[-121.707782420422,45.1367873149827],[-121.707412263065,45.135480924705],[-121.706619653674,45.1335435251136],[-121.706488304991,45.133185406981],[-121.706036792264,45.1319530156192],[-121.704779573319,45.1308499215867],[-121.703608259414,45.1305709545859],[-121.702914392885,45.1301416344289],[-121.701734069572,45.1294258802002],[-121.700466967077,45.1278376289035],[-121.700032240196,45.1266776167786],[-121.699991169057,45.1246884962771],[-121.699253385935,45.1221730169712],[-121.698545641068,45.1210641699755],[-121.697218046576,45.1198650202545],[-121.696460786836,45.1191960784363],[-121.696448485909,45.1191850896203],[-121.696446686365,45.1191836219267],[-121.69575195379,45.1185698966834],[-121.694647156441,45.1177152916275],[-121.694638209985,45.1177079909311],[-121.694637725251,45.1177079909311],[-121.69251295281,45.117681174047],[-121.691706667429,45.1184658055525],[-121.691171453,45.1191022548652],[-121.688482299319,45.1216529579177],[-121.686947196156,45.1237069177401],[-121.686270362787,45.1241020141966],[-121.684897900218,45.1240190022752],[-121.682278690409,45.1233177451179],[-121.681716124,45.1232080709958],[-121.678209450606,45.1225014808587],[-121.678160096711,45.1224878939012],[-121.671463546905,45.1206132741833],[-121.667550819715,45.1203129150091],[-121.665826876909,45.1197966987587],[-121.665404089427,45.1192186945871],[-121.665371989026,45.117617646837],[-121.665183072041,45.1167461633049],[-121.664994645187,45.1158746743768],[-121.664004836054,45.1143802853219],[-121.66259381865,45.1123562045752],[-121.662812838642,45.110546890027],[-121.663259337648,45.1079339161174],[-121.662822110652,45.1066283945848],[-121.662250797436,45.1054692673928],[-121.661047259923,45.1035404689176],[-121.659784252042,45.1020487742316],[-121.658109366354,45.1005128311023],[-121.657077425783,45.0985822762511],[-121.655485417118,45.097773119334],[-121.654307301641,45.0971055552772],[-121.653264757163,45.0963395883014],[-121.652564453287,45.0955702083984],[-121.652347202262,45.0949901088065],[-121.652461592428,45.0938244543352],[-121.65245491766,45.0937934043422],[-121.651920880444,45.0911139903184],[-121.651740210242,45.0885422503246],[-121.65231065921,45.0862075356493],[-121.652929791177,45.0852566608663],[-121.655289122095,45.083945535658],[-121.65899615275,45.0814340763216],[-121.660473062582,45.07991494332],[-121.660323534104,45.0792854844376],[-121.66055483164,45.0771481988303],[-121.660554782177,45.0771081241407],[-121.660578535971,45.0749159484124],[-121.660550320641,45.0735017177302],[-121.660525302401,45.0722475951504],[-121.660417026724,45.0702007408715],[-121.660415466401,45.0701620709229],[-121.660115498431,45.0688548047056],[-121.659188551011,45.0670202398922],[-121.659521389201,45.0665317191635],[-121.662949093126,45.066739769225],[-121.665692234009,45.0669549832859],[-121.667339100419,45.0671324887734],[-121.669877138319,45.0673493279092],[-121.673441826979,45.0675560595645],[-121.674057374248,45.0675724703933],[-121.678341054696,45.0676867058768],[-121.68103881399,45.0678063462859],[-121.681046117384,45.067806391252],[-121.681253382338,45.067816159688],[-121.684743198839,45.0678291728781],[-121.684745972349,45.0678291863679],[-121.684746456184,45.0678291845693],[-121.685599841759,45.0677234099075],[-121.686453705774,45.0676176235546],[-121.688431294269,45.0672091748636],[-121.690086840935,45.0663403794051],[-121.690814289048,45.06573348811],[-121.691566262573,45.0652144686728],[-121.691955820105,45.0646727701323],[-121.693018220714,45.0638138042637],[-121.69493411122,45.0620589022965],[-121.696597305721,45.0607972910622],[-121.698290024065,45.0596101050224],[-121.700649539345,45.0586882585563],[-121.703373373582,45.0579806746684],[-121.706648728756,45.0574613728442],[-121.708486924132,45.05695698088],[-121.709579393574,45.0565155594456],[-121.713246309969,45.0540380306306],[-121.714056876124,45.0534581891442],[-121.714061906931,45.0534547528346],[-121.718714170023,45.0501598230175],[-121.7197541946,45.0490261574313],[-121.720807434715,45.0470254392727],[-121.720912756119,45.0455202817357],[-121.720470627817,45.0440205516072],[-121.718423974986,45.0410820159224],[-121.717846114706,45.0396323969176],[-121.717830885587,45.0389045360156],[-121.719040560074,45.0379820384404],[-121.720470143982,45.0374693996931],[-121.72354786774,45.0373885713256],[-121.723548351575,45.0373885659296],[-121.726080730042,45.0374101217798],[-121.726081213877,45.0374101208805],[-121.727285637222,45.0371878201618],[-121.728967537622,45.0368774848081],[-121.728971934407,45.0368765567078],[-121.72914819973,45.0368440192361],[-121.731913814671,45.0362549785845],[-121.736277961059,45.0341475001071],[-121.73694605032,45.0339975723302],[-121.737391763319,45.033897613584],[-121.739329209675,45.033535227269],[-121.739344606069,45.0335324330754],[-121.739355367356,45.0335316533632],[-121.741798429654,45.0333610717561],[-121.741804515366,45.0333606760544],[-121.742520973764,45.0332801192822],[-121.743237913299,45.0331995508187],[-121.745974573668,45.0331701330952],[-121.747551516889,45.0332988944285],[-121.749762715977,45.034293872864],[-121.75404272719,45.0359947912267],[-121.756993395629,45.0370832496923],[-121.757014705964,45.0370914685964],[-121.757019321285,45.0370928121836],[-121.757492486089,45.0372673454117],[-121.758972637078,45.0376613078232],[-121.758978611274,45.037663047112],[-121.758982567392,45.0376639509307],[-121.759419826764,45.037780330398],[-121.763409827302,45.0387073371739],[-121.764820529943,45.038998310124],[-121.764829956637,45.0390004648996],[-121.764841350148,45.039002605286],[-121.766984704381,45.039444656246],[-121.769869654861,45.0399469860646],[-121.769870022683,45.0399469590849],[-121.769870138696,45.0399469806687],[-121.7716129196,45.03981812041],[-121.772354449298,45.0394444143283],[-121.773367708253,45.0389339807187],[-121.774133084374,45.0386121286469],[-121.774898936237,45.0382902657832],[-121.775481136645,45.038151828644],[-121.776396778688,45.0379342691513],[-121.777895080693,45.0375779046966],[-121.778905174035,45.0368390657703],[-121.779089935252,45.0359148999527],[-121.779631031247,45.0351181347941],[-121.780719155165,45.0345656542816],[-121.781511856287,45.033995513782],[-121.780722738963,45.0323544309123],[-121.779822434857,45.0318791464055],[-121.779158974407,45.0297027267994],[-121.778722928221,45.0285429673841],[-121.778772399926,45.0276689873339],[-121.778679239156,45.0265537911246],[-121.778928356758,45.0254348132661],[-121.779317479918,45.0244600309057],[-121.779367562263,45.0243772483114],[-121.780242088202,45.0229453891185],[-121.781028780953,45.0213839124377],[-121.781417260198,45.0203607753296],[-121.78166202868,45.019047739062],[-121.781285630028,45.0174991289817],[-121.780970581327,45.0165626514453],[-121.780963742882,45.0165434284365],[-121.780845945184,45.0161936677036],[-121.780590008022,45.0154927010274],[-121.780571702322,45.0154412319274],[-121.781776209305,45.0149217367488],[-121.78314409972,45.0149065813737],[-121.784516270909,45.0150854583273],[-121.786648052665,45.0155953766254],[-121.786667728933,45.0156012213193],[-121.790643424854,45.0168128707174],[-121.791888554213,45.017429626676],[-121.791889029055,45.0174296158841],[-121.794897445661,45.0173476516728],[-121.796346436939,45.0170636053012],[-121.798987304221,45.0161550697007],[-121.802100177081,45.0145642220613],[-121.804337622883,45.0127269880601],[-121.804766503271,45.0119958284448],[-121.805158844205,45.0111663135746],[-121.805159953969,45.0111257964184],[-121.805219939648,45.0095998042876],[-121.805220939695,45.0095895789959],[-121.80536824235,45.0083008253229],[-121.805468649858,45.0066985481995],[-121.805434876718,45.0065733140073],[-121.805434892007,45.0065727312466],[-121.804946712121,45.0047631019357],[-121.804079412235,45.0026861419519],[-121.803904644284,45.0009899153524],[-121.803673209151,44.999827927417],[-121.80296930439,44.9989137107992],[-121.802888745819,44.9983806736292],[-121.802662165227,44.9974127270158],[-121.802683158101,44.9953257476852],[-121.802795433063,44.9942085819605],[-121.802701864899,44.9930933902478],[-121.802540657825,44.9919789593615],[-121.802611823877,44.9890666569008],[-121.802427857659,44.9869336250868],[-121.80224618921,44.9849459686816],[-121.802204985871,44.983102478097],[-121.802308564389,44.9815968601071],[-121.802019965649,44.9809207560881],[-121.801930770888,44.9799996101939],[-121.802120410928,44.9793181219338],[-121.802030136082,44.9783486329831],[-121.801607506881,44.9777710865665],[-121.800837596378,44.9770033443289],[-121.79966338126,44.9764338981059],[-121.799170155278,44.9758087820497],[-121.79901231077,44.9748400494288],[-121.79863789872,44.9733884941837],[-121.797373709129,44.9718982258225],[-121.796802124319,44.970788382378],[-121.796718318296,44.9700616132529],[-121.796828601259,44.9688954245842],[-121.796593601214,44.9675393476628],[-121.796229001667,44.9665242307087],[-121.795733622708,44.9657533750183],[-121.795091405144,44.9645476053877],[-121.794098561699,44.9629085109191],[-121.793036243828,44.9612705289118],[-121.79212188062,44.9601161384491],[-121.791828127866,44.9591972642424],[-121.790985618691,44.9581878094199],[-121.790605784629,44.9571755846856],[-121.790332722577,44.9564478344001],[-121.790176261225,44.9555761197422],[-121.790092662946,44.9548976936737],[-121.790270440928,44.9536340445756],[-121.790315485271,44.9526143329851],[-121.790972326711,44.9513940312096],[-121.792947318864,44.9495969150656],[-121.795088448173,44.947631918878],[-121.795829432882,44.9463804636875],[-121.796583866053,44.9456048505834],[-121.796969401816,44.9444842611398],[-121.797416039319,44.9430721699447],[-121.798255696743,44.9408789060367],[-121.798162302149,44.9397636873443],[-121.798266992228,44.9383067325697],[-121.797342091664,44.9366672343054],[-121.795955550208,44.9357606232542],[-121.794854107331,44.9353847596989],[-121.79320088901,44.9347722602317],[-121.790196849405,44.9349028840609],[-121.787124151958,44.9349858402244],[-121.784328916946,44.9352593924071],[-121.782561043158,44.9356188757106],[-121.781150039243,44.9360923480834],[-121.780100613153,44.9363663229475],[-121.778119067641,44.9372891523726],[-121.776246008247,44.9380975781408],[-121.773639767561,44.9399589859185],[-121.770417811433,44.9395866890745],[-121.767815355994,44.9393241086208],[-121.765763583323,44.939249543132],[-121.762145220426,44.9393861609426],[-121.759962560424,44.9395553782782],[-121.754854823092,44.9339816284494],[-121.751142037675,44.9297029230515],[-121.749479046421,44.9286046520831],[-121.747676981308,44.9274111501045],[-121.746955115286,44.9255746202726],[-121.745899911951,44.9241302290269],[-121.745401488788,44.9232137838891],[-121.744775192821,44.9226378796345],[-121.74371603067,44.9210481048862],[-121.743699480447,44.9202718703506],[-121.746171646604,44.9177349233281],[-121.747181778616,44.9170312865647],[-121.747632462168,44.9159876584038],[-121.7479657761,44.9153242429196],[-121.746917030796,44.9142196407239],[-121.74587964393,44.9135998225738],[-121.743186092564,44.9121730589396],[-121.740573631268,44.9113760266823],[-121.738439880896,44.9105741497772],[-121.737269737908,44.9101497830861],[-121.735876537872,44.9088543231686],[-121.734341250348,44.9073179060965],[-121.732071735622,44.9065657167345],[-121.728903266672,44.9052407392688],[-121.727805891429,44.9050096072077],[-121.726039659802,44.905465270306],[-121.724276450798,44.9060662809342],[-121.722372066218,44.9064259566926],[-121.721483327394,44.9063870025582],[-121.719227146016,44.9062167330159],[-121.717654233556,44.9061362706724],[-121.716016811826,44.9062018717191],[-121.714038817737,44.9063197278732],[-121.714347072959,44.9047149641244],[-121.714312742239,44.9030654456139],[-121.714558535948,44.9017528347256],[-121.714798020013,44.900508533642],[-121.715620989617,44.8995259280792],[-121.71627417891,44.8988715822578],[-121.717327535038,44.8979719292612],[-121.718751469405,44.897490857617],[-121.720305804569,44.8970632623597],[-121.721833413681,44.8966506740894],[-121.722992774697,44.896072553006],[-121.723920552192,44.8955877527726],[-121.724728242314,44.8948991400833],[-121.725800108288,44.8940633398513],[-121.725968893949,44.8930951414277],[-121.726803456714,44.8924024548095],[-121.727613107359,44.8919024173627],[-121.729388965328,44.8912367400835],[-121.730242940859,44.8910561760018],[-121.731542498987,44.8905923857301],[-121.734217307583,44.8894988847658],[-121.735361944898,44.8883151368341],[-121.734812600321,44.8871594342605],[-121.738643595326,44.8871818687483],[-121.746784922186,44.8871648553738],[-121.760545982111,44.887188768347],[-121.766035468162,44.8871755977757],[-121.77755801569,44.8872168631677],[-121.777988816131,44.8872220306722],[-121.802334794016,44.8872355483819],[-121.802695504894,44.8872357678165],[-121.806291471074,44.8872373308382],[-121.809686747246,44.8872386582375],[-121.812403165674,44.8872396375992],[-121.819539435397,44.8869832480785],[-121.822997974377,44.8871642986935],[-121.823037833229,44.8871642663179],[-121.824610222284,44.887164680006],[-121.848349441973,44.8871389261206],[-121.868651698317,44.8871130247463],[-121.873808642055,44.8869893805555],[-121.888668481066,44.8870378926846],[-121.903528344358,44.8870844928551],[-121.918388230133,44.8871291810669],[-121.933248138391,44.8871719582194],[-121.948108068233,44.8872128216145],[-121.96296801786,44.8872517739503],[-121.977827987272,44.8872888152267],[-121.99268797467,44.8873239427458],[-122.00734339778,44.8873137938965],[-122.021998816392,44.8873017843499],[-122.036654226911,44.8872879150053],[-122.051309631135,44.8872721858627],[-122.062432144028,44.8872589973049],[-122.073415929302,44.8872449058278],[-122.094478462611,44.8872148819613],[-122.115540974336,44.8871810170903],[-122.118222161823,44.8871764215547],[-122.130839472963,44.8871539492954],[-122.134947131805,44.8871463311383],[-122.140313684129,44.88713615441],[-122.149227084362,44.8871186922739],[-122.16439420373,44.887087371585],[-122.169820435964,44.8870756759018],[-122.172004355017,44.8870708951058],[-122.181780172717,44.8870121990538],[-122.185052745388,44.8870414566979],[-122.191009468812,44.8870275199042],[-122.191745234755,44.887025777018],[-122.194093797191,44.8870201814363],[-122.194983383177,44.8870180491437],[-122.197185761714,44.887012738647],[-122.198318983934,44.8870099912182],[-122.200050060162,44.8870057706998],[-122.201860177805,44.8870520875838],[-122.212361580223,44.8869945021946],[-122.213981261026,44.8869855341551],[-122.222549069784,44.8869377100074],[-122.223739746992,44.8869453704326],[-122.228966070728,44.8869014682282],[-122.2318160106,44.8869236500065],[-122.234416345438,44.8869165336711],[-122.253280085807,44.8868631382233],[-122.258410634443,44.8868480817736],[-122.260320941958,44.8868715891526],[-122.260257400359,44.8867178023847],[-122.268489263768,44.8865653843851],[-122.269831678189,44.8865403589505],[-122.27697482233,44.8864073348307],[-122.279510163163,44.8863600601687],[-122.285221166624,44.8862530453418],[-122.289528037889,44.8861723176984],[-122.300442293877,44.8859544614293],[-122.307993293156,44.8862231779573],[-122.315006405221,44.8863696622302],[-122.316595360687,44.8863833678982],[-122.317443540087,44.8863906757891],[-122.318492782716,44.8863123862077],[-122.320740291931,44.8863876225907],[-122.336366437861,44.8861930084007],[-122.351655820959,44.8860701816936],[-122.357990067188,44.8860423701593],[-122.368532661253,44.8857990190096],[-122.376702084733,44.8855174781492],[-122.376714685135,44.886365936339],[-122.400633925715,44.8863930311135],[-122.3998974592,44.8866458206481],[-122.399778346693,44.8870003846601],[-122.399589179697,44.8872662566325],[-122.399325564123,44.8875180218393],[-122.3992640451,44.8878733241946],[-122.39835544205,44.888283251371],[-122.397641553015,44.888370151961],[-122.396927867227,44.8891475529173],[-122.396193508723,44.8893280036845],[-122.394968284958,44.8899710621149],[-122.394582282446,44.8899640006381],[-122.393993278667,44.8902196257352],[-122.393611026328,44.8912646235636],[-122.393957587273,44.8918426547148],[-122.39386489325,44.8925352127299],[-122.394322460213,44.8936958786619],[-122.39435333304,44.8947522349278],[-122.393593193671,44.8954986542395],[-122.393718864934,44.8961652722096],[-122.393974201348,44.8964934779917],[-122.394511612821,44.8969469107714],[-122.394547293423,44.8972151920275],[-122.394490941004,44.8978354787244],[-122.394538986385,44.8982241729073],[-122.394665393293,44.8987996400914],[-122.394673685942,44.8990550340626],[-122.395061475407,44.8996999477944],[-122.395131823075,44.8998178812902],[-122.395396048389,44.9002563493511],[-122.395466905074,44.9003577407172],[-122.395563206277,44.9004944322723],[-122.395612491823,44.9005646297539],[-122.395699673002,44.900689369319],[-122.395851449785,44.9009049736856],[-122.395940720088,44.9010321189372],[-122.396136337922,44.9013253132127],[-122.396232724561,44.9014696939713],[-122.396562568008,44.9019665720997],[-122.397244216347,44.9025072526077],[-122.397923078587,44.902665196042],[-122.398414227135,44.9027792300774],[-122.398912288771,44.9034021508886],[-122.399951045304,44.9038220416539],[-122.400400622691,44.9037854923067],[-122.401448984883,44.9036999829679],[-122.401881047972,44.9038664240962],[-122.402417692323,44.9040726440373],[-122.402856644219,44.9040654125887],[-122.403305243142,44.9040580219602],[-122.404477515725,44.9044269679303],[-122.405642840145,44.9045531778869],[-122.407427471001,44.9048149228705],[-122.408285946739,44.9045898027773],[-122.40877265983,44.9039770622916],[-122.409449246785,44.9040049808452],[-122.409659127866,44.9036345078263],[-122.409837024559,44.903319099397],[-122.410518448967,44.9032591236097],[-122.412038632377,44.9038167167681],[-122.414432054795,44.9039225022217],[-122.415509599089,44.9039945154346],[-122.415833778606,44.9040162232702],[-122.416585431073,44.9040665205536],[-122.416759555109,44.9040780372716],[-122.417761905288,44.9040613998138],[-122.41880766664,44.9040440321065],[-122.421211217224,44.9041463938411],[-122.421775548103,44.9041817416941],[-122.422100940806,44.9042028757622],[-122.422297888737,44.9042158062146],[-122.422593886199,44.9042348898283],[-122.423018378795,44.9036718278926],[-122.425409350561,44.9033517690689],[-122.426022423796,44.9031806829422],[-122.426032879314,44.9031776576228],[-122.426319867368,44.9030975190353],[-122.426398530168,44.9030718811624],[-122.426408690708,44.9030689412787],[-122.427446715194,44.902730236811],[-122.427896272795,44.9026061159795],[-122.429670559649,44.9021158433715],[-122.430487742116,44.9021632412407],[-122.430971278801,44.9021911732841],[-122.431704148028,44.9024032406171],[-122.432556897783,44.9026499939022],[-122.4334476358,44.9027321550649],[-122.434539675366,44.9027138700491],[-122.435301467689,44.9030406746874],[-122.43639190826,44.9029740367225],[-122.437281040088,44.903007489704],[-122.438245123214,44.9032341584297],[-122.439184449802,44.9035288006137],[-122.439904168243,44.9038374209603],[-122.440795577154,44.9039678766163],[-122.441435183987,44.9039571279192],[-122.441614622117,44.903954111593],[-122.442531271401,44.9043496109458],[-122.443249121949,44.90465926911],[-122.44334705902,44.9047015228571],[-122.444027651555,44.9051383676416],[-122.444673723613,44.905552810314],[-122.446406906953,44.9063488686054],[-122.447240562302,44.90677179818],[-122.447840060271,44.9083631449432],[-122.448464007208,44.9088647166334],[-122.449079064347,44.9093599193249],[-122.449269518274,44.9095127689992],[-122.449737740404,44.9098890237595],[-122.450086934564,44.9101698757392],[-122.451954077319,44.9108661812293],[-122.452881781969,44.9112981139169],[-122.453550603278,44.9116095662285],[-122.454188047241,44.911599494721],[-122.458131640962,44.9116284591861],[-122.47865920266,44.9116639662191],[-122.488858816881,44.9116388058862],[-122.498808892616,44.9114161058686],[-122.498853454024,44.8971574933237],[-122.498555803607,44.8854759681415],[-122.498561334438,44.8830453362733],[-122.49854351617,44.8682575851195],[-122.518957204811,44.8680776523618],[-122.539370765748,44.8678941106248],[-122.559784198082,44.8677069599083],[-122.580197498216,44.8675162002125],[-122.592015530592,44.8674765266205],[-122.600546018384,44.8673755660296],[-122.600570702976,44.8535245837925],[-122.600652088923,44.8459724981323],[-122.620614463587,44.8459979183693],[-122.641560154278,44.8460207710418],[-122.666937915352,44.846043281972],[-122.681815303733,44.8460538427107],[-122.702851058829,44.846065449361],[-122.70283198241,44.8534868257565],[-122.702755881779,44.8612901082519],[-122.723316372153,44.8608906698686],[-122.743687821436,44.8604839208963],[-122.763799703893,44.8600422422557],[-122.763648728406,44.8607015604287],[-122.76379868676,44.8607014534094],[-122.764010218996,44.8606990360317],[-122.768549276328,44.8606672656818],[-122.784269727866,44.8605629200428],[-122.784269897837,44.8605558540694],[-122.784285846415,44.8605557398556],[-122.784363169225,44.8566891802615],[-122.804485994633,44.8566938864138],[-122.819944345955,44.856928012318],[-122.819978509401,44.867936367969],[-122.824891432893,44.8679095636755],[-122.824958210253,44.8719204455722],[-122.824945928212,44.8745744492515],[-122.82493119372,44.8789169246764],[-122.845347225994,44.8787914000031],[-122.866385758196,44.8786639831563],[-122.866381784991,44.8822061653823],[-122.873218263012,44.8822111008617],[-122.886610805045,44.8822195787706],[-122.898637543088,44.8822258470453],[-122.914738999605,44.8821649260705],[-122.914497290617,44.8750809150523],[-122.927170636715,44.8751084603872],[-122.92730739482,44.8824591689556],[-122.947618919577,44.882556710324],[-122.947668158359,44.8680643945562],[-122.945260243366,44.8680732717642],[-122.939944653823,44.867943913281],[-122.939113277356,44.8680317392734],[-122.927231376027,44.8676335149748],[-122.927258110174,44.8642636707319],[-122.932831109068,44.8642771084019],[-122.932839320778,44.8538375505626],[-122.932807489274,44.8462068497664],[-122.926890020358,44.8460875942671],[-122.906720565102,44.8459629437349],[-122.88635235068,44.845833432367],[-122.886307540161,44.8387338468896],[-122.87893279811,44.8386854130015],[-122.878780391802,44.8313425321322],[-122.876283684045,44.8313486879916],[-122.876255974134,44.8241479503677],[-122.881342474875,44.8241117751384],[-122.881339395597,44.8222794982003],[-122.883924087626,44.8222481766121],[-122.883753086036,44.8085625949878],[-122.88122037572,44.8084016855894],[-122.881303806725,44.8022897607639],[-122.876050666105,44.8023504614047],[-122.876111896447,44.7997678611979],[-122.87617360163,44.7971852537965],[-122.882759292008,44.7971913413074],[-122.882748543311,44.7952968492702],[-122.886406175105,44.795268529619],[-122.890001240165,44.7953360758992],[-122.890109493358,44.7953324291483],[-122.890109978992,44.7953324489334],[-122.893654996781,44.7952129227382],[-122.899314318001,44.795332324827],[-122.899155924007,44.7882109235953],[-122.90680224243,44.7881657488503],[-122.906776177379,44.7848937247657],[-122.927405947027,44.7846164358999],[-122.927469294372,44.7808581978476],[-122.943090646016,44.7809558867049],[-122.958712049821,44.781051458558],[-122.974333503988,44.7811449143064],[-122.989955007617,44.7812362530507],[-122.989829907424,44.7955766679289],[-123.009882611793,44.7957018400679],[-123.009924851151,44.7919452010103],[-123.025303275226,44.7921276455745],[-123.04068179373,44.792308038785],[-123.040812445438,44.7814098833595],[-123.05093886024,44.7815084283714],[-123.071219424936,44.7816921733552],[-123.071144847756,44.7926283629087],[-123.071116545192,44.7960653523342],[-123.081427124962,44.7960877472518],[-123.081441262304,44.797593391322],[-123.081528029795,44.8074069202932],[-123.081533423928,44.8074070030308],[-123.08153344821,44.8074095427163],[-123.086524172952,44.807492217392],[-123.088496012081,44.8074576366607],[-123.091836129234,44.8074123234201],[-123.091545707568,44.8085167547445],[-123.091281683703,44.8094987856405],[-123.091225497659,44.8100035328368],[-123.091191329716,44.8102652067739],[-123.091080836312,44.81115353191],[-123.091083986637,44.8112680515794],[-123.091155028582,44.8113706912045],[-123.091351228277,44.811713411145],[-123.091365693872,44.8117406650996],[-123.09181664812,44.8125625069542],[-123.091923010938,44.8127121730284],[-123.092046887154,44.812928548114],[-123.09272848693,44.8140598089131],[-123.09369218065,44.8146395622661],[-123.094234773116,44.8148176487156],[-123.094614948021,44.8149485045699],[-123.095183711659,44.81512909743],[-123.095214347964,44.8151391509511],[-123.096176364448,44.8155493533201],[-123.097157317956,44.8159853653324],[-123.097552328977,44.8161492137153],[-123.098788323023,44.8167177983877],[-123.099960077595,44.8172931693443],[-123.101140418895,44.8179074305835],[-123.102628763607,44.8185747886956],[-123.103014972963,44.8187502895942],[-123.103123364652,44.8187982522376],[-123.104512092359,44.819429757977],[-123.105388609397,44.8197146182351],[-123.106387077202,44.8200639589846],[-123.107355461785,44.820397845784],[-123.108595206004,44.8208209003643],[-123.110884351132,44.8216324728604],[-123.111150855328,44.821729598742],[-123.112144369667,44.8220851789879],[-123.113011185718,44.8221729267393],[-123.113277116146,44.8221799387532],[-123.113492725009,44.8221862951614],[-123.115387027289,44.8223276443054],[-123.115627196638,44.8223527542763],[-123.116499217065,44.8224273215637],[-123.116913263137,44.822447774845],[-123.117610360929,44.8225345369394],[-123.118511642598,44.822774467068],[-123.118939997783,44.8229006833199],[-123.119718820567,44.8231488494399],[-123.119989086627,44.8306967352661],[-123.119426141603,44.8307102071104],[-123.118012449615,44.8307423039142],[-123.118012608795,44.8360414268704],[-123.118008137366,44.8398746198179],[-123.129449355603,44.8399025914315],[-123.133162855082,44.8399129219438],[-123.132794456799,44.8544375917215],[-123.142875621313,44.8543824470923],[-123.143069938727,44.8616256668911],[-123.141025723958,44.8617040284182],[-123.140011564782,44.8617430149283],[-123.140405564065,44.8689816418893],[-123.13782194043,44.8690331712439],[-123.137906259966,44.872638758372],[-123.137906742002,44.8726387466809],[-123.142299657703,44.8725619400815],[-123.146692566209,44.872484965309],[-123.146444918098,44.8734077066005],[-123.145973396355,44.8743733167752],[-123.14593270563,44.8745282879502],[-123.145879335363,44.8746718979897],[-123.145852789175,44.8748207178019],[-123.145789921168,44.875019774643],[-123.145758044698,44.8751935047765],[-123.145733923981,44.8752853741208],[-123.145705107005,44.8753946498433],[-123.145659419646,44.8755682675616],[-123.145609253664,44.8757601720943],[-123.145541717276,44.8760173889914],[-123.145517471554,44.8761091333299],[-123.145463464567,44.8762801960742],[-123.145428623033,44.8764480779165],[-123.145375763581,44.876649406445],[-123.145315685271,44.8767882581716],[-123.145290887365,44.8768409719333],[-123.145172862138,44.8770903152659],[-123.145165094693,44.8771066586455],[-123.145085831146,44.8772741825575],[-123.144907901179,44.8776500766897],[-123.144861672428,44.877747285309],[-123.144818141644,44.8778397014411],[-123.14470492779,44.8780788653474],[-123.144609562781,44.8782426399859],[-123.144536564811,44.8784100209058],[-123.144463084803,44.8785774144162],[-123.144390552682,44.8787444410032],[-123.144310074151,44.8789277749969],[-123.144246244768,44.8790859900265],[-123.144160037556,44.8792797849342],[-123.14384165327,44.8799955409615],[-123.143282945851,44.8813793601694],[-123.143127018697,44.8817643680312],[-123.14216680985,44.8830344796576],[-123.142119828367,44.8830966641798],[-123.141801175184,44.8835178103987],[-123.141728783357,44.8836133336885],[-123.141410958449,44.8840333332718],[-123.140951500212,44.8846401202454],[-123.140933068606,44.8846552441443],[-123.140027944134,44.8853795895964],[-123.139141854713,44.8860706322539],[-123.138532938145,44.8865322749446],[-123.137624327001,44.8872458860888],[-123.137469797393,44.8873655507796],[-123.136562898559,44.8880792869296],[-123.135971909076,44.8885432453745],[-123.134877313637,44.8892159652447],[-123.134123562153,44.890137522129],[-123.133293224403,44.8919933100433],[-123.132789201161,44.8935088628438],[-123.131150788378,44.8982542759142],[-123.129874830259,44.9017082868081],[-123.128977080228,44.9032520306567],[-123.128880490342,44.9034170706414],[-123.128656519583,44.9037989488625],[-123.127558263903,44.9050844056209],[-123.125776189819,44.9074489373186],[-123.124917927221,44.908384459775],[-123.12392263672,44.9094726691284],[-123.123733962552,44.9096786840241],[-123.122943064571,44.9102778177671],[-123.121811826255,44.9108242899091],[-123.120203916677,44.9114217050477],[-123.118539954156,44.9120402659456],[-123.117872938685,44.9124944613504],[-123.117872834364,44.9124945270009],[-123.117009177631,44.9130305867922],[-123.116967505746,44.9130558550438],[-123.115242148306,44.9140939173005],[-123.115043747071,44.9142129380767],[-123.113984584021,44.9148280024104],[-123.112620064265,44.9157143976014],[-123.112451346053,44.9158239548117],[-123.112134650694,44.9160295991867],[-123.110961393354,44.9168053067196],[-123.110010050024,44.9175840890346],[-123.109125619851,44.9183078616186],[-123.108009769835,44.91905351201],[-123.108181332602,44.9198664937438],[-123.108148151216,44.9206360679003],[-123.10825218479,44.9214505748842],[-123.109434637698,44.9221923536942],[-123.110141047971,44.9228491600608],[-123.11020187002,44.9229031445645],[-123.110207947639,44.9229087779178],[-123.110673042827,44.9233213437051],[-123.110774674312,44.9234115466056],[-123.111484430962,44.9241639868786],[-123.112120233662,44.924774347758],[-123.11213230706,44.9248572571568],[-123.112255669763,44.9257289457343],[-123.112319815707,44.9262110821758],[-123.112520973364,44.9271283645824],[-123.112523367359,44.9271408939372],[-123.113019233751,44.9275535874282],[-123.113359753949,44.9282252820711],[-123.113461767646,44.9286279508193],[-123.113465990863,44.928645637786],[-123.113113929664,44.928912181552],[-123.112943679907,44.9290409635697],[-123.112697917675,44.9292078201848],[-123.112320104389,44.9294622222038],[-123.111906767883,44.9296945908328],[-123.11139346004,44.929982833441],[-123.11039844743,44.9302153873303],[-123.10949158367,44.930435426254],[-123.108438732062,44.9305274556776],[-123.107839147758,44.9305141484093],[-123.105508087928,44.9304622997954],[-123.103473909593,44.9304346312533],[-123.103473840345,44.9304346321526],[-123.098752262907,44.9304883999198],[-123.098184455248,44.9304973023087],[-123.096755761669,44.9305158283428],[-123.095121776249,44.9305449915582],[-123.09311695898,44.9305759372298],[-123.09247539972,44.9304194848714],[-123.092128766829,44.9303137066123],[-123.091550989287,44.9301375132357],[-123.090857707317,44.9299259306372],[-123.090274199295,44.9297477227792],[-123.089826720027,44.9296112686452],[-123.089459571802,44.9294737227341],[-123.084029803433,44.927439084846],[-123.084029764762,44.9274390686581],[-123.083709144761,44.9274400642076],[-123.083635248368,44.9274359947754],[-123.083061440433,44.9274036452621],[-123.082601674628,44.9273790748845],[-123.082517272354,44.9273744262888],[-123.080928183789,44.9272892712829],[-123.080528657272,44.9272620712876],[-123.080351150885,44.9272499178495],[-123.077746085613,44.9270725931257],[-123.076153962735,44.9269641465781],[-123.076153834132,44.9269641798531],[-123.076153504081,44.92696415737],[-123.075401491885,44.9271562462638],[-123.074076109725,44.9274945874054],[-123.073671251127,44.9275978889315],[-123.073671161195,44.9275979581793],[-123.073671121625,44.9275979680718],[-123.071896088334,44.9289405236863],[-123.068633501735,44.9313938400537],[-123.06796218121,44.931895719312],[-123.067054751775,44.9325739304426],[-123.064933975023,44.9341419640804],[-123.062558974317,44.9358785279717],[-123.061923629372,44.9363358377288],[-123.060433262985,44.937265741221],[-123.060124487055,44.9374583454264],[-123.060110662677,44.9374670157902],[-123.05850622808,44.9384680250794],[-123.057446145923,44.9391383797325],[-123.057428165777,44.9391496581302],[-123.055934839721,44.940094028117],[-123.055298372422,44.9404964729339],[-123.049084279216,44.9422435346115],[-123.04504518199,44.9434234271495],[-123.044845321155,44.943481733795],[-123.044613218725,44.9429897443812],[-123.044613178256,44.9429896778314],[-123.043272049865,44.9424318382588],[-123.042228805715,44.9422038088587],[-123.042638782354,44.9414531357536],[-123.042903034647,44.9409697123824],[-123.042902826005,44.9409696548258],[-123.04289887888,44.9409685648474],[-123.042215797921,44.9407798906794],[-123.042689192053,44.9399620130365],[-123.041040256303,44.939504160089],[-123.040678218025,44.9401366991494],[-123.040488298296,44.9404683538315],[-123.040433764307,44.9404536049499],[-123.038843857358,44.940020858376],[-123.038842778172,44.9400232919414],[-123.038839971388,44.9400225320143],[-123.037822938877,44.9423203708885],[-123.037132782952,44.9433233398004],[-123.038819322953,44.9438574021974],[-123.03835341208,44.9448953115694],[-123.038324940444,44.9449583783265],[-123.036623004948,44.9445425875704],[-123.036622466254,44.9445436118982],[-123.036620698187,44.9445431802237],[-123.0357207664,44.9462573060299],[-123.035404195147,44.9468589299957],[-123.035404795895,44.9468591197526],[-123.035404625923,44.9468594426093],[-123.035901381743,44.94701835911],[-123.035241929571,44.9482117891428],[-123.034800242837,44.9478001505565],[-123.033115240676,44.9487309632634],[-123.032778167578,44.948917061773],[-123.032411147956,44.9494760560752],[-123.032229636888,44.9500563831956],[-123.032110521683,44.9504323142],[-123.032805959328,44.9505708781435],[-123.033125313083,44.9506353829166],[-123.034062583821,44.9508807080783],[-123.03548333189,44.950245767828],[-123.035617581786,44.9499869357485],[-123.03602797661,44.9492008671264],[-123.037765614292,44.9496512242247],[-123.037570958733,44.9502596470651],[-123.037269307233,44.950898869887],[-123.038147390889,44.951359874059],[-123.038510681023,44.95152334023],[-123.039305012616,44.9518828900834],[-123.038834713951,44.9541623234325],[-123.038505035979,44.9557555227992],[-123.038270336307,44.9569120662389],[-123.03808686112,44.9578031801727],[-123.03810010004,44.9578940566655],[-123.038119913004,44.9580508058001],[-123.03822768416,44.9587945909976],[-123.038231991014,44.9587993439146],[-123.038232125912,44.9588002729143],[-123.038280969891,44.9588533823778],[-123.038597196703,44.9592022635737],[-123.039059664972,44.9597000500174],[-123.039120240607,44.9597659118674],[-123.038523297612,44.962031369752],[-123.0385040791,44.9621114211052],[-123.038445971205,44.9623309806902],[-123.037979429907,44.9643013377366],[-123.037938230165,44.9643839422652],[-123.037760594276,44.9647339107414],[-123.037662005197,44.9649377519758],[-123.037419044353,44.9654248580708],[-123.037341639705,44.9656001143538],[-123.037303092064,44.9656798122735],[-123.036981142865,44.9664096984489],[-123.036861514148,44.9674579599169],[-123.036861944023,44.9674650663598],[-123.036861229962,44.9674713319365],[-123.036897543687,44.9680538228257],[-123.036944473908,44.9688299269596],[-123.03703211464,44.9703115231583],[-123.0370795251,44.9711773976189],[-123.03537072418,44.9711792016589],[-123.034089976271,44.9711802457718],[-123.030554449928,44.9711815291043],[-123.030333849827,44.971181237724],[-123.031234629674,44.969862523137],[-123.030067204438,44.9698533437569],[-123.029939027664,44.9698521971213],[-123.02857755481,44.969840953797],[-123.028598946984,44.9691441797601],[-123.028615382094,44.9687058438996],[-123.028627620968,44.9672952752568],[-123.027658743556,44.967284898879],[-123.027063058713,44.9672787628047],[-123.026278233853,44.967270453069],[-123.02575484461,44.9672647558638],[-123.025698769183,44.9672615803577],[-123.024762482303,44.9672058736522],[-123.024762283552,44.9672085248536],[-123.024754001696,44.9672080563068],[-123.024688949236,44.9681958806354],[-123.024686898781,44.9682234817283],[-123.024686812446,44.9682283236783],[-123.024681716888,44.9683056959512],[-123.024664306912,44.9694880814099],[-123.024662825729,44.9695709431446],[-123.022333515979,44.9695432287371],[-123.020018392135,44.9695350503024],[-123.020004880721,44.9695349450817],[-123.019514503791,44.9681074646878],[-123.019510484721,44.9680949973863],[-123.019195120358,44.9661883114415],[-123.020611590353,44.964854278702],[-123.021329363559,44.9641783878224],[-123.018973287287,44.964264818067],[-123.018956644434,44.9645209566768],[-123.018041366616,44.9644931784175],[-123.017069767855,44.9644636806544],[-123.01706819674,44.9638644542812],[-123.017066407089,44.9631061621197],[-123.017066207439,44.9631061666163],[-123.017066207439,44.9631060209262],[-123.016596002304,44.9631162570097],[-123.016097796776,44.963127101035],[-123.016097258082,44.9631146166463],[-123.016091937693,44.9623600431815],[-123.013376061556,44.9623600881476],[-123.012609831978,44.9628529939706],[-123.011920140102,44.963296482047],[-123.012427698579,44.9625568202411],[-123.013081154971,44.9616045128381],[-123.013552717184,44.9609172626216],[-123.013552579588,44.9609173075877],[-123.013552601172,44.9609172761114],[-123.011786556604,44.9614894526762],[-123.010089376723,44.9621618191127],[-123.00933205583,44.9624509781302],[-123.008590866975,44.9627279684211],[-123.00830313698,44.9628438271809],[-123.00822939617,44.9628719822562],[-123.008100515227,44.9629254163749],[-123.007311280991,44.963243206209],[-123.006355700955,44.9636883661253],[-123.004481815983,44.9645409270222],[-123.004458583797,44.9645513501648],[-123.004440317666,44.9645583208099],[-123.003703386202,44.9648349828482],[-123.002318718934,44.9653679579649],[-123.000469184006,44.9659216777433],[-123.000468977162,44.9659217487898],[-123.000405171162,44.967970807307],[-123.000381890412,44.9688565639793],[-123.000381233007,44.9688786953955],[-122.999589059787,44.9688780856552],[-122.998635055363,44.9688772052189],[-122.998635057162,44.9688773437145],[-122.99863476758,44.9688773437145],[-122.998636244267,44.9689592188929],[-122.998653974401,44.9701816430684],[-122.998672384423,44.971040500119],[-122.997232656162,44.971071603172],[-122.997199805726,44.9707753494029],[-122.997187056937,44.9706595526962],[-122.997186966106,44.9706595571928],[-122.996610450312,44.9706939598584],[-122.996587133589,44.9711874277576],[-122.996555236435,44.9720896546139],[-122.995001847357,44.972064178619],[-122.993452668905,44.9721370470871],[-122.993376835373,44.9743626775955],[-122.993377062002,44.9743679710051],[-122.993374139205,44.9744537258588],[-122.993400965082,44.9750814607409],[-122.993404885227,44.9753342772552],[-122.993449329723,44.9758674996854],[-122.993450257823,44.9758824850887],[-122.993450578881,44.9758824823907],[-122.993450581579,44.9758825147663],[-122.996406107256,44.9758703577309],[-122.99655483174,44.9758697389973],[-122.996623494079,44.9758688252861],[-122.999901662332,44.9758455742139],[-123.000743596839,44.974941698001],[-123.004040354978,44.9715511306802],[-123.005402255909,44.9719040192551],[-123.006871829072,44.9722847841156],[-123.006821625318,44.9723826699243],[-123.005754898969,44.9744575263938],[-123.005382764903,44.9751721888455],[-123.004493660054,44.9769171802837],[-123.00445323373,44.9769963673885],[-123.004037933104,44.977611875088],[-123.003712377624,44.9781115447121],[-123.00361858463,44.9783018151767],[-123.003566435642,44.9783916556505],[-123.003016044255,44.9795240352061],[-123.003970287898,44.9796012608895],[-123.005058999074,44.9797314287625],[-123.005626759068,44.9798190946755],[-123.005978206029,44.9798734254183],[-123.005984351996,44.9799293398672],[-123.006122694707,44.9812813455577],[-123.006175007371,44.9820861461588],[-123.006205182323,44.982834767011],[-123.006206705775,44.9828828708478],[-123.006483180754,44.9830398277259],[-123.006604281662,44.9829539811413],[-123.006755358773,44.9828471281925],[-123.006784305251,44.9828852279709],[-123.007679606429,44.9840842751692],[-123.007680412221,44.9840852032696],[-123.007724764986,44.9841466962131],[-123.008285846615,44.9847820798292],[-123.00829670413,44.9847945768083],[-123.008534153029,44.9850157236967],[-123.008924527145,44.9853795417325],[-123.009462390077,44.9859834481776],[-123.01019210718,44.9866193803801],[-123.010192155743,44.9866193866754],[-123.01061638214,44.9865873726092],[-123.012686242876,44.9864311990407],[-123.01299858012,44.9867485032409],[-123.014101103983,44.9878126413404],[-123.014134303355,44.9878450556049],[-123.01414666004,44.9881313592749],[-123.01163141186,44.9881951643754],[-123.010727077892,44.9882180638127],[-123.010256375431,44.987722374588],[-123.010101257667,44.9875588535583],[-123.009415161281,44.9879350696478],[-123.008976901863,44.9886566361948],[-123.008939687017,44.9887178818248],[-123.008429388306,44.9886915703597],[-123.007170544285,44.9884073711033],[-123.007170522701,44.9884073935864],[-123.007112695395,44.9886202352357],[-123.006867431387,44.9895226986137],[-123.006394262985,44.9895411086353],[-123.006131169918,44.9895512619812],[-123.006131171716,44.9895513438195],[-123.00613107369,44.9895513483161],[-123.006165640932,44.990759163005],[-123.006187327183,44.9912631403817],[-123.006187534027,44.9912694680116],[-123.006187598779,44.9912694752062],[-123.006249886723,44.9912703286628],[-123.006538785836,44.9912743126595],[-123.006574684074,44.9921084320586],[-123.006605152206,44.9921079536192],[-123.009277434606,44.9920746589185],[-123.009277419317,44.9920745276174],[-123.009277637853,44.9920745267181],[-123.009250607829,44.9918511018469],[-123.010127728312,44.9918320712931],[-123.010159095766,44.9916876356759],[-123.010171409283,44.9916316366907],[-123.010876647739,44.9915683244187],[-123.010995771038,44.9915576575599],[-123.011039448412,44.9919356129382],[-123.011048160144,44.9920113160694],[-123.011048197916,44.9920113151701],[-123.011048207809,44.9920114051023],[-123.011228116284,44.9920028399591],[-123.011538433652,44.9919882232779],[-123.011762194869,44.9926936667794],[-123.013237321345,44.9926557603551],[-123.014954298002,44.9926117430376],[-123.014967423608,44.9928008713632],[-123.015095101258,44.9946859070291],[-123.015216641035,44.9966783019621],[-123.015221215886,44.9967550033408],[-123.015221320208,44.9967549988442],[-123.016063096435,44.9967243445529],[-123.016033525827,44.995488085207],[-123.01597713114,44.9931128839525],[-123.016167176774,44.9931165990519],[-123.016275894917,44.9931187682166],[-123.01625648395,44.9924548473134],[-123.016202826799,44.99060334287],[-123.01618993142,44.9903048264067],[-123.018647023142,44.9902887420319],[-123.020257680148,44.9902376830227],[-123.021171910255,44.9902087383426],[-123.021176227001,44.9902408459383],[-123.021223409033,44.9905938451299],[-123.021223693219,44.9905938523245],[-123.021225818317,44.9905938658143],[-123.022453735551,44.9906044130632],[-123.023771378147,44.9906002357123],[-123.023783208728,44.99060026539],[-123.025100557245,44.9905961186161],[-123.025116649714,44.9905959540401],[-123.025121953915,44.990595936953],[-123.026210180356,44.9905848680972],[-123.026210221724,44.9903406140282],[-123.026253169748,44.99033982892],[-123.029952208128,44.990278664229],[-123.029957705684,44.9902785985785],[-123.02997337727,44.9906725313123],[-123.029974746937,44.9907077316765],[-123.030337949837,44.9906997870656],[-123.030910341339,44.9906665301363],[-123.030915689607,44.9906662954132],[-123.030913819917,44.9906420353017],[-123.030883962425,44.9902483912503],[-123.031802038034,44.9902379042559],[-123.032680107301,44.9902190238889],[-123.032684649777,44.9903820233118],[-123.032702754029,44.9910459082421],[-123.032702620929,44.9911969997418],[-123.03270059026,44.9913348703081],[-123.032702246811,44.9916225724238],[-123.032702183859,44.9916937492671],[-123.032804283891,44.9916987773767],[-123.032806702168,44.9924508965917],[-123.032724017599,44.9924523597886],[-123.03239827506,44.9924579553704],[-123.032412433087,44.9925305126731],[-123.032452101283,44.9927358485806],[-123.032456704014,44.9930817647117],[-123.032457948675,44.9931842973175],[-123.032458067386,44.9931842964182],[-123.032458069184,44.9931844313165],[-123.032699322216,44.9931824609019],[-123.032807975608,44.993181634425],[-123.032835731384,44.9935926983444],[-123.032877441041,44.9942151623],[-123.032891140414,44.9950834406483],[-123.032891084656,44.9950926029413],[-123.032679459789,44.9950972272553],[-123.032687865752,44.9951524339377],[-123.032721601121,44.9953755701265],[-123.032480090883,44.9953808572408],[-123.032480089085,44.9953809858439],[-123.032479771624,44.9953809930385],[-123.032476838935,44.9956547943333],[-123.032473454786,44.9959398353552],[-123.031778837323,44.9959766518011],[-123.031249315603,44.996008182032],[-123.031204685848,44.9960106713555],[-123.031238423914,44.9961787339615],[-123.031281657922,44.9963957646528],[-123.031281990671,44.9963957628542],[-123.03128200506,44.9963958330014],[-123.032075788966,44.9963918741857],[-123.032553920727,44.9963895296531],[-123.032636842716,44.996903476914],[-123.032854278102,44.9969020496899],[-123.03370447738,44.9968970953248],[-123.035178756694,44.9968884663297],[-123.035302807379,44.9968859563219],[-123.035309894036,44.9968859086578],[-123.036707203075,44.9968619696043],[-123.037227385336,44.9968735375837],[-123.037573206139,44.996881273552],[-123.037573490324,44.99689975462],[-123.037568024245,44.9974618066171],[-123.037589544122,44.9979556738153],[-123.038315990391,44.99793973603],[-123.03831140205,44.9979850321835],[-123.038290944272,44.9981848822266],[-123.039074439933,44.9981676880884],[-123.039074438135,44.9981675289084],[-123.039074743005,44.9981675217138],[-123.039058825904,44.9969131653104],[-123.039244099735,44.9969213158661],[-123.04045842012,44.9969748012462],[-123.043112088352,44.9969974938393],[-123.045686710673,44.9970194516864],[-123.051515044184,44.9970689449759],[-123.051515042385,44.997068909003],[-123.05151526182,44.9970689108017],[-123.051480010194,44.9961398140013],[-123.051463793619,44.9957097204273],[-123.051462253081,44.9956717654397],[-123.051421522785,44.9945982402166],[-123.051422435597,44.9945463790123],[-123.051477153048,44.9918498778696],[-123.051496044207,44.991377366872],[-123.052016218374,44.9910238649595],[-123.052218498385,44.9909477859117],[-123.053597668997,44.9904354277529],[-123.055499770198,44.9901279297602],[-123.056161956309,44.9900252811419],[-123.057886676129,44.9897566176738],[-123.059334619697,44.9895485999879],[-123.060799019059,44.9893412280153],[-123.061563203579,44.9893713049418],[-123.061624382659,44.9884100187074],[-123.061629131979,44.9883562950071],[-123.067100737709,44.9883964722194],[-123.067573515805,44.9883973121862],[-123.067888185891,44.9883994822504],[-123.069196000695,44.9884001801242],[-123.071145503362,44.9884035966487],[-123.071145642757,44.9884011936602],[-123.071146577153,44.9884011936602],[-123.071271576622,44.9863705973253],[-123.071246898326,44.9858115481645],[-123.07122118401,44.9848151407062],[-123.073040939688,44.9848075198512],[-123.076452746297,44.9847955759551],[-123.076517750194,44.9847928788883],[-123.076546922402,44.9847927556812],[-123.077375331107,44.9847573089027],[-123.079383539719,44.9846739858158],[-123.079407405927,44.9834308079854],[-123.079439011701,44.9817955068572],[-123.082484427314,44.9817817409347],[-123.083023884744,44.9817751983668],[-123.083658325871,44.9817725246823],[-123.083658306985,44.9817674983714],[-123.083661300828,44.9817674623985],[-123.083644792873,44.9774064942144],[-123.083627444051,44.9702801134366],[-123.083543770229,44.9681589059088],[-123.083499599127,44.966855637178],[-123.087084820208,44.9668184870836],[-123.088978222267,44.9667970310582],[-123.09017678563,44.9667773898647],[-123.090344537071,44.9667747089857],[-123.091556265609,44.9667608989964],[-123.091556326763,44.9667553303942],[-123.091566603316,44.966755164919],[-123.091580192971,44.9654309761587],[-123.091618949255,44.961608712672],[-123.091604541217,44.9589379330392],[-123.091619820698,44.9577169648661],[-123.091676600295,44.9559129734051],[-123.094102374925,44.9559128987613],[-123.10200940501,44.9559215493401],[-123.10202723317,44.9564062902182],[-123.102036790266,44.9564063657612],[-123.102036941352,44.9564129263155],[-123.104688043818,44.9564275987547],[-123.105367086822,44.9564330279619],[-123.105671780728,44.9564330279619],[-123.106377852856,44.9564369202278],[-123.110163404218,44.9564384104044],[-123.112134746921,44.9564459916892],[-123.112134944772,44.9564391379559],[-123.112146057694,44.9564391406539],[-123.112159589793,44.9555893181926],[-123.11222264396,44.9534148770949],[-123.112374704929,44.9503084856481],[-123.112394973849,44.949643972991],[-123.112408916039,44.9493592278461],[-123.114815961387,44.9493510107406],[-123.115381617867,44.9495034800017],[-123.117727779114,44.9501436812859],[-123.117755649104,44.9501433440402],[-123.117760927225,44.9501447667676],[-123.118461678963,44.9501348220645],[-123.121939054244,44.9500927805574],[-123.122023555443,44.9500920593011],[-123.124315515449,44.9500712615795],[-123.126005918039,44.9500596279495],[-123.127400970678,44.951863768698],[-123.129012079144,44.9539646767285],[-123.129572266847,44.9547441353336],[-123.130619650576,44.9562016908554],[-123.131290961209,44.9567512296856],[-123.1313250644,44.9567791500378],[-123.131325217285,44.9567792786409],[-123.132843229731,44.956514690001],[-123.13286233313,44.9562115042576],[-123.132882559782,44.9558964456645],[-123.137101974676,44.9559502799815],[-123.137110165702,44.9559502314181],[-123.137224929986,44.9559516919171],[-123.142232523312,44.9559193271153],[-123.142235249157,44.9560027005642],[-123.142363836022,44.9607822887717],[-123.142446355115,44.9681565487858],[-123.142593718026,44.9813487227654],[-123.142633420396,44.9848663256205],[-123.153318116338,44.984829582919],[-123.153401250567,44.9913276757317],[-123.153207045569,44.9992918001765],[-123.153194340846,44.9997929671717],[-123.153194823782,44.9997929617758],[-123.162974832323,44.9998227913887],[-123.162913969804,45.0138028407285],[-123.183720274571,45.0135873253948],[-123.183720759306,45.0135873190995],[-123.18380157868,45.0102523280825],[-123.193276070434,45.0102572167972],[-123.19375029464,44.9999660839676],[-123.194059117334,44.9921524430808],[-123.214656579737,44.9921178479603],[-123.214622401902,44.9998207598202],[-123.234775653174,44.9998520589255],[-123.23493405886,44.9918388117118],[-123.255340692319,44.9919072339317],[-123.267637692825,44.9919348071457],[-123.27545279601,44.9919516397565],[-123.275585918156,44.9998548926892],[-123.295813633292,44.9998198056396],[-123.295779849361,44.9938100419999],[-123.296079605989,44.9937483296218],[-123.296083520738,44.9919815673955],[-123.316298719111,44.992018631155],[-123.337174456936,44.9920502045533],[-123.33703715564,44.9994235589501],[-123.346689241915,44.9994431371911],[-123.347031781991,44.9921295130666],[-123.356980267725,44.9921803130711],[-123.36731120185,44.9922116508471],[-123.367447978841,44.9778784278472],[-123.377708875564,44.9778981778587],[-123.37762270972,44.9849378082333],[-123.39813785268,44.9850987805843],[-123.398350832825,44.9709125086055],[-123.417345342713,44.9711700447618],[-123.417367548773,44.971170344236],[-123.41737800609,44.9711703703164],[-123.438657954101,44.9713797189989],[-123.438660336405,44.9713797603677],[-123.438660818442,44.9713797468779],[-123.459329541325,44.97166194874],[-123.479998462959,44.9719404579858],[-123.47996996794,44.9696418636811],[-123.491580151703,44.9695092973163],[-123.503383724779,44.9694351859851],[-123.519610792304,44.9693228076015],[-123.535837795977,44.9692081539332],[-123.53969362576,44.9692087447878],[-123.544301354424,44.969094020073],[-123.560124120931,44.9688869511719],[-123.580126293294,44.9686927093011],[-123.600896591904,44.9686528342609],[-123.601061889095,44.9686525176996],[-123.601060766741,44.9685966482168],[-123.601120772206,44.9685963793195],[-123.600555340556,44.97772586056],[-123.600225397284,44.9828092028824],[-123.600233287936,44.9829244483047],[-123.60021494986,44.9832204430691],[-123.60134583744,45.0003355155716],[-123.621602751766,45.0004921423985],[-123.641859774009,45.0006452222992],[-123.662946162735,45.0005366336588],[-123.662998556338,45.0295326721951],[-123.663118167969,45.043972449569],[-123.678300207988,45.0440089836277],[-123.683655185139,45.04402145003],[-123.683269357095,45.0601994001822],[-123.683551764003,45.0761673973076],[-123.68360415221,45.0761677408486],[-123.703555756593,45.0763173439703],[-123.710400594712,45.076404774261],[-123.724545074296,45.0764726344046],[-123.727819445611,45.0764498051145],[-123.727821945726,45.0764498213023],[-123.743990240757,45.0763357387034],[-123.746523147126,45.0763764204355],[-123.753440001155,45.0764873176357],[-123.757147076776,45.0765465505829],[-123.761536557066,45.0766973291185],[-123.764035710979,45.0768282299389],[-123.764205335708,45.0803386571034],[-123.76443929164,45.0851881972775],[-123.764403934794,45.0876060677659],[-123.764320955248,45.0911356639797],[-123.764237974803,45.0946652619923],[-123.764154994357,45.0981948582062],[-123.764072013912,45.1017244310377],[-123.763021319778,45.1052595445923],[-123.761970556396,45.108794683328],[-123.762023362788,45.1125323835627],[-123.762076170079,45.1162700837974],[-123.762118452604,45.1214086786676],[-123.762130934295,45.1231215921878],[-123.762129768774,45.1268766610291],[-123.762138829443,45.1306313575512],[-123.762266001675,45.1342517583121],[-123.762393196389,45.1378721581736],[-123.762520346137,45.1414925346528],[-123.762647520167,45.145112936313],[-123.762810408074,45.1486785980389],[-123.762973297779,45.1522442831472],[-123.763085808363,45.1547071817911],[-123.763029959565,45.1595039560428],[-123.763661377171,45.1735255567591],[-123.758522626718,45.1735712917817],[-123.755328803182,45.1735992184292],[-123.74376753984,45.1735299436521],[-123.729968479961,45.1734688428129],[-123.723352139789,45.1736199352119],[-123.723035477705,45.1736220818936],[-123.708622633228,45.1735668752112],[-123.706147180048,45.1735707872621],[-123.703193093287,45.1735321128168],[-123.70156772607,45.1735108312599],[-123.696607664612,45.1734459190939],[-123.691596729405,45.1733803072555],[-123.687801704585,45.1733306224103],[-123.686589959859,45.1733170948081],[-123.68165900316,45.173395000379],[-123.676728068046,45.1734729059499],[-123.671703535989,45.1735147460088],[-123.671046201721,45.1735202345712],[-123.667796725439,45.1735054317303],[-123.667135684164,45.1735528134117],[-123.666678956269,45.1735566103494],[-123.664249790296,45.1735677799292],[-123.635440466304,45.1735437770237],[-123.606631169293,45.1735126227094],[-123.606629618862,45.17363304373],[-123.606403704667,45.173635381068],[-123.606314596242,45.1772805140845],[-123.606219839174,45.1809255679606],[-123.606245052567,45.1844528412257],[-123.606270269557,45.1879801072961],[-123.606282378029,45.1915580951301],[-123.606294485602,45.1951361117422],[-123.606335397561,45.1987045721583],[-123.606376310418,45.2022730595541],[-123.606391140239,45.2058426612099],[-123.606405970059,45.2094122331881],[-123.60641833214,45.2129860886371],[-123.606430528746,45.2165171273636],[-123.590742371863,45.2164226230057],[-123.57694717817,45.2162799212814],[-123.569627959363,45.2162672318473],[-123.566202109839,45.2162405750425],[-123.56323224807,45.2162557663905],[-123.540612687925,45.2162123911889],[-123.517993162854,45.216164611108],[-123.505056346873,45.2161364731198],[-123.503662927402,45.21614298601],[-123.498151997916,45.2161616973045],[-123.494964084725,45.2161421973046],[-123.489774329222,45.216131648257],[-123.48458454584,45.2161210713304],[-123.478844868396,45.2161854681848],[-123.473801529717,45.2162413961236],[-123.468666809126,45.2162796406929],[-123.463532048965,45.2163176811162],[-123.463532074146,45.2163235941586],[-123.463391581156,45.2163242029996],[-123.463437418702,45.2330501541414],[-123.463440024937,45.2467843791958],[-123.46338650898,45.2517460666277],[-123.463196248408,45.2592535746928],[-123.463161593033,45.2658081943927],[-123.463138514631,45.2736644676411],[-123.463137767294,45.2781748348008],[-123.463078965122,45.2880464671708],[-123.463060448081,45.2896847180753],[-123.463036554893,45.2917794072939],[-123.463001071242,45.2948882979566],[-123.462894351393,45.302498376399],[-123.448629918436,45.3026528106788],[-123.428037032683,45.302697935961],[-123.407444118151,45.3027394153918],[-123.401711781873,45.3026934159684],[-123.381199412423,45.302740276043],[-123.370589139877,45.302834398189],[-123.360845925299,45.3035795422621],[-123.360845734643,45.3035795512553],[-123.340683445185,45.3040072247537],[-123.340642120437,45.3074742353477],[-123.34064193158,45.3074835918943],[-123.320483227719,45.3074691406883],[-123.312475567993,45.3071984753294],[-123.310328291817,45.3071257570481],[-123.310522480628,45.3037544478096],[-123.296723891095,45.3036943056478],[-123.296677438413,45.3036941824406],[-123.279625068442,45.3036133486772],[-123.264468322755,45.3036036306031],[-123.258889489059,45.30358703991],[-123.258840433739,45.3180278793832],[-123.258672967384,45.3308584629478],[-123.258634193113,45.3326076344349],[-123.268488325576,45.3326212447747],[-123.268359080407,45.3399047056377],[-123.268361739702,45.3399046211014],[-123.278797720938,45.3396274338591],[-123.298634924362,45.3391383456582],[-123.298563932779,45.3416197568463],[-123.29841282779,45.3468869745543],[-123.298753232875,45.3539274628822],[-123.299119738985,45.3615146319947],[-123.290593138962,45.3614747461627],[-123.282599232568,45.3614366967462],[-123.282580986223,45.3614366976456],[-123.278581041882,45.3614174962206],[-123.268075839828,45.361436472815],[-123.268075643776,45.3614364674191],[-123.267890297999,45.3744350092683],[-123.267870049763,45.3758541871211],[-123.267870056058,45.375854245577],[-123.26788289388,45.3758542797513],[-123.278740587908,45.3759320783028],[-123.278656427552,45.3827715429724],[-123.278655018314,45.3828564929328],[-123.278655381641,45.3828564911342],[-123.292489568139,45.3828696536117],[-123.299230128967,45.3829054223474],[-123.319441991755,45.383267209714],[-123.319540497196,45.4004049271457],[-123.319446358862,45.4270717719448],[-123.319410991224,45.4270719778895],[-123.298835084671,45.4271342937128],[-123.29894443144,45.4195916770144],[-123.278263339282,45.4194551985986],[-123.278577904147,45.4048666202983],[-123.258058730426,45.4049130612888],[-123.258030277675,45.4049130468997],[-123.258030308252,45.4049074791969],[-123.258185988093,45.3906440399905],[-123.249094603933,45.3905755512208],[-123.237820796293,45.3904081307307],[-123.237940694807,45.3979029916298],[-123.222066988001,45.3978744552419],[-123.201765238875,45.3977278468627],[-123.18146359317,45.3975777023491],[-123.181463237039,45.3976200181494],[-123.181342343874,45.3976188993927],[-123.181404824273,45.4045589289515],[-123.181404648006,45.404579840887],[-123.181470507158,45.4045806017135],[-123.186514309887,45.4046441208296],[-123.18652922964,45.4192177928669],[-123.186529125319,45.4192326631569],[-123.176267049585,45.4190012621985],[-123.176223284077,45.4332457751725],[-123.176319535818,45.4373616070526],[-123.176319337967,45.4373677242411],[-123.17631967881,45.4373677233418],[-123.176319680609,45.4373677997842],[-123.190903355805,45.4373546543939],[-123.205487022908,45.4373396851784],[-123.205590230005,45.4373397256479],[-123.221755580655,45.4373854579725],[-123.237920957386,45.4374289491867],[-123.238004650994,45.4374292891304],[-123.23800216257,45.4372639253899],[-123.23795447332,45.4337275968512],[-123.239659615799,45.4337213888311],[-123.25329796323,45.4337232432331],[-123.2783858854,45.4338551746766],[-123.287939359214,45.4338408610669],[-123.298504320318,45.4338242083206],[-123.31936068135,45.4338909281239],[-123.339501908686,45.4339868776923],[-123.339694950861,45.4339879038188],[-123.33945859284,45.4484696030898],[-123.339458576652,45.4484927579345],[-123.339456170066,45.4486404293124],[-123.339195791153,45.4778880370034],[-123.31905735891,45.4774674303777],[-123.298919221645,45.4770433469729],[-123.297903040793,45.4770497870181],[-123.278347848574,45.4771658508234],[-123.257776673355,45.4772541759395],[-123.25792192106,45.4703333307187],[-123.237699659412,45.4705201720683],[-123.231476906634,45.470521631668],[-123.225910934142,45.4705225993386],[-123.225994947908,45.4687191600613],[-123.226269929114,45.4628195525804],[-123.222389438122,45.4628419034311],[-123.217415804096,45.4628702239817],[-123.217332053831,45.4485379776456],[-123.217306549957,45.4485377321307],[-123.196805277242,45.4482353557771],[-123.196798847089,45.4483373820646],[-123.196793033871,45.4483373236087],[-123.196536781048,45.4524950162321],[-123.196518022988,45.4527925857093],[-123.190877981434,45.4527142106923],[-123.186551242346,45.452653793338],[-123.18586769284,45.4627739929255],[-123.190323338052,45.4628230887146],[-123.190327171861,45.4628231867407],[-123.190177335815,45.4779228200821],[-123.190041654199,45.4915496858694],[-123.190042047203,45.4915496858694],[-123.190042046303,45.4915497236409],[-123.193022808756,45.4915500536921],[-123.196761125925,45.4915504071257],[-123.196770221668,45.4999044686164],[-123.196627457891,45.5066776343654],[-123.196627450696,45.5066823899804],[-123.196557189363,45.5093165177432],[-123.196608849119,45.5201722737315],[-123.217110813413,45.5202762524472],[-123.217019036699,45.5294043469331],[-123.216965718593,45.5346883927552],[-123.217344370047,45.5346913946922],[-123.2378971946,45.5348613521697],[-123.258286082637,45.5350260306269],[-123.278675086686,45.5351871522653],[-123.278806117009,45.5351883132901],[-123.278806144888,45.5352370457531],[-123.278762722022,45.5421793074291],[-123.278812300747,45.5457667561309],[-123.278821444154,45.5613993510992],[-123.278831622681,45.578487157956],[-123.278831629876,45.5784872281031],[-123.299209510211,45.5785660087144],[-123.299326362721,45.5929790933106],[-123.299292712788,45.592978949419],[-123.299304380593,45.5939180385867],[-123.299378830968,45.5999086790424],[-123.299301571111,45.6070435287359],[-123.299299933445,45.6071854066813],[-123.304522051951,45.6072229102092],[-123.309866007011,45.607261036068],[-123.31497743516,45.6072972823438],[-123.32020327686,45.6073340969911],[-123.325423530172,45.6073738632133],[-123.330643786182,45.6074133974104],[-123.330763870856,45.6074143048264],[-123.335864049386,45.6074526887906],[-123.340979458835,45.6074909603396],[-123.340931008759,45.609185396389],[-123.340415404048,45.6148802651122],[-123.340632766589,45.619613476181],[-123.340729273737,45.62171471786],[-123.345696534268,45.6219031177347],[-123.360979436851,45.6224799365999],[-123.376241226951,45.6214287649256],[-123.377807898116,45.6213030307104],[-123.380518231731,45.621085461325],[-123.380351445263,45.6232342618517],[-123.380222143437,45.6248407648894],[-123.380223246905,45.6357147249547],[-123.380275166566,45.6357151656225],[-123.393440964329,45.635826457625],[-123.400905068414,45.6358888939574],[-123.422973017691,45.6362041755823],[-123.422934971871,45.6478041529394],[-123.422925434561,45.6507109092811],[-123.422941029705,45.6507109137777],[-123.443895094883,45.6507285845566],[-123.443404434667,45.6650721371694],[-123.44363972969,45.6650716560321],[-123.443638062347,45.6651311228031],[-123.429043872277,45.6649973891182],[-123.414449750555,45.6648618352056],[-123.40137275275,45.6647387360039],[-123.401368875773,45.6647387908625],[-123.400716896068,45.6647326197147],[-123.38111782143,45.6650233201701],[-123.361518548942,45.6653107398988],[-123.340616428605,45.6651807051255],[-123.320497501758,45.6651320428096],[-123.299325800645,45.6650289121546],[-123.299934477094,45.6562256599863],[-123.299934212694,45.6562256581876],[-123.299934221687,45.656225525088],[-123.294100859167,45.6561686816394],[-123.294208924402,45.6533165474208],[-123.294199430259,45.6533165519174],[-123.294200268428,45.6532943764344],[-123.279319503093,45.6533231700283],[-123.27925123016,45.6590117569871],[-123.279181026383,45.6648572963272],[-123.267160326388,45.6648487140969],[-123.258424760794,45.664841593265],[-123.258416900719,45.6634351138395],[-123.258343438699,45.6502182462751],[-123.258343069077,45.6502182471744],[-123.258343069077,45.6502180942897],[-123.244444358021,45.6502495984403],[-123.237905216552,45.6502637771516],[-123.237873817623,45.6485636600849],[-123.2377743589,45.6431714258207],[-123.237774242887,45.6431714249214],[-123.237774240189,45.6431712567481],[-123.228159432612,45.6431012328357],[-123.227754800643,45.6324428447616],[-123.215564125184,45.6324298180817],[-123.207580623047,45.6324205118972],[-123.207343708345,45.6259046143065],[-123.207182653257,45.6214677901065],[-123.207182419433,45.6214677919051],[-123.207182414037,45.621467671396],[-123.196809942025,45.6215435543916],[-123.186545708817,45.6216376081891],[-123.186705018322,45.6289054855997],[-123.186859141436,45.6359530201158],[-123.184022614952,45.6359401463208],[-123.176330265629,45.6359047795819],[-123.176330268327,45.6359048866013],[-123.176330230556,45.6359048866013],[-123.176362082744,45.6376910678885],[-123.176586854799,45.650306618156],[-123.176575758065,45.6508515047931],[-123.176203416255,45.6687019079667],[-123.176203352403,45.6687048541457],[-123.176203347906,45.6687049377827],[-123.181799321781,45.6685987449362],[-123.181758738975,45.6725141566031],[-123.196784571251,45.6730133405932],[-123.196823931879,45.6754315393341],[-123.196858519805,45.6775705651295],[-123.20188745764,45.6774731307804],[-123.207294325673,45.6773681888909],[-123.207346891046,45.6783398038389],[-123.20737674584,45.678896200899],[-123.207401934052,45.6788964302261],[-123.222567743107,45.6790634019545],[-123.237733639396,45.6792284113621],[-123.237472651642,45.6932800656226],[-123.221454794303,45.6934052503521],[-123.205436866818,45.693528244333],[-123.205436790376,45.6935282398364],[-123.205398033193,45.6969185706356],[-123.205276923291,45.7074892442333],[-123.19552972112,45.7075934216991],[-123.185437962592,45.7077002980304],[-123.18553415138,45.7007671087151],[-123.180977049151,45.7008449369443],[-123.17553330172,45.7009376570473],[-123.175603000078,45.6935514594323],[-123.175602569303,45.6935514684256],[-123.175602570202,45.6935513838893],[-123.165386463315,45.693784329883],[-123.165566025552,45.6820517304031],[-123.161206582618,45.6820641320541],[-123.160210212032,45.6718608989614],[-123.157401361284,45.6719457149229],[-123.154914984039,45.6720206446371],[-123.155029453347,45.6666292341519],[-123.15506600719,45.6649146946575],[-123.155065851608,45.6649146937582],[-123.143819232272,45.6650968307542],[-123.14385701369,45.6719581237684],[-123.134426391765,45.6718905298242],[-123.134426075203,45.6718905307235],[-123.134396563051,45.6754648781017],[-123.134362280894,45.6795722761397],[-123.117074075408,45.6796524632906],[-123.114020834794,45.6796663317359],[-123.114503017101,45.6652138199619],[-123.114502964041,45.6652138190626],[-123.114502969436,45.6652136949561],[-123.094449786628,45.6648587640208],[-123.09444442577,45.6648587820072],[-123.093625447356,45.6648442129901],[-123.073391738238,45.664928625156],[-123.073391738238,45.6649286557329],[-123.073391500817,45.6649286566322],[-123.073309687692,45.6792649328304],[-123.073309892737,45.6792649337298],[-123.073309892737,45.6792649741993],[-123.088349434279,45.6793132812829],[-123.103389001002,45.6793596566229],[-123.103047895344,45.6900157963919],[-123.102914285766,45.6941835506304],[-123.114061609156,45.6942171762817],[-123.112883669945,45.7229614720943],[-123.112297237328,45.7372593319527],[-123.09325733236,45.7368858489028],[-123.072321908329,45.7370018398631],[-123.072355235406,45.7358021856224],[-123.072512739072,45.7301423922577],[-123.052330442396,45.7301829291989],[-123.052170306414,45.722134595835],[-123.052240126181,45.7135293294151],[-123.05228378377,45.7081762660219],[-123.0521595802,45.7032587011282],[-123.052096917239,45.700772676418],[-123.052096797629,45.700772676418],[-123.05209679673,45.7007726341498],[-123.031804846616,45.700746164404],[-123.03191926736,45.6967979391736],[-123.032002065243,45.6939487151611],[-123.032001826923,45.6939487142618],[-123.032001831419,45.6939486153364],[-123.012204613652,45.6938327565765],[-123.008907484992,45.6938035627842],[-122.990664799341,45.6935984571032],[-122.979246930202,45.6935366907657],[-122.979545022185,45.705558058058],[-122.979538583039,45.7180857022934],[-122.979538321336,45.7181355229361],[-122.96419701498,45.7180434647341],[-122.949316695709,45.7179521592648],[-122.94931263527,45.7220317700502],[-122.949312028227,45.7220627750771],[-122.948617130176,45.7220417210486],[-122.928876704596,45.7214418255799],[-122.92888471126,45.7210258171878],[-122.929159264388,45.7069515054077],[-122.929155488135,45.7069514937165],[-122.929156631174,45.7068920638177],[-122.914256266913,45.7068487596626],[-122.90057572509,45.7069092228824],[-122.888040359275,45.70696178286],[-122.88813348767,45.6998538723584],[-122.888058023759,45.6998527760848],[-122.888058134375,45.6998158022575],[-122.877733821958,45.6996859086778],[-122.877692236408,45.6923254172842],[-122.87761505569,45.6923264793836],[-122.877614946872,45.6923052122158],[-122.867578214263,45.6924462897645],[-122.867582289091,45.6924640756566],[-122.867524298108,45.6924648679594],[-122.86841185882,45.6963142576969],[-122.86819204113,45.6975869449816],[-122.867189113587,45.7002705930135],[-122.865910810036,45.7045013231776],[-122.86679718814,45.7073568073708],[-122.867420251044,45.7100380910851],[-122.867113062418,45.7148057066181],[-122.867071277218,45.7149764339154],[-122.865147802729,45.7193941969846],[-122.865075481948,45.7194892580229],[-122.864894297334,45.7196607767235],[-122.864462012112,45.7202956027599],[-122.860618616356,45.7253467610442],[-122.860602292762,45.7253745249145],[-122.860547533941,45.7254399182177],[-122.859083479019,45.7278930268417],[-122.858958641428,45.7286588643152],[-122.858828656118,45.729399891292],[-122.855552966396,45.7325609192511],[-122.854752674996,45.7332995603265],[-122.852507930297,45.7340993283214],[-122.849367049849,45.7350706635803],[-122.84744859088,45.7352506871695],[-122.845225566607,45.7354515777282],[-122.843951221871,45.7357775630841],[-122.842957351401,45.7360085422605],[-122.839674283641,45.7372884888727],[-122.838663469044,45.7386788749302],[-122.839259996552,45.7402238931182],[-122.839625571863,45.7438119371712],[-122.839573886925,45.7439517808501],[-122.838702543687,45.7453662039872],[-122.838385279957,45.7457764684094],[-122.837510987842,45.7464245558486],[-122.829159698062,45.7466842054118],[-122.82602703472,45.747306858225],[-122.824165107134,45.7485583098182],[-122.824156817183,45.748591180039],[-122.824133735184,45.7486060791073],[-122.824105607987,45.7487942262726],[-122.823896759328,45.7496223094221],[-122.823871891275,45.7532495477285],[-122.823825884657,45.7536862971849],[-122.823862660633,45.7545956169942],[-122.823860513052,45.7549088760438],[-122.819088855966,45.7607919422944],[-122.818970867611,45.7609220750937],[-122.818766467898,45.761269840231],[-122.815593389024,45.7662065462951],[-122.815932895687,45.7687066786704],[-122.815933449669,45.7687203978281],[-122.815464262566,45.7699890858277],[-122.815722717829,45.771329261836],[-122.815480591556,45.7720807146533],[-122.813754724201,45.7739162957005],[-122.81342395715,45.775066275888],[-122.812775484801,45.7761009297142],[-122.811982439238,45.7780270886793],[-122.811129834274,45.7800264767405],[-122.809199568106,45.7835364263651],[-122.808882923108,45.7837707932875],[-122.806784986438,45.7853094163965],[-122.803540341314,45.7884978493963],[-122.803514630596,45.7885362558436],[-122.803496288923,45.7885542611702],[-122.802951217924,45.7893778899777],[-122.799927922036,45.7938936503717],[-122.800140428238,45.7991984552446],[-122.80016134467,45.7992188743516],[-122.800162028155,45.7992359201017],[-122.801465631434,45.800523585595],[-122.80268431443,45.8011558053961],[-122.802797006676,45.8012188847438],[-122.802827301239,45.8012299832772],[-122.802956523025,45.8012970169438],[-122.805710227345,45.8023374156393],[-122.808628730631,45.802280039792],[-122.810618463571,45.8024596380019],[-122.812497516047,45.8024956603465],[-122.814061107034,45.8024648396807],[-122.815519869446,45.8024360667711],[-122.817645855072,45.8034155399952],[-122.820941764251,45.8049554266516],[-122.824021292948,45.8062807503564],[-122.82453668542,45.8071207081542],[-122.826956018206,45.8114165933012],[-122.827143207593,45.8117753013891],[-122.826810034855,45.8164522059046],[-122.822933674449,45.8201816467657],[-122.820600107309,45.8212991155618],[-122.817729373312,45.8228456212285],[-122.817111805266,45.8238168341796],[-122.815149179691,45.8268961641267],[-122.814855901778,45.8273797457787],[-122.814463730816,45.8279923019032],[-122.814239903049,45.8283954347016],[-122.814040668142,45.828723931864],[-122.812162120186,45.8320873243706],[-122.808754306566,45.8348172937831],[-122.807382206424,45.8359054500765],[-122.80618380314,45.8369594896888],[-122.805500054884,45.8397392033016],[-122.805438737308,45.8399803664008],[-122.804186218219,45.8402840854422],[-122.804353820372,45.8419133710053],[-122.804344156258,45.8421131778809],[-122.804287954026,45.8430792197303],[-122.803873773056,45.8435675498026],[-122.802325050561,45.8453755063746],[-122.802234721755,45.8454999365729],[-122.802221042167,45.8455160632158],[-122.802055664038,45.8457465927311],[-122.799203492947,45.849675184862],[-122.796528820149,45.8532127697536],[-122.794688933148,45.8555107588145],[-122.793202993224,45.8575944987871],[-122.79200672493,45.8562291381642],[-122.791325749284,45.8551754268046],[-122.791304958757,45.8546550197134],[-122.791016690967,45.8536539906392],[-122.790391415731,45.8529372525522],[-122.790051368576,45.8518676276889],[-122.78928139512,45.8500078467848],[-122.788796918643,45.8490802356644],[-122.788483621822,45.8487043882969],[-122.788572560275,45.8484249329643],[-122.788918822646,45.8482498385592],[-122.789449719429,45.847857538095],[-122.789934212994,45.8477040903715],[-122.790353375308,45.847143215587],[-122.790937665741,45.8467124951856],[-122.791216319777,45.8462208735945],[-122.79157876185,45.8453460059135],[-122.792318849036,45.8439775804011],[-122.793184351177,45.8420166230687],[-122.793482864043,45.8407956683855],[-122.794069686067,45.8393263290469],[-122.795012847365,45.8368083837999],[-122.795677771912,45.8348166849421],[-122.797089405352,45.8316298689234],[-122.797151884852,45.8306912366114],[-122.797901762956,45.8283505225586],[-122.798557741047,45.82611587185],[-122.798513280364,45.8250058350513],[-122.798477162691,45.8241041010235],[-122.798771297657,45.8227789670757],[-122.798569541951,45.8214638839511],[-122.799338285134,45.8195739964428],[-122.799312230875,45.8176996699039],[-122.799575394988,45.8168266997924],[-122.799486097705,45.8158217685598],[-122.798912853645,45.8139235263497],[-122.798839224351,45.8120850989482],[-122.798370152361,45.8102890440042],[-122.797721235746,45.8089477312528],[-122.797495951977,45.8082924474385],[-122.797412258369,45.8074262654099],[-122.796834592343,45.8066390123806],[-122.796390611438,45.8054675177118],[-122.795558173771,45.8045117470195],[-122.795075351147,45.8036183946732],[-122.793374579373,45.8008050760935],[-122.792257008054,45.7989174251991],[-122.791277335181,45.796749338711],[-122.790503778826,45.7960354820519]],[[-122.731139052126,45.5995924486327],[-122.730394382894,45.5991322160789],[-122.730353471835,45.5984368557763],[-122.728273293178,45.5973947636575],[-122.725907699381,45.5965445661789],[-122.72596180979,45.6012860447153],[-122.72700705673,45.6015528681704],[-122.727010388718,45.6017846108712],[-122.727230531064,45.6018694304299],[-122.727757056243,45.6021151710783],[-122.728153881197,45.6023293383283],[-122.728152793017,45.6020674152791],[-122.72825215911,45.6021181766126],[-122.728245669602,45.6004442909713],[-122.728531401303,45.6004485060938],[-122.728546935293,45.6020256777429],[-122.729180307125,45.6023930678858],[-122.73027354279,45.6028363689034],[-122.731537331283,45.603111356404],[-122.732816908274,45.6031641457088],[-122.73283551075,45.603394046598],[-122.734937819025,45.6036099828145],[-122.736835148423,45.604050362834],[-122.736850346966,45.6024188550462],[-122.733401131257,45.6005051247118],[-122.731743996388,45.5994535222623],[-122.731747449785,45.5999794430969],[-122.731142314866,45.5999788009809],[-122.731139052126,45.5995924486327]],[[-123.168575066286,45.5633214514239],[-123.166461994925,45.5633090956383],[-123.166291044596,45.5585213002179],[-123.166223536087,45.5565620120273],[-123.16614318436,45.5542297947692],[-123.166060072614,45.5518173148173],[-123.165993654084,45.5504190938661],[-123.162448570645,45.550534128847],[-123.160333706036,45.5505508499418],[-123.160185689318,45.5468227373795],[-123.160130557279,45.5453647717669],[-123.160087650625,45.5444345652031],[-123.160007940114,45.5423450659721],[-123.159991838652,45.5416955710938],[-123.157886516749,45.5416940566354],[-123.156735087754,45.5416741033772],[-123.15546578282,45.5417047216956],[-123.15553923225,45.5430228796023],[-123.155561932937,45.5435159050351],[-123.154115258313,45.5435797173301],[-123.151556241028,45.5436846313407],[-123.151405422922,45.542734475116],[-123.150730479028,45.5426817145895],[-123.150751124765,45.5424366808082],[-123.150052912712,45.5424525241647],[-123.149996284201,45.5404127538455],[-123.149992182393,45.5386026137197],[-123.150912113303,45.538760772092],[-123.151853781727,45.5389033380187],[-123.15253793198,45.5390071575544],[-123.152674806097,45.5373776489594],[-123.152667274275,45.5372138770189],[-123.152917152704,45.536640915346],[-123.153163608314,45.5359936040217],[-123.153454741343,45.5354052990154],[-123.153510568558,45.5352397437193],[-123.15352672308,45.5346573418629],[-123.152801093396,45.5345843097182],[-123.152884258202,45.5336124780335],[-123.152974363976,45.5330095383596],[-123.150606313231,45.5328312909314],[-123.150672008706,45.5317945066112],[-123.150635536701,45.5304259857707],[-123.150631164197,45.5292214392181],[-123.150676644711,45.5279235403391],[-123.150657567393,45.5269560847556],[-123.150632774883,45.5258429920605],[-123.150637847958,45.5242541939759],[-123.150556021343,45.5235989011684],[-123.145571933598,45.5236752383216],[-123.145534305963,45.5228546537193],[-123.145476202565,45.5221621226839],[-123.145476601864,45.5215961973067],[-123.145450663617,45.5210305237397],[-123.145430152779,45.5200085647435],[-123.143843766676,45.5199714443268],[-123.14197511396,45.5200137439392],[-123.140054107211,45.5200208422881],[-123.138235437016,45.5200252525634],[-123.135403427826,45.519997979723],[-123.135361110227,45.5182679557017],[-123.132599833615,45.5183264440103],[-123.130005031407,45.5183849251242],[-123.129835876125,45.5152302427815],[-123.129738188167,45.5125301092772],[-123.129592588827,45.5108901658485],[-123.129493853159,45.5085971131663],[-123.131483667937,45.5093641692211],[-123.133313436666,45.5100163692601],[-123.133260268746,45.509562647798],[-123.133067171713,45.5086760583534],[-123.133038852961,45.5080185712002],[-123.132878455276,45.5073468585707],[-123.132651273937,45.5063659122571],[-123.132402238173,45.5054403354032],[-123.132157218781,45.5046240774393],[-123.131939216821,45.5038439083697],[-123.131724551347,45.5034758851041],[-123.129615642048,45.503567703187],[-123.128531755736,45.503618245086],[-123.128380383648,45.5014409171646],[-123.125134396735,45.5015139699938],[-123.125069302007,45.499525113893],[-123.124917500942,45.4961872000792],[-123.124865842984,45.4944720778242],[-123.124831005946,45.4937059525677],[-123.125352250306,45.493527265371],[-123.125009514178,45.4925638009787],[-123.122845597846,45.4928557505925],[-123.122291842095,45.4926675512665],[-123.122704844953,45.4919688751635],[-123.120782937083,45.4925368159214],[-123.119646167936,45.4928669534472],[-123.1183101414,45.4932431650401],[-123.118345630446,45.492934006899],[-123.117199823113,45.4929532299077],[-123.115092785304,45.4930071046942],[-123.1150101484,45.4911829225539],[-123.110726875345,45.4911875954313],[-123.10748020225,45.4911459730083],[-123.10300103437,45.4911317592234],[-123.098751923862,45.4911582100834],[-123.094499771847,45.491138613856],[-123.094461092006,45.4917101905729],[-123.094418356222,45.4922132623323],[-123.09441693979,45.4928978793337],[-123.094506663352,45.4977802366686],[-123.094500410366,45.4998708087908],[-123.093264896558,45.4998715947983],[-123.091874770404,45.4998724626441],[-123.091128020142,45.499872923097],[-123.090251221617,45.4998734563949],[-123.088844978713,45.4998571570822],[-123.08910464896,45.5003401388864],[-123.089213174648,45.500541459321],[-123.089468460701,45.5010135620263],[-123.089614247999,45.5012843658808],[-123.089856878792,45.5017351411639],[-123.087295613202,45.5020028747329],[-123.084337294231,45.5022920346497],[-123.084408017816,45.5030000861851],[-123.084493367075,45.5038604361103],[-123.084772245043,45.5050340954472],[-123.084810394284,45.5058858856252],[-123.084886843853,45.5069175770846],[-123.083298275995,45.5069527441739],[-123.080998347995,45.5070492360335],[-123.081029362915,45.5099240439595],[-123.081037492786,45.5108002300466],[-123.079446360961,45.510818896375],[-123.078569026439,45.5108260990453],[-123.077857624929,45.5108615080522],[-123.077805141394,45.510429149086],[-123.075113124271,45.5104655842194],[-123.075057568652,45.5099420618767],[-123.073337286087,45.509957016703],[-123.072232941097,45.5099357414414],[-123.071162789231,45.5099593171688],[-123.071180892584,45.5110379010783],[-123.071121068782,45.5120009203063],[-123.071113938058,45.5126729593896],[-123.071098329424,45.5139649353335],[-123.071078124356,45.5151537761259],[-123.071038129706,45.5167306087307],[-123.071017195287,45.5203994838491],[-123.070953042149,45.5214342662784],[-123.070959043325,45.5240434486463],[-123.070910080636,45.5245871050109],[-123.070903571343,45.5256506108871],[-123.070882276296,45.5267918838384],[-123.07086052889,45.5279572918956],[-123.070837130329,45.5282277144375],[-123.072480660254,45.5282301740833],[-123.073444792843,45.5282288233016],[-123.074462853278,45.5281886523845],[-123.075220756932,45.5281668114492],[-123.075763907878,45.5281511560511],[-123.0761071836,45.5281206771276],[-123.076111243139,45.5278013377616],[-123.076126420098,45.5273729762819],[-123.076162369598,45.5262767377813],[-123.076926989389,45.5262690809534],[-123.077720287661,45.5262714290832],[-123.078372333916,45.5262680881019],[-123.079322101634,45.5262761541213],[-123.080494637717,45.5262849980543],[-123.081931621247,45.5262961046815],[-123.082952387742,45.5262961658354],[-123.084095319943,45.5263089577922],[-123.084095558263,45.5279750301236],[-123.084138624998,45.5307093297718],[-123.084083145821,45.5323249168615],[-123.084136240895,45.5342073301043],[-123.084084868922,45.5352174828006],[-123.084084543367,45.5380425249426],[-123.084106500315,45.5399705500009],[-123.084138510784,45.5413821852397],[-123.084027767368,45.5424835040105],[-123.084042743778,45.5435367693065],[-123.084117016087,45.5451944023998],[-123.084124058678,45.5470272450114],[-123.084094465587,45.5483548601887],[-123.084051007648,45.5494908055563],[-123.086405603636,45.549491201258],[-123.0950626782,45.5494586862694],[-123.102467388359,45.5494733299303],[-123.103392972408,45.549474999072],[-123.104415155335,45.5494971430787],[-123.104326878782,45.5546113995965],[-123.104313229772,45.5564277189641],[-123.104313755875,45.5585578783434],[-123.104336351341,45.5604632422849],[-123.104323566579,45.56160697758],[-123.104308725068,45.5626835380149],[-123.104322588117,45.5636790416545],[-123.108329659586,45.5637207683988],[-123.114639958667,45.5638029961115],[-123.114180191962,45.5767237906704],[-123.114157387853,45.5778415328605],[-123.11470699773,45.5778458541029],[-123.115530478149,45.5778540478261],[-123.116782424369,45.5778664953426],[-123.118972548744,45.5778882355537],[-123.121023975176,45.5779035609007],[-123.124230471059,45.5778738473003],[-123.12422832168,45.5794078802695],[-123.12422244461,45.580831274144],[-123.124214142968,45.5823652018926],[-123.12419675008,45.5837638608136],[-123.124157197896,45.5849977072784],[-123.124182124405,45.5862530826137],[-123.124182946386,45.5908192859813],[-123.12417670689,45.5924731230363],[-123.139804672148,45.5925705106206],[-123.155432688668,45.5926658099792],[-123.155981735569,45.5926645185527],[-123.15598690667,45.5922550473326],[-123.155993586835,45.5917259410994],[-123.156022169987,45.5910132085928],[-123.156012373672,45.590228378337],[-123.156028528194,45.5883108195887],[-123.156094372058,45.5852738719917],[-123.17636616027,45.5850018882266],[-123.196637755128,45.5847263890117],[-123.196681341671,45.5840944767787],[-123.196761620552,45.5826839513034],[-123.196958082849,45.5792317534427],[-123.197070233704,45.5773823803926],[-123.194497266136,45.5756903931971],[-123.190683095648,45.5730759632851],[-123.188000828975,45.5713116858856],[-123.186766702821,45.570481940789],[-123.184940515193,45.5692274656751],[-123.180672681699,45.5663309274304],[-123.178230120324,45.5646888642997],[-123.176420699656,45.5635336302729],[-123.175786804417,45.5631782685623],[-123.173430917903,45.5632131640563],[-123.171251713096,45.5632453975571],[-123.168575066286,45.5633214514239]],[[-122.67613125925,45.5081842622939],[-122.676089001906,45.5079878854326],[-122.676012239373,45.5077696838239],[-122.675833803088,45.5073987350636],[-122.675435209168,45.5063647494337],[-122.675304123986,45.5058407342625],[-122.675169840815,45.5054465560138],[-122.674802205158,45.5054458167711],[-122.674547251854,45.5054320490499],[-122.67432540889,45.5054052888231],[-122.674065816884,45.5054300903265],[-122.673631047735,45.5054535086725],[-122.673510840753,45.5055154782568],[-122.673333284004,45.5056627026717],[-122.673243289746,45.5057236218477],[-122.672949805889,45.5058929542965],[-122.672118793647,45.5062752668901],[-122.670918249977,45.5067981534121],[-122.671395755809,45.5080524891311],[-122.672897467144,45.5108712324215],[-122.67308869089,45.5130163969892],[-122.673748455127,45.5131991859937],[-122.675831174369,45.5094239030907],[-122.677936001645,45.5099218972778],[-122.675771883865,45.51374376866],[-122.679750492691,45.5148076549494],[-122.679394338678,45.5154635592959],[-122.680414880342,45.5157368209975],[-122.679687900776,45.517080303813],[-122.678666362662,45.51680699085],[-122.677218857065,45.5194718250647],[-122.679257044577,45.5200155749588],[-122.677927764754,45.5224769069837],[-122.677835324341,45.5225796122593],[-122.677433899355,45.5229463926619],[-122.677497529987,45.5244782708556],[-122.682170735591,45.5243897029225],[-122.682118493074,45.5229639033615],[-122.685179684595,45.522910902716],[-122.685395952661,45.522520339742],[-122.685341621918,45.5223100971334],[-122.685108094063,45.5222495286928],[-122.685236712404,45.5219870498625],[-122.685264773051,45.5209138798717],[-122.685396839393,45.5208158789497],[-122.686728792,45.5181069248947],[-122.685701715861,45.5178501792424],[-122.686367205182,45.5165210990695],[-122.680762132866,45.5150660472603],[-122.682288941581,45.5124243633937],[-122.681276364313,45.5121638531793],[-122.681850389884,45.5109446557713],[-122.680825206818,45.5106955030951],[-122.678864398773,45.5101627752919],[-122.679209667392,45.5095223968412],[-122.676124676213,45.5086382445594],[-122.676135659633,45.5082714048015],[-122.67613125925,45.5081842622939]],[[-122.686671477307,45.2935529962738],[-122.686841283698,45.2927797178098],[-122.686841113726,45.2925455730198],[-122.686844157931,45.2924266017064],[-122.686843330555,45.2920184893619],[-122.686840163143,45.29128067926],[-122.6868392917,45.2901209657101],[-122.686841566985,45.2899120280177],[-122.686838795274,45.2892463840134],[-122.686838428351,45.2889663207392],[-122.686838191829,45.2886504698434],[-122.686841814298,45.288450990321],[-122.686844863,45.288008235192],[-122.686847677878,45.2878096693808],[-122.686861887166,45.2868458740379],[-122.686862685764,45.2867505503976],[-122.686894085594,45.2845346190775],[-122.686881778371,45.2826496562567],[-122.687517221343,45.2826543084497],[-122.687518096383,45.2826353156673],[-122.687540270067,45.2822678859542],[-122.687540774587,45.2822555301686],[-122.687541643332,45.2822270468408],[-122.687569000709,45.2815361399809],[-122.687575367909,45.2813901593285],[-122.687581834934,45.2812495422326],[-122.687581498587,45.2812495368367],[-122.687576062185,45.2812496285675],[-122.687547194847,45.2812500647387],[-122.686713620437,45.2812623368874],[-122.686718861686,45.2812008484404],[-122.686723610106,45.2811476841184],[-122.68706441629,45.2811416172918],[-122.687296738154,45.281144449257],[-122.687396220259,45.2811456102817],[-122.687599971561,45.2811480897126],[-122.687705000685,45.2811492129659],[-122.687825526926,45.2811506204048],[-122.688336411996,45.2811559623778],[-122.688493592805,45.2811576387141],[-122.688672889742,45.2811555558843],[-122.689415922207,45.2811470905658],[-122.689800419254,45.2811364677738],[-122.69030938517,45.2811226371001],[-122.690563187341,45.2811158786949],[-122.691611171818,45.2811057208524],[-122.691611565721,45.2811057037653],[-122.691606275909,45.280965808825],[-122.691592140365,45.2805916620756],[-122.691590678967,45.2805530200059],[-122.69159237239,45.2805443919102],[-122.691636008395,45.2803232989811],[-122.691851531823,45.2803192250523],[-122.69185198598,45.2803192061665],[-122.691852574137,45.2802793464148],[-122.691854296339,45.2801615720989],[-122.691856462806,45.280038595205],[-122.691861170756,45.2797006830401],[-122.691866941706,45.2792967093757],[-122.691872569663,45.2789115989912],[-122.691872667689,45.2789050843023],[-122.691874702855,45.2787740719659],[-122.69185755728,45.2786433159363],[-122.691799843288,45.278200797329],[-122.691797593184,45.2781835429362],[-122.691785167252,45.2780764480697],[-122.691775013006,45.278010425241],[-122.691766661003,45.2779463827194],[-122.691760924227,45.277902332127],[-122.691786957802,45.2776614217373],[-122.691795851198,45.2775797570002],[-122.691796227114,45.2775763377778],[-122.691800749805,45.2775356137776],[-122.691804099779,45.277273313013],[-122.691807662893,45.2770015037165],[-122.691740533898,45.2762540690701],[-122.691726403751,45.2761504491839],[-122.691723410807,45.276120376754],[-122.691718263087,45.2760685794015],[-122.692281670363,45.2759697493045],[-122.692293588179,45.2759676583808],[-122.692413838328,45.2759467644317],[-122.692677291124,45.2759003306358],[-122.692961654956,45.2758504326514],[-122.693301542932,45.2757908022038],[-122.693301738085,45.2757907716269],[-122.693283832583,45.2752281791372],[-122.693245668952,45.2740155944442],[-122.694553777835,45.273990908054],[-122.694558244767,45.2750830726258],[-122.69456699607,45.2751857392306],[-122.694609360434,45.2756868702529],[-122.694609702176,45.2756868225889],[-122.694609711169,45.2756869269102],[-122.694637803292,45.2756831596502],[-122.696343011421,45.2754549728688],[-122.696896091781,45.2753809676576],[-122.69701721787,45.2753649588258],[-122.697544014645,45.275294297294],[-122.69765303406,45.2752796680223],[-122.698698409604,45.275139753297],[-122.699317743919,45.2750570318566],[-122.699330307448,45.2750551747566],[-122.699566002669,45.2750236328345],[-122.699783009079,45.2749882562031],[-122.699783399384,45.2749881959485],[-122.700229239188,45.2749155019489],[-122.702115336953,45.2746079868692],[-122.702712302431,45.2745106532441],[-122.703089369279,45.2744492151592],[-122.705501556052,45.2740810039352],[-122.705993188435,45.2740083728881],[-122.705993609318,45.2740083108349],[-122.706443587801,45.2740065040969],[-122.706451061168,45.2740066084183],[-122.706738357689,45.2740106041061],[-122.707026846712,45.274014756276],[-122.707048366589,45.2740149145567],[-122.707196671089,45.2740169767022],[-122.708297336953,45.2740241110239],[-122.708484502957,45.2740254869867],[-122.708920855813,45.2740281471813],[-122.70978864493,45.2740337589508],[-122.709801185976,45.2740338416885],[-122.709842821889,45.2738276055596],[-122.709844573768,45.2738209550731],[-122.709845385856,45.2738149089309],[-122.7098544807,45.2737698555944],[-122.709871164023,45.2736228973789],[-122.709916452083,45.2732855823638],[-122.709989552576,45.2728078058356],[-122.710026100124,45.2726549903356],[-122.710102627934,45.2723369873621],[-122.710344025756,45.2713339483032],[-122.710359382579,45.2712714661053],[-122.710382723584,45.2709664637314],[-122.710387799357,45.2707938532538],[-122.710395208872,45.2706634749395],[-122.710407120392,45.2704630754106],[-122.71041310628,45.2703623711266],[-122.710449374139,45.2697593082455],[-122.710426158141,45.2694562196289],[-122.710433621614,45.2675632159697],[-122.710425197665,45.2671919749297],[-122.710423004218,45.2670240517187],[-122.710421434901,45.266904535416],[-122.710366673383,45.2667129015792],[-122.710313221278,45.266520127402],[-122.710297377922,45.26641033367],[-122.710289710302,45.2663902715938],[-122.710216543259,45.266188274869],[-122.710153062814,45.266032058133],[-122.710138521675,45.2658393478077],[-122.710108281972,45.2655880088795],[-122.710105282733,45.2655308551649],[-122.710094918945,45.265332664371],[-122.710092494373,45.2652861730185],[-122.710114701332,45.2652635640623],[-122.710120141331,45.2652580332317],[-122.710170864893,45.2652068492168],[-122.710239740372,45.2651363864351],[-122.710300388852,45.2650747001373],[-122.710331115988,45.2650434630854],[-122.710354047801,45.2650291144022],[-122.710357059631,45.2650272312218],[-122.710362056264,45.2650241816207],[-122.710412337359,45.2649927008525],[-122.710548015379,45.2649081510904],[-122.710624475739,45.2648726260709],[-122.710694851286,45.2648403916708],[-122.710705517246,45.2648355317344],[-122.710787619953,45.2647979580594],[-122.710832600444,45.264780297173],[-122.711072896597,45.2646941682013],[-122.71107297214,45.2646941466176],[-122.711080310608,45.2646926501457],[-122.71149527039,45.2646092802941],[-122.711550254041,45.2645991557265],[-122.712191813302,45.2644828023395],[-122.712558417437,45.2644171761119],[-122.712822467383,45.2643576481869],[-122.71287899427,45.2643449443638],[-122.712881818141,45.2643445693465],[-122.712997785719,45.2643291873422],[-122.713236703211,45.264297597756],[-122.713656291804,45.2641726891184],[-122.713656405119,45.2641726522461],[-122.713711670257,45.264119124598],[-122.714050667904,45.26394118204],[-122.714161891558,45.2638269105835],[-122.714352403041,45.2636360897338],[-122.71436971499,45.2636188398376],[-122.714383212915,45.2635697260621],[-122.714393484072,45.2635326865843],[-122.714399335961,45.2635110587884],[-122.714427384017,45.263408999226],[-122.714427943395,45.2634069307853],[-122.714459049146,45.2631545702273],[-122.714478856714,45.2629960224485],[-122.71447005325,45.2629696570241],[-122.714449256428,45.2629052907466],[-122.714412624343,45.2627919383973],[-122.714371983081,45.2626646879251],[-122.714320299942,45.2625062507629],[-122.714309330012,45.2624722950604],[-122.714277202631,45.2624040122354],[-122.714112520576,45.2620540509537],[-122.713694930277,45.2611372919525],[-122.713540521178,45.2608601199986],[-122.713391838063,45.2605925923743],[-122.713220796003,45.260352448207],[-122.713023010803,45.2600741799795],[-122.712857097577,45.2598418167465],[-122.712848680822,45.2598300005541],[-122.712848633158,45.2598299627826],[-122.712848570205,45.2598298737497],[-122.712793489428,45.2597863357709],[-122.711503404758,45.2587613919247],[-122.711415076045,45.2586864559153],[-122.711345965844,45.2586263847999],[-122.711099640636,45.2584120376854],[-122.7104687932,45.2578636194106],[-122.710244307129,45.2576308937508],[-122.70919742612,45.2566904717879],[-122.708189920129,45.2559159783398],[-122.70784117473,45.2556478032036],[-122.70736933013,45.2552848907852],[-122.707028601289,45.2550454283039],[-122.706671744905,45.2548179753693],[-122.706531027085,45.2547461213365],[-122.706384690301,45.2546713157287],[-122.706195551184,45.2544989606586],[-122.706056043851,45.2543416719307],[-122.706022097142,45.2543033068522],[-122.706005647642,45.2542407014473],[-122.705964080078,45.2540818398051],[-122.705898639111,45.2539272769224],[-122.705848724039,45.2538090574421],[-122.705794523698,45.2535294842983],[-122.705793441814,45.2535230091796],[-122.705592496397,45.2530349560984],[-122.705563916841,45.2527192976575],[-122.705554123224,45.2524618460374],[-122.705542135261,45.2521467092033],[-122.70553854157,45.2520522453149],[-122.705519371622,45.2519898656398],[-122.705474367748,45.2518435423457],[-122.705406090319,45.2516214538671],[-122.705339560272,45.2514624843063],[-122.705338990102,45.2514610363978],[-122.705244939902,45.2511266522732],[-122.705236964714,45.2510976617278],[-122.705194094932,45.2509609971523],[-122.705124014362,45.2507366387849],[-122.705073824098,45.2506337050815],[-122.704943836988,45.250365422926],[-122.704728116609,45.2499245060112],[-122.704632364892,45.2497450615854],[-122.704446707949,45.249396799123],[-122.704384999168,45.2492814916476],[-122.70435796195,45.2492308319374],[-122.704359117579,45.2491840528019],[-122.704361890189,45.249081500411],[-122.704364491028,45.2489664249606],[-122.704368700755,45.2487960978617],[-122.704369545218,45.2487719906349],[-122.704369297005,45.2487719888363],[-122.704369297905,45.2487719105952],[-122.704362483742,45.2487718458441],[-122.704180144398,45.2487702684332],[-122.703797999078,45.2487667916542],[-122.703758632155,45.2487663869592],[-122.703655765002,45.2487653365511],[-122.70348529491,45.2487673267508],[-122.703326249807,45.2487691847501],[-122.702333498092,45.2487797337977],[-122.699759824556,45.2487530446174],[-122.698959572726,45.2487447411769],[-122.69889450138,45.2487440648868],[-122.698651175411,45.2487421520287],[-122.698610401948,45.2487418327694],[-122.698599252154,45.2487417185555],[-122.698337922657,45.2487396995775],[-122.69715813534,45.2487304572448],[-122.697153127914,45.2487136381239],[-122.697148033255,45.2486965006431],[-122.697144174264,45.248683520728],[-122.697132052302,45.2486415412741],[-122.697131682681,45.2486415070999],[-122.697131669191,45.2486414630332],[-122.697115429234,45.2486400430037],[-122.695919723916,45.2485323231083],[-122.69591113629,45.2485315451947],[-122.695551954259,45.2485037111774],[-122.695546118558,45.2484962351132],[-122.695185494915,45.2480338819581],[-122.695185492217,45.2480340564266],[-122.695185358218,45.2480338846561],[-122.69518376282,45.2481200010373],[-122.695183323951,45.2481526958903],[-122.695177314681,45.2484807173113],[-122.695166510226,45.2494052122807],[-122.695164189975,45.2495780080187],[-122.695160938926,45.2498817684289],[-122.695156542141,45.2502579251632],[-122.693835225815,45.2502828768534],[-122.693513051786,45.2502889589683],[-122.693513432199,45.2503336202005],[-122.693514564446,45.2514070222164],[-122.692178614352,45.251389358632],[-122.692157285131,45.2513890771443],[-122.69215654319,45.2513678693318],[-122.692143208043,45.2509874633008],[-122.692120072084,45.2503755438963],[-122.692119053152,45.2503485804227],[-122.692102298782,45.2491993403773],[-122.692097302149,45.2486475829197],[-122.692097285062,45.2486474543166],[-122.688059015211,45.2487095012426],[-122.687045810216,45.2487251449496],[-122.687045812015,45.2487251890163],[-122.687045463078,45.2487251953116],[-122.687053261099,45.2489489817102],[-122.687060372039,45.2491626606283],[-122.684842428036,45.2491119667439],[-122.683207709668,45.2490744389343],[-122.681865504789,45.2490437441735],[-122.681865195422,45.2490315457693],[-122.681863092807,45.248861885068],[-122.681856302027,45.2486810871625],[-122.681855447671,45.2486474570146],[-122.681809694662,45.2486475748258],[-122.680804890233,45.2486485928583],[-122.680288574158,45.2486514652929],[-122.677755260397,45.2486654641399],[-122.676846472087,45.2486739510421],[-122.676836045347,45.2486740283837],[-122.676816759386,45.2490189498647],[-122.676816290839,45.2490273153584],[-122.676811862577,45.2491061310432],[-122.676795342031,45.2495119833914],[-122.67677075007,45.250115902427],[-122.676768235566,45.2501774484306],[-122.676784632005,45.250589551067],[-122.676787883954,45.2506761665719],[-122.676821490719,45.2515195885582],[-122.676862557361,45.2515199959511],[-122.677033745111,45.2515221507267],[-122.677307470863,45.2515252111197],[-122.677311872145,45.2515252569851],[-122.677313739138,45.2515684802012],[-122.677314234664,45.2515816957387],[-122.677317526183,45.251656198275],[-122.677336129559,45.2520871516008],[-122.677338357179,45.2521464600911],[-122.67724894838,45.2521447064131],[-122.677034172289,45.252140497586],[-122.676779234274,45.252135633153],[-122.676571309219,45.2521315484323],[-122.676481484033,45.2521320682404],[-122.67602105183,45.2521340926143],[-122.67601189943,45.2521341456743],[-122.675794812081,45.252134943373],[-122.675531414143,45.252137730372],[-122.673084455083,45.2521619482154],[-122.671671121025,45.2521784219966],[-122.671671119227,45.2521785317139],[-122.671670761297,45.2521785362105],[-122.671661906572,45.2525625476235],[-122.671653302758,45.252921285389],[-122.671621517119,45.2543143289432],[-122.671617604169,45.2544840103289],[-122.670079105167,45.2545141645971],[-122.669500117137,45.2545254438942],[-122.669527369293,45.2557987238321],[-122.668050061061,45.2558030738528],[-122.66675633144,45.255806777261],[-122.666755997791,45.2558068689918],[-122.666755924946,45.2558068698912],[-122.666748944408,45.2558088349098],[-122.666359947154,45.2559172652696],[-122.666619399765,45.2521276390793],[-122.666618958198,45.252127640878],[-122.666618969889,45.2521274763021],[-122.663112890048,45.2521475383783],[-122.663112890947,45.2521476930617],[-122.663112470964,45.2521476957596],[-122.663112866665,45.2521716878732],[-122.663112852276,45.2521867659066],[-122.663118086331,45.2524885828818],[-122.663123217862,45.2528001655952],[-122.663111383683,45.2528473737074],[-122.66287585124,45.252987878388],[-122.662128171978,45.2523505468403],[-122.661813592723,45.2520823510197],[-122.661813547757,45.2520823510197],[-122.661813375087,45.2520822044302],[-122.661612528595,45.2520859303215],[-122.661382704148,45.2520900222368],[-122.661382698753,45.2520901940073],[-122.661382422661,45.2520902003026],[-122.661376274895,45.2522908309571],[-122.661366102663,45.2526085569394],[-122.661360635685,45.2528012303925],[-122.661351576814,45.2530968942064],[-122.661350955382,45.2531359823398],[-122.661319290253,45.254426819742],[-122.661306089105,45.2549649686584],[-122.661282117676,45.2561500071172],[-122.661243283151,45.2598852243237],[-122.66123849606,45.260335606603],[-122.661233715264,45.2607544595507],[-122.6612181471,45.2621084419511],[-122.661190376934,45.2642079416432],[-122.661187128583,45.2644341436209],[-122.661180041925,45.2649280836642],[-122.661168696978,45.2656799933371],[-122.661120562564,45.2681406436758],[-122.661128072802,45.270348178026],[-122.661342098859,45.2703937089026],[-122.661390879885,45.2704041041661],[-122.662186832956,45.2703893031239],[-122.662445320595,45.2703103498428],[-122.662492288588,45.2702960029582],[-122.662629306597,45.2702544102129],[-122.663115063709,45.2702556620692],[-122.668012195107,45.2702739506823],[-122.671175092756,45.2702885700615],[-122.671446864281,45.2702898174212],[-122.671461650934,45.270289883971],[-122.671461662626,45.2702904991073],[-122.671449486704,45.2703492734003],[-122.671494865596,45.2720272491583],[-122.671507826625,45.2726797909397],[-122.671514940262,45.2730479931704],[-122.671515472661,45.273075570881],[-122.671515683102,45.273075355943],[-122.671515689397,45.2730756527192],[-122.671548088374,45.2730421080069],[-122.672426454417,45.2721408793981],[-122.672690115856,45.2718546638617],[-122.672979472724,45.2715409614462],[-122.673376384013,45.2711403611388],[-122.673575718744,45.2709477560342],[-122.673818858553,45.2707128216394],[-122.6738195933,45.270712111175],[-122.674027250357,45.2705312323305],[-122.675040500319,45.269734914135],[-122.675982986226,45.2690690453002],[-122.676250083974,45.2688618441988],[-122.67662171532,45.2686931331816],[-122.676742673236,45.2686291023513],[-122.677256673557,45.2683581024446],[-122.677616149666,45.2681838237245],[-122.677885537088,45.2680534553028],[-122.678951856943,45.2675683987626],[-122.678995259124,45.2675488133272],[-122.679031422662,45.2675865299944],[-122.679231039781,45.2677955711088],[-122.679245749092,45.2678109639049],[-122.679244768831,45.2678518470851],[-122.679244258016,45.2678701968521],[-122.679239138176,45.268069901205],[-122.679175158607,45.2690719779894],[-122.679169965022,45.2691468321606],[-122.679161042848,45.2700075382174],[-122.679159532886,45.2701123973693],[-122.679158938434,45.2702106545981],[-122.679158111058,45.2702904208663],[-122.677773647935,45.2703023072058],[-122.6773234734,45.2703010490542],[-122.676578674666,45.2702989266542],[-122.676601774652,45.2701640886019],[-122.676602004879,45.2701402763527],[-122.67661035958,45.2696457472535],[-122.676609748041,45.26944152021],[-122.676609830779,45.269328813574],[-122.676609914416,45.2693202349409],[-122.676609845168,45.2693100474208],[-122.676609884738,45.2692571942642],[-122.676609489936,45.2692574802485],[-122.676609487238,45.2692571367076],[-122.675575832559,45.2700056361513],[-122.675302132887,45.2702040113061],[-122.675239265779,45.2702495259949],[-122.675239056237,45.2702497292416],[-122.675237272882,45.2702510197688],[-122.674994467621,45.2704853516177],[-122.674817031381,45.2706567066418],[-122.674594950996,45.2708708622006],[-122.674267031198,45.2711870737245],[-122.674171335239,45.2712792848112],[-122.675813953251,45.2712602902303],[-122.676619277258,45.2712510532936],[-122.676619527269,45.2713159312852],[-122.676620064165,45.2718543841726],[-122.676620419397,45.2722063932105],[-122.67660780011,45.2748255886301],[-122.676606347705,45.2749376396604],[-122.67660102102,45.2751123293705],[-122.676572552981,45.2760454317513],[-122.676572981958,45.2760454218588],[-122.676572980159,45.2760454884086],[-122.67689060182,45.276038209296],[-122.677308763189,45.2760287106565],[-122.677310999803,45.2760882583665],[-122.677313676185,45.2762018913043],[-122.677313490025,45.2762365448807],[-122.6773120646,45.2765020921979],[-122.677312034922,45.2765065078691],[-122.677283519219,45.2765068666986],[-122.677251927834,45.2765070978244],[-122.676821990742,45.2765126601312],[-122.676600224221,45.2765154426336],[-122.676612052104,45.2770183543137],[-122.676633234736,45.2774659100238],[-122.676634493787,45.2775022876006],[-122.676643771193,45.2776885174112],[-122.67664609684,45.2777376671597],[-122.676646201161,45.2777400242828],[-122.67664633606,45.2777400233834],[-122.676646339657,45.2777400854366],[-122.677966623561,45.2777386806956],[-122.679193218792,45.277737296639],[-122.679162673319,45.2784385582929],[-122.679012410095,45.2784403911112],[-122.678543246374,45.2784421618763],[-122.677323823236,45.2784466000306],[-122.676565003172,45.2784608084197],[-122.67653839583,45.2779582438779],[-122.67652288882,45.2776607697288],[-122.676522647802,45.2776607742254],[-122.676522640607,45.2776606672061],[-122.67651711877,45.27766072836],[-122.676255167842,45.2776645315929],[-122.675798807769,45.2776709446584],[-122.675313163072,45.2776735616856],[-122.67484947982,45.2776759655734],[-122.674851704742,45.2777352569766],[-122.674856849764,45.2778723469313],[-122.674871842362,45.278271836576],[-122.674081021722,45.2782855539352],[-122.673293393675,45.2782990806381],[-122.673292556406,45.2782871358427],[-122.673253623856,45.2777286568521],[-122.673247601995,45.2777287908511],[-122.671603870622,45.2777626548227],[-122.671601240105,45.2777106623172],[-122.671575346825,45.2771108244051],[-122.671566600019,45.2769531156938],[-122.671546950731,45.2765984923266],[-122.671546645861,45.2765983664215],[-122.669919016849,45.275912903158],[-122.669918932313,45.2759129912916],[-122.66910308444,45.2768037086243],[-122.668873560366,45.2770394236305],[-122.668699499282,45.277217750199],[-122.66869853431,45.2772187529432],[-122.669457179006,45.2775382667776],[-122.669472885665,45.2775449145662],[-122.669627722841,45.2776100920321],[-122.670489720324,45.2779731195639],[-122.670495089277,45.2779753786609],[-122.670265201878,45.2782131441214],[-122.669723746154,45.2787731951269],[-122.669166322967,45.2793525024161],[-122.668123006871,45.2789364697423],[-122.668122870174,45.2789366163318],[-122.668122629156,45.2789365201044],[-122.667166584171,45.2799463067767],[-122.667177494746,45.2799510983646],[-122.667708734171,45.2801841118074],[-122.668165531314,45.2803847046904],[-122.668207833625,45.2803992242448],[-122.668530031935,45.2805113742006],[-122.669943398369,45.2810035155998],[-122.670471484771,45.281187130182],[-122.67053023838,45.281207579866],[-122.670535045256,45.2812092373165],[-122.670966343922,45.2810986746642],[-122.672383730325,45.2807353620474],[-122.673247915859,45.2805137762898],[-122.676453131107,45.2796918184227],[-122.676453070853,45.2796938949573],[-122.676398966739,45.2812881789064],[-122.676386521021,45.2816552992527],[-122.676355209325,45.284208381012],[-122.676351400697,45.2845034072066],[-122.676350828728,45.2845655278769],[-122.676341617871,45.2853165679053],[-122.676341087271,45.2853590410869],[-122.676342798681,45.2853868319368],[-122.67634413957,45.2854086863618],[-122.676345034396,45.2854463382779],[-122.676367540829,45.2857899152724],[-122.67639582181,45.286250664037],[-122.676413259664,45.2865384327026],[-122.676420336429,45.2866500313739],[-122.67642272323,45.2866889252538],[-122.676471715597,45.2867130882385],[-122.676498420066,45.2867262624071],[-122.676512895554,45.2867334300038],[-122.676782201138,45.2868666043104],[-122.676902983686,45.2869260773766],[-122.676903200422,45.286925964062],[-122.67690345493,45.2869260899672],[-122.678311785161,45.2861901432606],[-122.678486536924,45.2860662598501],[-122.678731746973,45.2858927689362],[-122.678883262053,45.2858055841604],[-122.678992462232,45.2857429598698],[-122.679129378618,45.285761768291],[-122.679177935713,45.2857684853274],[-122.679174262882,45.2858258296984],[-122.679165927066,45.2859659161941],[-122.679152253773,45.2861956309237],[-122.679126261568,45.2866261813533],[-122.679159207332,45.2870976770162],[-122.679170450656,45.2872585963073],[-122.679157293574,45.2880805586709],[-122.679152484899,45.28837309824],[-122.679347572133,45.2886653356368],[-122.679763508579,45.2892885730093],[-122.679834408431,45.2893947937348],[-122.679914536227,45.2895152920971],[-122.679935235023,45.2895311543393],[-122.680030448946,45.2896049266261],[-122.680072286307,45.2896373453872],[-122.680083687912,45.2896462207965],[-122.68018446594,45.2897242657623],[-122.680697122674,45.2901214927128],[-122.68109244486,45.2903953101954],[-122.681202139667,45.2904713415792],[-122.681886627166,45.290945511826],[-122.681945817845,45.2909948171571],[-122.682025068802,45.2910605477061],[-122.682467489383,45.2914288236813],[-122.682919953593,45.2918054822373],[-122.683142013293,45.2920506491182],[-122.683218931409,45.2921353814427],[-122.68350195615,45.2924479246321],[-122.683669283111,45.2926327056349],[-122.68366937664,45.2926328117549],[-122.683945458616,45.2928242459423],[-122.684673169331,45.2933289337833],[-122.684903793275,45.2934916247387],[-122.684972273052,45.2935413563486],[-122.685534232419,45.2939497906503],[-122.685766461653,45.2941174449642],[-122.685806548034,45.2941464004361],[-122.686105535742,45.2943238375751],[-122.686312819581,45.2944468603344],[-122.686312907714,45.2944466435978],[-122.686313012036,45.294446705651],[-122.686381644697,45.2942753326406],[-122.686671477307,45.2935529962738]],[[-123.139533873689,45.2517530255817],[-123.154163399022,45.2518531668902],[-123.154204609555,45.2518535140285],[-123.170480987807,45.2519627249998],[-123.186757427213,45.2520696561897],[-123.186812248986,45.2595686440777],[-123.186812251684,45.2595691441008],[-123.21239099325,45.2595997660164],[-123.237969759097,45.2596247608741],[-123.238003948623,45.2596247905517],[-123.23812107183,45.2634418595542],[-123.23814216363,45.2668688494179],[-123.238226237651,45.266868785566],[-123.258749684051,45.2668516507831],[-123.258849284867,45.2740962879134],[-123.258897798794,45.2740967321785],[-123.278496445355,45.2742747367897],[-123.298095209726,45.2744494390904],[-123.312917112635,45.2742524201132],[-123.337093649252,45.274313173814],[-123.361270234434,45.2743689012039],[-123.361270327064,45.2743320946505],[-123.361285346641,45.2743321216302],[-123.361453502777,45.2019416018235],[-123.361454051363,45.2017247294128],[-123.340957309432,45.2017155716164],[-123.320460573796,45.201702797646],[-123.320457854247,45.1869509321398],[-123.320457847052,45.1869126857719],[-123.29984733009,45.1871050597508],[-123.27923667823,45.1872937752876],[-123.279282209107,45.1724378339389],[-123.279061627892,45.1724359876308],[-123.279061662965,45.1724311169026],[-123.27141550642,45.1723717877279],[-123.269186888364,45.1723529811052],[-123.269196155878,45.1514897717356],[-123.26919619275,45.151404542086],[-123.253758140026,45.1514194852211],[-123.238320080108,45.1514323734054],[-123.238320080108,45.1514325352833],[-123.238288252201,45.1514324723308],[-123.238307033643,45.1553823873873],[-123.238298592606,45.1579379620674],[-123.238265035303,45.1579397724026],[-123.238210808882,45.1579558963476],[-123.238210378106,45.1579559853805],[-123.238210176658,45.1579560852052],[-123.238077308121,45.1579955942213],[-123.237782057996,45.1581726689336],[-123.237709837039,45.1582738318719],[-123.237709683255,45.1586491063712],[-123.23789204688,45.1589755278983],[-123.237934432828,45.1591841589218],[-123.237934379768,45.1591861841951],[-123.237725668705,45.1593755436465],[-123.237721041693,45.159375444721],[-123.237384945259,45.159358371092],[-123.237374272105,45.1593509327994],[-123.237023806304,45.1590926043403],[-123.23674010797,45.1587557479795],[-123.236730457345,45.1587494851007],[-123.236730103911,45.1587490714126],[-123.2367274653,45.1587475425651],[-123.236482769664,45.1585887159965],[-123.236448958752,45.1585862356663],[-123.236086976233,45.1585597137598],[-123.235830548941,45.1587903799721],[-123.235822469431,45.158809486069],[-123.235822353419,45.1588095912896],[-123.235623383812,45.1592382999077],[-123.235359091949,45.159392046206],[-123.235288294619,45.1594156021484],[-123.23502351982,45.1595035045831],[-123.234200423411,45.1594169601246],[-123.233842286392,45.1592665655996],[-123.233535548327,45.1593221652857],[-123.233535419724,45.1593222471241],[-123.233532628228,45.1593225349071],[-123.233517495336,45.1593337467551],[-123.233244674302,45.1595087800063],[-123.233267642987,45.1596698377928],[-123.233263873929,45.1597459357264],[-123.233287213134,45.1597808303211],[-123.233304847041,45.1598806056055],[-123.233584154885,45.1600455493627],[-123.233631103093,45.1600779312516],[-123.234848030612,45.1605754254156],[-123.234848492864,45.1605756169712],[-123.235261517305,45.1608450358698],[-123.23526575581,45.1608480836722],[-123.235307317978,45.1611547363021],[-123.235305932123,45.1611558262804],[-123.235029341131,45.1613473468026],[-123.234488684905,45.1613970694193],[-123.23383584275,45.1613960918562],[-123.23340362138,45.1614826183283],[-123.233209394798,45.1615911197345],[-123.232923700868,45.1617345346211],[-123.232842252868,45.1619409146415],[-123.232607399412,45.1620965342277],[-123.232605401118,45.1620973166379],[-123.232336668402,45.1621914279921],[-123.232330127633,45.1621909567473],[-123.23205188099,45.1621612890123],[-123.232033381036,45.1621550558112],[-123.230678449851,45.161693031808],[-123.230569060813,45.1616171739934],[-123.230455019583,45.1615377764473],[-123.230105673438,45.1611206097284],[-123.23010655927,45.1606444303962],[-123.230588907952,45.1599922510416],[-123.230588893563,45.1599921736999],[-123.230600135088,45.159976976956],[-123.230455472842,45.1592658929067],[-123.229530603754,45.1587300804289],[-123.229471195439,45.1587188227156],[-123.229471018273,45.1587187246894],[-123.228913741676,45.1586132018379],[-123.228567283253,45.1585475558251],[-123.228285486986,45.1587304797279],[-123.228259964226,45.1588072377639],[-123.228054127396,45.1593362756486],[-123.227536057643,45.1596598930897],[-123.227533669943,45.1596605046286],[-123.226236414979,45.1599724740505],[-123.225899676429,45.1600501619855],[-123.225889118388,45.1600559895923],[-123.225888495158,45.1600561397791],[-123.22540379385,45.1603238724488],[-123.225035880302,45.1605269429641],[-123.223969360797,45.1609461610366],[-123.224072130824,45.1614830284191],[-123.224072566096,45.1614834493018],[-123.224072604767,45.1614837074072],[-123.224140822841,45.1615496052302],[-123.224275330842,45.1616799718533],[-123.224288296368,45.1625764088742],[-123.223830194308,45.1632039692878],[-123.223669167998,45.1633113582326],[-123.223307037989,45.1635524502854],[-123.222674412594,45.1635875391337],[-123.222330170101,45.1632563970651],[-123.222316766605,45.163229021702],[-123.222070496256,45.1627248662596],[-123.221901976795,45.1615272291983],[-123.221878831843,45.1613206935952],[-123.221872708359,45.1613192250023],[-123.221868379022,45.1613182006745],[-123.221431012631,45.1612139107934],[-123.221419664086,45.1612131085981],[-123.221418709006,45.161212884667],[-123.22105382977,45.1611871388754],[-123.221053660698,45.1611872360022],[-123.221047348356,45.1611867890392],[-123.220775211707,45.1613466570226],[-123.220405931189,45.1615580804411],[-123.220354790341,45.1617350301476],[-123.22025351229,45.1620544000905],[-123.220259955932,45.1620631621852],[-123.220259889382,45.162063390613],[-123.220464086748,45.1623407091565],[-123.220738543649,45.1627138720476],[-123.220878175987,45.1632955463525],[-123.220830157586,45.1638072992675],[-123.220758722637,45.1645285708369],[-123.220781080682,45.1645967619311],[-123.221149214565,45.1657471621019],[-123.221197595393,45.1668208114314],[-123.220790669254,45.167285241121],[-123.220252024811,45.1675054176409],[-123.21979143073,45.1676112417654],[-123.219220970072,45.1672247203446],[-123.219214529127,45.1672201400974],[-123.219428142395,45.1667058789732],[-123.219524095561,45.1664960572473],[-123.219320224649,45.1659919251873],[-123.219301836211,45.1659776862213],[-123.219301731889,45.1659774416057],[-123.219285712266,45.165965200034],[-123.218817418189,45.1656025843918],[-123.218013022283,45.1655630070272],[-123.217383241443,45.1659956070117],[-123.217147349271,45.1661575911],[-123.217147254842,45.1661577053139],[-123.217142104425,45.1661612432468],[-123.216801820747,45.1665706578096],[-123.216791277096,45.1665866162793],[-123.216790203305,45.1665879086052],[-123.216059350359,45.1676753418436],[-123.215457864889,45.1680039990853],[-123.215056266334,45.1681806664047],[-123.215038428281,45.1681885102915],[-123.215037808648,45.1681887863834],[-123.213601355718,45.1692446174452],[-123.213601261289,45.1692446821964],[-123.212831589107,45.1697316336081],[-123.21218393604,45.1699175351662],[-123.212175044443,45.1699162806119],[-123.211686314172,45.1698400522766],[-123.211297599305,45.169529895888],[-123.211297772874,45.1695217624194],[-123.211316050695,45.1690977671483],[-123.211321684948,45.1690714448913],[-123.211478521317,45.1684003536934],[-123.210968885406,45.1681579639189],[-123.210387456616,45.1681521920701],[-123.210195921704,45.1682058753009],[-123.209114971679,45.1685087067115],[-123.207425648275,45.1684726681792],[-123.205103673396,45.1683354523193],[-123.205054467889,45.1683029013579],[-123.204092026026,45.1676595101783],[-123.204339562621,45.1673555752996],[-123.205390981609,45.1660652999737],[-123.205199952116,45.1648845413885],[-123.205195334097,45.1648810789986],[-123.20519529093,45.1648808127993],[-123.205172476029,45.164863945115],[-123.20393915207,45.1639394159713],[-123.201807402689,45.162861952617],[-123.20164863008,45.1627876038649],[-123.2016451542,45.1627858555828],[-123.201536261589,45.1627349854313],[-123.200563850741,45.1622796182099],[-123.200559775913,45.1622787872363],[-123.200559623028,45.1622787161899],[-123.198442704367,45.1618439308528],[-123.198402062205,45.1618294220902],[-123.197418255148,45.1614745819864],[-123.196387118571,45.161384421354],[-123.196381476224,45.1613869358584],[-123.196381032858,45.1613868989863],[-123.194372452826,45.1622822703106],[-123.194372280157,45.1622823899204],[-123.19434928719,45.1622926367958],[-123.192605910035,45.1635061477905],[-123.191389138098,45.1643490931362],[-123.191534501816,45.1648212381097],[-123.19155284169,45.1648821024272],[-123.192230383725,45.1649234793351],[-123.192601276727,45.1646429978761],[-123.19293661863,45.1644037476349],[-123.194569059015,45.1640111324079],[-123.194789287695,45.1641820251804],[-123.195206830331,45.1645062271807],[-123.195179338955,45.1645570298831],[-123.194933353691,45.1649361759638],[-123.193779829276,45.1651163380486],[-123.193582830084,45.1653338148038],[-123.192978899357,45.165999408446],[-123.191479330207,45.1672965411025],[-123.1913505338,45.167407922138],[-123.191350522109,45.1674079572115],[-123.19134765507,45.1674104366424],[-123.191107135886,45.1680505650816],[-123.194222541237,45.1684227980737],[-123.194810687963,45.1686429260303],[-123.196174085366,45.1691632000217],[-123.197342317294,45.1695903923828],[-123.197518063708,45.1696561616026],[-123.198546109315,45.1713460030157],[-123.198975828771,45.1727303429311],[-123.198966854437,45.1727494166523],[-123.198492255213,45.1737404065946],[-123.195177646431,45.1745643348762],[-123.193648661357,45.1749356280768],[-123.192682518783,45.1755511555614],[-123.191445343927,45.1755569462961],[-123.191038449265,45.1755572520656],[-123.189045854682,45.1756944436437],[-123.188601014925,45.1757250403784],[-123.186606788073,45.1752878763345],[-123.186601557616,45.1752830316866],[-123.185761863319,45.1744866496392],[-123.184550891111,45.1742218055919],[-123.184540394224,45.174229080208],[-123.184540192776,45.1742290379398],[-123.184484394339,45.1742678895515],[-123.182439612098,45.1756848991388],[-123.182443579907,45.1756888165856],[-123.183777081147,45.1770511977546],[-123.183777267307,45.1770523246051],[-123.183759973344,45.1774528493696],[-123.182987580712,45.1775317720737],[-123.179812106044,45.1770082290466],[-123.178691855645,45.176818355183],[-123.178680769702,45.1768216772786],[-123.177338269845,45.1772234826776],[-123.177333426097,45.1772422137572],[-123.17709344021,45.1780130001998],[-123.177122901101,45.1780562000337],[-123.177114805404,45.1780875063334],[-123.17738179973,45.1784358272517],[-123.17754810596,45.1786796811224],[-123.177215200321,45.1787882203002],[-123.176610137348,45.1789853382028],[-123.175197353675,45.1789472690013],[-123.175184918749,45.1789307583479],[-123.174300661246,45.1777427242474],[-123.174286034673,45.1777371403568],[-123.174285997801,45.1777370899948],[-123.173010256418,45.1772498579946],[-123.173000711913,45.1772439296637],[-123.171759345318,45.1764580319127],[-123.171749236038,45.176466695082],[-123.171749041785,45.1764665745728],[-123.171004332984,45.1771049709178],[-123.171003918396,45.1771055177055],[-123.170997993662,45.1771105952778],[-123.170663333446,45.1775534367418],[-123.169674579218,45.1788537538977],[-123.168717528791,45.1798708070921],[-123.167315679075,45.1801637972215],[-123.166345449083,45.1803557377272],[-123.166295102337,45.1803770867332],[-123.166294737212,45.1803771631756],[-123.166283698934,45.1803819223879],[-123.164947654411,45.1809484386196],[-123.165004818018,45.1810440203653],[-123.16608603784,45.1828666152022],[-123.166082116796,45.1828687636826],[-123.165473984437,45.1831764469355],[-123.16419284982,45.1823282927166],[-123.163580502338,45.1812206670002],[-123.163472743772,45.1810201856331],[-123.163469264295,45.181019453585],[-123.163469227423,45.1810193861358],[-123.163110695602,45.1809441146792],[-123.157554653424,45.1797765518464],[-123.157549675677,45.1797814216753],[-123.156302251248,45.1809795299814],[-123.155041342384,45.1815147246249],[-123.152328346776,45.1814090371973],[-123.150109302003,45.1808830264306],[-123.150092256253,45.1808824589584],[-123.150092097972,45.1808824211868],[-123.144793790701,45.180698327266],[-123.144742607585,45.1812143960276],[-123.144742993394,45.1812148070178],[-123.144740404246,45.1812315191194],[-123.145239229407,45.181742695569],[-123.146097921882,45.1815883862951],[-123.147191317625,45.1817696356602],[-123.1476268494,45.1823386547052],[-123.147970221349,45.1827995428646],[-123.148551922633,45.1833459844297],[-123.148933575124,45.1837046466522],[-123.148939341577,45.1837099121827],[-123.149118407389,45.1838781168817],[-123.149128950141,45.1838830226834],[-123.149608698882,45.1841063720115],[-123.150628664981,45.1845875470777],[-123.15160936488,45.1852015160372],[-123.151803785716,45.1853076998905],[-123.152247003996,45.1855602888763],[-123.152237299412,45.1859078471695],[-123.152128074951,45.1859405582102],[-123.151729385703,45.186039879337],[-123.15028103744,45.1853453599005],[-123.149936139341,45.1851798153962],[-123.149096025961,45.1847770549172],[-123.149095957612,45.1847770594138],[-123.149082418319,45.1847705663087],[-123.148549195889,45.1848082865732],[-123.148355784092,45.1848193338452],[-123.148215873863,45.1850010193816],[-123.14748118261,45.185917396171],[-123.146785035401,45.1868706271778],[-123.125224497113,45.1868868410549],[-123.125209902915,45.1868868455516],[-123.125193028036,45.1887970586374],[-123.12510628123,45.1940621953141],[-123.115340856096,45.194174496356],[-123.115305200674,45.1941749046482],[-123.115151964292,45.2139298515814],[-123.115145596192,45.2145956592623],[-123.115096473423,45.2181210961118],[-123.115025956683,45.2300960206149],[-123.115025935099,45.2300996044133],[-123.124984806204,45.2300973057461],[-123.124904594771,45.251602972799],[-123.124904592973,45.2516036212102],[-123.124904399618,45.2516510442603],[-123.139533873689,45.2517530255817]],[[-123.601909728551,45.0582809484071],[-123.601881604952,45.0582801282254],[-123.601871049609,45.0728463529769],[-123.601871036119,45.0728644671215],[-123.608038484189,45.0728435416962],[-123.620470123997,45.0728347751049],[-123.620498085718,45.0728347544205],[-123.622292760203,45.072833376659],[-123.622294418553,45.0728333757597],[-123.622289620669,45.0720446325538],[-123.622251332933,45.0624232068656],[-123.622382517939,45.0584231501084],[-123.622382864178,45.0584126163492],[-123.614832204842,45.0583377765672],[-123.614487337321,45.0583343483515],[-123.612606820748,45.0583393422868],[-123.604875242998,45.0583444477381],[-123.601909728551,45.0582809484071]]],[[[-121.716439147848,45.3868565631799],[-121.716598111114,45.3869190192974],[-121.716519815237,45.3868978933232],[-121.716439147848,45.3868565631799]]]]},"bbox":[-123.76443929164,44.7808581978476,-121.543082675425,45.8575944987871],"properties":{"divisionId":"utility:44","divisionType":"utility","name":"Portland General Electric (PGE)","label":"Portland General Electric (PGE)","labelPoint":[-122.6537609835325,45.31922634831735],"boundaryQualifier":"Approximate service area","landAreaSqKm":10477.583,"cameraViewshedAreaSqKm":1183.821,"cameraViewshedCoveragePct":11.3,"landMix":[{"label":"Tribal reservation/trust area","percentage":0.97,"areaSqKm":101.238},{"label":"Tribal fee land","percentage":0.01,"areaSqKm":1.131},{"label":"U.S. Forest Service land","percentage":24.3,"areaSqKm":2545.7},{"label":"Other federal land","percentage":4.57,"areaSqKm":479.33},{"label":"State land","percentage":1.89,"areaSqKm":197.74},{"label":"Local government land","percentage":1.6,"areaSqKm":167.812},{"label":"Nonprofit open space","percentage":0.09,"areaSqKm":8.963},{"label":"Mapped private open space","percentage":0.56,"areaSqKm":58.737},{"label":"Other/unclassified","percentage":66.01,"areaSqKm":6916.932}]}}],"metadata":{"schemaVersion":1,"divisionType":"utility","source":"https://services.arcgis.com/uUvqNMGPm7axC2dD/arcgis/rest/services/Oregon_Natural_Gas_and_Electric_Utility_Incentive_Layer_Update_13Dec2024_v01/FeatureServer/0/query","vintage":"2024","areaCrs":"EPSG:5070","metricsStatus":"complete","sourceSha256":"62e6b56017449060ce81b58129e350bf14a009d341fd04df9d3a284a90608770","coverageNote":"Oregon official service areas; Washington layer unavailable","landFootprint":"regional coastal mask minus Census areal hydrography","hydroVintage":"2025-01-01","overlapHandling":"displayed dissolved camera viewshed coverage","designationPriority":["Tribal reservation/trust area","Tribal fee land","National Park Service land","U.S. Forest Service land","Other federal land","State land","Local government land","Nonprofit open space","Mapped private open space"],"inputSha256":{"coastalMaskSha256":"2c723deac9d470b735f5b54684292cd60a83b9efd6b5278789b74924dd92d8c5","hydroSha256":"71db00b97bfbcbcb5f8a56174bc78681d28ce8e954b32ed7e25196259735686b","viewshedsSha256":"38092311528616ed6e345d58079676c9e4edc2e338b37b6f5dea0742891409bc","padusFeeSha256":"157fb53563afb653233fcdf39bb5eb19f3dd98d446c9ed6d7a1b04162a36e346"},"designationSources":{"tribalArea":"https://tigerweb.geo.census.gov/arcgis/rest/services/TIGERweb/AIANNHA/MapServer/2/query and layer 3; where=1%3D1&geometryType=esriGeometryEnvelope&outSR=4326","federalFee":"https://services.arcgis.com/v01gqwM5QqNysAAi/arcgis/rest/services/Federal_Fee_Managers_Authoritative_PADUS/FeatureServer/0/query","otherFee":"https://services.arcgis.com/v01gqwM5QqNysAAi/arcgis/rest/services/Fee_Managers_PADUS/FeatureServer/0"},"designationNote":"Tribal reservation/trust area is a jurisdictional boundary. All other named categories are mapped fee parcels; Other/unclassified includes unmapped private land and source gaps.","designationGeometrySimplificationM":2.0,"maxAcceptedSimplificationAreaChangePct":0.05}}
